gene_set,gene_set_label,library_short,library_name,rank,term,p_value,z_score,combined_score,overlap_genes,overlap_n,adjusted_p_value,old_p_value,old_adjusted_p_value,neg_log10_adjusted_p_value,gene_list_size
endothelial_consensus,Endothelial Cells Consensus,GO Biological Process,GO_Biological_Process_2026,1,Negative Regulation of DNA-templated Transcription (GO:0045892),9.469205931162875e-06,5.140915279086816,59.46736015634168,CXXC5;FOXP1;ELK4;PPM1A;KAT2A;TBL1XR1;SOX18;ZNF503;CTNNB1;EZR;OGT;SOX4;RUNX1T1,13,0.007262880949201925,0,0,2.138891074595099,58
endothelial_consensus,Endothelial Cells Consensus,MSigDB Hallmark,MSigDB_Hallmark_2020,1,TGF-beta Signaling,0.0005168357376999027,21.27379679144385,160.99552995198968,PPM1A;SMAD1;CTNNB1,3,0.014471400655597275,0,0,1.8394894324222122,58
endothelial_consensus,Endothelial Cells Consensus,GO Biological Process,GO_Biological_Process_2026,2,Endothelial Cell Development (GO:0001885),5.738724601054727e-05,47.238735177865614,461.3187716653817,SOX18;EZR;MET,3,0.02200800884504488,0,0,1.65741924807487,58
endothelial_consensus,Endothelial Cells Consensus,GO Biological Process,GO_Biological_Process_2026,3,Establishment of Endothelial Barrier (GO:0061028),8.887739009987521e-05,40.23232323232323,375.2972809322434,RAP2B;SOX18;EZR,3,0.022722986068868096,0,0,1.6435345977841411,58
endothelial_consensus,Endothelial Cells Consensus,Reactome,Reactome_Pathways_2024,1,Cardiogenesis,6.442784571468747e-05,45.268181818181816,436.8363534746969,SMAD1;KAT2A;CTNNB1,3,0.02493357629158405,0,0,1.6032154249736421,58
endothelial_consensus,Endothelial Cells Consensus,GO Biological Process,GO_Biological_Process_2026,4,Positive Regulation of Transcription by RNA Polymerase II (GO:0045944),0.00014289755839530852,4.396192164809186,38.92117103917132,ELK4;SMAD1;KAT2A;TBL1XR1;SP1;SOX18;TET2;CTNNB1;OGT;MET;SOX4,11,0.02740060682230041,0,0,1.5622398190533957,58
endothelial_consensus,Endothelial Cells Consensus,GO Biological Process,GO_Biological_Process_2026,5,Positive Regulation of RNA Biosynthetic Process (GO:1902680),0.00020580162724483534,5.59942238267148,47.531244673764135,PPM1A;KAT2A;TBL1XR1;SP1;SOX18;CTNNB1;OGT;SOX4,8,0.03156996961935774,0,0,1.500725836040999,58
endothelial_consensus,Endothelial Cells Consensus,MSigDB Hallmark,MSigDB_Hallmark_2020,2,p53 Pathway,0.0027008557557807325,7.462585034013605,44.13512048118966,RAP2B;SP1;EPS8L2;ZFP36L1,4,0.03781198058093026,0,0,1.4223705738186008,58
endothelial_consensus,Endothelial Cells Consensus,GO Biological Process,GO_Biological_Process_2026,6,Positive Regulation of DNA-templated Transcription (GO:0045893),0.00030368714914983985,3.7656481356844798,30.499914149715803,ELK4;SMAD1;PPM1A;KAT2A;TBL1XR1;SP1;SOX18;TET2;CTNNB1;OGT;MET;SOX4,12,0.038821340566321194,0,0,1.4109294717682737,58
endothelial_consensus,Endothelial Cells Consensus,WikiPathways,WikiPathways_2024_Human,1,Pleural Mesothelioma WP5087,0.00026054417703596264,6.228180574555403,51.399543280743075,MOB1B;MAP3K1;SP1;RASSF7;CTNNB1;OGT;MET,7,0.044863905016469606,0,0,1.3481029275142096,58
endothelial_consensus,Endothelial Cells Consensus,WikiPathways,WikiPathways_2024_Human,2,BMP2 WNT4 FOXO1 Pathway Primary Endometrial Stromal Cell Diff WP3876,0.0006315820253314937,64.71103896103897,476.74452009710456,SMAD1;CTNNB1,2,0.044863905016469606,0,0,1.3481029275142096,58
endothelial_consensus,Endothelial Cells Consensus,WikiPathways,WikiPathways_2024_Human,3,H19 Rb E2F1 And CDK Beta Catenin In Colorectal Cancer WP3969,0.00073547385272901,59.31547619047619,427.96089788083634,CTNNB1;SOX4,2,0.044863905016469606,0,0,1.3481029275142096,58
endothelial_consensus,Endothelial Cells Consensus,WikiPathways,WikiPathways_2024_Human,4,MAP3K1 Role In Promoting And Blocking Gonadal Determination WP4872,0.0010930437648723765,47.445238095238096,323.51906902748715,MAP3K1;CTNNB1,2,0.04561845957190054,0,0,1.3408593839151024,58
endothelial_consensus,Endothelial Cells Consensus,WikiPathways,WikiPathways_2024_Human,5,MECP2 And Associated Rett Syndrome WP3584,0.0012464059992322552,15.484675324675324,103.55362794959848,SP1;TET2;NREP,3,0.04561845957190054,0,0,1.3408593839151024,58
endothelial_consensus,Endothelial Cells Consensus,WikiPathways,WikiPathways_2024_Human,6,BMP Signaling In Eyelid Development WP3927,0.001518540041667372,39.53174603174603,256.5612651652447,SMAD1;MAP3K1,2,0.04631547127085485,0,0,1.3342739125412342,58
endothelial_consensus,Endothelial Cells Consensus,GO Biological Process,GO_Biological_Process_2026,7,Negative Regulation of Transcription by RNA Polymerase II (GO:0000122),0.0004678151064743964,4.435262629642021,34.00709861742683,ELK4;PPM1A;KAT2A;TBL1XR1;SOX18;EZR;CXXC5;OGT;SOX4,9,0.04689499193846854,0,0,1.3288735344623173,58
endothelial_consensus,Endothelial Cells Consensus,GO Biological Process,GO_Biological_Process_2026,8,Monoatomic Anion Transport (GO:0006820),0.0004891263826698153,21.700363636363637,165.4194773782111,SLC12A2;CLIC5;LRRC8C,3,0.04689499193846854,0,0,1.3288735344623173,58
epithelial_consensus,Epithelial Cells Consensus,MSigDB Hallmark,MSigDB_Hallmark_2020,1,Interferon Gamma Response,0.00018606236426110687,6.433412687298698,55.25933924533761,APOL6;DDX58;STAT1;STAT2;TNFSF10;CASP1;FAS,7,0.0022327483711332826,0,0,2.6511602187942187,118
epithelial_consensus,Epithelial Cells Consensus,MSigDB Hallmark,MSigDB_Hallmark_2020,2,Apical Junction,0.00018606236426110687,6.433412687298698,55.25933924533761,CDH6;ADAMTS5;MDK;MMP2;SDC3;PTEN;TNFRSF11B,7,0.0022327483711332826,0,0,2.6511602187942187,118
epithelial_consensus,Epithelial Cells Consensus,MSigDB Hallmark,MSigDB_Hallmark_2020,3,Complement,0.00018606236426110687,6.433412687298698,55.25933924533761,DYRK2;COL4A2;CASP10;CASP1;RASGRP1;CTSS;DGKH,7,0.0022327483711332826,0,0,2.6511602187942187,118
epithelial_consensus,Epithelial Cells Consensus,WikiPathways,WikiPathways_2024_Human,1,Apoptosis WP254,1.0368113122168792e-05,13.601648351648352,156.1030646666937,MAP3K1;CASP10;TNFSF10;CASP1;FAS;TP53,6,0.0032763237466053386,0,0,2.4846131904228175,118
epithelial_consensus,Epithelial Cells Consensus,MSigDB Hallmark,MSigDB_Hallmark_2020,4,Epithelial Mesenchymal Transition,0.001208705310714787,5.436671575846834,36.52467679212233,CDH6;MCM7;COL4A2;MMP2;FAS;TNFRSF11B,6,0.008702678237146468,0,0,2.0603470732873976,118
epithelial_consensus,Epithelial Cells Consensus,MSigDB Hallmark,MSigDB_Hallmark_2020,5,Inflammatory Response,0.001208705310714787,5.436671575846834,36.52467679212233,RNF144B;GABBR1;TPBG;TNFSF10;ITGB8;RASGRP1,6,0.008702678237146468,0,0,2.0603470732873976,118
epithelial_consensus,Epithelial Cells Consensus,WikiPathways,WikiPathways_2024_Human,2,Pleural Mesothelioma WP5087,5.615402458319233e-05,4.695186696503005,45.95372757237675,CDH6;FZD1;MAP3K1;RASSF3;COL4A2;MDK;STAT1;MMP2;CASP1;PTEN;TP53,11,0.008872335884144388,0,0,2.0519620252595674,118
epithelial_consensus,Epithelial Cells Consensus,Reactome,Reactome_Pathways_2024,1,Regulated Necrosis,2.9999912293467253e-05,15.665297092288244,163.14335571726807,CASP1;TNFSF10;FLOT2;FAS;TP53,5,0.011693197934493013,0,0,1.9320666988149686,118
epithelial_consensus,Epithelial Cells Consensus,Reactome,Reactome_Pathways_2024,2,TP53 Regulates Transcription of Caspase Activators and Caspases,4.23666591829457e-05,57.60289855072464,580.0121594152153,CASP10;CASP1;TP53,3,0.011693197934493013,0,0,1.9320666988149686,118
epithelial_consensus,Epithelial Cells Consensus,WikiPathways,WikiPathways_2024_Human,3,Apoptosis Modulation And Signaling WP1772,0.00018356402672597304,10.428782132321956,89.7182602909684,CASP10;TNFSF10;CASP1;FAS;TP53,5,0.016987498764050733,0,0,1.7698705618571515,118
epithelial_consensus,Epithelial Cells Consensus,WikiPathways,WikiPathways_2024_Human,4,Photodynamic Therapy Induced AP 1 Survival Signaling WP3611,0.00021503162992469283,15.130434782608695,127.77236729588898,MMP2;TNFSF10;FAS;TP53,4,0.016987498764050733,0,0,1.7698705618571515,118
epithelial_consensus,Epithelial Cells Consensus,GO Biological Process,GO_Biological_Process_2026,1,Positive Regulation of Programmed Cell Death (GO:0043068),1.9394678372515707e-05,6.645435403820123,72.10637553256821,FLCN;TNFAIP8;TFAP4;LRRK2;TNFSF10;CASP1;FAS;ECT2;TP53,9,0.02195477591768778,0,0,1.6584709911812434,118
epithelial_consensus,Epithelial Cells Consensus,Reactome,Reactome_Pathways_2024,3,TP53 Regulates Transcription of Cell Death Genes,0.0001302517015048923,17.405263157894737,155.70821199487585,CASP10;CASP1;FAS;TP53,4,0.023966313076900184,0,0,1.6203987717032846,118
epithelial_consensus,Epithelial Cells Consensus,WikiPathways,WikiPathways_2024_Human,5,G1 To S Cell Cycle Control WP45,0.0005567687931830731,11.591812865497076,86.86163261772049,ORC5;ORC4;MCM7;TP53,4,0.03101557984733971,0,0,1.5084200951327082,118
epithelial_consensus,Epithelial Cells Consensus,WikiPathways,WikiPathways_2024_Human,6,T Cell Receptor And Co Stimulatory Signaling WP2583,0.000588903414822906,20.720347826086957,154.10237308263643,DYRK2;PTEN;RASGRP1,3,0.03101557984733971,0,0,1.5084200951327082,118
epithelial_consensus,Epithelial Cells Consensus,WikiPathways,WikiPathways_2024_Human,7,Cancer Pathways WP5434,0.0008482045126667018,3.61148371711752,25.541816922448604,FZD1;COL4A2;STAT1;MMP2;STAT2;PTEN;FAS;ARNT;TP53;RASGRP1,10,0.038290375143239685,0,0,1.416910378707397,118
epithelial_consensus,Epithelial Cells Consensus,Reactome,Reactome_Pathways_2024,4,FasL CD95L Signaling,0.0003411696763350154,114.24712643678161,912.0497332901724,CASP10;FAS,2,0.03865615217780924,0,0,1.4127813777030125,118
epithelial_consensus,Epithelial Cells Consensus,Reactome,Reactome_Pathways_2024,5,Extracellular Matrix Organization,0.0004101842988117935,4.87920298879203,38.052435657153474,ADAMTS5;COL4A2;MMP2;SDC3;ADAM10;ITGB8;ITGB6;CTSS,8,0.03865615217780924,0,0,1.4127813777030125,118
epithelial_consensus,Epithelial Cells Consensus,Reactome,Reactome_Pathways_2024,6,Attachment and Entry 9694614,0.00047141671194359213,22.52438563327032,172.53157091442787,NRP1;SDC3;GPC4,3,0.03865615217780924,0,0,1.4127813777030125,118
epithelial_consensus,Epithelial Cells Consensus,Reactome,Reactome_Pathways_2024,7,Signal Transduction,0.0004902048283417838,2.1812797857167703,16.622851023731233,NRP1;LRRK2;PTEN;RASGRP1;MDK;CASP10;TNFSF10;FLOT2;ITGB8;SLC38A9;ITGB6;TRIM27;ECT2;FZD1;GABBR1;STAT1;MMP2;WDR19;ADAM10;VANGL1;FMNL2;COL4A2;TBL1XR1;RLN2;FAS;PDE5A;SPRY1;TP53;DGKH,29,0.03865615217780924,0,0,1.4127813777030125,118
epithelial_consensus,Epithelial Cells Consensus,MSigDB Hallmark,MSigDB_Hallmark_2020,6,Hypoxia,0.006691071343524027,4.4672112548218745,22.367243111636004,MAP3K1;TPBG;SDC3;GPC4;PAM,5,0.04014642806114416,0,0,1.3963530890488938,118
epithelial_consensus,Epithelial Cells Consensus,GO Biological Process,GO_Biological_Process_2026,2,Positive Regulation of Apoptotic Process (GO:0043065),8.708150737357972e-05,5.426266855489194,50.72835652141492,FLCN;TNFAIP8;TFAP4;CASP10;TNFSF10;CASP1;FAS;ECT2;TP53,9,0.04488373124905528,0,0,1.347911046726988,118
epithelial_consensus,Epithelial Cells Consensus,GO Biological Process,GO_Biological_Process_2026,3,Extracellular Matrix Disassembly (GO:0022617),0.00011894981779784968,17.852451641925327,161.32919304498,ADAMTS5;MMP2;ADAM10;CTSS,4,0.04488373124905528,0,0,1.347911046726988,118
epithelial_consensus,Epithelial Cells Consensus,GO Biological Process,GO_Biological_Process_2026,4,Cellular Component Disassembly (GO:0022411),0.00016882340197518897,16.188494492044065,140.6239046342808,ADAMTS5;MMP2;ADAM10;CTSS,4,0.046026425884689956,0,0,1.3369927483044381,118
epithelial_consensus,Epithelial Cells Consensus,GO Biological Process,GO_Biological_Process_2026,5,Proteolysis (GO:0006508),0.0002751047052946839,4.621250755763518,37.88667173691889,FAM111A;ADAMTS5;MMP2;CFI;CASP1;ADAM10;WFDC2;CTSS;MALT1,9,0.046026425884689956,0,0,1.3369927483044381,118
epithelial_consensus,Epithelial Cells Consensus,GO Biological Process,GO_Biological_Process_2026,6,Positive Regulation of Canonical NF-kappaB Signal Transduction (GO:0043123),0.00031458844146985257,5.879210964519022,47.41139943781054,CASP10;TNFSF10;CASP1;FLOT2;ECT2;MALT1;TRIM22,7,0.046026425884689956,0,0,1.3369927483044381,118
epithelial_consensus,Epithelial Cells Consensus,GO Biological Process,GO_Biological_Process_2026,7,Intrinsic Apoptotic Signaling Pathway in Response to DNA Damage by P53 Class Mediator (GO:0042771),0.0003252750945914485,25.90695652173913,208.05460428724476,DYRK2;IFI16;TP53,3,0.046026425884689956,0,0,1.3369927483044381,118
epithelial_consensus,Epithelial Cells Consensus,GO Biological Process,GO_Biological_Process_2026,8,Positive Regulation of Release of Cytochrome C From Mitochondria (GO:0090200),0.0003252750945914485,25.90695652173913,208.05460428724476,CASP1;TNFSF10;TP53,3,0.046026425884689956,0,0,1.3369927483044381,118
epithelial_consensus,Epithelial Cells Consensus,GO Biological Process,GO_Biological_Process_2026,9,DNA Replication Initiation (GO:0006270),0.0003701480171554325,24.672049689440993,194.94885498719952,ORC5;ORC4;MCM7,3,0.046556395046661064,0,0,1.3320206553331515,118
epithelial_consensus,Epithelial Cells Consensus,GO Biological Process,GO_Biological_Process_2026,10,Regulation of Canonical NF-kappaB Signal Transduction (GO:0043122),0.00041933868657348714,4.8623022029165375,37.81330563131753,CASP10;STAT1;TNFSF10;CASP1;FLOT2;ECT2;MALT1;TRIM22,8,0.047469139320118744,0,0,1.3235886425582724,118
epithelial_consensus,Epithelial Cells Consensus,Reactome,Reactome_Pathways_2024,8,Regulation of Necroptotic Cell Death,0.0008764448031866927,17.858770614692652,125.719259352402,TNFSF10;FLOT2;FAS,3,0.04817264644142562,0,0,1.3171994943677963,118
epithelial_consensus,Epithelial Cells Consensus,Reactome,Reactome_Pathways_2024,9,CDC6 Association With the ORC Origin Complex,0.0009442619982927832,57.11494252873563,397.8116797152368,ORC5;ORC4,2,0.04817264644142562,0,0,1.3171994943677963,118
epithelial_consensus,Epithelial Cells Consensus,Reactome,Reactome_Pathways_2024,10,TRAIL Signaling,0.0009442619982927832,57.11494252873563,397.8116797152368,CASP10;TNFSF10,2,0.04817264644142562,0,0,1.3171994943677963,118
epithelial_consensus,Epithelial Cells Consensus,Reactome,Reactome_Pathways_2024,11,Activation of the Pre-Replicative Complex,0.0009599621573472497,17.262608695652172,119.95125095958012,ORC5;ORC4;MCM7,3,0.04817264644142562,0,0,1.3171994943677963,118
epithelial_consensus,Epithelial Cells Consensus,Reactome,Reactome_Pathways_2024,12,RIPK1-mediated Regulated Necrosis,0.0010483557191815968,16.70490883590463,114.60456703778765,TNFSF10;FLOT2;FAS,3,0.04822436308235346,0,0,1.316733499539878,118
epithelial_consensus,Epithelial Cells Consensus,WikiPathways,WikiPathways_2024_Human,8,Type III Interferon Signaling WP2113,0.0015058881139702425,42.831896551724135,278.3376163563692,STAT1;STAT2,2,0.04996175251009499,0,0,1.3013623362683802,118
epithelial_consensus,Epithelial Cells Consensus,WikiPathways,WikiPathways_2024_Human,9,T Cell Activation SARS CoV 2 WP5098,0.0018333506790188586,8.26984126984127,52.11331456165759,PTEN;TP53;RASGRP1;MALT1,4,0.04996175251009499,0,0,1.3013623362683802,118
epithelial_consensus,Epithelial Cells Consensus,WikiPathways,WikiPathways_2024_Human,10,DNA Replication WP466,0.0019434567648324995,13.272909698996656,82.86658529204179,ORC5;ORC4;MCM7,3,0.04996175251009499,0,0,1.3013623362683802,118
epithelial_consensus,Epithelial Cells Consensus,WikiPathways,WikiPathways_2024_Human,11,Hepatitis B Infection WP4666,0.00202625347304805,5.98133107043278,37.09362401207852,MAP3K1;CASP10;STAT1;STAT2;FAS,5,0.04996175251009499,0,0,1.3013623362683802,118
epithelial_consensus,Epithelial Cells Consensus,WikiPathways,WikiPathways_2024_Human,12,Fas Ligand Pathway And Stress Induction Of Heat Shock Proteins WP314,0.002080295409013854,12.940434782608696,79.91036000024108,MAP3K1;CASP10;FAS,3,0.04996175251009499,0,0,1.3013623362683802,118
epithelial_consensus,Epithelial Cells Consensus,WikiPathways,WikiPathways_2024_Human,13,IL10 Anti Inflammatory Signaling WP4495,0.002191656893273637,34.262068965517244,209.7899870781372,STAT1;STAT2,2,0.04996175251009499,0,0,1.3013623362683802,118
epithelial_consensus,Epithelial Cells Consensus,WikiPathways,WikiPathways_2024_Human,14,Integrated Cancer Pathway WP1971,0.002222982172484677,12.624178154825026,77.11991342839788,STAT1;PTEN;TP53,3,0.04996175251009499,0,0,1.3013623362683802,118
epithelial_consensus,Epithelial Cells Consensus,WikiPathways,WikiPathways_2024_Human,15,TROP2 Regulatory Signaling WP5300,0.002371602176112104,12.322981366459627,74.48243493579749,MDK;STAT1;PTEN,3,0.04996175251009499,0,0,1.3013623362683802,118
immune_consensus,Immune Cells Consensus,GO Biological Process,GO_Biological_Process_2026,1,Intracellular Signaling Cassette (GO:0141124),7.003966290926956e-06,24.989814107461168,296.6049522051786,MAP3K1;ZMIZ2;TLR7;CCR2;ZFP36L1,5,0.001718841387007431,0,0,2.764764197731587,16
immune_consensus,Immune Cells Consensus,GO Biological Process,GO_Biological_Process_2026,2,Inflammatory Response to Wounding (GO:0090594),8.983080444348457e-06,713.5714285714286,8291.819666343177,TNF;CCR2,2,0.001718841387007431,0,0,2.764764197731587,16
immune_consensus,Immune Cells Consensus,GO Biological Process,GO_Biological_Process_2026,3,Positive Regulation of Response to External Stimulus (GO:0032103),9.710968288177576e-06,38.395348837209305,443.1688901957764,CD180;TLR7;TNF;CCR2,4,0.001718841387007431,0,0,2.764764197731587,16
immune_consensus,Immune Cells Consensus,Reactome,Reactome_Pathways_2024,1,Toll-like Receptor Cascades,9.282282747018453e-06,38.85098039215686,450.18196891479033,MAP3K1;CD180;TLR7;TP53,4,0.002107078183573189,0,0,2.6763193495060644,16
immune_consensus,Immune Cells Consensus,WikiPathways,WikiPathways_2024_Human,1,IL18 Signaling WP4754,1.1346263946382127e-05,86.7822931785196,988.1571718362912,SP1;TNF;TP53,3,0.002598294443721507,0,0,2.5853116353885985,16
immune_consensus,Immune Cells Consensus,WikiPathways,WikiPathways_2024_Human,2,MAPK Signaling WP382,3.618732375987177e-05,27.19283746556474,278.09575568200705,MAP3K1;TNF;MAPK8IP3;TP53,4,0.002936742862881093,0,0,2.532134078033096,16
immune_consensus,Immune Cells Consensus,WikiPathways,WikiPathways_2024_Human,3,Apoptosis WP254,3.847261392420646e-05,56.7037037037037,576.4251231640847,MAP3K1;TNF;TP53,3,0.002936742862881093,0,0,2.532134078033096,16
immune_consensus,Immune Cells Consensus,GO Biological Process,GO_Biological_Process_2026,4,Positive Regulation of Apoptotic Signaling Pathway (GO:2001235),2.4222021168103504e-05,66.60535117056857,707.8982152080423,SP1;TNF;TP53,3,0.00321547331006574,0,0,2.4927550909138296,16
immune_consensus,Immune Cells Consensus,Reactome,Reactome_Pathways_2024,2,TRAF6 Mediated Induction of NFkB and MAP Kinases Upon TLR7 8 or 9 Activation,6.872099770941669e-05,46.35198135198135,444.3048667268212,MAP3K1;TLR7;TP53,3,0.0038690671945796336,0,0,2.4123937277660277,16
immune_consensus,Immune Cells Consensus,Reactome,Reactome_Pathways_2024,3,MyD88 Dependent Cascade Initiated on Endosome,7.074810994058285e-05,45.886153846153846,438.5057402283359,MAP3K1;TLR7;TP53,3,0.0038690671945796336,0,0,2.4123937277660277,16
immune_consensus,Immune Cells Consensus,Reactome,Reactome_Pathways_2024,4,Toll Like Receptor 7 8 (TLR7 8) Cascade,7.92478758147849e-05,44.112426035502956,416.55054894097833,MAP3K1;TLR7;TP53,3,0.0038690671945796336,0,0,2.4123937277660277,16
immune_consensus,Immune Cells Consensus,Reactome,Reactome_Pathways_2024,5,Toll Like Receptor 9 (TLR9) Cascade,8.604310208634246e-05,42.86915887850467,401.28371506892506,MAP3K1;TLR7;TP53,3,0.0038690671945796336,0,0,2.4123937277660277,16
immune_consensus,Immune Cells Consensus,Reactome,Reactome_Pathways_2024,6,Immune System,0.00010226609324880088,8.329598506069095,76.5317878616272,MAP3K1;MYO1C;CD180;TLR7;KIF22;TNF;TP53;CCR2,8,0.0038690671945796336,0,0,2.4123937277660277,16
immune_consensus,Immune Cells Consensus,WikiPathways,WikiPathways_2024_Human,4,8Q11 23 RB1CC1 Copy Number Variation WP5412,7.15314919064766e-05,203.77551020408163,1945.1132040508933,TNF;TP53,2,0.004095177911645785,0,0,2.3877272259261204,16
immune_consensus,Immune Cells Consensus,WikiPathways,WikiPathways_2024_Human,5,Spinal Cord Injury WP2431,0.00010868787723630718,39.52519893899204,360.7476881329303,TNF;TP53;CCR2,3,0.004170612873270031,0,0,2.379800120584609,16
immune_consensus,Immune Cells Consensus,WikiPathways,WikiPathways_2024_Human,6,Lung Pathology Of COVID 19 WP5146,0.00011304743026189121,158.46031746031747,1440.0403167035038,TLR7;TNF,2,0.004170612873270031,0,0,2.379800120584609,16
immune_consensus,Immune Cells Consensus,WikiPathways,WikiPathways_2024_Human,7,Vitamin D In Inflammatory Diseases WP4482,0.00013731388963879662,142.6,1268.176179092661,MAP3K1;TNF,2,0.004170612873270031,0,0,2.379800120584609,16
immune_consensus,Immune Cells Consensus,WikiPathways,WikiPathways_2024_Human,8,Post COVID Neuroinflammation WP5485,0.00015032135601996194,135.80272108843536,1195.435390738029,TLR7;TNF,2,0.004170612873270031,0,0,2.379800120584609,16
immune_consensus,Immune Cells Consensus,WikiPathways,WikiPathways_2024_Human,9,Kynurenine Pathway And Links To Cell Senescence WP5044,0.00016391054960449903,129.62337662337663,1129.8219412644194,TNF;TP53,2,0.004170612873270031,0,0,2.379800120584609,16
immune_consensus,Immune Cells Consensus,GO Biological Process,GO_Biological_Process_2026,5,Cellular Response to Tumor Necrosis Factor (GO:0071356),5.2165874228061145e-05,51.01025641025641,503.01632269432554,TNF;TP53;ZFP36L1,3,0.0055400158430200935,0,0,2.2564889932993024,16
immune_consensus,Immune Cells Consensus,Reactome,Reactome_Pathways_2024,7,Innate Immune System,0.00017248968445051645,9.890288713910762,85.70106394810576,MAP3K1;MYO1C;CD180;TLR7;TP53;CCR2,6,0.0055935940528953195,0,0,2.252309055123007,16
immune_consensus,Immune Cells Consensus,Reactome,Reactome_Pathways_2024,8,Toll Like Receptor 4 (TLR4) Cascade,0.000207182278563383,31.574005305039787,267.80792120503367,MAP3K1;CD180;TP53,3,0.005878797154235993,0,0,2.230711524726007,16
immune_consensus,Immune Cells Consensus,WikiPathways,WikiPathways_2024_Human,10,Prostaglandin Signaling WP5088,0.00031225565053905703,91.94930875576037,742.1861608649783,TNF;CCR2,2,0.006500594906676732,0,0,2.187046896762625,16
immune_consensus,Immune Cells Consensus,WikiPathways,WikiPathways_2024_Human,11,Signal Transduction Through IL1R WP4496,0.00031225565053905703,91.94930875576037,742.1861608649783,MAP3K1;TNF,2,0.006500594906676732,0,0,2.187046896762625,16
immune_consensus,Immune Cells Consensus,MSigDB Hallmark,MSigDB_Hallmark_2020,1,p53 Pathway,0.0005011239651713426,23.178836392034363,176.1280286078286,SP1;TP53;ZFP36L1,3,0.0070157355123987965,0,0,2.1539267918870095,16
immune_consensus,Immune Cells Consensus,WikiPathways,WikiPathways_2024_Human,12,miRNA Role In Immune Response In Sepsis WP4329,0.00039313432145597,81.42448979591836,638.4786737636651,TLR7;TNF,2,0.00730654002571122,0,0,2.136288232272035,16
immune_consensus,Immune Cells Consensus,WikiPathways,WikiPathways_2024_Human,13,Amyotrophic Lateral Sclerosis ALS WP2447,0.0004147817481844797,79.15873015873017,616.4690407176456,TNF;TP53,2,0.00730654002571122,0,0,2.136288232272035,16
immune_consensus,Immune Cells Consensus,WikiPathways,WikiPathways_2024_Human,14,Oxidative Damage Response WP3941,0.0004597842333580924,74.98496240601504,576.2409325339859,MAP3K1;TNF,2,0.007520756388500227,0,0,2.1237384787125717,16
immune_consensus,Immune Cells Consensus,KEGG,KEGG_2026,1,MAPK SIGNALING PATHWAY,7.435393461035295e-05,22.47945205479452,213.7048216270378,MAP3K1;TNF;MAPK8IP3;TP53,4,0.008030224937918119,0,0,2.095272289350411,16
immune_consensus,Immune Cells Consensus,WikiPathways,WikiPathways_2024_Human,15,Fas Ligand Pathway And Stress Induction Of Heat Shock Proteins WP314,0.0005315449008354333,69.48780487804878,523.9187926178153,MAP3K1;TNF,2,0.008114918819420948,0,0,2.090715820440814,16
immune_consensus,Immune Cells Consensus,GO Biological Process,GO_Biological_Process_2026,6,Regulation of Bicellular Tight Junction Assembly (GO:2000810),0.00010179008516647866,167.78991596638656,1542.4252214039523,MYO1C;TNF,2,0.008289505596397266,0,0,2.081471370916488,16
immune_consensus,Immune Cells Consensus,GO Biological Process,GO_Biological_Process_2026,7,Positive Regulation of Amyloid-Beta Formation (GO:1902004),0.00011304743026189121,158.46031746031747,1440.0403167035038,SP1;TNF,2,0.008289505596397266,0,0,2.081471370916488,16
immune_consensus,Immune Cells Consensus,GO Biological Process,GO_Biological_Process_2026,8,Regulation of Lymphocyte Differentiation (GO:0045619),0.0001248889732037253,150.11278195488723,1349.2265083047014,CCR2;ZFP36L1,2,0.008289505596397266,0,0,2.081471370916488,16
immune_consensus,Immune Cells Consensus,GO Biological Process,GO_Biological_Process_2026,9,Positive Regulation of Inflammatory Response (GO:0050729),0.00014448669755253173,35.79807692307692,316.53816298179186,TLR7;TNF;CCR2,3,0.008524715155599372,0,0,2.0693201235868584,16
immune_consensus,Immune Cells Consensus,GO Biological Process,GO_Biological_Process_2026,10,Positive Regulation of Amyloid Precursor Protein Catabolic Process (GO:1902993),0.00017808064838669893,123.98136645962732,1070.3651111926358,SP1;TNF,2,0.00879509847587135,0,0,2.05575929352453,16
immune_consensus,Immune Cells Consensus,GO Biological Process,GO_Biological_Process_2026,11,Positive Regulation of Defense Response (GO:0031349),0.00018720778562133052,32.70989010989011,280.7585186363618,TLR7;TNF;CCR2,3,0.00879509847587135,0,0,2.05575929352453,16
immune_consensus,Immune Cells Consensus,GO Biological Process,GO_Biological_Process_2026,12,Cellular Response to Oxygen-Containing Compound (GO:1901701),0.000198759287590313,17.289241622574956,147.3633999791886,CD180;TNF;TP53;ZFP36L1,4,0.00879509847587135,0,0,2.05575929352453,16
immune_consensus,Immune Cells Consensus,Reactome,Reactome_Pathways_2024,9,Oncogene Induced Senescence,0.0003515511542246668,86.36796536796537,686.8978437689108,SP1;TP53,2,0.008866901334333262,0,0,2.052228124082123,16
immune_consensus,Immune Cells Consensus,GO Biological Process,GO_Biological_Process_2026,13,Regulation of Cytokine Production Involved in Immune Response (GO:0002718),0.00022406816820398208,109.65934065934066,921.5288740201692,TNF;CCR2,2,0.00915232287048573,0,0,2.0384686674849477,16
immune_consensus,Immune Cells Consensus,WikiPathways,WikiPathways_2024_Human,16,Photodynamic Therapy Induced AP 1 Survival Signaling WP3611,0.0007187392304892979,59.333333333333336,429.45537567816734,TNF;TP53,2,0.009888648295281596,0,0,2.004863069173336,16
immune_consensus,Immune Cells Consensus,WikiPathways,WikiPathways_2024_Human,17,Copper Homeostasis WP3286,0.0007477269425466376,58.119533527696795,418.3718752445384,SP1;TP53,2,0.009888648295281596,0,0,2.004863069173336,16
immune_consensus,Immune Cells Consensus,WikiPathways,WikiPathways_2024_Human,18,Netrin UNC5B Signaling WP4747,0.0007772736651313045,56.95428571428572,407.77662815003015,TNF;TP53,2,0.009888648295281596,0,0,2.004863069173336,16
immune_consensus,Immune Cells Consensus,WikiPathways,WikiPathways_2024_Human,19,Cardiac Hypertrophic Response WP2795,0.0008692599027475671,53.722371967654986,378.62820748730724,MAP3K1;TNF,2,0.010476869354168045,0,0,1.9797684716774013,16
immune_consensus,Immune Cells Consensus,WikiPathways,WikiPathways_2024_Human,20,Novel Intracellular Components Of RIG I Like Receptor Pathway WP3865,0.0010336760126706044,49.07881773399015,337.39890347741033,MAP3K1;TNF,2,0.01183559034507842,0,0,1.926810075105763,16
immune_consensus,Immune Cells Consensus,WikiPathways,WikiPathways_2024_Human,21,Lung Fibrosis WP3624,0.0011389541194601021,46.65807962529274,316.2318943313879,TNF;CCR2,2,0.012420023493160163,0,0,1.9058775826666712,16
immune_consensus,Immune Cells Consensus,WikiPathways,WikiPathways_2024_Human,22,SARS CoV 2 Innate Immunity Evasion And Cell Immune Response WP5039,0.0012491774061650991,44.464285714285715,297.2557562180732,TLR7;TNF,2,0.013002801182354895,0,0,1.8859630779246057,16
immune_consensus,Immune Cells Consensus,GO Biological Process,GO_Biological_Process_2026,14,Response to Glucocorticoid (GO:0051384),0.00037205718620846284,83.82352941176471,661.9093976190027,TNF;ZFP36L1,2,0.013170824391779584,0,0,1.8803870407105283,16
immune_consensus,Immune Cells Consensus,GO Biological Process,GO_Biological_Process_2026,15,Positive Regulation of Mononuclear Cell Migration (GO:0071677),0.00037205718620846284,83.82352941176471,661.9093976190027,TNF;CCR2,2,0.013170824391779584,0,0,1.8803870407105283,16
immune_consensus,Immune Cells Consensus,WikiPathways,WikiPathways_2024_Human,23,Folate Metabolism WP176,0.0013643245507822437,42.46695095948827,280.15854412824194,TNF;TP53,2,0.013583927049092776,0,0,1.8669746594220844,16
immune_consensus,Immune Cells Consensus,GO Biological Process,GO_Biological_Process_2026,16,Negative Regulation of Catalytic Activity (GO:0043086),0.0004369986555224512,77.01544401544402,595.7591622638189,TP53;CCR2,2,0.013649781534260092,0,0,1.8648742994821697,16
immune_consensus,Immune Cells Consensus,GO Biological Process,GO_Biological_Process_2026,17,Regulation of Amyloid-Beta Formation (GO:1902003),0.0004369986555224512,77.01544401544402,595.7591622638189,SP1;TNF,2,0.013649781534260092,0,0,1.8648742994821697,16
immune_consensus,Immune Cells Consensus,WikiPathways,WikiPathways_2024_Human,24,Extrafollicular And Follicular B Cell Activation By SARS CoV 2 WP5218,0.001567120651291163,39.507936507936506,255.1626133360455,TLR7;TNF,2,0.013802716505602936,0,0,1.860035431910975,16
immune_consensus,Immune Cells Consensus,WikiPathways,WikiPathways_2024_Human,25,Burn Wound Healing WP5055,0.001567120651291163,39.507936507936506,255.1626133360455,TNF;TP53,2,0.013802716505602936,0,0,1.860035431910975,16
immune_consensus,Immune Cells Consensus,WikiPathways,WikiPathways_2024_Human,26,16P11 2 Proximal Deletion Syndrome WP4949,0.001567120651291163,39.507936507936506,255.1626133360455,KIF22;TP53,2,0.013802716505602936,0,0,1.860035431910975,16
immune_consensus,Immune Cells Consensus,Reactome,Reactome_Pathways_2024,10,Interleukin-10 Signaling,0.0006083945147130895,64.74025974025975,479.3813605520194,TNF;CCR2,2,0.01381055548398713,0,0,1.8597888530087172,16
immune_consensus,Immune Cells Consensus,WikiPathways,WikiPathways_2024_Human,27,Non Genomic Actions Of 1 25 Dihydroxyvitamin D3 WP4341,0.0016520302546127379,38.43629343629344,246.21329783070567,SP1;TNF,2,0.014011664011345073,0,0,1.853510285268726,16
immune_consensus,Immune Cells Consensus,GO Biological Process,GO_Biological_Process_2026,18,Tumor Necrosis Factor-Mediated Signaling Pathway (GO:0033209),0.0004831376724596641,73.05860805860806,557.8177351120347,TNF;TP53,2,0.014252561337560091,0,0,1.846107081282851,16
immune_consensus,Immune Cells Consensus,KEGG,KEGG_2026,2,HEPATITIS B,0.00026546556631366707,28.95715676728335,238.43396489614582,MAP3K1;TNF;TP53,3,0.014335140580938021,0,0,1.8435980436853185,16
immune_consensus,Immune Cells Consensus,WikiPathways,WikiPathways_2024_Human,28,DNA IR Damage And Cellular Response Via ATR WP4016,0.0018737274597197193,35.99457504520796,226.0396516027568,SP1;TP53,2,0.015324413866993418,0,0,1.8146161275239678,16
immune_consensus,Immune Cells Consensus,GO Biological Process,GO_Biological_Process_2026,19,Regulation of Apoptotic Signaling Pathway (GO:2001233),0.0006083945147130895,64.74025974025975,479.3813605520194,SP1;TNF,2,0.015383689872030976,0,0,1.81293948385429,16
immune_consensus,Immune Cells Consensus,GO Biological Process,GO_Biological_Process_2026,20,Regulation of Chemokine Production (GO:0032642),0.0006083945147130895,64.74025974025975,479.3813605520194,TLR7;TNF,2,0.015383689872030976,0,0,1.81293948385429,16
immune_consensus,Immune Cells Consensus,GO Biological Process,GO_Biological_Process_2026,21,Positive Regulation of Myeloid Leukocyte Differentiation (GO:0002763),0.0006083945147130895,64.74025974025975,479.3813605520194,TNF;ZFP36L1,2,0.015383689872030976,0,0,1.81293948385429,16
immune_consensus,Immune Cells Consensus,GO Biological Process,GO_Biological_Process_2026,22,Positive Regulation of miRNA Transcription (GO:1902895),0.0006624440420557845,61.91925465838509,453.2225955056137,TNF;TP53,2,0.015892847902962526,0,0,1.7987982728543652,16
immune_consensus,Immune Cells Consensus,GO Biological Process,GO_Biological_Process_2026,23,Cellular Response to Radiation (GO:0071478),0.0007187392304892979,59.333333333333336,429.45537567816734,TNF;TP53,2,0.015892847902962526,0,0,1.7987982728543652,16
immune_consensus,Immune Cells Consensus,GO Biological Process,GO_Biological_Process_2026,24,Positive Regulation of Leukocyte Cell-Cell Adhesion (GO:1903039),0.0007477269425466376,58.119533527696795,418.3718752445384,TNF;CCR2,2,0.015892847902962526,0,0,1.7987982728543652,16
immune_consensus,Immune Cells Consensus,GO Biological Process,GO_Biological_Process_2026,25,"Regulation of Synaptic Transmission, Glutamatergic (GO:0051966)",0.0008380409440356887,54.75824175824176,387.9316753410176,TNF;CCR2,2,0.015892847902962526,0,0,1.7987982728543652,16
immune_consensus,Immune Cells Consensus,GO Biological Process,GO_Biological_Process_2026,26,Positive Regulation of miRNA Metabolic Process (GO:2000630),0.0008380409440356887,54.75824175824176,387.9316753410176,TNF;TP53,2,0.015892847902962526,0,0,1.7987982728543652,16
immune_consensus,Immune Cells Consensus,GO Biological Process,GO_Biological_Process_2026,27,Cellular Response to Ionizing Radiation (GO:0071479),0.0008380409440356887,54.75824175824176,387.9316753410176,TNF;TP53,2,0.015892847902962526,0,0,1.7987982728543652,16
immune_consensus,Immune Cells Consensus,GO Biological Process,GO_Biological_Process_2026,28,Cellular Response to Mechanical Stimulus (GO:0071260),0.0008380409440356887,54.75824175824176,387.9316753410176,MAP3K1;TLR7,2,0.015892847902962526,0,0,1.7987982728543652,16
immune_consensus,Immune Cells Consensus,GO Biological Process,GO_Biological_Process_2026,29,Positive Regulation of Transcription by RNA Polymerase II (GO:0045944),0.0009267918603290875,8.503675811368119,59.38781422159362,MYO1C;SP1;ZMIZ2;TNF;TP53,5,0.016520551142400117,0,0,1.7819754682680304,16
immune_consensus,Immune Cells Consensus,GO Biological Process,GO_Biological_Process_2026,30,Positive Regulation of Chemokine Production (GO:0032722),0.0009333644713220405,51.763636363636365,361.14012734515626,TLR7;TNF,2,0.016520551142400117,0,0,1.7819754682680304,16
immune_consensus,Immune Cells Consensus,GO Biological Process,GO_Biological_Process_2026,31,Regulation of Blood Vessel Endothelial Cell Migration (GO:0043535),0.0009662484885702349,50.83673469387755,352.9131632656073,SP1;TNF,2,0.016550901530025638,0,0,1.7811783451600525,16
immune_consensus,Immune Cells Consensus,WikiPathways,WikiPathways_2024_Human,29,T Cell Activation SARS CoV 2 WP5098,0.0022065667454690572,33.053156146179404,202.16359671384905,TNF;TP53,2,0.017222640646105836,0,0,1.763900259960732,16
immune_consensus,Immune Cells Consensus,WikiPathways,WikiPathways_2024_Human,30,TNF Alpha Signaling WP231,0.00225624113267762,32.67159277504105,199.10248546522354,MAP3K1;TNF,2,0.017222640646105836,0,0,1.763900259960732,16
immune_consensus,Immune Cells Consensus,GO Biological Process,GO_Biological_Process_2026,32,Regulation of Reactive Oxygen Species Metabolic Process (GO:2000377),0.0010682179317220955,48.24455205811138,330.07781550622843,TNF;TP53,2,0.017725741304513522,0,0,1.7513955932265572,16
immune_consensus,Immune Cells Consensus,GO Biological Process,GO_Biological_Process_2026,33,Intrinsic Apoptotic Signaling Pathway in Response to DNA Damage (GO:0008630),0.001103310897929822,47.43809523809524,323.02684960773564,TNF;TP53,2,0.017753275357598044,0,0,1.750721510862123,16
immune_consensus,Immune Cells Consensus,GO Biological Process,GO_Biological_Process_2026,34,Positive Regulation of Interleukin-8 Production (GO:0032757),0.0012118881637081286,45.17233560090703,303.3582379077185,TLR7;TNF,2,0.0189268416155593,0,0,1.7229218521416136,16
immune_consensus,Immune Cells Consensus,WikiPathways,WikiPathways_2024_Human,31,Toll Like Receptor Signaling WP75,0.002565372929582209,30.55453149001536,182.2776841487772,TLR7;TNF,2,0.018950658092720188,0,0,1.7223757038450191,16
immune_consensus,Immune Cells Consensus,GO Biological Process,GO_Biological_Process_2026,35,Regulation of miRNA Transcription (GO:1902893),0.0012870137436590571,43.778021978021975,291.3615902141298,TNF;TP53,2,0.019525837082370264,0,0,1.7093903386306049,16
immune_consensus,Immune Cells Consensus,GO Biological Process,GO_Biological_Process_2026,36,Regulation of Inflammatory Response (GO:0050727),0.001369412269898256,16.23956043956044,107.07348958550325,TLR7;TNF;CCR2,3,0.019652916630161457,0,0,1.7065729881695515,16
immune_consensus,Immune Cells Consensus,GO Biological Process,GO_Biological_Process_2026,37,Positive Regulation of Signal Transduction (GO:0009967),0.001369412269898256,16.23956043956044,107.07348958550325,SP1;CD180;CCR2,3,0.019652916630161457,0,0,1.7065729881695515,16
immune_consensus,Immune Cells Consensus,GO Biological Process,GO_Biological_Process_2026,38,Cytokine-mediated Signaling Pathway (GO:0019221),0.001425727365261234,16.007583965330443,104.89886889928529,TNF;TP53;CCR2,3,0.01965808686161922,0,0,1.7064587502816437,16
immune_consensus,Immune Cells Consensus,GO Biological Process,GO_Biological_Process_2026,39,Positive Regulation of Type II Interferon Production (GO:0032729),0.001443814289271468,41.231884057971016,269.6757710635588,TLR7;CCR2,2,0.01965808686161922,0,0,1.7064587502816437,16
immune_consensus,Immune Cells Consensus,GO Biological Process,GO_Biological_Process_2026,40,Response to Ionizing Radiation (GO:0010212),0.0014843742936880237,40.64081632653061,264.6839620490753,TNF;TP53,2,0.019705068748708515,0,0,1.7054220455924578,16
immune_consensus,Immune Cells Consensus,GO Biological Process,GO_Biological_Process_2026,41,Cell Surface Receptor Signaling Pathway via JAK-STAT (GO:0007259),0.0015254766756261087,40.06639839034205,259.848557073974,TNF;CCR2,2,0.01975678328676741,0,0,1.7042837639248782,16
immune_consensus,Immune Cells Consensus,GO Biological Process,GO_Biological_Process_2026,42,Regulation of Fat Cell Differentiation (GO:0045598),0.0016520302546127379,38.43629343629344,246.21329783070567,TNF;ZFP36L1,2,0.020886382504746757,0,0,1.680136772766058,16
immune_consensus,Immune Cells Consensus,GO Biological Process,GO_Biological_Process_2026,43,Positive Regulation of Apoptotic Process (GO:0043065),0.0017292578293106001,14.93927125506073,95.0147058022964,SP1;TNF;TP53,3,0.020987736995665467,0,0,1.6780343867286478,16
immune_consensus,Immune Cells Consensus,GO Biological Process,GO_Biological_Process_2026,44,Positive Regulation of Interleukin-6 Production (GO:0032755),0.001739096850864935,37.421052631578945,237.78793837287517,TLR7;TNF,2,0.020987736995665467,0,0,1.6780343867286478,16
immune_consensus,Immune Cells Consensus,GO Biological Process,GO_Biological_Process_2026,45,Cell Surface Receptor Signaling Pathway via STAT (GO:0097696),0.0018283141997896284,36.45787545787546,229.84360595545317,TNF;CCR2,2,0.021574107557517617,0,0,1.6660671604267436,16
immune_consensus,Immune Cells Consensus,GO Biological Process,GO_Biological_Process_2026,46,Cellular Response to Hypoxia (GO:0071456),0.0018737274597197193,35.99457504520796,226.0396516027568,TP53;ZFP36L1,2,0.02162933219806893,0,0,1.6649568891217417,16
immune_consensus,Immune Cells Consensus,GO Biological Process,GO_Biological_Process_2026,47,Cellular Response to Decreased Oxygen Levels (GO:0036294),0.001919676073191219,35.542857142857144,222.34185516871446,TP53;ZFP36L1,2,0.02168825520988377,0,0,1.663775384970538,16
immune_consensus,Immune Cells Consensus,GO Biological Process,GO_Biological_Process_2026,48,Regulation of Interleukin-8 Production (GO:0032677),0.0020607262735191276,34.25301204819277,211.8444939484582,TLR7;TNF,2,0.02233154390282973,0,0,1.6510812507171408,16
immune_consensus,Immune Cells Consensus,GO Biological Process,GO_Biological_Process_2026,49,Positive Regulation of JNK Cascade (GO:0046330),0.0020607262735191276,34.25301204819277,211.8444939484582,TNF;MAPK8IP3,2,0.02233154390282973,0,0,1.6510812507171408,16
immune_consensus,Immune Cells Consensus,WikiPathways,WikiPathways_2024_Human,32,Macrophage Stimulating Protein MSP Signaling WP5353,0.0032997207202743913,26.78975741239892,153.07446220756404,TNF;TP53,2,0.02262946233398202,0,0,1.645325764567529,16
immune_consensus,Immune Cells Consensus,WikiPathways,WikiPathways_2024_Human,33,Androgen Receptor Network In Prostate Cancer WP2263,0.0033598328356130506,26.538050734312417,151.15712933501646,SP1;TP53,2,0.02262946233398202,0,0,1.645325764567529,16
immune_consensus,Immune Cells Consensus,WikiPathways,WikiPathways_2024_Human,34,DNA Damage Response Only ATM Dependent WP710,0.0033598328356130506,26.538050734312417,151.15712933501646,MAP3K1;TP53,2,0.02262946233398202,0,0,1.645325764567529,16
immune_consensus,Immune Cells Consensus,GO Biological Process,GO_Biological_Process_2026,50,Positive Regulation of Synaptic Transmission (GO:0050806),0.0022065667454690572,33.053156146179404,202.16359671384905,TNF;CCR2,2,0.023433738836881386,0,0,1.6301584144894719,16
immune_consensus,Immune Cells Consensus,KEGG,KEGG_2026,3,HUMAN T-CELL LEUKEMIA VIRUS 1 INFECTION,0.000652721907595341,21.11965811965812,154.89916280793054,MAP3K1;TNF;TP53,3,0.023497988673432276,0,0,1.6289693098734919,16
immune_consensus,Immune Cells Consensus,GO Biological Process,GO_Biological_Process_2026,51,Positive Regulation of Biosynthetic Process (GO:0009891),0.0023571766245942044,31.93418940609952,193.21112986707715,SP1;TNF,2,0.024424068798853085,0,0,1.6121819853667736,16
immune_consensus,Immune Cells Consensus,GO Biological Process,GO_Biological_Process_2026,52,Positive Regulation of Macromolecule Biosynthetic Process (GO:0010557),0.0023918108804903207,13.29325513196481,80.2341599440675,SP1;TNF;TP53,3,0.024424068798853085,0,0,1.6121819853667736,16
immune_consensus,Immune Cells Consensus,GO Biological Process,GO_Biological_Process_2026,53,Negative Regulation of Angiogenesis (GO:0016525),0.002512535109003552,30.888198757763973,184.91105998724296,TNF;CCR2,2,0.025172757412846906,0,0,1.5990692094181476,16
immune_consensus,Immune Cells Consensus,GO Biological Process,GO_Biological_Process_2026,54,Positive Regulation of Cytokine Production (GO:0001819),0.0026784157002340703,12.759913326110508,75.57096712206703,TLR7;TNF;CCR2,3,0.026337754385635025,0,0,1.5794212566901924,16
immune_consensus,Immune Cells Consensus,GO Biological Process,GO_Biological_Process_2026,55,Positive Regulation of DNA-templated Transcription (GO:0045893),0.002784540693148174,6.538246203373224,38.4688983446133,MYO1C;SP1;ZMIZ2;TNF;TP53,5,0.026883474692030552,0,0,1.5705145993812624,16
immune_consensus,Immune Cells Consensus,GO Biological Process,GO_Biological_Process_2026,56,Cellular Response to Transforming Growth Factor Beta Stimulus (GO:0071560),0.0028933886457841386,28.694083694083695,167.726299917835,ZMIZ2;ZFP36L1,2,0.027435524480560317,0,0,1.561686733049969,16
immune_consensus,Immune Cells Consensus,WikiPathways,WikiPathways_2024_Human,36,Pleural Mesothelioma WP5087,0.004694210661717976,10.395249911378944,55.733355912382535,MAP3K1;SP1;TP53,3,0.027953608512101814,0,0,1.5535621213826476,16
immune_consensus,Immune Cells Consensus,WikiPathways,WikiPathways_2024_Human,39,Adipogenesis WP236,0.004810984392675328,21.98781838316722,117.34576682279196,SP1;TNF,2,0.027953608512101814,0,0,1.5535621213826476,16
immune_consensus,Immune Cells Consensus,WikiPathways,WikiPathways_2024_Human,40,TGF Beta Signaling Pathway WP366,0.004882726377659706,21.81758241758242,116.11429791205731,SP1;TP53,2,0.027953608512101814,0,0,1.5535621213826476,16
immune_consensus,Immune Cells Consensus,WikiPathways,WikiPathways_2024_Human,41,Measles Virus Infection WP4630,0.00517465408010033,21.162046908315563,111.39665065226598,TLR7;TP53,2,0.02821418534149942,0,0,1.5495324850643009,16
immune_consensus,Immune Cells Consensus,WikiPathways,WikiPathways_2024_Human,42,2Q37 Copy Number Variation Syndrome WP5224,0.00517465408010033,21.162046908315563,111.39665065226598,TNF;TP53,2,0.02821418534149942,0,0,1.5495324850643009,16
immune_consensus,Immune Cells Consensus,GO Biological Process,GO_Biological_Process_2026,57,Positive Regulation of Protein-Containing Complex Assembly (GO:0031334),0.0031224753229706615,27.574202496532592,159.07913731247376,TNF;TP53,2,0.029088322745568794,0,0,1.5362813197754401,16
immune_consensus,Immune Cells Consensus,GO Biological Process,GO_Biological_Process_2026,58,Regulation of Type II Interferon Production (GO:0032649),0.003240123258408073,27.04625850340136,155.03304589236754,TLR7;CCR2,2,0.02958128311665787,0,0,1.528982991988946,16
immune_consensus,Immune Cells Consensus,GO Biological Process,GO_Biological_Process_2026,59,Regulation of Interleukin-6 Production (GO:0032675),0.003731270966193004,25.121365360303415,140.45371354552722,TLR7;TNF,2,0.02958128311665787,0,0,1.528982991988946,16
immune_consensus,Immune Cells Consensus,GO Biological Process,GO_Biological_Process_2026,69,Regulation of JNK Cascade (GO:0046328),0.004187780821231389,23.64761904761905,129.48453211669766,TNF;MAPK8IP3,2,0.02958128311665787,0,0,1.528982991988946,16
immune_consensus,Immune Cells Consensus,GO Biological Process,GO_Biological_Process_2026,70,Cellular Response to Molecule of Bacterial Origin (GO:0071219),0.004187780821231389,23.64761904761905,129.48453211669766,CD180;TNF,2,0.02958128311665787,0,0,1.528982991988946,16
immune_consensus,Immune Cells Consensus,GO Biological Process,GO_Biological_Process_2026,71,Positive Regulation of Gene Expression (GO:0010628),0.004314041859499237,10.72336926731226,58.398182524510055,SP1;TNF;TP53,3,0.02958128311665787,0,0,1.528982991988946,16
immune_consensus,Immune Cells Consensus,GO Biological Process,GO_Biological_Process_2026,72,Intrinsic Apoptotic Signaling Pathway (GO:0097193),0.004322760649417459,23.2576112412178,126.6112037569235,TNF;TP53,2,0.02958128311665787,0,0,1.528982991988946,16
immune_consensus,Immune Cells Consensus,GO Biological Process,GO_Biological_Process_2026,73,Cellular Response to Lipopolysaccharide (GO:0071222),0.004391004905404196,23.067363530778167,125.2141974429791,CD180;TNF,2,0.02958128311665787,0,0,1.528982991988946,16
immune_consensus,Immune Cells Consensus,GO Biological Process,GO_Biological_Process_2026,74,MAPK Cascade (GO:0000165),0.004391004905404196,23.067363530778167,125.2141974429791,MAP3K1;ZFP36L1,2,0.02958128311665787,0,0,1.528982991988946,16
immune_consensus,Immune Cells Consensus,MSigDB Hallmark,MSigDB_Hallmark_2020,2,Mitotic Spindle,0.010784551657947264,14.348803480783177,64.99492239036189,RABGAP1;KIF22,2,0.030487590005294104,0,0,1.51587690455456,16
immune_consensus,Immune Cells Consensus,MSigDB Hallmark,MSigDB_Hallmark_2020,3,IL-2/STAT5 Signaling,0.010784551657947264,14.348803480783177,64.99492239036189,MYO1C;TLR7,2,0.030487590005294104,0,0,1.51587690455456,16
immune_consensus,Immune Cells Consensus,MSigDB Hallmark,MSigDB_Hallmark_2020,4,Allograft Rejection,0.010888425001890752,14.275613275613276,64.52655688502057,TNF;CCR2,2,0.030487590005294104,0,0,1.51587690455456,16
immune_consensus,Immune Cells Consensus,MSigDB Hallmark,MSigDB_Hallmark_2020,5,E2F Targets,0.010888425001890752,14.275613275613276,64.52655688502057,KIF22;TP53,2,0.030487590005294104,0,0,1.51587690455456,16
immune_consensus,Immune Cells Consensus,WikiPathways,WikiPathways_2024_Human,43,Hepatitis B Infection WP4666,0.006339361754674679,19.017257909875358,96.24590840713739,MAP3K1;TNF,2,0.031015888375555044,0,0,1.508415774999548,16
immune_consensus,Immune Cells Consensus,WikiPathways,WikiPathways_2024_Human,47,Breast Cancer Pathway WP4262,0.006585417823145747,18.639097744360903,93.62227737026059,SP1;TP53,2,0.031015888375555044,0,0,1.508415774999548,16
immune_consensus,Immune Cells Consensus,WikiPathways,WikiPathways_2024_Human,48,Smith Magenis And Potocki Lupski Syndrome Copy Number Variation WP5381,0.006751859622178829,18.39517625231911,91.93793776071972,TNF;TP53,2,0.031015888375555044,0,0,1.508415774999548,16
immune_consensus,Immune Cells Consensus,WikiPathways,WikiPathways_2024_Human,49,Sudden Infant Death Syndrome SIDS Susceptibility Pathways WP706,0.006835799681695933,18.275576036866358,91.11437959550183,SP1;TNF,2,0.031015888375555044,0,0,1.508415774999548,16
immune_consensus,Immune Cells Consensus,WikiPathways,WikiPathways_2024_Human,50,EGF EGFR Signaling WP437,0.007005114514726578,18.040946314831665,89.50320489816689,MAP3K1;SP1,2,0.031015888375555044,0,0,1.508415774999548,16
immune_consensus,Immune Cells Consensus,WikiPathways,WikiPathways_2024_Human,51,Insulin Signaling WP481,0.007090487849930402,17.925858951175407,88.71509625281436,MAP3K1;MYO1C,2,0.031015888375555044,0,0,1.508415774999548,16
immune_consensus,Immune Cells Consensus,GO Biological Process,GO_Biological_Process_2026,103,Negative Regulation of Apoptotic Process (GO:0043066),0.006711302100817833,9.104640298972283,45.55927674785349,TNF;MAPK8IP3;TP53,3,0.03433967294359517,0,0,1.464203845443835,16
immune_consensus,Immune Cells Consensus,GO Biological Process,GO_Biological_Process_2026,104,Response to Lipopolysaccharide (GO:0032496),0.007176337504623488,17.812219227313566,87.93832289917795,CD180;TNF,2,0.03433967294359517,0,0,1.464203845443835,16
immune_consensus,Immune Cells Consensus,GO Biological Process,GO_Biological_Process_2026,112,Cellular Response to Nitrogen Compound (GO:1901699),0.007612705496478405,17.264808362369337,84.21664149536396,TP53;ZFP36L1,2,0.03587831548581888,0,0,1.4451679556052945,16
immune_consensus,Immune Cells Consensus,GO Biological Process,GO_Biological_Process_2026,119,Regulation of Cytokine Production (GO:0001817),0.008707965958832876,16.07792207792208,76.26589742160017,TNF;CCR2,2,0.03784766090901177,0,0,1.4219609559446094,16
immune_consensus,Immune Cells Consensus,KEGG,KEGG_2026,4,RIG-I-LIKE RECEPTOR SIGNALING PATHWAY,0.001443814289271468,41.231884057971016,269.6757710635588,MAP3K1;TNF,2,0.038982985810329635,0,0,1.4091249001776265,16
immune_consensus,Immune Cells Consensus,GO Biological Process,GO_Biological_Process_2026,124,Positive Regulation of RNA Biosynthetic Process (GO:1902680),0.009406834981328676,8.019127562955827,37.419805131332446,SP1;TNF;TP53,3,0.03926825605376591,0,0,1.4059583857946218,16
immune_consensus,Immune Cells Consensus,GO Biological Process,GO_Biological_Process_2026,141,Regulation of Cell Differentiation (GO:0045595),0.010681127169161182,14.422740524781341,65.46881305511042,TNF;ZFP36L1,2,0.03994850853082434,0,0,1.3984994303405862,16
immune_consensus,Immune Cells Consensus,GO Biological Process,GO_Biological_Process_2026,149,Regulation of Gene Expression (GO:0010468),0.011209656819383854,5.499708114419148,24.69907725667105,SP1;TNF;TP53;ZFP36L1,4,0.03994850853082434,0,0,1.3984994303405862,16
immune_consensus,Immune Cells Consensus,GO Biological Process,GO_Biological_Process_2026,150,Regulation of Programmed Cell Death (GO:0043067),0.011308393132852779,13.990099009900991,62.7065627163399,TNF;TP53,2,0.040031711690298837,0,0,1.3975958397785202,16
immune_consensus,Immune Cells Consensus,GO Biological Process,GO_Biological_Process_2026,151,Defense Response to Virus (GO:0051607),0.011628048462596699,13.783275261324041,61.395327182910165,TLR7;TNF,2,0.0401176331131452,0,0,1.3966646976910726,16
immune_consensus,Immune Cells Consensus,GO Biological Process,GO_Biological_Process_2026,159,Regulation of Angiogenesis (GO:0045765),0.012279311210764074,13.387271496276236,58.90184523261,SP1;CCR2,2,0.04100826574160832,0,0,1.387128596837256,16
immune_consensus,Immune Cells Consensus,GO Biological Process,GO_Biological_Process_2026,162,Positive Regulation of Canonical NF-kappaB Signal Transduction (GO:0043123),0.012834116004161912,13.074074074074074,56.946069049268175,TLR7;TNF,2,0.042067380235864045,0,0,1.3760545330159084,16
immune_consensus,Immune Cells Consensus,GO Biological Process,GO_Biological_Process_2026,170,Negative Regulation of Cell Differentiation (GO:0045596),0.013629130014064792,12.659192825112108,54.37814338232648,IQCB1;TNF,2,0.042445621219877314,0,0,1.3721671058471674,16
immune_consensus,Immune Cells Consensus,GO Biological Process,GO_Biological_Process_2026,180,Cellular Response to Lipid (GO:0071396),0.014682300719060109,12.16256157635468,51.33954122914682,CD180;TNF,2,0.0426428887391656,0,0,1.3701533827576418,16
immune_consensus,Immune Cells Consensus,GO Biological Process,GO_Biological_Process_2026,203,Positive Regulation of Programmed Cell Death (GO:0043068),0.01701815400061783,11.231075697211155,45.7495018339157,TNF;TP53,2,0.044160441277118274,0,0,1.3549665955311232,16
immune_consensus,Immune Cells Consensus,GO Biological Process,GO_Biological_Process_2026,210,Positive Regulation of Intracellular Signal Transduction (GO:1902533),0.017464581296035477,6.31993006993007,25.580424921785085,TLR7;TNF;TP53,3,0.044160441277118274,0,0,1.3549665955311232,16
immune_consensus,Immune Cells Consensus,GO Biological Process,GO_Biological_Process_2026,220,Regulation of Apoptotic Process (GO:0042981),0.018465532652181513,6.1832673585107525,24.682671999327187,TNF;MAPK8IP3;TP53,3,0.04456908108321993,0,0,1.35096632002199,16
immune_consensus,Immune Cells Consensus,Reactome,Reactome_Pathways_2024,11,MyD88 Cascade Initiated on Plasma Membrane,0.0027270306349214193,29.595238095238095,174.7463245947277,MAP3K1;TP53,2,0.04533128084224149,0,0,1.3436020097112449,16
immune_consensus,Immune Cells Consensus,Reactome,Reactome_Pathways_2024,12,Toll Like Receptor 10 (TLR10) Cascade,0.0027270306349214193,29.595238095238095,174.7463245947277,MAP3K1;TP53,2,0.04533128084224149,0,0,1.3436020097112449,16
immune_consensus,Immune Cells Consensus,Reactome,Reactome_Pathways_2024,13,Toll Like Receptor 5 (TLR5) Cascade,0.0027270306349214193,29.595238095238095,174.7463245947277,MAP3K1;TP53,2,0.04533128084224149,0,0,1.3436020097112449,16
immune_consensus,Immune Cells Consensus,Reactome,Reactome_Pathways_2024,14,SARS-CoV-1-host Interactions,0.003543249546655089,25.81038961038961,145.6405699331324,SP1;TLR7,2,0.04533128084224149,0,0,1.3436020097112449,16
immune_consensus,Immune Cells Consensus,Reactome,Reactome_Pathways_2024,15,Interleukin-4 and Interleukin-13 Signaling,0.003543249546655089,25.81038961038961,145.6405699331324,TNF;TP53,2,0.04533128084224149,0,0,1.3436020097112449,16
immune_consensus,Immune Cells Consensus,Reactome,Reactome_Pathways_2024,16,MyD88 MAL(TIRAP) Cascade Initiated on Plasma Membrane,0.003731270966193004,25.121365360303415,140.45371354552722,MAP3K1;TP53,2,0.04533128084224149,0,0,1.3436020097112449,16
immune_consensus,Immune Cells Consensus,Reactome,Reactome_Pathways_2024,17,Toll Like Receptor TLR6 TLR2 Cascade,0.003731270966193004,25.121365360303415,140.45371354552722,MAP3K1;TP53,2,0.04533128084224149,0,0,1.3436020097112449,16
immune_consensus,Immune Cells Consensus,Reactome,Reactome_Pathways_2024,18,Toll Like Receptor 2 (TLR2) Cascade,0.003923876780538224,24.467980295566502,135.56913013169284,MAP3K1;TP53,2,0.04533128084224149,0,0,1.3436020097112449,16
immune_consensus,Immune Cells Consensus,Reactome,Reactome_Pathways_2024,19,Toll Like Receptor TLR1 TLR2 Cascade,0.003923876780538224,24.467980295566502,135.56913013169284,MAP3K1;TP53,2,0.04533128084224149,0,0,1.3436020097112449,16
immune_consensus,Immune Cells Consensus,WikiPathways,WikiPathways_2024_Human,85,Cytokine Cytokine Receptor Interaction WP5473,0.017272775471423505,11.141163184641446,45.21778882612877,TNF;CCR2,2,0.04592277776845932,0,0,1.3379718502915328,16
immune_consensus,Immune Cells Consensus,GO Biological Process,GO_Biological_Process_2026,246,Regulation of MAPK Cascade (GO:0043408),0.022274562686660147,9.701477832512316,36.90742853433792,TNF;MAPK8IP3,2,0.047570624592868434,0,0,1.3226611463422295,16
immune_consensus,Immune Cells Consensus,GO Biological Process,GO_Biological_Process_2026,254,Inflammatory Response (GO:0006954),0.023136507081168274,9.501930501930502,35.787534333882036,TNF;CCR2,2,0.047570624592868434,0,0,1.3226611463422295,16
immune_consensus,Immune Cells Consensus,GO Biological Process,GO_Biological_Process_2026,255,Regulation of Canonical NF-kappaB Signal Transduction (GO:0043122),0.023572669408616794,9.40516005733397,35.24741092928885,TLR7;TNF,2,0.047570624592868434,0,0,1.3226611463422295,16
immune_consensus,Immune Cells Consensus,GO Biological Process,GO_Biological_Process_2026,256,Positive Regulation of Cell Differentiation (GO:0045597),0.02371882159978286,9.373333333333333,35.070199055211404,TNF;ZFP36L1,2,0.047570624592868434,0,0,1.3226611463422295,16
immune_consensus,Immune Cells Consensus,WikiPathways,WikiPathways_2024_Human,118,Nuclear Receptors Meta Pathway WP2882,0.02550221501959555,9.007326007326007,33.04778875106745,SP1;TNF,2,0.04817364146080168,0,0,1.317190523987435,16
stroma_consensus,Stroma Cells Consensus,GO Biological Process,GO_Biological_Process_2026,1,Nervous System Development (GO:0007399),5.026858623493179e-07,11.557669441141499,167.62435171410203,MARCKS;FLRT3;NR2F1;NR2F2;KCTD12;AGRN;PAX2;ITM2B;SOX4,9,0.0002443053291017685,0,0,3.6120670595339353,38
stroma_consensus,Stroma Cells Consensus,GO Biological Process,GO_Biological_Process_2026,2,Cellular Response to Hexose Stimulus (GO:0071331),2.2345191734545304e-05,65.72307692307692,703.821818697053,OGT;SOX4;PAX2,3,0.005100334349995683,0,0,2.2924013530003817,38
stroma_consensus,Stroma Cells Consensus,GO Biological Process,GO_Biological_Process_2026,3,Metanephric Mesenchymal Cell Differentiation (GO:0072162),3.502360104483773e-05,369.6111111111111,3792.0209099703466,STAT1;PAX2,2,0.005100334349995683,0,0,2.2924013530003817,38
stroma_consensus,Stroma Cells Consensus,GO Biological Process,GO_Biological_Process_2026,4,Cellular Response to Glucose Stimulus (GO:0071333),5.0983396072319205e-05,48.800816326530615,482.34778319838193,OGT;SOX4;PAX2,3,0.005100334349995683,0,0,2.2924013530003817,38
stroma_consensus,Stroma Cells Consensus,GO Biological Process,GO_Biological_Process_2026,5,Mesenchymal Cell Differentiation Involved in Kidney Development (GO:0072161),5.247257561723954e-05,277.19444444444446,2731.8122034074886,STAT1;PAX2,2,0.005100334349995683,0,0,2.2924013530003817,38
stroma_consensus,Stroma Cells Consensus,GO Biological Process,GO_Biological_Process_2026,6,Regulation of Nephron Tubule Epithelial Cell Differentiation (GO:0072182),9.771451414336942e-05,184.77777777777777,1706.1383034595449,PROM1;PAX2,2,0.006924901749796202,0,0,2.159586383970958,38
stroma_consensus,Stroma Cells Consensus,GO Biological Process,GO_Biological_Process_2026,7,Response to Glucose (GO:0009749),0.00012373119495713632,35.56071428571428,319.95393970551675,OGT;PAX2;SOX4,3,0.006924901749796202,0,0,2.159586383970958,38
stroma_consensus,Stroma Cells Consensus,GO Biological Process,GO_Biological_Process_2026,8,Lipoprotein Catabolic Process (GO:0042159),0.00012548254326066126,158.37301587301587,1422.719267111456,ABHD10;CTSD,2,0.006924901749796202,0,0,2.159586383970958,38
stroma_consensus,Stroma Cells Consensus,GO Biological Process,GO_Biological_Process_2026,9,Intracellular Glucose Homeostasis (GO:0001678),0.00013113467416834147,34.8332361516035,311.3842503635518,OGT;PAX2;SOX4,3,0.006924901749796202,0,0,2.159586383970958,38
stroma_consensus,Stroma Cells Consensus,GO Biological Process,GO_Biological_Process_2026,10,Negative Regulation of DNA-templated Transcription (GO:0045892),0.00014248769032502474,5.5066537153958235,48.768329201071246,MUC1;STAT1;NR2F1;MITF;NR2F2;OGT;PAX2;SOX4;RUNX1T1,9,0.006924901749796202,0,0,2.159586383970958,38
stroma_consensus,Stroma Cells Consensus,GO Biological Process,GO_Biological_Process_2026,11,Metanephric Mesenchyme Development (GO:0072075),0.00019125062201490235,123.16666666666667,1054.5438650851984,STAT1;PAX2,2,0.008449800209022048,0,0,2.0731535595881825,38
stroma_consensus,Stroma Cells Consensus,GO Biological Process,GO_Biological_Process_2026,12,Synapse Organization (GO:0050808),0.00027109561562575497,14.379084967320262,118.09598524886276,CDH6;FLRT3;NEDD4L;AGRN,4,0.010979372432843077,0,0,1.959422482904361,38
stroma_consensus,Stroma Cells Consensus,GO Biological Process,GO_Biological_Process_2026,13,Negative Regulation of Cell Migration (GO:0030336),0.00042605646511902583,12.715525554484088,98.68441402650377,COL3A1;MITF;NR2F2;OGT,4,0.015927957080603582,0,0,1.797839923226889,38
stroma_consensus,Stroma Cells Consensus,GO Biological Process,GO_Biological_Process_2026,14,Positive Regulation of Transcription by RNA Polymerase II (GO:0045944),0.0005509589833382558,4.998615232443125,37.50885987162561,MUC1;STAT1;MITF;NR2F2;AGRN;OGT;PAX2;SOX4,8,0.019126147564456596,0,0,1.7183724978235233,38
stroma_consensus,Stroma Cells Consensus,GO Biological Process,GO_Biological_Process_2026,15,Positive Regulation of RNA Biosynthetic Process (GO:1902680),0.000615527557674256,6.544289568345324,48.38213460804594,STAT1;MITF;NR2F2;OGT;PAX2;SOX4,6,0.01975361741916363,0,0,1.7043533617426243,38
stroma_consensus,Stroma Cells Consensus,GO Biological Process,GO_Biological_Process_2026,16,Neuromuscular Junction Development (GO:0007528),0.0006535983868982156,61.55555555555556,451.387965030658,NEDD4L;AGRN,2,0.01975361741916363,0,0,1.7043533617426243,38
stroma_consensus,Stroma Cells Consensus,GO Biological Process,GO_Biological_Process_2026,17,Negative Regulation of Transcription by RNA Polymerase II (GO:0000122),0.0006909701566374109,5.444065733414486,39.618719770362986,MUC1;STAT1;NR2F1;MITF;NR2F2;OGT;SOX4,7,0.01975361741916363,0,0,1.7043533617426243,38
stroma_consensus,Stroma Cells Consensus,GO Biological Process,GO_Biological_Process_2026,18,Positive Regulation of Programmed Cell Death (GO:0043068),0.0013164219505324031,9.313961729270021,61.77799804379087,TNFSF10;CTSD;SOX4;BOK,4,0.03554339266437488,0,0,1.449241120562935,38
stroma_consensus,Stroma Cells Consensus,GO Biological Process,GO_Biological_Process_2026,19,Positive Regulation of Epithelial Cell Differentiation (GO:0030858),0.0014785875016258675,39.551587301587304,257.74456480935885,PROM1;PAX2,2,0.037820711883693243,0,0,1.4222703008677624,38
stroma_consensus,Stroma Cells Consensus,GO Biological Process,GO_Biological_Process_2026,20,Regulation of Dendrite Morphogenesis (GO:0048814),0.0016818998191634993,36.91111111111111,235.78195012588583,NEDD4L;KCTD12,2,0.04087016560567303,0,0,1.3885936025261296,38
stroma_consensus,Stroma Cells Consensus,GO Biological Process,GO_Biological_Process_2026,21,Regulation of Apoptotic Process (GO:0042981),0.0022312699872215425,5.03997905027933,30.77000124536811,STAT1;TNFSF10;CTSD;PAX2;SOX4;BOK,6,0.04774591671208771,0,0,1.3210637638757459,38
stroma_consensus,Stroma Cells Consensus,GO Biological Process,GO_Biological_Process_2026,22,Circulatory System Development (GO:0072359),0.0024155012485923924,12.31304347826087,74.19653404520922,COL3A1;FLRT3;SOX4,3,0.04774591671208771,0,0,1.3210637638757459,38
stroma_consensus,Stroma Cells Consensus,GO Biological Process,GO_Biological_Process_2026,23,Negative Regulation of Cell Motility (GO:2000146),0.0024644179160998357,12.223843782117163,73.41395657243886,MITF;SPINT2;OGT,3,0.04774591671208771,0,0,1.3210637638757459,38
stroma_consensus,Stroma Cells Consensus,GO Biological Process,GO_Biological_Process_2026,24,Negative Regulation of Endothelial Cell Proliferation (GO:0001937),0.00249172839958229,29.91741741741742,179.34829588302824,STAT1;NR2F2,2,0.04774591671208771,0,0,1.3210637638757459,38
stroma_consensus,Stroma Cells Consensus,GO Biological Process,GO_Biological_Process_2026,25,Camera-type Eye Development (GO:0043010),0.0026197382113525482,29.128654970760234,173.1605584259493,PAX2;SOX4,2,0.04774591671208771,0,0,1.3210637638757459,38
stroma_consensus,Stroma Cells Consensus,GO Biological Process,GO_Biological_Process_2026,26,Positive Regulation of Apoptotic Process (GO:0043065),0.002664018330299422,7.633080955154339,45.24829055039738,TNFSF10;CTSD;SOX4;BOK,4,0.04774591671208771,0,0,1.3210637638757459,38
stroma_consensus,Stroma Cells Consensus,GO Biological Process,GO_Biological_Process_2026,27,Positive Regulation of DNA-templated Transcription (GO:0045893),0.002694642003374451,3.8407407407407406,22.723703880932085,MUC1;STAT1;MITF;NR2F2;AGRN;OGT;PAX2;SOX4,8,0.04774591671208771,0,0,1.3210637638757459,38
stroma_consensus,Stroma Cells Consensus,GO Biological Process,GO_Biological_Process_2026,28,Regulation of Sodium Ion Transport (GO:0002028),0.0027507935554289212,28.38034188034188,167.32668831405715,NEDD4L;PRSS8,2,0.04774591671208771,0,0,1.3210637638757459,38
whole_ckd_down_traditional,Whole Dataset CKD Down Traditional,Reactome,Reactome_Pathways_2024,1,Aerobic Respiration and Respiratory Electron Transport,2.6805859809312747e-33,20.686353019686354,1551.4614302282303,NDUFB9;ISCA1;COX7B;NDUFB7;UQCRB;NDUFB6;MRPS36;NDUFA12;COX17;NDUFB3;NDUFB1;COX7A2;COX5B;COX7C;COX5A;COX7A1;UQCRH;MT-ND1;MPC1;UBC;PDK4;CYC1;COX8A;HSPA9;NDUFA8;NDUFA6;GOT1;IDH2;NDUFA1;COX6C;COX6B1;NDUFS6;NDUFAF4;NDUFAB1;CYCS;ACO2;MT-CYB;SLC25A4,38,2.056009447374288e-30,0,0,29.686974894086735,200
whole_ckd_down_traditional,Whole Dataset CKD Down Traditional,MSigDB Hallmark,MSigDB_Hallmark_2020,1,Oxidative Phosphorylation,2.2175352805757028e-29,22.258503401360546,1468.5842548483754,ISCA1;COX7B;SLC25A3;NDUFB7;UQCRB;NDUFB6;COX17;NDUFB3;NDUFB1;COX7A2;MRPL15;COX5B;COX7C;COX5A;UQCRH;MPC1;PDK4;CYC1;COX8A;HSPA9;NDUFA8;NDUFA6;IDH2;NDUFA1;COX6C;COX6B1;NDUFS6;NDUFAB1;CYCS;ACO2;SLC25A5;SLC25A4,32,8.87014112230281e-28,0,0,27.05206947056852,200
whole_ckd_down_traditional,Whole Dataset CKD Down Traditional,Reactome,Reactome_Pathways_2024,2,Respiratory Electron Transport,6.468696291980592e-30,27.121323529411764,1822.8398360174199,NDUFB9;COX7B;NDUFB7;UQCRB;NDUFB6;NDUFA12;COX17;NDUFB3;NDUFB1;COX7A2;COX5B;COX7A1;COX7C;COX5A;UQCRH;MT-ND1;CYC1;HSPA9;COX8A;NDUFA8;NDUFA6;GOT1;NDUFA1;COX6C;COX6B1;NDUFS6;NDUFAF4;NDUFAB1;CYCS;MT-CYB,30,2.480745027974557e-27,0,0,26.60541787040497,200
whole_ckd_down_traditional,Whole Dataset CKD Down Traditional,MSigDB Hallmark,MSigDB_Hallmark_2020,2,TNF-alpha Signaling via NF-kB,4.888253113827215e-28,21.30741220545499,1339.9282844918898,BTG2;CDKN1A;CEBPB;CEBPD;ZFP36;NFIL3;IER3;MCL1;KLF10;EGR1;JUN;GADD45B;GADD45A;TIPARP;DUSP1;FOS;FOSL2;EIF1;RHOB;NFKBIA;PER1;NR4A1;RCAN1;KLF6;NR4A3;ID2;MAFF;BHLHE40;KLF9;SGK1;ATF3,31,9.77650622765443e-27,0,0,26.009816318743823,200
whole_ckd_down_traditional,Whole Dataset CKD Down Traditional,WikiPathways,WikiPathways_2024_Human,1,Electron Transport Chain OXPHOS System In Mitochondria WP111,1.04759292692826e-27,35.214285714285715,2187.627721246329,NDUFB9;COX7B;NDUFB7;UQCRB;NDUFB6;NDUFA12;COX17;NDUFB3;NDUFB1;COX7A2;COX5B;COX7A1;COX7C;COX5A;UQCRH;COX8A;NDUFA8;NDUFA6;NDUFA1;COX6C;COX6B1;NDUFS6;NDUFAB1;SLC25A5;SLC25A4,25,3.855141971095997e-25,0,0,24.413959623805436,200
whole_ckd_down_traditional,Whole Dataset CKD Down Traditional,GO Biological Process,GO_Biological_Process_2026,1,Mitochondrial ATP Synthesis Coupled Electron Transport (GO:0042775),2.944381652222003e-28,48.414987741178976,3069.1463248042523,COX8A;NDUFB9;NDUFA8;COX7B;NDUFB7;NDUFA6;NDUFB6;UQCRB;NDUFA12;NDUFB3;NDUFA1;NDUFB1;COX7A2;COX5B;COX6C;COX7C;COX5A;UQCRH;COX6B1;NDUFS6;NDUFAB1;CYCS;CYC1,23,3.857139964410824e-25,0,0,24.413734601562165,200
whole_ckd_down_traditional,Whole Dataset CKD Down Traditional,GO Biological Process,GO_Biological_Process_2026,2,Cellular Respiration (GO:0045333),2.572951995537715e-27,37.89180537772087,2319.9160701074443,COX8A;NDUFB9;NDUFA8;COX7B;NDUFB7;NDUFA6;NDUFB6;UQCRB;NDUFA12;NDUFB3;NDUFA1;NDUFB1;COX7A2;COX5B;COX6C;COX7C;COX5A;UQCRH;COX6B1;NR4A3;NDUFS6;NDUFAB1;CYCS;CYC1,24,1.6852835570772033e-24,0,0,23.77332701650582,200
whole_ckd_down_traditional,Whole Dataset CKD Down Traditional,GO Biological Process,GO_Biological_Process_2026,3,Aerobic Electron Transport Chain (GO:0019646),1.3935197933673744e-26,45.19475655430712,2690.6869894664733,COX8A;NDUFB9;NDUFA8;COX7B;NDUFB7;NDUFA6;NDUFB6;UQCRB;NDUFB3;NDUFA1;NDUFB1;COX7A2;COX5B;COX6C;COX7C;COX5A;UQCRH;COX6B1;NDUFS6;NDUFAB1;CYCS;CYC1,22,6.0850364310375355e-24,0,0,23.215736817310464,200
whole_ckd_down_traditional,Whole Dataset CKD Down Traditional,WikiPathways,WikiPathways_2024_Human,2,Nonalcoholic Fatty Liver Disease WP4396,5.235191585005124e-26,24.176004733512357,1407.3289693802578,NDUFB9;COX7B;NDUFB7;UQCRB;NDUFB6;NDUFA12;NDUFB3;NDUFB1;COX7A2;COX5B;COX7A1;COX7C;COX5A;UQCRH;CYC1;COX8A;NDUFA8;JUN;NDUFA6;NDUFA1;COX6C;COX6B1;NDUFS6;DDIT3;NDUFAB1;CYCS;ATF4,27,9.632752516409429e-24,0,0,23.01624959741532,200
whole_ckd_down_traditional,Whole Dataset CKD Down Traditional,KEGG,KEGG_2026,1,NON-ALCOHOLIC FATTY LIVER DISEASE,5.235191585005124e-26,24.176004733512357,1407.3289693802578,NDUFB9;COX7B;NDUFB7;UQCRB;NDUFB6;NDUFA12;NDUFB3;NDUFB1;COX7A2;COX5B;COX7A1;COX7C;COX5A;UQCRH;COX8A;NDUFA8;JUN;NDUFA6;NDUFA1;FOS;COX6C;COX6B1;NDUFS6;DDIT3;NDUFAB1;CYCS;ATF4,27,1.0208623590759992e-23,0,0,22.99103280906234,200
whole_ckd_down_traditional,Whole Dataset CKD Down Traditional,KEGG,KEGG_2026,2,OXIDATIVE PHOSPHORYLATION,1.9075205221114293e-23,24.40909090909091,1276.9287093275684,COX8A;NDUFB9;NDUFA8;COX7B;NDUFB7;NDUFA6;UQCRB;NDUFB6;NDUFA12;COX17;NDUFB3;NDUFA1;NDUFB1;COX7A2;COX5B;COX6C;COX7A1;COX7C;COX5A;UQCRH;COX6B1;NDUFS6;NDUFAB1;CYCS,24,1.8598325090586434e-21,0,0,20.730526165280413,200
whole_ckd_down_traditional,Whole Dataset CKD Down Traditional,KEGG,KEGG_2026,3,CHEMICAL CARCINOGENESIS - REACTIVE OXYGEN SPECIES,7.620770802724858e-23,16.45192999280748,837.8734265260138,NDUFB9;COX7B;NDUFB7;UQCRB;NDUFB6;NDUFA12;NDUFB3;NDUFB1;COX7A2;COX5B;FOXO3;COX7C;COX5A;COX7A1;UQCRH;COX8A;NDUFA8;JUN;NDUFA6;NDUFA1;FOS;COX6C;COX6B1;NFKBIA;NDUFS6;NDUFAB1;SLC25A5;SLC25A4,28,4.953501021771158e-21,0,0,20.305087743088404,200
whole_ckd_down_traditional,Whole Dataset CKD Down Traditional,KEGG,KEGG_2026,4,PARKINSON DISEASE,5.877449058665898e-22,14.180386864597391,693.2188359869081,NDUFB9;COX7B;NDUFB7;UQCRB;NDUFB6;NDUFA12;NDUFB3;NDUFB1;COX7A2;COX5B;COX7C;COX5A;COX7A1;UQCRH;UBC;COX8A;NDUFA8;NDUFA6;NDUFA1;COX6C;COX6B1;PINK1;NDUFS6;DDIT3;NDUFAB1;CYCS;SLC25A5;SLC25A4;ATF4,29,2.8652564160996254e-20,0,0,19.54283650629202,200
whole_ckd_down_traditional,Whole Dataset CKD Down Traditional,KEGG,KEGG_2026,5,DIABETIC CARDIOMYOPATHY,1.9144355759110574e-21,16.565945840639003,790.2761952163222,NDUFB9;COX7B;NDUFB7;UQCRB;NDUFB6;NDUFA12;NDUFB3;NDUFB1;COX7A2;COX5B;COX7C;COX5A;COX7A1;UQCRH;MPC1;PDK4;COX8A;NDUFA8;NDUFA6;NDUFA1;COX6C;COX6B1;NDUFS6;NDUFAB1;SLC25A5;SLC25A4,26,7.466298746053124e-20,0,0,19.12689463680904,200
whole_ckd_down_traditional,Whole Dataset CKD Down Traditional,KEGG,KEGG_2026,6,PRION DISEASE,1.3842398884035115e-20,13.267441860465116,606.6743527317752,NDUFB9;COX7B;NDUFB7;UQCRB;NDUFB6;NDUFA12;NDUFB3;NDUFB1;COX7A2;COX5B;COX7C;COX5A;COX7A1;UQCRH;COX8A;EGR1;NDUFA8;NDUFA6;NDUFA1;COX6C;COX6B1;NDUFS6;DDIT3;NDUFAB1;CYCS;SLC25A5;SLC25A4;ATF4,28,4.498779637311413e-19,0,0,18.3469052792602,200
whole_ckd_down_traditional,Whole Dataset CKD Down Traditional,MSigDB Hallmark,MSigDB_Hallmark_2020,3,Hypoxia,5.206243618723061e-18,14.406109355549171,573.3152242717215,ERRFI1;JUN;CDKN1A;TIPARP;DUSP1;PGAM2;ADM;FOS;FOXO3;NDRG1;FOSL2;TPST2;MT2A;ZFP36;KLF6;NFIL3;DDIT3;DDIT4;BHLHE40;MAFF;ATF3;IER3;MT1E,23,6.941658158297416e-17,0,0,16.158536776953934,200
whole_ckd_down_traditional,Whole Dataset CKD Down Traditional,KEGG,KEGG_2026,7,THERMOGENESIS,8.386073694005758e-18,13.034368070953438,512.5108212356878,COX8A;NDUFB9;NDUFA8;COX7B;NDUFB7;NDUFA6;UQCRB;NDUFB6;NDUFA12;COX17;NDUFB3;NDUFA1;NDUFB1;COX7A2;COX6C;COX5B;COX7C;COX5A;COX7A1;UQCRH;COX6B1;NDUFS6;NDUFAF4;NDUFAB1,24,2.336120529044461e-16,0,0,15.63150475413303,200
whole_ckd_down_traditional,Whole Dataset CKD Down Traditional,KEGG,KEGG_2026,8,AMYOTROPHIC LATERAL SCLEROSIS,4.188424989475219e-17,9.48767581116836,357.79564209535556,NDUFB9;COX7B;NDUFB7;UQCRB;NDUFB6;NDUFA12;NDUFB3;NDUFB1;COX7A2;COX5B;COX7C;COX5A;COX7A1;UQCRH;MAP1LC3A;COX8A;NDUFA8;NDUFA6;NDUFA1;CHCHD10;COX6C;COX6B1;PINK1;NDUFS6;DDIT3;NDUFAB1;CYCS;ATF4,28,1.0209285911845846e-15,0,0,14.991004633563483,200
whole_ckd_down_traditional,Whole Dataset CKD Down Traditional,KEGG,KEGG_2026,9,HUNTINGTON DISEASE,5.051967706009486e-16,10.03186022610483,353.3380043772289,NDUFB9;COX7B;NDUFB7;UQCRB;NDUFB6;NDUFA12;NDUFB3;NDUFB1;COX7A2;COX5B;COX7C;COX5A;COX7A1;UQCRH;COX8A;NDUFA8;NDUFA6;NDUFA1;COX6C;COX6B1;NDUFS6;NDUFAB1;CYCS;SLC25A5;SLC25A4,25,1.031758143470068e-14,0,0,13.986422094633578,200
whole_ckd_down_traditional,Whole Dataset CKD Down Traditional,KEGG,KEGG_2026,10,PATHWAYS OF NEURODEGENERATION - MULTIPLE DISEASES,5.291067402410605e-16,7.782795122604851,273.76247614538335,NDUFB9;COX7B;NDUFB7;UQCRB;NDUFB6;NDUFA12;NDUFB3;NDUFB1;COX7A2;COX5B;COX7C;COX5A;COX7A1;UQCRH;MAP1LC3A;UBC;COX8A;NDUFA8;NDUFA6;NDUFA1;COX6C;COX6B1;PINK1;NDUFS6;DDIT3;NDUFAB1;CYCS;SLC25A5;SLC25A4;ATF4,30,1.031758143470068e-14,0,0,13.986422094633578,200
whole_ckd_down_traditional,Whole Dataset CKD Down Traditional,KEGG,KEGG_2026,11,ALZHEIMER DISEASE,1.2384869442751355e-15,8.622832369942197,295.9777378072113,NDUFB9;COX7B;NDUFB7;UQCRB;NDUFB6;NDUFA12;NDUFB3;NDUFB1;COX7A2;COX5B;COX7C;COX5A;COX7A1;UQCRH;COX8A;NDUFA8;NDUFA6;NDUFA1;COX6C;COX6B1;NDUFS6;DDIT3;NDUFAB1;CYCS;SLC25A5;SLC25A4;ATF4,27,2.1954995830331948e-14,0,0,13.658466641040304,200
whole_ckd_down_traditional,Whole Dataset CKD Down Traditional,GO Biological Process,GO_Biological_Process_2026,4,Energy Derivation by Oxidation of Organic Compounds (GO:0015980),2.668256387518348e-16,44.33275832327066,1589.769888021562,COX8A;COX7B;UQCRB;COX7A2;COX5B;COX6C;COX5A;COX7C;UQCRH;COX6B1;NR4A3;CYCS;CYC1,13,8.738539669122589e-14,0,0,13.058561137918435,200
whole_ckd_down_traditional,Whole Dataset CKD Down Traditional,GO Biological Process,GO_Biological_Process_2026,5,Oxidative Phosphorylation (GO:0006119),4.122924723882878e-16,28.083926031294453,994.8674261383461,NDUFB9;NDUFA8;NDUFB7;NDUFA6;NDUFB6;UQCRB;NDUFA12;NDUFB3;NDUFA1;NDUFB1;COX7A2;COX7A1;UQCRH;NDUFS6;NDUFAB1,15,1.0802062776573141e-13,0,0,12.966493303129619,200
whole_ckd_down_traditional,Whole Dataset CKD Down Traditional,GO Biological Process,GO_Biological_Process_2026,6,Aerobic Respiration (GO:0009060),5.794689296195947e-16,17.866619618913198,626.8399800508179,NDUFB9;NDUFA8;NDUFB7;NDUFA6;UQCRB;NDUFB6;NDUFA12;IDH2;PGAM2;NDUFB3;NDUFA1;NDUFB1;COX7A2;COX7A1;UQCRH;NDUFS6;NDUFAB1;ACO2,18,1.2651738296694486e-13,0,0,12.89784980011681,200
whole_ckd_down_traditional,Whole Dataset CKD Down Traditional,Reactome,Reactome_Pathways_2024,3,Complex I Biogenesis,4.848881206486995e-15,27.523297491039425,907.1686668464897,HSPA9;NDUFB9;NDUFA8;NDUFB7;NDUFA6;NDUFB6;NDUFA12;NDUFB3;NDUFA1;NDUFB1;MT-ND1;NDUFS6;NDUFAF4;NDUFAB1,14,1.239697295125175e-12,0,0,11.906684346374512,200
whole_ckd_down_traditional,Whole Dataset CKD Down Traditional,GO Biological Process,GO_Biological_Process_2026,7,"Mitochondrial Electron Transport, Cytochrome C to Oxygen (GO:0006123)",1.8925816885845434e-14,116.57591623036649,3683.5948788275136,COX8A;COX7B;CYCS;COX7A2;COX5B;COX6C;COX5A;COX7C;COX6B1,9,3.5418314457796454e-12,0,0,11.45077211053996,200
whole_ckd_down_traditional,Whole Dataset CKD Down Traditional,WikiPathways,WikiPathways_2024_Human,3,Mitochondrial Complex I Assembly Model OXPHOS System WP4324,2.7254481872677197e-13,28.659574468085108,829.1493843543134,NDUFB9;NDUFA8;NDUFB7;NDUFA6;NDUFB6;NDUFA12;NDUFS6;NDUFAF4;NDUFB3;NDUFAB1;NDUFA1;NDUFB1,12,3.343216443048403e-11,0,0,10.47583550585473,200
whole_ckd_down_traditional,Whole Dataset CKD Down Traditional,Reactome,Reactome_Pathways_2024,4,Cellular Responses to Stimuli,2.9383806664497893e-12,4.71745625266752,125.26338236958539,COX7B;CDKN1A;CEBPB;MT1M;ADM;COX7A2;COX5B;FOXO3;COX7C;COX5A;COX7A1;RPL7;HERPUD1;MT2A;CSRP1;GNG7;HSF1;UBC;SH3BP4;COX8A;HSPA9;JUN;FOS;COX6C;COX6B1;NFKBIA;DDIT3;RPL37A;ERF;CYCS;RPS20;ATF3;MT1E;ATF4;FKBP5,35,5.634344927917471e-10,0,0,9.249156569543036,200
whole_ckd_down_traditional,Whole Dataset CKD Down Traditional,GO Biological Process,GO_Biological_Process_2026,8,"Mitochondrial Electron Transport, NADH to Ubiquinone (GO:0006120)",8.886510963712234e-12,32.51315789473684,827.3456370485211,NDUFB9;NDUFA8;NDUFB7;NDUFA6;NDUFB6;NDUFS6;NDUFB3;NDUFAB1;NDUFA1;NDUFB1,10,1.4551661703078784e-09,0,0,8.837087410302043,200
whole_ckd_down_traditional,Whole Dataset CKD Down Traditional,WikiPathways,WikiPathways_2024_Human,4,Mitochondrial Complex IV Assembly WP4922,3.5269237343751586e-11,37.27225130890052,897.0689170493569,COX8A;COX7B;COX17;COX7A2;COX5B;COX6C;COX7C;COX5A;COX6B1,9,3.244769835625146e-09,0,0,8.488816103998618,200
whole_ckd_down_traditional,Whole Dataset CKD Down Traditional,GO Biological Process,GO_Biological_Process_2026,9,Proton Motive Force-Driven Mitochondrial ATP Synthesis (GO:0042776),2.96769899390792e-11,22.102971102971104,535.7903670148396,NDUFB9;NDUFA8;NDUFB7;NDUFA6;NDUFB6;NDUFA12;NDUFS6;NDUFB3;NDUFAB1;NDUFA1;NDUFB1,11,4.319650757799306e-09,0,0,8.364551364317457,200
whole_ckd_down_traditional,Whole Dataset CKD Down Traditional,Reactome,Reactome_Pathways_2024,5,Complex IV Assembly,3.750046766425251e-11,27.371191135734072,657.0910904767483,COX8A;COX7B;COX17;COX7A2;COX5B;COX6C;COX5A;COX7A1;COX7C;COX6B1,10,5.752571739696336e-09,0,0,8.240137956586311,200
whole_ckd_down_traditional,Whole Dataset CKD Down Traditional,KEGG,KEGG_2026,12,CARDIAC MUSCLE CONTRACTION,6.537923424098397e-10,15.947089947089948,337.25274730743286,COX8A;COX7B;UQCRB;COX7A2;COX5B;COX6C;COX7C;COX7A1;COX5A;UQCRH;COX6B1,11,1.0624125564159895e-08,0,0,7.97370680511654,200
whole_ckd_down_traditional,Whole Dataset CKD Down Traditional,GO Biological Process,GO_Biological_Process_2026,10,Proton Motive Force-Driven ATP Synthesis (GO:0015986),9.812636393194685e-11,19.473679490628644,448.7663683253984,NDUFB9;NDUFA8;NDUFB7;NDUFA6;NDUFB6;NDUFA12;NDUFS6;NDUFB3;NDUFAB1;NDUFA1;NDUFB1,11,1.2854553675085037e-08,0,0,7.89094299796416,200
whole_ckd_down_traditional,Whole Dataset CKD Down Traditional,Reactome,Reactome_Pathways_2024,6,Transcriptional Regulation by TP53,1.0509238664362548e-10,6.694719769327807,153.8190950377759,COX8A;JUN;BTG2;COX7B;CDKN1A;GADD45A;USP2;COX7A2;FOS;COX6C;COX5B;COX7C;COX5A;NDRG1;COX7A1;COX6B1;RGCC;UBC;DDIT4;CYCS;SGK1,21,1.3434310092610123e-08,0,0,7.871784631476124,200
whole_ckd_down_traditional,Whole Dataset CKD Down Traditional,Reactome,Reactome_Pathways_2024,7,Cytoprotection by HMOX1,3.274774919016314e-10,21.214822771213747,463.323281373675,COX8A;COX7B;CYCS;COX7A2;COX5B;COX6C;COX7C;COX5A;COX7A1;COX6B1,10,3.588217661265018e-08,0,0,7.445121220527835,200
whole_ckd_down_traditional,Whole Dataset CKD Down Traditional,MSigDB Hallmark,MSigDB_Hallmark_2020,4,Apoptosis,8.834399129086195e-09,9.230958230958231,171.18454564710808,JUN;CDKN1A;BTG2;GADD45B;GADD45A;NEDD9;PLAT;RHOB;DDIT3;TIMP3;ATF3;IER3;MCL1,13,8.834399129086195e-08,0,0,7.0538229836553965,200
whole_ckd_down_traditional,Whole Dataset CKD Down Traditional,Reactome,Reactome_Pathways_2024,8,TP53 Regulates Metabolic Genes,9.653778493980058e-10,15.306878306878307,317.7478568668387,COX8A;COX7B;DDIT4;CYCS;COX7A2;COX5B;COX6C;COX7C;COX5A;COX7A1;COX6B1,11,9.255560131103381e-08,0,0,7.033597293336113,200
whole_ckd_down_traditional,Whole Dataset CKD Down Traditional,MSigDB Hallmark,MSigDB_Hallmark_2020,5,Adipogenesis,1.4671284327189212e-08,7.93721817551162,143.16657037615133,COX8A;PPP1R15B;COX7B;NDUFB7;GADD45A;CHCHD10;MRPL15;TOB1;NDUFAB1;UBC;SNCG;PIM3;CYC1;ACO2,14,9.780856218126142e-08,0,0,7.0096231253216965,200
whole_ckd_down_traditional,Whole Dataset CKD Down Traditional,MSigDB Hallmark,MSigDB_Hallmark_2020,6,p53 Pathway,1.4671284327189212e-08,7.93721817551162,143.16657037615133,JUN;CDKN1A;BTG2;GADD45A;ZBTB16;SLC3A2;FOS;FOXO3;NDRG1;TOB1;DDIT3;DDIT4;ATF3;IER3,14,9.780856218126142e-08,0,0,7.0096231253216965,200
whole_ckd_down_traditional,Whole Dataset CKD Down Traditional,Reactome,Reactome_Pathways_2024,9,Metabolism,4.588660100230427e-09,2.8394933358540504,54.517357085988195,ISCA1;COX7B;NDUFA12;COX7C;MT-ND1;RPL7;GUK1;MPC1;PDK4;NUDT16;GLUL;COX8A;ARG2;PGAM2;COX6B1;TPST2;NDUFS6;RPL37A;SLC25A4;IDI1;NDUFB9;NDUFB7;UQCRB;NDUFB6;MRPS36;COX17;NDUFB3;NDUFB1;COX7A2;SLC3A2;COX5B;COX5A;COX7A1;UQCRH;GNG7;UBC;CKB;CYC1;HSPA9;NDUFA8;NDUFA6;GOT1;IDH2;NDUFA1;COX6C;NDUFAF4;NDUFAB1;CYCS;RPS20;ACO2;MT-CYB,51,3.9105581076408196e-07,0,0,6.4077612564732735,200
whole_ckd_down_traditional,Whole Dataset CKD Down Traditional,KEGG,KEGG_2026,13,RETROGRADE ENDOCANNABINOID SIGNALING,2.7431923811106305e-08,9.36773578913941,163.10687876052597,NDUFB9;NDUFA8;NDUFB7;NDUFA6;NDUFB6;NDUFA12;NDUFS6;GNG7;NDUFB3;NDUFAB1;NDUFA1;NDUFB1,12,4.1147885716659456e-07,0,0,6.385652475036835,200
whole_ckd_down_traditional,Whole Dataset CKD Down Traditional,Reactome,Reactome_Pathways_2024,10,Cellular Responses to Stress,5.593181599802563e-09,4.0839231547017185,77.60155429180377,COX7B;CDKN1A;CEBPB;COX7A2;COX5B;FOXO3;COX7C;COX5A;COX7A1;RPL7;HERPUD1;HSF1;UBC;SH3BP4;COX8A;HSPA9;JUN;FOS;COX6C;COX6B1;DDIT3;RPL37A;ERF;CYCS;RPS20;ATF3;ATF4;FKBP5,28,4.2899702870485657e-07,0,0,6.367545715790925,200
whole_ckd_down_traditional,Whole Dataset CKD Down Traditional,Reactome,Reactome_Pathways_2024,11,Mitochondrial Protein Degradation,4.717380820060266e-08,11.925589836660617,201.17786729334037,HSPA9;CHCHD2;ARG2;NDUFB6;IDH2;ACO2;SLC25A5;COX5B;COX5A;MT-ND1,10,3.2893009899874766e-06,0,0,5.482896384252296,200
whole_ckd_down_traditional,Whole Dataset CKD Down Traditional,Reactome,Reactome_Pathways_2024,12,Cellular Response to Chemical Stress,1.307797664278816e-07,7.213394448688566,114.33050660366048,COX8A;COX7B;CDKN1A;COX7A2;COX6C;COX5B;COX7C;COX5A;COX7A1;COX6B1;UBC;CYCS;ATF4,13,8.359006737515432e-06,0,0,5.077845324719343,200
whole_ckd_down_traditional,Whole Dataset CKD Down Traditional,WikiPathways,WikiPathways_2024_Human,5,Circadian Rhythm Genes WP3594,1.2343476051816054e-07,7.252133348503811,115.36369615096949,KLF10;EGR1;JUN;JUND;USP2;CREM;PER1;NFIL3;ID2;BHLHE40;UBC;KLF9;ATF4,13,8.737579155446043e-06,0,0,5.058608876869413,200
whole_ckd_down_traditional,Whole Dataset CKD Down Traditional,WikiPathways,WikiPathways_2024_Human,6,Oxidative Phosphorylation WP623,1.424605297083594e-07,15.823717948717949,249.44826809728175,NDUFB9;NDUFA8;NDUFB7;NDUFA6;NDUFB6;NDUFS6;NDUFAB1;NDUFB1,8,8.737579155446043e-06,0,0,5.058608876869413,200
whole_ckd_down_traditional,Whole Dataset CKD Down Traditional,GO Biological Process,GO_Biological_Process_2026,11,Negative Regulation of Transcription by RNA Polymerase II (GO:0000122),1.308567150718274e-07,3.663230240549828,58.059132787640486,CEBPB;CREM;FOXO3;ZFP36;NFIL3;HSF1;HES4;KLF10;JUN;JUND;GADD45A;CNBP;ZBTB16;USP2;NR0B2;NFKBIA;EID1;PER1;NR4A3;ID2;DDIT3;BHLHE40;MAFF;ERF;ATF3;ATF4,26,1.558384515855399e-05,0,0,4.807325375604041,200
whole_ckd_down_traditional,Whole Dataset CKD Down Traditional,KEGG,KEGG_2026,14,APOPTOSIS,1.1380002524628792e-06,8.218045112781954,112.47412131165886,NFKBIA;JUN;GADD45B;GADD45A;DDIT3;CYCS;FOS;ATF4;MCL1;GADD45G,10,1.5850717802161533e-05,0,0,4.799951065909371,200
whole_ckd_down_traditional,Whole Dataset CKD Down Traditional,Reactome,Reactome_Pathways_2024,13,Mitochondrial Protein Import,2.692835556907643e-07,14.432017543859649,218.32035841464221,DNAJC19;HSPA9;CHCHD2;COX17;CHCHD10;CYC1;ACO2;SLC25A4,8,1.5887729785755094e-05,0,0,4.798938155149893,200
whole_ckd_down_traditional,Whole Dataset CKD Down Traditional,WikiPathways,WikiPathways_2024_Human,7,VEGFA VEGFR2 Signaling WP3888,3.493643257805904e-07,4.654112877413849,69.19339680580354,EGR1;JUN;FLT1;IDH2;PXN;FOXO3;NDRG1;APOLD1;RPL7;HERPUD1;NFKBIA;RCAN1;NR4A1;NR4A3;CSRP1;CYCS;SLC25A25;ATF4,18,1.8366581698179608e-05,0,0,4.735971665020169,200
whole_ckd_down_traditional,Whole Dataset CKD Down Traditional,MSigDB Hallmark,MSigDB_Hallmark_2020,7,IL-2/STAT5 Signaling,5.422894003133796e-06,6.071484858718901,73.61603101727053,SOCS2;GABARAPL1;KLF6;GADD45B;NFIL3;CISH;BHLHE40;MAFF;NDRG1;DHRS3;RHOB,11,2.8444984274624757e-05,0,0,4.545994301989216,200
whole_ckd_down_traditional,Whole Dataset CKD Down Traditional,MSigDB Hallmark,MSigDB_Hallmark_2020,8,Estrogen Response Late,5.688996854924951e-06,6.039052658100277,72.93349778920441,ZFP36;CISH;ID2;IDH2;FOS;CKB;SGK1;COX6C;TOB1;SERPINA5;FKBP5,11,2.8444984274624757e-05,0,0,4.545994301989216,200
whole_ckd_down_traditional,Whole Dataset CKD Down Traditional,Reactome,Reactome_Pathways_2024,14,Generic Transcription Pathway,6.132538704514005e-07,2.957627792352333,42.30734784057317,ZNF331;BTG2;COX7B;CDKN1A;CEBPB;COX7A2;COX5B;FOXO3;COX7C;COX5A;NDRG1;COX7A1;CTGF;UBC;COX8A;JUN;GADD45A;USP2;FOS;COX6C;NR0B2;COX6B1;NR4A1;PINK1;NR4A3;RGCC;DDIT3;DDIT4;CYCS;SGK1;PVALB;FKBP5,32,3.3597551331158865e-05,0,0,4.473692373863665,200
whole_ckd_down_traditional,Whole Dataset CKD Down Traditional,KEGG,KEGG_2026,15,TRANSCRIPTIONAL MISREGULATION IN CANCER,3.30354329025346e-06,6.415849236073955,80.97132114437252,CEBPB;NR4A3;FLT1;GADD45B;GADD45A;DDIT3;ZBTB16;ID2;PLAT;DUSP6;GADD45G,11,4.294606277329498e-05,0,0,4.367076645434852,200
whole_ckd_down_traditional,Whole Dataset CKD Down Traditional,WikiPathways,WikiPathways_2024_Human,8,Macrophage Stimulating Protein MSP Signaling WP5353,1.390951229688514e-06,9.37696335078534,126.4532521894288,EGR1;NR4A1;JUN;FLT1;DUSP1;FOS;NDRG1;NR0B2;DUSP6,9,6.14627227012591e-05,0,0,4.211388205095881,200
whole_ckd_down_traditional,Whole Dataset CKD Down Traditional,WikiPathways,WikiPathways_2024_Human,9,5Q35 Copy Number Variation WP5380,1.503164413889489e-06,9.282722513089006,124.46216850870448,COX8A;JUN;COX7B;COX5B;COX6C;COX7A1;COX7C;COX5A;COX6B1,9,6.14627227012591e-05,0,0,4.211388205095881,200
whole_ckd_down_traditional,Whole Dataset CKD Down Traditional,Reactome,Reactome_Pathways_2024,15,RNA Polymerase II Transcription,1.865348905908574e-06,2.7508314193015626,36.28913984932825,ZNF331;BTG2;COX7B;CDKN1A;CEBPB;COX7A2;COX5B;FOXO3;COX7C;COX5A;NDRG1;COX7A1;CTGF;UBC;COX8A;JUN;GADD45A;USP2;FOS;COX6C;NR0B2;ELL2;COX6B1;NR4A1;PINK1;NR4A3;RGCC;DDIT3;DDIT4;CYCS;SGK1;PVALB;FKBP5,33,9.538150738879175e-05,0,0,4.020535818351498,200
whole_ckd_down_traditional,Whole Dataset CKD Down Traditional,KEGG,KEGG_2026,16,MITOPHAGY - ANIMAL,7.93180929262405e-06,8.829301075268818,103.69686890512851,GABARAPL2;GABARAPL1;JUN;PINK1;MAP1LC3A;UBC;FOXO3;ATF4,8,9.66689257538556e-05,0,0,4.0147131075348135,200
whole_ckd_down_traditional,Whole Dataset CKD Down Traditional,MSigDB Hallmark,MSigDB_Hallmark_2020,9,Estrogen Response Early,3.4600949670423796e-05,5.43213296398892,55.79685681599258,KLF10;CISH;TIPARP;BHLHE40;RHOBTB3;SH3BP5;FOS;TOB1;DHRS3;FKBP5,10,0.00013840379868169518,0,0,3.8588519899091835,200
whole_ckd_down_traditional,Whole Dataset CKD Down Traditional,MSigDB Hallmark,MSigDB_Hallmark_2020,10,mTORC1 Signaling,3.4600949670423796e-05,5.43213296398892,55.79685681599258,HSPA9;IDI1;CDKN1A;BTG2;NFIL3;IGFBP5;GOT1;DDIT3;DDIT4;BHLHE40,10,0.00013840379868169518,0,0,3.8588519899091835,200
whole_ckd_down_traditional,Whole Dataset CKD Down Traditional,Reactome,Reactome_Pathways_2024,16,Complex III Assembly,4.294348465832447e-06,25.358974358974358,313.3915485176811,HSPA9;UQCRB;CYC1;MT-CYB;UQCRH,5,0.0002058603295808429,0,0,3.68642733625742,200
whole_ckd_down_traditional,Whole Dataset CKD Down Traditional,GO Biological Process,GO_Biological_Process_2026,12,Integrated Stress Response Signaling (GO:0140467),1.9615864357948024e-06,19.105670103092784,251.0820739334879,CEBPB;JUN;CEBPD;DDIT3;FOS;ATF4,6,0.00021413985257426592,0,0,3.6693025006529667,200
whole_ckd_down_traditional,Whole Dataset CKD Down Traditional,WikiPathways,WikiPathways_2024_Human,10,Transcriptional Cascade Regulating Adipogenesis WP4211,6.464958568914984e-06,44.87755102040816,536.2469711319385,CEBPB;CEBPD;DDIT3;KLF15,4,0.0002308429982703869,0,0,3.6366832935566342,200
whole_ckd_down_traditional,Whole Dataset CKD Down Traditional,WikiPathways,WikiPathways_2024_Human,11,Adipogenesis WP236,6.900198317864827e-06,7.600291820444597,90.3215670610236,CDKN1A;CEBPB;KLF6;GADD45B;CEBPD;EPAS1;GADD45A;DDIT3;KLF15,9,0.0002308429982703869,0,0,3.6366832935566342,200
whole_ckd_down_traditional,Whole Dataset CKD Down Traditional,WikiPathways,WikiPathways_2024_Human,12,Exercise Induced Circadian Regulation WP410,8.024310163207819e-06,14.549337260677467,170.70788117651412,IDI1;PER1;CEBPB;KLF9;TOB1;HERPUD1,6,0.00023760827690990125,0,0,3.624138435097878,200
whole_ckd_down_traditional,Whole Dataset CKD Down Traditional,WikiPathways,WikiPathways_2024_Human,13,Chromosomal And Microsatellite Instability In Colorectal Cancer WP4216,8.393770651708468e-06,10.844559585492227,126.75143709449718,CDKN1A;JUN;GADD45B;GADD45A;CYCS;FOS;GADD45G,7,0.00023760827690990125,0,0,3.624138435097878,200
whole_ckd_down_traditional,Whole Dataset CKD Down Traditional,WikiPathways,WikiPathways_2024_Human,14,Osteoarthritic Chondrocyte Hypertrophy WP5373,1.0219798089852524e-05,13.88659793814433,159.57344828850043,CEBPB;JUN;JUND;EPAS1;FOS;FOSL2,6,0.00026863469264755207,0,0,3.5708379013752145,200
whole_ckd_down_traditional,Whole Dataset CKD Down Traditional,Reactome,Reactome_Pathways_2024,17,Protein Localization,6.163295962389625e-06,6.714285714285714,80.55060666286685,DNAJC19;HSPA9;CHCHD2;COX17;UBC;CHCHD10;CYC1;ACO2;EMD;SLC25A4,10,0.0002780734119501672,0,0,3.555840534312201,200
whole_ckd_down_traditional,Whole Dataset CKD Down Traditional,Reactome,Reactome_Pathways_2024,18,ATF4 Activates Genes in Response to Endoplasmic Reticulum Stress,7.75242440134287e-06,22.0479375696767,259.44921421372527,CEBPB;DDIT3;ATF3;HERPUD1;ATF4,5,0.0003303394175461101,0,0,3.481039601296843,200
whole_ckd_down_traditional,Whole Dataset CKD Down Traditional,Reactome,Reactome_Pathways_2024,19,Response to Metal Ions,8.98018633910456e-06,40.38775510204081,469.32550127312595,MT2A;CSRP1;MT1M;MT1E,4,0.0003625159432680631,0,0,3.440672888621036,200
whole_ckd_down_traditional,Whole Dataset CKD Down Traditional,GO Biological Process,GO_Biological_Process_2026,13,Positive Regulation of Transcription by RNA Polymerase II (GO:0045944),3.673250309240644e-06,2.9590247995524894,37.03051950791839,CSRNP1;ZNF593;CEBPB;BEX1;EPAS1;FOXO3;CHCHD2;HSF1;KLF10;EGR1;JUN;JUND;CNBP;FOS;ELL2;KLF15;FOSL2;NFKBIA;PER1;NR4A1;KLF6;NR4A3;RGCC;DDIT3;MAFF;ATF3;ATF4,27,0.0003701506080850187,0,0,3.4316215328203414,200
whole_ckd_down_traditional,Whole Dataset CKD Down Traditional,Reactome,Reactome_Pathways_2024,20,Response of EIF2AK1 (HRI) to Heme Deficiency,1.2150001455530943e-05,36.714285714285715,415.53894085341443,CEBPB;DDIT3;ATF3;ATF4,4,0.0004659525558196117,0,0,3.3316583017535897,200
whole_ckd_down_traditional,Whole Dataset CKD Down Traditional,WikiPathways,WikiPathways_2024_Human,15,Oncostatin M Signaling WP2374,1.986743975303061e-05,12.216494845360824,132.26100624841683,NFKBIA;EGR1;CEBPB;JUND;PXN;FOS,6,0.00047395573066055113,0,0,3.3242622212535546,200
whole_ckd_down_traditional,Whole Dataset CKD Down Traditional,WikiPathways,WikiPathways_2024_Human,16,Gastrin Signaling WP4659,2.0606770898284833e-05,7.668613707165109,82.7435048848588,NFKBIA;EGR1;JUN;CDKN1A;PXN;FOS;FOXO3;RHOB,8,0.00047395573066055113,0,0,3.3242622212535546,200
whole_ckd_down_traditional,Whole Dataset CKD Down Traditional,KEGG,KEGG_2026,17,MAPK SIGNALING PATHWAY,4.557321897421635e-05,4.3862750973928675,43.84604065700696,NR4A1;JUN;JUND;FLT1;GADD45B;GADD45A;DDIT3;FOS;DUSP8;DUSP6;GADD45G;ATF4,12,0.0005227516294101287,0,0,3.281704604817847,200
whole_ckd_down_traditional,Whole Dataset CKD Down Traditional,GO Biological Process,GO_Biological_Process_2026,14,Positive Regulation of DNA-templated Transcription (GO:0045893),6.058809877160771e-06,2.669633768249999,32.07297252889002,CSRNP1;ZNF593;CEBPB;BEX1;EPAS1;FOXO3;CHCHD2;NFIL3;TP53INP2;HSF1;KLF10;EGR1;JUN;JUND;CNBP;ZBTB16;FOS;NR0B2;KLF15;FOSL2;NFKBIA;PER1;NR4A1;KLF6;NR4A3;RGCC;ID2;DDIT3;MAFF;ATF3;ATF4,31,0.000564606381685242,0,0,3.2482542173775113,200
whole_ckd_down_traditional,Whole Dataset CKD Down Traditional,GO Biological Process,GO_Biological_Process_2026,15,"Mitochondrial Electron Transport, Ubiquinol to Cytochrome C (GO:0006122)",6.464958568914984e-06,44.87755102040816,536.2469711319385,UQCRB;CYCS;CYC1;UQCRH,4,0.000564606381685242,0,0,3.2482542173775113,200
whole_ckd_down_traditional,Whole Dataset CKD Down Traditional,WikiPathways,WikiPathways_2024_Human,17,Spinal Cord Injury WP2431,2.6408386238921118e-05,7.3907657657657655,77.91218842123995,EGR1;NR4A1;ZFP36;BTG2;GADD45A;FOS;FOXO3;RHOB,8,0.0005716638903484102,0,0,3.2428592395116485,200
whole_ckd_down_traditional,Whole Dataset CKD Down Traditional,WikiPathways,WikiPathways_2024_Human,18,Myometrial Relaxation And Contraction Pathways WP289,2.8077395078240487e-05,6.299711507639705,66.02441467378554,JUN;RGS3;IGFBP5;GNG7;MAFF;ADM;FOS;ATF3;ATF4,9,0.0005740267438218055,0,0,3.2410678734144525,200
whole_ckd_down_traditional,Whole Dataset CKD Down Traditional,Reactome,Reactome_Pathways_2024,21,PERK Regulates Gene Expression,1.7976601477623105e-05,18.106227106227106,197.83659620108142,CEBPB;DDIT3;ATF3;HERPUD1;ATF4,5,0.0006565739682541391,0,0,3.182716340107588,200
whole_ckd_down_traditional,Whole Dataset CKD Down Traditional,MSigDB Hallmark,MSigDB_Hallmark_2020,11,Xenobiotic Metabolism,0.00019001668226546373,4.837614100490667,41.45060631295679,MT2A;GABARAPL1;ARG2;PINK1;SERTAD1;ID2;PDK4;ACO2;NDRG2,9,0.0006909697536925954,0,0,3.1605409628890446,200
whole_ckd_down_traditional,Whole Dataset CKD Down Traditional,WikiPathways,WikiPathways_2024_Human,19,Endometrial Cancer WP4155,3.923224930218151e-05,10.712425393380357,108.68839083893262,CDKN1A;GADD45B;GADD45A;FOS;FOXO3;GADD45G,6,0.000759866723326463,0,0,3.1192625740345092,200
whole_ckd_down_traditional,Whole Dataset CKD Down Traditional,GO Biological Process,GO_Biological_Process_2026,16,Negative Regulation of DNA-templated Transcription (GO:0045892),9.594831723248962e-06,2.795385660102357,32.29868530381422,CEBPB;CREM;FOXO3;ZFP36;NFIL3;HSF1;HES4;KLF10;JUN;JUND;GADD45A;CNBP;ZBTB16;USP2;NR0B2;NFKBIA;EID1;PER1;NR4A3;ID2;DDIT3;BHLHE40;MAFF;ERF;GAS6;ATF3;ATF4,27,0.0007855768473410087,0,0,3.104811324635837,200
whole_ckd_down_traditional,Whole Dataset CKD Down Traditional,Reactome,Reactome_Pathways_2024,22,Gene Expression (Transcription),2.6671097458765365e-05,2.360279828993393,24.858302107084707,ZNF331;BTG2;COX7B;CDKN1A;CEBPB;COX7A2;COX5B;FOXO3;COX7C;COX5A;NDRG1;COX7A1;CTGF;UBC;PDK4;COX8A;JUN;GADD45A;USP2;FOS;COX6C;NR0B2;ELL2;COX6B1;NR4A1;PINK1;NR4A3;RGCC;DDIT3;DDIT4;CYCS;SGK1;PVALB;FKBP5,34,0.0009298514432215017,0,0,3.031586430524188,200
whole_ckd_down_traditional,Whole Dataset CKD Down Traditional,WikiPathways,WikiPathways_2024_Human,20,TGF Beta Signaling Pathway WP366,5.5521084938358856e-05,6.611559139784946,64.78499991808222,KLF10;JUN;CDKN1A;KLF6;JUND;NEDD9;FOS;ATF3,8,0.001021587962865803,0,0,2.9907242329057198,200
whole_ckd_down_traditional,Whole Dataset CKD Down Traditional,Reactome,Reactome_Pathways_2024,23,Nuclear Events (Kinase and Transcription Factor Activation),3.2596478724807664e-05,11.103092783505154,114.70945231270328,EGR1;JUND;ID2;FOS;SGK1;DUSP6,6,0.0010870217035620644,0,0,2.9637617846688626,200
whole_ckd_down_traditional,Whole Dataset CKD Down Traditional,Reactome,Reactome_Pathways_2024,24,NGF-stimulated Transcription,4.153860365388976e-05,14.906485671191554,150.38985478925275,EGR1;JUND;ID2;FOS;SGK1,5,0.0013275045417722269,0,0,2.876963984398477,200
whole_ckd_down_traditional,Whole Dataset CKD Down Traditional,WikiPathways,WikiPathways_2024_Human,21,Non Small Cell Lung Cancer WP4255,8.373603081935455e-05,9.24742268041237,86.81333560855745,CDKN1A;GADD45B;GADD45A;CYCS;FOXO3;GADD45G,6,0.0014673742543582133,0,0,2.8334591050569715,200
whole_ckd_down_traditional,Whole Dataset CKD Down Traditional,GO Biological Process,GO_Biological_Process_2026,17,Response to Cadmium Ion (GO:0046686),2.0854898756677612e-05,31.062794348508636,334.7923648041761,MT2A;MT1M;HSF1;MT1E,4,0.001607053963014569,0,0,2.793969539885084,200
whole_ckd_down_traditional,Whole Dataset CKD Down Traditional,WikiPathways,WikiPathways_2024_Human,22,Prolactin Signaling WP2037,9.765585329499879e-05,8.974530018192844,82.87135728306936,SOCS2;NFKBIA;JUN;CISH;PXN;FOS,6,0.0016335160914799796,0,0,2.7868765830088438,200
whole_ckd_down_traditional,Whole Dataset CKD Down Traditional,KEGG,KEGG_2026,18,KAPOSI SARCOMA-ASSOCIATED HERPESVIRUS INFECTION,0.00015715355752671966,4.968924168214828,43.51926472757424,NFKBIA;RCAN1;JUN;ZFP36;MAP1LC3A;GNG7;UBC;CYCS;FOS,9,0.0017024968732061298,0,0,2.768913677036658,200
whole_ckd_down_traditional,Whole Dataset CKD Down Traditional,GO Biological Process,GO_Biological_Process_2026,18,Cellular Response to Cadmium Ion (GO:0071276),2.6604042942935772e-05,28.842565597667637,303.8404891137544,MT2A;MT1M;HSF1;MT1E,4,0.0019214318815236806,0,0,2.7163750075060444,200
whole_ckd_down_traditional,Whole Dataset CKD Down Traditional,GO Biological Process,GO_Biological_Process_2026,19,Regulation of p38MAPK Cascade (GO:1900744),2.7868095991564833e-05,16.351530190239867,171.49530707153963,PER1;GADD45B;DUSP1;GADD45A;GADD45G,5,0.0019214318815236806,0,0,2.7163750075060444,200
whole_ckd_down_traditional,Whole Dataset CKD Down Traditional,Reactome,Reactome_Pathways_2024,25,Circadian Clock,7.144403293220934e-05,9.537371134020619,91.04943074916847,PER1;NFIL3;UBC;BHLHE40;CREM;KLF15,6,0.0021919029303601825,0,0,2.659178682734378,200
whole_ckd_down_traditional,Whole Dataset CKD Down Traditional,KEGG,KEGG_2026,19,COLORECTAL CANCER,0.00022444824543942863,7.623711340206185,64.05339660451205,JUN;GADD45B;GADD45A;CYCS;FOS;GADD45G,6,0.0023035477821415043,0,0,2.6376027748134443,200
whole_ckd_down_traditional,Whole Dataset CKD Down Traditional,WikiPathways,WikiPathways_2024_Human,23,Copper Homeostasis WP3286,0.00015378766910572388,11.011148272017838,96.67719560223861,MT2A;JUN;COX17;FOXO3;MT1E,5,0.002460602705691582,0,0,2.6089585027761295,200
whole_ckd_down_traditional,Whole Dataset CKD Down Traditional,GO Biological Process,GO_Biological_Process_2026,20,Cellular Response to Copper Ion (GO:0071280),4.146798801190002e-05,25.23469387755102,254.6329194525256,MT2A;MT1M;HSF1;MT1E,4,0.002716153214779451,0,0,2.5660457356962127,200
whole_ckd_down_traditional,Whole Dataset CKD Down Traditional,MSigDB Hallmark,MSigDB_Hallmark_2020,12,Myogenesis,0.0009340556104345935,4.255208333333333,29.684225172013964,GABARAPL2;CDKN1A;GADD45B;PGAM2;BHLHE40;CKB;COX7A1;PVALB,8,0.0027589713622728712,0,0,2.559252807411867,200
whole_ckd_down_traditional,Whole Dataset CKD Down Traditional,MSigDB Hallmark,MSigDB_Hallmark_2020,13,Epithelial Mesenchymal Transition,0.0009340556104345935,4.255208333333333,29.684225172013964,JUN;GADD45B;GADD45A;ID2;MGP;TIMP3;FERMT2;RHOB,8,0.0027589713622728712,0,0,2.559252807411867,200
whole_ckd_down_traditional,Whole Dataset CKD Down Traditional,MSigDB Hallmark,MSigDB_Hallmark_2020,14,Unfolded Protein Response,0.000965639976795505,5.692166875421524,39.51911789521261,HSPA9;CEBPB;DDIT4;ATF3;ATF4;HERPUD1,6,0.0027589713622728712,0,0,2.559252807411867,200
whole_ckd_down_traditional,Whole Dataset CKD Down Traditional,Reactome,Reactome_Pathways_2024,26,Response of EIF2AK4 (GCN2) to Amino Acid Deficiency,9.511449100679848e-05,7.217616580310881,66.83822750435584,CEBPB;DDIT3;RPL37A;RPS20;ATF3;RPL7;ATF4,7,0.002805877484700555,0,0,2.5519312958451166,200
whole_ckd_down_traditional,Whole Dataset CKD Down Traditional,MSigDB Hallmark,MSigDB_Hallmark_2020,15,UV Response Up,0.0010764928571620567,4.719589609854854,32.25389663123081,NFKBIA;NR4A1;BTG2;FOS;SLC25A4;ATF3;RHOB,7,0.002870647619098818,0,0,2.5420201152267317,200
whole_ckd_down_traditional,Whole Dataset CKD Down Traditional,GO Biological Process,GO_Biological_Process_2026,21,Regulation of Vascular Associated Smooth Muscle Cell Proliferation (GO:1904705),4.7089537616019095e-05,14.47985347985348,144.26943679538044,CDKN1A;JUN;NR4A3;RGCC;IGFBP5,5,0.002937490203665953,0,0,2.5320235730609437,200
whole_ckd_down_traditional,Whole Dataset CKD Down Traditional,WikiPathways,WikiPathways_2024_Human,24,MAPK Signaling WP382,0.00019276798750342595,4.36306868867083,37.32179091476809,NR4A1;JUN;JUND;GADD45A;DUSP1;DDIT3;FOS;DUSP8;DUSP6;ATF4,10,0.0029557758083858647,0,0,2.529328509679554,200
whole_ckd_down_traditional,Whole Dataset CKD Down Traditional,GO Biological Process,GO_Biological_Process_2026,22,ADP Transport (GO:0015866),5.3162099096467675e-05,60.28934010152284,593.3776232841345,SLC25A5;SLC25A4;SLC25A25,3,0.003027928252885768,0,0,2.5188544197086107,200
whole_ckd_down_traditional,Whole Dataset CKD Down Traditional,GO Biological Process,GO_Biological_Process_2026,23,Locomotor Rhythm (GO:0045475),5.3162099096467675e-05,60.28934010152284,593.3776232841345,EGR1;ID2;USP2,3,0.003027928252885768,0,0,2.5188544197086107,200
whole_ckd_down_traditional,Whole Dataset CKD Down Traditional,KEGG,KEGG_2026,20,FOXO SIGNALING PATHWAY,0.0003371468635276646,5.802224188044989,46.38873553467045,GABARAPL2;GABARAPL1;GADD45B;GADD45A;FOXO3;SGK1;GADD45G,7,0.0032871819193947297,0,0,2.483176260505218,200
whole_ckd_down_traditional,Whole Dataset CKD Down Traditional,GO Biological Process,GO_Biological_Process_2026,24,Entrainment of Circadian Clock by Photoperiod (GO:0043153),7.4029424621569e-05,21.247046186895812,202.0816743097091,PER1;ID2;USP2;BHLHE40,4,0.0036940381896286554,0,0,2.4324986190584035,200
whole_ckd_down_traditional,Whole Dataset CKD Down Traditional,GO Biological Process,GO_Biological_Process_2026,25,Response to Copper Ion (GO:0046688),7.4029424621569e-05,21.247046186895812,202.0816743097091,MT2A;MT1M;HSF1;MT1E,4,0.0036940381896286554,0,0,2.4324986190584035,200
whole_ckd_down_traditional,Whole Dataset CKD Down Traditional,GO Biological Process,GO_Biological_Process_2026,26,Positive Regulation of Vascular Associated Smooth Muscle Cell Proliferation (GO:1904707),7.4029424621569e-05,21.247046186895812,202.0816743097091,JUN;NR4A3;RGCC;IGFBP5,4,0.0036940381896286554,0,0,2.4324986190584035,200
whole_ckd_down_traditional,Whole Dataset CKD Down Traditional,GO Biological Process,GO_Biological_Process_2026,27,Intracellular Signaling Cassette (GO:0141124),7.613666497707916e-05,3.8745230835235893,36.74202727080999,JUN;CEBPB;CEBPD;CREM;FOS;DUSP6;NFKBIA;RCAN1;ZFP36;RGCC;DDIT3;HSF1;ATF4,13,0.0036940381896286554,0,0,2.4324986190584035,200
whole_ckd_down_traditional,Whole Dataset CKD Down Traditional,WikiPathways,WikiPathways_2024_Human,25,Estrogen Receptor Pathway WP2881,0.00026165809515097364,30.13705583756345,248.5846578261998,JUN;PDK4;NR0B2,3,0.003703468423675319,0,0,2.4313913538561907,200
whole_ckd_down_traditional,Whole Dataset CKD Down Traditional,WikiPathways,WikiPathways_2024_Human,26,Neuroinflammation WP4919,0.00026165809515097364,30.13705583756345,248.5846578261998,NFKBIA;JUN;FOS,3,0.003703468423675319,0,0,2.4313913538561907,200
whole_ckd_down_traditional,Whole Dataset CKD Down Traditional,WikiPathways,WikiPathways_2024_Human,27,White Fat Cell Differentiation WP4149,0.0002802069439193893,14.411078717201166,117.88236655881762,CEBPB;CEBPD;DDIT3;KLF15,4,0.0038191168652716764,0,0,2.4180370519785885,200
whole_ckd_down_traditional,Whole Dataset CKD Down Traditional,WikiPathways,WikiPathways_2024_Human,28,Corticotropin Releasing Hormone Signaling WP2355,0.0003239702699296485,7.0896667465835534,56.96447128938902,NFKBIA;CRHBP;NR4A1;JUND;FOS;FOSL2,6,0.004257894976218237,0,0,2.370805054924798,200
whole_ckd_down_traditional,Whole Dataset CKD Down Traditional,WikiPathways,WikiPathways_2024_Human,29,Nuclear Receptors Meta Pathway WP2882,0.00033607711411313946,3.745036408402745,29.953437543668265,EGR1;JUN;JUND;SEC14L1;GADD45B;TSC22D3;BHLHE40;MAFF;PDK4;NR0B2;FKBP5,11,0.004264702689435701,0,0,2.3701112399567505,200
whole_ckd_down_traditional,Whole Dataset CKD Down Traditional,Reactome,Reactome_Pathways_2024,27,Metallothioneins Bind Metals,0.00015320271943439296,37.6751269035533,330.92884130781977,MT2A;MT1M;MT1E,3,0.0043520920668955335,0,0,2.3613019258738084,200
whole_ckd_down_traditional,Whole Dataset CKD Down Traditional,WikiPathways,WikiPathways_2024_Human,30,Small Cell Lung Cancer WP4658,0.0003852164645539641,6.8496467045059655,53.849902677165886,NFKBIA;CDKN1A;GADD45B;GADD45A;CYCS;GADD45G,6,0.004725321965195294,0,0,2.3255685949972764,200
whole_ckd_down_traditional,Whole Dataset CKD Down Traditional,GO Biological Process,GO_Biological_Process_2026,28,Photoperiodism (GO:0009648),0.00010411396073230691,19.221574344023324,176.26230732641343,PER1;ID2;USP2;BHLHE40,4,0.004871046019975788,0,0,2.3123777673432104,200
whole_ckd_down_traditional,Whole Dataset CKD Down Traditional,GO Biological Process,GO_Biological_Process_2026,29,Regulation of Fat Cell Differentiation (GO:0045598),0.00011335566980135825,8.71723122238586,79.19587272258161,ZFP36;CEBPB;ZBTB16;ID2;ZFP36L2;FERMT2,6,0.005120549222061355,0,0,2.29068345478232,200
whole_ckd_down_traditional,Whole Dataset CKD Down Traditional,WikiPathways,WikiPathways_2024_Human,31,Quercetin And Nf kB AP 1 Induced Apoptosis WP2435,0.0005011239651713426,23.178836392034363,176.1280286078286,NFKBIA;JUN;FOS,3,0.00576292559947044,0,0,2.239356987211636,200
whole_ckd_down_traditional,Whole Dataset CKD Down Traditional,WikiPathways,WikiPathways_2024_Human,32,Mitochondrial Complex III Assembly WP4921,0.0005011239651713426,23.178836392034363,176.1280286078286,UQCRB;CYC1;UQCRH,3,0.00576292559947044,0,0,2.239356987211636,200
whole_ckd_down_traditional,Whole Dataset CKD Down Traditional,Reactome,Reactome_Pathways_2024,28,Cellular Response to Starvation,0.00022121588171680322,5.3504901960784315,45.031713159299656,CEBPB;DDIT3;RPL37A;SH3BP4;RPS20;ATF3;RPL7;ATF4,8,0.006059735045599574,0,0,2.2175463644062603,200
whole_ckd_down_traditional,Whole Dataset CKD Down Traditional,GO Biological Process,GO_Biological_Process_2026,30,Positive Regulation of Smooth Muscle Cell Proliferation (GO:0048661),0.0001398365134139565,11.256410256410257,99.9010527744165,JUN;NR4A3;RGCC;IGFBP5;ID2,5,0.0060816837108804474,0,0,2.2159761698859253,200
whole_ckd_down_traditional,Whole Dataset CKD Down Traditional,GO Biological Process,GO_Biological_Process_2026,31,Cellular Response to Starvation (GO:0009267),0.00014909624942351603,5.6875,50.112098919165376,KLF10;GABARAPL2;GABARAPL1;CDKN1A;MAP1LC3A;PDK4;FOXO3;ATF4,8,0.0060816837108804474,0,0,2.2159761698859253,200
whole_ckd_down_traditional,Whole Dataset CKD Down Traditional,GO Biological Process,GO_Biological_Process_2026,32,Cellular Response to Nitrogen Levels (GO:0043562),0.00015320271943439296,37.6751269035533,330.92884130781977,GABARAPL2;GABARAPL1;MAP1LC3A,3,0.0060816837108804474,0,0,2.2159761698859253,200
whole_ckd_down_traditional,Whole Dataset CKD Down Traditional,GO Biological Process,GO_Biological_Process_2026,33,Cellular Response to Nitrogen Starvation (GO:0006995),0.00015320271943439296,37.6751269035533,330.92884130781977,GABARAPL2;GABARAPL1;MAP1LC3A,3,0.0060816837108804474,0,0,2.2159761698859253,200
whole_ckd_down_traditional,Whole Dataset CKD Down Traditional,WikiPathways,WikiPathways_2024_Human,33,Melanoma WP4685,0.0005949605404203094,8.032967032967033,59.66097044986614,CDKN1A;GADD45B;GADD45A;FOS;GADD45G,5,0.0064140217787756245,0,0,2.1928695697605534,200
whole_ckd_down_traditional,Whole Dataset CKD Down Traditional,WikiPathways,WikiPathways_2024_Human,34,DNA Damage Response WP707,0.000636296477275603,7.907051282051282,58.1946793072387,CDKN1A;GADD45B;GADD45A;CYCS;GADD45G,5,0.0064140217787756245,0,0,2.1928695697605534,200
whole_ckd_down_traditional,Whole Dataset CKD Down Traditional,WikiPathways,WikiPathways_2024_Human,35,miRNA Regulation Of DNA Damage Response WP1530,0.000636296477275603,7.907051282051282,58.1946793072387,CDKN1A;GADD45B;GADD45A;CYCS;GADD45G,5,0.0064140217787756245,0,0,2.1928695697605534,200
whole_ckd_down_traditional,Whole Dataset CKD Down Traditional,WikiPathways,WikiPathways_2024_Human,36,Th17 Cell Differentiation Pathway WP5130,0.000636296477275603,7.907051282051282,58.1946793072387,NFKBIA;PER1;JUN;NFIL3;FOS,5,0.0064140217787756245,0,0,2.1928695697605534,200
whole_ckd_down_traditional,Whole Dataset CKD Down Traditional,WikiPathways,WikiPathways_2024_Human,37,ATM Signaling WP2516,0.0006690615196291692,11.204081632653061,81.89774214112175,NFKBIA;CDKN1A;JUN;GADD45A,4,0.0064140217787756245,0,0,2.1928695697605534,200
whole_ckd_down_traditional,Whole Dataset CKD Down Traditional,WikiPathways,WikiPathways_2024_Human,38,Catabolism Of Skeletal Muscle In Cachexia WP5474,0.0006690615196291692,11.204081632653061,81.89774214112175,NFKBIA;CEBPB;MAP1LC3A;FOXO3,4,0.0064140217787756245,0,0,2.1928695697605534,200
whole_ckd_down_traditional,Whole Dataset CKD Down Traditional,WikiPathways,WikiPathways_2024_Human,39,Glucocorticoid Receptor Pathway WP2880,0.0006797468732941558,7.785009861932939,56.7822276589064,JUN;SEC14L1;GADD45B;TSC22D3;BHLHE40,5,0.0064140217787756245,0,0,2.1928695697605534,200
whole_ckd_down_traditional,Whole Dataset CKD Down Traditional,GO Biological Process,GO_Biological_Process_2026,34,Regulation of Oxidative Stress-Induced Neuron Intrinsic Apoptotic Signaling Pathway (GO:1903376),0.00020276702349047898,33.48730964467005,284.75776049641166,PINK1;ATF4;MCL1,3,0.007812494140368455,0,0,2.1072102953831133,200
whole_ckd_down_traditional,Whole Dataset CKD Down Traditional,MSigDB Hallmark,MSigDB_Hallmark_2020,16,Androgen Response,0.0033238214487381523,5.318488529014845,30.350700013257832,IDI1;SGK1;NDRG1;ELL2;FKBP5,5,0.008309553621845382,0,0,2.0804223053105027,200
whole_ckd_down_traditional,Whole Dataset CKD Down Traditional,WikiPathways,WikiPathways_2024_Human,40,miR 517 Relationship With ARCN1 And USP1 WP3596,0.0009754681839454337,66.65656565656566,462.10284137848555,CDKN1A;ID2,2,0.008678931249806749,0,0,2.0615337518844363,200
whole_ckd_down_traditional,Whole Dataset CKD Down Traditional,WikiPathways,WikiPathways_2024_Human,41,Hypertrophy Model WP516,0.0009905301969888136,17.721409375933113,122.58377707877821,JUND;NR4A3;ATF3,3,0.008678931249806749,0,0,2.0615337518844363,200
whole_ckd_down_traditional,Whole Dataset CKD Down Traditional,WikiPathways,WikiPathways_2024_Human,42,Imatinib And Chronic Myeloid Leukemia WP3640,0.0009905301969888136,17.721409375933113,122.58377707877821,FLT1;GADD45A;FOXO3,3,0.008678931249806749,0,0,2.0615337518844363,200
whole_ckd_down_traditional,Whole Dataset CKD Down Traditional,MSigDB Hallmark,MSigDB_Hallmark_2020,17,Pperoxisome,0.003932263879133558,5.102564102564102,28.260755222784233,IDI1;CNBP;IDH2;SLC25A4;DHRS3,5,0.009038667560360788,0,0,2.0438955865415873,200
whole_ckd_down_traditional,Whole Dataset CKD Down Traditional,MSigDB Hallmark,MSigDB_Hallmark_2020,18,Complement,0.004067400402162354,3.684635829149776,20.28300352206346,CPM;CEBPB;KLK1;CSRP1;MAFF;PLAT;DUSP6,7,0.009038667560360788,0,0,2.0438955865415873,200
whole_ckd_down_traditional,Whole Dataset CKD Down Traditional,GO Biological Process,GO_Biological_Process_2026,35,Negative Regulation of Intracellular Signal Transduction (GO:1902532),0.00024495518709019364,3.6315789473684212,30.194528100263263,NFKBIA;PER1;PINK1;SEC14L1;DUSP1;DDIT3;DDIT4;SH3BP4;DUSP8;DUSP6;HERPUD1;FKBP5,12,0.009168322716804391,0,0,2.0377101083281812,200
whole_ckd_down_traditional,Whole Dataset CKD Down Traditional,GO Biological Process,GO_Biological_Process_2026,36,"Pos Reg Nuclear-Transcribed mRNA Catabolic Process, Deadenylation-Dependent Decay (GO:1900153)",0.00026165809515097364,30.13705583756345,248.5846578261998,ZFP36;TOB1;ZFP36L2,3,0.009264110936426364,0,0,2.033196252970121,200
whole_ckd_down_traditional,Whole Dataset CKD Down Traditional,GO Biological Process,GO_Biological_Process_2026,37,Positive Regulation of Nuclear-Transcribed mRNA poly(A) Tail Shortening (GO:0060213),0.00026165809515097364,30.13705583756345,248.5846578261998,BTG2;ZFP36;TOB1,3,0.009264110936426364,0,0,2.033196252970121,200
whole_ckd_down_traditional,Whole Dataset CKD Down Traditional,KEGG,KEGG_2026,21,CELLULAR SENESCENCE,0.000999469669433475,4.783426643947561,33.04527812162309,GADD45B;GADD45A;FOXO3;SLC25A5;SLC25A4;ZFP36L2;GADD45G,7,0.009280789787596555,0,0,2.0324150641044008,200
whole_ckd_down_traditional,Whole Dataset CKD Down Traditional,Reactome,Reactome_Pathways_2024,29,Citric Acid Cycle (TCA Cycle),0.00035577326889246036,13.448979591836734,106.80126422611052,ISCA1;MRPS36;IDH2;ACO2,4,0.00940958956001783,0,0,2.026429319793462,200
whole_ckd_down_traditional,Whole Dataset CKD Down Traditional,WikiPathways,WikiPathways_2024_Human,43,Endoplasmic Reticulum Stress Response In Coronavirus Infection WP4861,0.0011401784650819998,9.60058309037901,65.05902796595161,PPP1R15B;MAP1LC3A;DDIT3;ATF4,4,0.0097578063988413,0,0,2.0106478028202894,200
whole_ckd_down_traditional,Whole Dataset CKD Down Traditional,KEGG,KEGG_2026,22,RNA DEGRADATION,0.0011117744076740747,6.929048120828943,47.12998547368564,HSPA9;BTG2;NUDT16;TOB2;TOB1,5,0.009818721124923473,0,0,2.007945074795311,200
whole_ckd_down_traditional,Whole Dataset CKD Down Traditional,KEGG,KEGG_2026,23,RIBOSOME,0.0011581055685807174,4.65742151782993,31.488685945720935,MRPL41;RPL37A;RPS20;MRPL15;MRPL54;RPL7;MRPL55,7,0.009818721124923473,0,0,2.007945074795311,200
whole_ckd_down_traditional,Whole Dataset CKD Down Traditional,GO Biological Process,GO_Biological_Process_2026,38,Response to Endoplasmic Reticulum Stress (GO:0034976),0.0003698806629953666,5.7088082901554404,45.112887796484664,PPP1R15B;JUN;CEBPB;DDIT3;ATF3;ATF4;HERPUD1,7,0.012751149171682375,0,0,1.8944506735492028,200
whole_ckd_down_traditional,Whole Dataset CKD Down Traditional,Reactome,Reactome_Pathways_2024,30,FOXO-mediated Transcription of Cell Death Genes,0.0005011239651713426,23.178836392034363,176.1280286078286,PINK1;DDIT3;FOXO3,3,0.012812069376213993,0,0,1.8923807183359291,200
whole_ckd_down_traditional,Whole Dataset CKD Down Traditional,WikiPathways,WikiPathways_2024_Human,44,Photodynamic Therapy Induced AP 1 Survival Signaling WP3611,0.0015598806233641427,8.763975155279503,56.64285082988862,CDKN1A;JUN;FOS;MCL1,4,0.013046274304500102,0,0,1.8845134944569182,200
whole_ckd_down_traditional,Whole Dataset CKD Down Traditional,GO Biological Process,GO_Biological_Process_2026,39,Regulation of Transcription by RNA Polymerase II (GO:0006357),0.00039394121048169563,1.9201008329679965,15.052263494588479,CSRNP1;ZNF593;CEBPB;BEX1;CEBPD;EPAS1;CREM;FOXO3;ZFP36;CHCHD2;NFIL3;HSF1;HES4;KLF10;EGR1;JUN;JUND;GADD45A;CNBP;ZBTB16;USP2;FOS;NR0B2;KLF15;FOSL2;NFKBIA;EID1;PER1;NR4A1;KLF6;NR4A3;RGCC;ID2;DDIT3;BHLHE40;MAFF;KLF9;ERF;ATF3;ATF4,40,0.013232384249513366,0,0,1.8783618963178008,200
whole_ckd_down_traditional,Whole Dataset CKD Down Traditional,GO Biological Process,GO_Biological_Process_2026,40,Regulation of Nuclear-Transcribed mRNA poly(A) Tail Shortening (GO:0060211),0.00041017649693527065,25.111675126903553,195.84402098106767,BTG2;ZFP36;TOB1,3,0.013433280274630114,0,0,1.871817923949337,200
whole_ckd_down_traditional,Whole Dataset CKD Down Traditional,KEGG,KEGG_2026,24,HUMAN T-CELL LEUKEMIA VIRUS 1 INFECTION,0.001665387689899841,3.8682859399684046,24.748122652510126,NFKBIA;EGR1;JUN;ZFP36;FOS;SLC25A5;SLC25A4;ATF4,8,0.013531274980436207,0,0,1.8686612802035412,200
whole_ckd_down_traditional,Whole Dataset CKD Down Traditional,MSigDB Hallmark,MSigDB_Hallmark_2020,19,Cholesterol Homeostasis,0.006473347840390891,5.752186588921282,28.991376259941838,ERRFI1;IDI1;NFIL3;ATF3,4,0.013628100716612402,0,0,1.8655646654983946,200
whole_ckd_down_traditional,Whole Dataset CKD Down Traditional,Reactome,Reactome_Pathways_2024,31,FOXO-mediated Transcription,0.0005556717726770651,8.16294458229942,61.18398606775132,CDKN1A;PINK1;GADD45A;DDIT3;FOXO3,5,0.013748395149784159,0,0,1.8617479940715758,200
whole_ckd_down_traditional,Whole Dataset CKD Down Traditional,Reactome,Reactome_Pathways_2024,32,FOXO-mediated Transcription of Cell Cycle Genes,0.0006040394207294829,21.522117476432197,159.51916044937724,CDKN1A;GADD45A;FOXO3,3,0.014478069865609794,0,0,1.8392893319639874,200
whole_ckd_down_traditional,Whole Dataset CKD Down Traditional,WikiPathways,WikiPathways_2024_Human,45,T Cell Activation SARS CoV 2 WP5098,0.0019039709857819793,6.091133765832561,38.15372640786974,NFKBIA;CDKN1A;JUN;FOS;FOXO3,5,0.01518272898125703,0,0,1.8186501602599696,200
whole_ckd_down_traditional,Whole Dataset CKD Down Traditional,WikiPathways,WikiPathways_2024_Human,46,Apoptosis Modulation And Signaling WP1772,0.0020011939426603457,6.018315018315018,37.397877562115745,NFKBIA;JUN;CYCS;FOS;MCL1,5,0.01518272898125703,0,0,1.8186501602599696,200
whole_ckd_down_traditional,Whole Dataset CKD Down Traditional,WikiPathways,WikiPathways_2024_Human,47,Pancreatic Adenocarcinoma Pathway WP4263,0.0020011939426603457,6.018315018315018,37.397877562115745,CDKN1A;GADD45B;GADD45A;DUSP6;GADD45G,5,0.01518272898125703,0,0,1.8186501602599696,200
whole_ckd_down_traditional,Whole Dataset CKD Down Traditional,WikiPathways,WikiPathways_2024_Human,48,mRNA Protein And Metabolite Inducation Pathway By Cyclosporin A WP3953,0.0020216133697869413,39.98989898989899,248.09171029141777,SLC3A2;ATF4,2,0.01518272898125703,0,0,1.8186501602599696,200
whole_ckd_down_traditional,Whole Dataset CKD Down Traditional,WikiPathways,WikiPathways_2024_Human,49,Arachidonate Epoxygenase Epoxide Hydrolase WP678,0.0020216133697869413,39.98989898989899,248.09171029141777,COX8A;COX5A,2,0.01518272898125703,0,0,1.8186501602599696,200
whole_ckd_down_traditional,Whole Dataset CKD Down Traditional,Reactome,Reactome_Pathways_2024,33,Metabolism of Proteins,0.0006678712834357558,1.9204885254170119,14.041488789634148,CPM;CDKN1A;KLK1;NDUFB6;MRPS36;MRPL15;COX5B;COX5A;MRPL54;MT-ND1;RPL7;MRPL55;ANKRD9;MRPL41;SOCS2;CHCHD2;GNG7;UBC;EIF4H;HSPA9;ARG2;UBE2B;IGFBP5;CISH;ZBTB16;USP2;IDH2;TPST2;NFKBIA;NDUFAB1;RPL37A;RPS20;PFDN2;ACO2;GAS6;SLC25A5,36,0.015522947708946203,0,0,1.8090258054893331,200
whole_ckd_down_traditional,Whole Dataset CKD Down Traditional,WikiPathways,WikiPathways_2024_Human,50,Amino Acid Metabolism WP3925,0.002206451644607548,5.877757901013715,35.950540003303175,ARG2;GOT1;PDK4;ACO2;GLUL,5,0.01603447829897513,0,0,1.7949451657986626,200
whole_ckd_down_traditional,Whole Dataset CKD Down Traditional,WikiPathways,WikiPathways_2024_Human,51,Overlap Between Signal Transduction Pathways LMNA Laminopathies WP4879,0.0022221695468688358,7.902761104441777,48.280111503025644,CDKN1A;CEBPB;CEBPD;EMD,4,0.01603447829897513,0,0,1.7949451657986626,200
whole_ckd_down_traditional,Whole Dataset CKD Down Traditional,Reactome,Reactome_Pathways_2024,34,Mitochondrial Unfolded Protein Response (UPRmt),0.0007195272026923491,20.086294416243653,145.36282995258424,HSPA9;HSF1;FOXO3,3,0.016231687190147993,0,0,1.7896363354240474,200
whole_ckd_down_traditional,Whole Dataset CKD Down Traditional,GO Biological Process,GO_Biological_Process_2026,41,Cellular Response to Transforming Growth Factor Beta Stimulus (GO:0071560),0.000534631353420474,6.415084102007596,48.33081450419003,JUN;RGCC;PXN;FOS;ZFP36L2;FERMT2,6,0.017082123731239535,0,0,1.7674581367253457,200
whole_ckd_down_traditional,Whole Dataset CKD Down Traditional,WikiPathways,WikiPathways_2024_Human,52,Photodynamic Therapy Induced Unfolded Protein Response WP3613,0.002414105915085408,12.548223350253807,75.62094298941223,DDIT3;ATF3;ATF4,3,0.017084441860604427,0,0,1.7673992047972684,200
whole_ckd_down_traditional,Whole Dataset CKD Down Traditional,WikiPathways,WikiPathways_2024_Human,53,2Q37 Copy Number Variation Syndrome WP5224,0.0024871028937918406,4.679619349722443,28.061977332814493,NFKBIA;GABARAPL2;GABARAPL1;JUN;MAP1LC3A;SH3BP4,6,0.017268940847460328,0,0,1.762734298113447,200
whole_ckd_down_traditional,Whole Dataset CKD Down Traditional,GO Biological Process,GO_Biological_Process_2026,42,Myeloid Cell Differentiation (GO:0030099),0.0005556717726770651,8.16294458229942,61.18398606775132,HSPA9;CEBPB;EPAS1;ZBTB16;SLC25A5,5,0.0173316671954037,0,0,1.7611596589284202,200
whole_ckd_down_traditional,Whole Dataset CKD Down Traditional,KEGG,KEGG_2026,25,SMALL CELL LUNG CANCER,0.002314640612789538,5.809902740937224,35.257399700593666,NFKBIA;GADD45B;GADD45A;CYCS;GADD45G,5,0.018054196779758395,0,0,1.7434218283049074,200
whole_ckd_down_traditional,Whole Dataset CKD Down Traditional,KEGG,KEGG_2026,26,IL-17 SIGNALING PATHWAY,0.0024266394005639114,5.743589743589744,34.583577920617785,NFKBIA;CEBPB;JUN;JUND;FOS,5,0.018199795504229337,0,0,1.739933491788756,200
whole_ckd_down_traditional,Whole Dataset CKD Down Traditional,WikiPathways,WikiPathways_2024_Human,54,Pre Implantation Embryo WP3527,0.0027008557557807325,7.462585034013605,44.13512048118966,EGR1;ZFP36;DDIT3;ZFP36L2,4,0.0184058318171724,0,0,1.7350445506462897,200
whole_ckd_down_traditional,Whole Dataset CKD Down Traditional,GO Biological Process,GO_Biological_Process_2026,43,Regulation of Erythrocyte Differentiation (GO:0045646),0.0006068640222899578,11.524781341107872,85.36642728574833,HSPA9;ZFP36;FOXO3;GLUL,4,0.01848818300464755,0,0,1.7331057686585858,200
whole_ckd_down_traditional,Whole Dataset CKD Down Traditional,GO Biological Process,GO_Biological_Process_2026,44,Mitochondrial Gene Expression (GO:0140053),0.0006244951835763466,6.217757205975174,45.87813776640311,MRPL41;MRPL15;FOXO3;SLC25A33;MRPL54;MRPL55,6,0.01859292478375032,0,0,1.7306522876067083,200
whole_ckd_down_traditional,Whole Dataset CKD Down Traditional,Reactome,Reactome_Pathways_2024,35,Negative Regulation of MAPK Pathway,0.0008826236600453894,10.340659340659341,72.72184139201934,DUSP1;UBC;DUSP8;DUSP6,4,0.019342067064423245,0,0,1.7134971152218808,200
whole_ckd_down_traditional,Whole Dataset CKD Down Traditional,KEGG,KEGG_2026,27,ENDOMETRIAL CANCER,0.0027008557557807325,7.462585034013605,44.13512048118966,GADD45B;GADD45A;FOXO3;GADD45G,4,0.019506180458416403,0,0,1.709827762293308,200
whole_ckd_down_traditional,Whole Dataset CKD Down Traditional,GO Biological Process,GO_Biological_Process_2026,45,Cellular Response to Zinc Ion (GO:0071294),0.0007195272026923491,20.086294416243653,145.36282995258424,MT2A;MT1M;MT1E,3,0.02094623634504394,0,0,1.6788940004503528,200
whole_ckd_down_traditional,Whole Dataset CKD Down Traditional,Reactome,Reactome_Pathways_2024,36,Maturation of TCA Enzymes and Regulation of TCA Cycle,0.0009905301969888136,17.721409375933113,122.58377707877821,ISCA1;IDH2;ACO2,3,0.02110379614140056,0,0,1.67563941697836,200
whole_ckd_down_traditional,Whole Dataset CKD Down Traditional,Reactome,Reactome_Pathways_2024,37,Signaling by NTRK1 (TRKA),0.0010578646004516456,5.587155963302752,38.280415456425374,EGR1;JUND;ID2;FOS;SGK1;DUSP6,6,0.021728158459034145,0,0,1.662977080166842,200
whole_ckd_down_traditional,Whole Dataset CKD Down Traditional,Reactome,Reactome_Pathways_2024,38,Autophagy,0.0010764928571620567,4.719589609854854,32.25389663123081,GABARAPL2;GABARAPL1;PINK1;MAP1LC3A;UBC;HSF1;VPS37B,7,0.021728158459034145,0,0,1.662977080166842,200
whole_ckd_down_traditional,Whole Dataset CKD Down Traditional,GO Biological Process,GO_Biological_Process_2026,46,Positive Regulation of Neuron Apoptotic Process (GO:0043525),0.0008067730463282587,10.613319011815252,75.59302673955138,DDIT3;FOXO3;MCL1;ATF4,4,0.022975493275869976,0,0,1.6387351556898955,200
whole_ckd_down_traditional,Whole Dataset CKD Down Traditional,GO Biological Process,GO_Biological_Process_2026,47,ATP Transport (GO:0015867),0.0008481701801219675,18.82994923857868,133.17348392535672,SLC25A5;SLC25A4;SLC25A25,3,0.023640487999144196,0,0,1.6263435627675993,200
whole_ckd_down_traditional,Whole Dataset CKD Down Traditional,WikiPathways,WikiPathways_2024_Human,55,Focal Adhesion PI3K Akt mTOR Signaling WP3932,0.0035408744765586518,3.1262955443957687,17.642878610928765,TBC1D1;CDKN1A;FLT1;EPAS1;GNG7;DDIT4;ITGA8;FOXO3;ATF4,9,0.02369166922497425,0,0,1.6254043394605746,200
whole_ckd_down_traditional,Whole Dataset CKD Down Traditional,MSigDB Hallmark,MSigDB_Hallmark_2020,20,Coagulation,0.012646724258671974,3.791594370541739,16.57062118510299,CSRP1;MAFF;TIMP3;PLAT;DUSP6,5,0.02529344851734395,0,0,1.5969919547618812,200
whole_ckd_down_traditional,Whole Dataset CKD Down Traditional,Reactome,Reactome_Pathways_2024,39,Senescence-Associated Secretory Phenotype (SASP),0.0013171792082121308,6.654520917678813,44.13453148372894,CDKN1A;CEBPB;JUN;UBC;FOS,5,0.02590452442817191,0,0,1.586624376359549,200
whole_ckd_down_traditional,Whole Dataset CKD Down Traditional,WikiPathways,WikiPathways_2024_Human,56,Development And Heterogeneity Of The ILC Family WP3893,0.0039464456405227145,10.382110974969368,57.46436072810552,NFIL3;ZBTB16;ID2,3,0.025933785637720693,0,0,1.5861340832472002,200
whole_ckd_down_traditional,Whole Dataset CKD Down Traditional,GO Biological Process,GO_Biological_Process_2026,48,Response to Fibroblast Growth Factor (GO:0071774),0.0009905301969888136,17.721409375933113,122.58377707877821,NR4A1;ZFP36;ZFP36L2,3,0.02648152159296624,0,0,1.577057064532803,200
whole_ckd_down_traditional,Whole Dataset CKD Down Traditional,GO Biological Process,GO_Biological_Process_2026,49,Positive Regulation of Mitophagy (GO:1901526),0.0009905301969888136,17.721409375933113,122.58377707877821,PINK1;SLC25A5;SLC25A4,3,0.02648152159296624,0,0,1.577057064532803,200
whole_ckd_down_traditional,Whole Dataset CKD Down Traditional,WikiPathways,WikiPathways_2024_Human,57,Network Map Of SARS CoV 2 Signaling WP5115,0.004136779008032516,3.311991869918699,18.17567421459369,EGR1;GABARAPL2;JUN;CEBPB;DUSP1;DDIT4;FOS;SERPINA5,8,0.026707625876420452,0,0,1.573364716044372,200
whole_ckd_down_traditional,Whole Dataset CKD Down Traditional,WikiPathways,WikiPathways_2024_Human,58,Host Pathogen Interaction Of Human CoV Interferon Induction WP4880,0.004309453893401118,10.035532994923859,54.6629871343117,NFKBIA;JUN;FOS,3,0.027342741944338132,0,0,1.5631579363085712,200
whole_ckd_down_traditional,Whole Dataset CKD Down Traditional,GO Biological Process,GO_Biological_Process_2026,50,Negative Regulation of Growth (GO:0045926),0.0010578646004516456,5.587155963302752,38.280415456425374,MT2A;CDKN1A;MT1M;WFDC1;SH3BP4;MT1E,6,0.027716052531833114,0,0,1.5572686241944655,200
whole_ckd_down_traditional,Whole Dataset CKD Down Traditional,Reactome,Reactome_Pathways_2024,40,TP53 Regulates Transcription of Cell Cycle Genes,0.0014462766378052381,8.959183673469388,58.58197746978076,BTG2;CDKN1A;RGCC;GADD45A,4,0.027732354529915442,0,0,1.5570132564250267,200
whole_ckd_down_traditional,Whole Dataset CKD Down Traditional,GO Biological Process,GO_Biological_Process_2026,51,Positive Regulation of Apoptotic Process (GO:0043065),0.0010863008614187813,3.456140350877193,23.58807860928959,RGCC;GADD45B;GADD45A;DDIT3;FOXO3;DUSP6;GADD45G;ATF4;RHOB;MCL1,10,0.027903022126639285,0,0,1.5543487565169543,200
whole_ckd_down_traditional,Whole Dataset CKD Down Traditional,Reactome,Reactome_Pathways_2024,41,RAF-independent MAPK1 3 Activation,0.0015052246919242,15.060913705583756,97.87806321199126,DUSP1;DUSP8;DUSP6,3,0.02815871557819174,0,0,1.5503871588348122,200
whole_ckd_down_traditional,Whole Dataset CKD Down Traditional,WikiPathways,WikiPathways_2024_Human,59,Breast Cancer Pathway WP4262,0.004586083287623933,4.106714962385065,22.113546879315756,JUN;CDKN1A;GADD45B;GADD45A;FOS;GADD45G,6,0.02860472287873911,0,0,1.5435622553032216,200
whole_ckd_down_traditional,Whole Dataset CKD Down Traditional,WikiPathways,WikiPathways_2024_Human,60,Hepatocyte Growth Factor Receptor Signaling WP313,0.004692069558581303,9.711314884558703,52.07091984713094,JUN;PXN;FOS,3,0.028778026625965326,0,0,1.5409389899281627,200
whole_ckd_down_traditional,Whole Dataset CKD Down Traditional,GO Biological Process,GO_Biological_Process_2026,52,Regulation of Epidermal Cell Differentiation (GO:0045604),0.0011471485105092553,16.736040609137056,113.31096080850561,ERRFI1;ZFP36;MAFF,3,0.028899318245521624,0,0,1.5391124024233944,200
whole_ckd_down_traditional,Whole Dataset CKD Down Traditional,WikiPathways,WikiPathways_2024_Human,61,Androgen Receptor Network In Prostate Cancer WP2263,0.004800042097825037,4.8560157790927025,25.926902395204596,JUN;PXN;FOS;NDRG1;FKBP5,5,0.028957631016387108,0,0,1.5382369700506329,200
whole_ckd_down_traditional,Whole Dataset CKD Down Traditional,GO Biological Process,GO_Biological_Process_2026,53,Transforming Growth Factor Beta Receptor Signaling Pathway (GO:0007179),0.0011773948684188004,6.835065835065835,46.09876674157659,JUN;RGCC;PXN;FOS;FERMT2,5,0.029101646747709972,0,0,1.536082435302453,200
whole_ckd_down_traditional,Whole Dataset CKD Down Traditional,MSigDB Hallmark,MSigDB_Hallmark_2020,21,Myc Targets V1,0.015493990781832804,3.1256244021681368,13.025424015927582,SLC25A3;CNBP;NDUFAB1;EIF4H;CYC1;COX5A,6,0.029512363393967244,0,0,1.529996010159164,200
whole_ckd_down_traditional,Whole Dataset CKD Down Traditional,WikiPathways,WikiPathways_2024_Human,62,Sudden Infant Death Syndrome SIDS Susceptibility Pathways WP706,0.00503403352310479,4.024510138594934,21.295831116744253,EGR1;JUN;CEBPB;BHLHE40;CREM;SLC25A4,6,0.029758861525398257,0,0,1.5263836874640246,200
whole_ckd_down_traditional,Whole Dataset CKD Down Traditional,WikiPathways,WikiPathways_2024_Human,63,Influence Of Laminopathies On Wnt Signaling WP4844,0.005094587706793724,9.407360406091371,49.666879272481374,CEBPB;CEBPD;EMD,3,0.029758861525398257,0,0,1.5263836874640246,200
whole_ckd_down_traditional,Whole Dataset CKD Down Traditional,WikiPathways,WikiPathways_2024_Human,64,HDAC6 Interactions In The Central Nervous System WP5426,0.005381572076205341,4.71914689671699,24.65647950040891,MAP1LC3A;PXN;HSF1;NEDD9;SGK1,5,0.030681389963667892,0,0,1.5131249693685227,200
whole_ckd_down_traditional,Whole Dataset CKD Down Traditional,WikiPathways,WikiPathways_2024_Human,65,Host Pathogen Interaction Of Human Coronaviruses MAPK Signaling WP4877,0.005517288559721188,9.121827411167512,47.43230522818489,JUN;DDIT3;FOS,3,0.030681389963667892,0,0,1.5131249693685227,200
whole_ckd_down_traditional,Whole Dataset CKD Down Traditional,WikiPathways,WikiPathways_2024_Human,66,Zinc Homeostasis WP3529,0.005517288559721188,9.121827411167512,47.43230522818489,MT2A;MT1M;MT1E,3,0.030681389963667892,0,0,1.5131249693685227,200
whole_ckd_down_traditional,Whole Dataset CKD Down Traditional,WikiPathways,WikiPathways_2024_Human,67,Senescence Associated Secretory Phenotype SASP WP3391,0.005586013933602578,4.6752136752136755,24.25262099525128,JUN;CDKN1A;CEBPB;UBC;FOS,5,0.030681389963667892,0,0,1.5131249693685227,200
whole_ckd_down_traditional,Whole Dataset CKD Down Traditional,GO Biological Process,GO_Biological_Process_2026,54,Regulation of Epithelial Cell Differentiation (GO:0030856),0.0013185462203513692,15.854394870424793,105.13406751270358,CEBPB;MAFF;APOLD1,3,0.03131297495245296,0,0,1.5042756693981756,200
whole_ckd_down_traditional,Whole Dataset CKD Down Traditional,GO Biological Process,GO_Biological_Process_2026,55,"Regulation of Nuclear-Transcribed mRNA Catabolic Process, Deadenylation-Dependent Decay (GO:1900151)",0.0013185462203513692,15.854394870424793,105.13406751270358,ZFP36;TOB1;ZFP36L2,3,0.03131297495245296,0,0,1.5042756693981756,200
whole_ckd_down_traditional,Whole Dataset CKD Down Traditional,GO Biological Process,GO_Biological_Process_2026,56,Positive Regulation of miRNA Transcription (GO:1902895),0.0013385699216315768,9.16326530612245,60.625569437732594,EGR1;JUN;FOS;FOXO3,4,0.03131297495245296,0,0,1.5042756693981756,200
whole_ckd_down_traditional,Whole Dataset CKD Down Traditional,GO Biological Process,GO_Biological_Process_2026,57,ATP Synthesis Coupled Electron Transport (GO:0042773),0.0014535707837741265,49.98989898989899,326.6206097208578,NDUFB6;NDUFA12,2,0.03173629544573509,0,0,1.498443769495867,200
whole_ckd_down_traditional,Whole Dataset CKD Down Traditional,GO Biological Process,GO_Biological_Process_2026,58,Negative Regulation of Erythrocyte Differentiation (GO:0045647),0.0014535707837741265,49.98989898989899,326.6206097208578,HSPA9;ZFP36,2,0.03173629544573509,0,0,1.498443769495867,200
whole_ckd_down_traditional,Whole Dataset CKD Down Traditional,GO Biological Process,GO_Biological_Process_2026,59,Regulation of Type B Pancreatic Cell Proliferation (GO:0061469),0.0014535707837741265,49.98989898989899,326.6206097208578,NR4A1;NR4A3,2,0.03173629544573509,0,0,1.498443769495867,200
whole_ckd_down_traditional,Whole Dataset CKD Down Traditional,GO Biological Process,GO_Biological_Process_2026,60,Transforming Growth Factor Beta1 Production (GO:0032905),0.0014535707837741265,49.98989898989899,326.6206097208578,JUN;FOSL2,2,0.03173629544573509,0,0,1.498443769495867,200
whole_ckd_down_traditional,Whole Dataset CKD Down Traditional,GO Biological Process,GO_Biological_Process_2026,61,Negative Regulation of Myeloid Cell Differentiation (GO:0045638),0.0015052246919242,15.060913705583756,97.87806321199126,HSPA9;ZFP36;ZBTB16,3,0.03180394107130164,0,0,1.4975190599065473,200
whole_ckd_down_traditional,Whole Dataset CKD Down Traditional,GO Biological Process,GO_Biological_Process_2026,62,Positive Regulation of p38MAPK Cascade (GO:1900745),0.0015052246919242,15.060913705583756,97.87806321199126,GADD45B;GADD45A;GADD45G,3,0.03180394107130164,0,0,1.4975190599065473,200
whole_ckd_down_traditional,Whole Dataset CKD Down Traditional,GO Biological Process,GO_Biological_Process_2026,63,Intrinsic Apoptotic Signaling Pathway (GO:0097193),0.0015592887441538072,5.158658046479119,33.34311780301567,CDKN1A;CEBPB;DDIT3;CYCS;ATF4;MCL1,6,0.0319288065094848,0,0,1.4958173149723712,200
whole_ckd_down_traditional,Whole Dataset CKD Down Traditional,GO Biological Process,GO_Biological_Process_2026,64,Mitophagy (GO:0000423),0.0015598806233641427,8.763975155279503,56.64285082988862,GABARAPL2;GABARAPL1;PINK1;MAP1LC3A,4,0.0319288065094848,0,0,1.4958173149723712,200
whole_ckd_down_traditional,Whole Dataset CKD Down Traditional,GO Biological Process,GO_Biological_Process_2026,65,Positive Regulation of RNA Biosynthetic Process (GO:1902680),0.0016207857688464744,2.6442979357978182,16.989202268668055,EGR1;JUN;CEBPB;CNBP;ZBTB16;FOS;FOXO3;NR0B2;KLF6;NFIL3;TP53INP2;ID2;DDIT3;ATF4,14,0.032665067033675096,0,0,1.485916446235065,200
whole_ckd_down_traditional,Whole Dataset CKD Down Traditional,KEGG,KEGG_2026,28,CIRCADIAN RHYTHM,0.004692069558581303,9.711314884558703,52.07091984713094,PER1;NFIL3;BHLHE40,3,0.03267691299726264,0,0,1.485758978197738,200
whole_ckd_down_traditional,Whole Dataset CKD Down Traditional,WikiPathways,WikiPathways_2024_Human,68,Bone Morphogenic Protein Signaling And Regulation WP1425,0.0061478754316609515,19.98989898989899,101.78154350719133,TOB2;TOB1,2,0.03291088600954986,0,0,1.4826604257008003,200
whole_ckd_down_traditional,Whole Dataset CKD Down Traditional,WikiPathways,WikiPathways_2024_Human,69,MECP2 And Associated Rett Syndrome WP3584,0.0061707911267906,5.835847382431234,29.692372629986004,CSRP1;CEBPD;SGK1;FKBP5,4,0.03291088600954986,0,0,1.4826604257008003,200
whole_ckd_down_traditional,Whole Dataset CKD Down Traditional,GO Biological Process,GO_Biological_Process_2026,66,Positive Regulation of mRNA Catabolic Process (GO:0061014),0.0016795486223000733,8.577073382544507,54.800896273673075,BTG2;ZFP36;TOB1;ZFP36L2,4,0.033305601346251164,0,0,1.4774827205718755,200
whole_ckd_down_traditional,Whole Dataset CKD Down Traditional,GO Biological Process,GO_Biological_Process_2026,67,Negative Regulation of Gene Expression (GO:0010629),0.001703416252060174,3.0395972008875236,19.377795339951703,BTG2;PINK1;ZFP36;RGCC;IGFBP5;TIPARP;ID2;NUDT16;TOB1;NR0B2;ZFP36L2,11,0.033305601346251164,0,0,1.4774827205718755,200
whole_ckd_down_traditional,Whole Dataset CKD Down Traditional,KEGG,KEGG_2026,29,PROLACTIN SIGNALING PATHWAY,0.005054747990012165,6.196232339089482,32.76212791134876,SOCS2;CISH;FOS;FOXO3,4,0.03398882269146111,0,0,1.4686638782959354,200
whole_ckd_down_traditional,Whole Dataset CKD Down Traditional,KEGG,KEGG_2026,30,"PARATHYROID HORMONE SYNTHESIS, SECRETION AND ACTION",0.005381572076205341,4.71914689671699,24.65647950040891,EGR1;JUND;FOS;SGK1;ATF4,5,0.03408966208320717,0,0,1.4673773037322655,200
whole_ckd_down_traditional,Whole Dataset CKD Down Traditional,KEGG,KEGG_2026,31,THYROID CANCER,0.005517288559721188,9.121827411167512,47.43230522818489,GADD45B;GADD45A;GADD45G,3,0.03408966208320717,0,0,1.4673773037322655,200
whole_ckd_down_traditional,Whole Dataset CKD Down Traditional,KEGG,KEGG_2026,32,NON-SMALL CELL LUNG CANCER,0.005594200957244253,6.0106609808102345,31.171436677274254,GADD45B;GADD45A;FOXO3;GADD45G,4,0.03408966208320717,0,0,1.4673773037322655,200
whole_ckd_down_traditional,Whole Dataset CKD Down Traditional,GO Biological Process,GO_Biological_Process_2026,68,Mitochondrion Organization (GO:0007005),0.0018327435570058002,4.988507689707622,31.43728225274594,CHCHD2;PINK1;CHCHD10;COX7A1;SLC25A33;MCL1,6,0.03530726558349409,0,0,1.4521359156281777,200
whole_ckd_down_traditional,Whole Dataset CKD Down Traditional,Reactome,Reactome_Pathways_2024,42,Signaling by MAPK Mutants,0.0020216133697869413,39.98989898989899,248.09171029141777,DUSP8;DUSP6,2,0.036007413008808276,0,0,1.4436080798605513,200
whole_ckd_down_traditional,Whole Dataset CKD Down Traditional,Reactome,Reactome_Pathways_2024,43,Signaling by Interleukins,0.0020541480117840577,2.8085106382978724,17.378766436054008,SOCS2;HSPA9;NFKBIA;JUN;CDKN1A;CISH;CEBPD;UBC;FOS;FOXO3;DUSP6;MCL1,12,0.036007413008808276,0,0,1.4436080798605513,200
whole_ckd_down_traditional,Whole Dataset CKD Down Traditional,Reactome,Reactome_Pathways_2024,44,Constitutive Signaling by AKT1 E17K in Cancer,0.0021616710096346928,13.094460384021188,80.35905008065508,NR4A1;CDKN1A;FOXO3,3,0.036007413008808276,0,0,1.4436080798605513,200
whole_ckd_down_traditional,Whole Dataset CKD Down Traditional,Reactome,Reactome_Pathways_2024,45,Mitochondrial Translation Elongation,0.002206451644607548,5.877757901013715,35.950540003303175,MRPL41;MRPS36;MRPL15;MRPL54;MRPL55,5,0.036007413008808276,0,0,1.4436080798605513,200
whole_ckd_down_traditional,Whole Dataset CKD Down Traditional,Reactome,Reactome_Pathways_2024,46,Mitochondrial Translation Initiation,0.002206451644607548,5.877757901013715,35.950540003303175,MRPL41;MRPS36;MRPL15;MRPL54;MRPL55,5,0.036007413008808276,0,0,1.4436080798605513,200
whole_ckd_down_traditional,Whole Dataset CKD Down Traditional,Reactome,Reactome_Pathways_2024,47,Mitochondrial Translation Termination,0.002206451644607548,5.877757901013715,35.950540003303175,MRPL41;MRPS36;MRPL15;MRPL54;MRPL55,5,0.036007413008808276,0,0,1.4436080798605513,200
whole_ckd_down_traditional,Whole Dataset CKD Down Traditional,GO Biological Process,GO_Biological_Process_2026,69,Adenine Nucleotide Transport (GO:0051503),0.0019263332020576173,13.690355329949238,85.59397680666795,SLC25A5;SLC25A4;SLC25A25,3,0.03626342173170815,0,0,1.440531219294906,200
whole_ckd_down_traditional,Whole Dataset CKD Down Traditional,GO Biological Process,GO_Biological_Process_2026,70,Positive Regulation of Fat Cell Differentiation (GO:0045600),0.001937740092534023,8.226155768429821,51.382484683548725,ZFP36;CEBPB;ZBTB16;ID2,4,0.03626342173170815,0,0,1.440531219294906,200
whole_ckd_down_traditional,Whole Dataset CKD Down Traditional,GO Biological Process,GO_Biological_Process_2026,71,PERK-mediated Unfolded Protein Response (GO:0036499),0.0020216133697869413,39.98989898989899,248.09171029141777,DDIT3;ATF4,2,0.03676131264048361,0,0,1.4346089896052732,200
whole_ckd_down_traditional,Whole Dataset CKD Down Traditional,GO Biological Process,GO_Biological_Process_2026,72,Mitochondrial ATP Transmembrane Transport (GO:1990544),0.0020216133697869413,39.98989898989899,248.09171029141777,SLC25A5;SLC25A4,2,0.03676131264048361,0,0,1.4346089896052732,200
whole_ckd_down_traditional,Whole Dataset CKD Down Traditional,GO Biological Process,GO_Biological_Process_2026,73,Cellular Response to Ionizing Radiation (GO:0071479),0.0020765932331265552,8.061224489795919,49.79439807569174,CDKN1A;GADD45A;HSF1;RHOB,4,0.03676131264048361,0,0,1.4346089896052732,200
whole_ckd_down_traditional,Whole Dataset CKD Down Traditional,GO Biological Process,GO_Biological_Process_2026,74,Positive Regulation of miRNA Metabolic Process (GO:2000630),0.0020765932331265552,8.061224489795919,49.79439807569174,EGR1;JUN;FOS;FOXO3,4,0.03676131264048361,0,0,1.4346089896052732,200
whole_ckd_down_traditional,Whole Dataset CKD Down Traditional,Reactome,Reactome_Pathways_2024,48,Signaling by NTRKs,0.002309221845428758,4.753221649484536,28.85607033820631,EGR1;JUND;ID2;FOS;SGK1;DUSP6,6,0.0368994407384137,0,0,1.4329802161190286,200
whole_ckd_down_traditional,Whole Dataset CKD Down Traditional,Reactome,Reactome_Pathways_2024,49,Signaling by ALK Fusions and Activated Point Mutants,0.0024266394005639114,5.743589743589744,34.583577920617785,CDKN1A;CEBPB;JUN;UBC;MCL1,5,0.0372246484046504,0,0,1.4291693955674938,200
whole_ckd_down_traditional,Whole Dataset CKD Down Traditional,Reactome,Reactome_Pathways_2024,50,Signaling by ALK in Cancer,0.0024266394005639114,5.743589743589744,34.583577920617785,CDKN1A;CEBPB;JUN;UBC;MCL1,5,0.0372246484046504,0,0,1.4291693955674938,200
whole_ckd_down_traditional,Whole Dataset CKD Down Traditional,GO Biological Process,GO_Biological_Process_2026,75,Cellular Response to Oxidative Stress (GO:0034599),0.002141100058291923,4.829160530191458,29.682123892270933,CHCHD2;PINK1;PXN;FOS;FOXO3;ATF4,6,0.03739788101816558,0,0,1.4271530044355811,200
whole_ckd_down_traditional,Whole Dataset CKD Down Traditional,WikiPathways,WikiPathways_2024_Human,70,PI3K Akt Signaling WP4172,0.007133006384706892,2.7886981014974777,13.784597407287494,CDKN1A;FLT1;GNG7;DDIT4;ITGA8;SGK1;FOXO3;ATF4;MCL1,9,0.03749923356531623,0,0,1.4259776085857603,200
whole_ckd_down_traditional,Whole Dataset CKD Down Traditional,KEGG,KEGG_2026,33,TNF SIGNALING PATHWAY,0.006691071343524027,4.4672112548218745,22.367243111636004,NFKBIA;JUN;CEBPB;FOS;ATF4,5,0.03780541262129675,0,0,1.4224460175363112,200
whole_ckd_down_traditional,Whole Dataset CKD Down Traditional,KEGG,KEGG_2026,34,AUTOPHAGY - ANIMAL,0.006760496191651057,3.7726195812255874,18.850493548226364,GABARAPL2;GABARAPL1;MAP1LC3A;TP53INP2;DDIT4;UBC,6,0.03780541262129675,0,0,1.4224460175363112,200
whole_ckd_down_traditional,Whole Dataset CKD Down Traditional,KEGG,KEGG_2026,35,P53 SIGNALING PATHWAY,0.006785586880745571,5.670882437482035,28.314457943471623,GADD45B;GADD45A;CYCS;GADD45G,4,0.03780541262129675,0,0,1.4224460175363112,200
whole_ckd_down_traditional,Whole Dataset CKD Down Traditional,WikiPathways,WikiPathways_2024_Human,71,Oxidative Damage Response WP3941,0.0074150224240263525,8.134037590890383,39.89133172446582,CDKN1A;GADD45A;CYCS,3,0.037899003500579134,0,0,1.4213722090263667,200
whole_ckd_down_traditional,Whole Dataset CKD Down Traditional,WikiPathways,WikiPathways_2024_Human,72,PDGF Pathway WP2526,0.0074150224240263525,8.134037590890383,39.89133172446582,NFKBIA;JUN;FOS,3,0.037899003500579134,0,0,1.4213722090263667,200
whole_ckd_down_traditional,Whole Dataset CKD Down Traditional,GO Biological Process,GO_Biological_Process_2026,76,Regulation of Neuron Apoptotic Process (GO:0043523),0.002223962907809217,4.79089211786671,29.264994812787858,EGR1;PINK1;DDIT3;FOXO3;ATF4;MCL1,6,0.0383340974898694,0,0,1.4164147570010297,200
whole_ckd_down_traditional,Whole Dataset CKD Down Traditional,KEGG,KEGG_2026,36,CHRONIC MYELOID LEUKEMIA,0.007107636498802521,5.591836734693878,27.660498564595542,NFKBIA;GADD45B;GADD45A;GADD45G,4,0.03849969770184699,0,0,1.4145426805417634,200
whole_ckd_down_traditional,Whole Dataset CKD Down Traditional,MSigDB Hallmark,MSigDB_Hallmark_2020,22,Fatty Acid Metabolism,0.021445187002118796,3.2926093514328807,12.651044878491781,IDI1;GABARAPL1;TP53INP2;ACO2;GLUL,5,0.03899124909476145,0,0,1.4090328518529731,200
whole_ckd_down_traditional,Whole Dataset CKD Down Traditional,Reactome,Reactome_Pathways_2024,51,Unfolded Protein Response (UPR),0.0026623763793661775,5.615384615384615,33.29101085304574,CEBPB;DDIT3;ATF3;HERPUD1;ATF4,5,0.040040052607330553,0,0,1.397505360586866,200
whole_ckd_down_traditional,Whole Dataset CKD Down Traditional,GO Biological Process,GO_Biological_Process_2026,77,Iron-sulfur Cluster Assembly (GO:0016226),0.002414105915085408,12.548223350253807,75.62094298941223,HSPA9;ISCA1;NDUFAB1,3,0.0402392103131484,0,0,1.3953505508151332,200
whole_ckd_down_traditional,Whole Dataset CKD Down Traditional,GO Biological Process,GO_Biological_Process_2026,78,Metallo-sulfur Cluster Assembly (GO:0031163),0.002414105915085408,12.548223350253807,75.62094298941223,HSPA9;ISCA1;NDUFAB1,3,0.0402392103131484,0,0,1.3953505508151332,200
whole_ckd_down_traditional,Whole Dataset CKD Down Traditional,GO Biological Process,GO_Biological_Process_2026,79,Cellular Response to Tumor Necrosis Factor (GO:0071356),0.0024266394005639114,5.743589743589744,34.583577920617785,NFKBIA;CRHBP;ZFP36;FOXO3;ZFP36L2,5,0.0402392103131484,0,0,1.3953505508151332,200
whole_ckd_down_traditional,Whole Dataset CKD Down Traditional,Reactome,Reactome_Pathways_2024,52,Mitochondrial Translation,0.0029142832620670067,5.492753623188406,32.067417227721045,MRPL41;MRPS36;MRPL15;MRPL54;MRPL55,5,0.04248475191072434,0,0,1.3717669134617105,200
whole_ckd_down_traditional,Whole Dataset CKD Down Traditional,Reactome,Reactome_Pathways_2024,53,MyD88 Cascade Initiated on Plasma Membrane,0.0030464945959450306,5.433416046319272,31.47992845042133,NFKBIA;JUN;UBC;FOS;DUSP6,5,0.04248475191072434,0,0,1.3717669134617105,200
whole_ckd_down_traditional,Whole Dataset CKD Down Traditional,Reactome,Reactome_Pathways_2024,54,Toll Like Receptor 10 (TLR10) Cascade,0.0030464945959450306,5.433416046319272,31.47992845042133,NFKBIA;JUN;UBC;FOS;DUSP6,5,0.04248475191072434,0,0,1.3717669134617105,200
whole_ckd_down_traditional,Whole Dataset CKD Down Traditional,Reactome,Reactome_Pathways_2024,55,Toll Like Receptor 5 (TLR5) Cascade,0.0030464945959450306,5.433416046319272,31.47992845042133,NFKBIA;JUN;UBC;FOS;DUSP6,5,0.04248475191072434,0,0,1.3717669134617105,200
whole_ckd_down_traditional,Whole Dataset CKD Down Traditional,GO Biological Process,GO_Biological_Process_2026,80,Cellular Response to Granulocyte Macrophage Colony-Stimulating Factor Stimulus (GO:0097011),0.0026777674677022855,33.323232323232325,197.36590289038227,ZFP36;ZFP36L2,2,0.042879282873095295,0,0,1.3677524865350128,200
whole_ckd_down_traditional,Whole Dataset CKD Down Traditional,GO Biological Process,GO_Biological_Process_2026,81,Response to Granulocyte Macrophage Colony-Stimulating Factor (GO:0097012),0.0026777674677022855,33.323232323232325,197.36590289038227,ZFP36;ZFP36L2,2,0.042879282873095295,0,0,1.3677524865350128,200
whole_ckd_down_traditional,Whole Dataset CKD Down Traditional,GO Biological Process,GO_Biological_Process_2026,82,Response to Zinc Ion (GO:0010043),0.0026840467141937513,12.045685279187817,71.31563234569973,MT2A;MT1M;MT1E,3,0.042879282873095295,0,0,1.3677524865350128,200
whole_ckd_down_traditional,Whole Dataset CKD Down Traditional,Reactome,Reactome_Pathways_2024,56,Macroautophagy,0.0031916454787916915,4.438934457069757,25.51152699147935,GABARAPL2;GABARAPL1;PINK1;MAP1LC3A;UBC;HSF1,6,0.04371414432559335,0,0,1.359378018209139,200
whole_ckd_down_traditional,Whole Dataset CKD Down Traditional,GO Biological Process,GO_Biological_Process_2026,83,Rho Protein Signal Transduction (GO:0007266),0.002874937057851193,7.326530612244898,42.87283866824234,CDC42EP4;SH3BP4;CTNNAL1;RHOB,4,0.045269408919254746,0,0,1.3441951760322912,200
whole_ckd_down_traditional,Whole Dataset CKD Down Traditional,GO Biological Process,GO_Biological_Process_2026,84,Mitochondrial Respiratory Chain Complex Assembly (GO:0033108),0.0029142832620670067,5.492753623188406,32.067417227721045,NDUFA6;NDUFAF4;COX17;COX7A1;SLC25A33,5,0.045269408919254746,0,0,1.3441951760322912,200
whole_ckd_down_traditional,Whole Dataset CKD Down Traditional,GO Biological Process,GO_Biological_Process_2026,85,Cellular Response to Glucocorticoid Stimulus (GO:0071385),0.0029718848603480213,11.581803982819212,67.38940857682955,ZFP36;KLF9;ZFP36L2,3,0.045269408919254746,0,0,1.3441951760322912,200
whole_ckd_down_traditional,Whole Dataset CKD Down Traditional,GO Biological Process,GO_Biological_Process_2026,86,Regulation of Protein Modification by Small Protein Conjugation or Removal (GO:1903320),0.0029718848603480213,11.581803982819212,67.38940857682955,EGR1;PINK1;EPAS1,3,0.045269408919254746,0,0,1.3441951760322912,200
whole_ckd_down_traditional,Whole Dataset CKD Down Traditional,GO Biological Process,GO_Biological_Process_2026,87,Positive Regulation of Cell Cycle (GO:0045787),0.003056541487458822,7.19533527696793,41.664381947961964,RGCC;USP2;HSF1;NUDT16,4,0.046023785615759275,0,0,1.3370176619729448,200
whole_ckd_down_traditional,Whole Dataset CKD Down Traditional,KEGG,KEGG_2026,37,RELAXIN SIGNALING PATHWAY,0.008764061303376888,4.17016317016317,19.754462698766943,NFKBIA;JUN;GNG7;FOS;ATF4,5,0.046188971734013325,0,0,1.3354617059763307,200
whole_ckd_down_traditional,Whole Dataset CKD Down Traditional,Reactome,Reactome_Pathways_2024,57,Translation,0.003464928612628769,3.1371263156013796,17.77201899788515,MRPL41;MRPS36;RPL37A;EIF4H;RPS20;MRPL15;MRPL54;RPL7;MRPL55,9,0.04662456571730291,0,0,1.3313852003834128,200
whole_ckd_down_traditional,Whole Dataset CKD Down Traditional,Reactome,Reactome_Pathways_2024,58,MAPK Targets Nuclear Events Mediated by MAP Kinases,0.0036027345500000223,10.753444525018129,60.49954695168429,JUN;FOS;DUSP6,3,0.04663419151498766,0,0,1.3312955480878577,200
whole_ckd_down_traditional,Whole Dataset CKD Down Traditional,Reactome,Reactome_Pathways_2024,59,TRAF6 Mediated Induction of NFkB and MAP Kinases Upon TLR7 8 or 9 Activation,0.0036188712929817765,5.208300290774518,29.278944973607796,NFKBIA;JUN;UBC;FOS;DUSP6,5,0.04663419151498766,0,0,1.3312955480878577,200
whole_ckd_down_traditional,Whole Dataset CKD Down Traditional,Reactome,Reactome_Pathways_2024,60,MAP Kinase Activation,0.0036480462723588783,6.828433068142512,38.33184278744158,JUN;UBC;FOS;DUSP6,4,0.04663419151498766,0,0,1.3312955480878577,200
whole_ckd_down_traditional,Whole Dataset CKD Down Traditional,Reactome,Reactome_Pathways_2024,61,MyD88 Dependent Cascade Initiated on Endosome,0.0037732360778055495,5.154892726321298,28.763385231935587,NFKBIA;JUN;UBC;FOS;DUSP6,5,0.04744380445371896,0,0,1.3238204927675488,200
whole_ckd_down_traditional,Whole Dataset CKD Down Traditional,GO Biological Process,GO_Biological_Process_2026,88,Regulation of Reactive Oxygen Species Metabolic Process (GO:2000377),0.003245825065519956,7.0687432867884,40.50662547348915,CDKN1A;PINK1;GADD45A;SLC25A33,4,0.04798143034853407,0,0,1.318926809656716,200
whole_ckd_down_traditional,Whole Dataset CKD Down Traditional,GO Biological Process,GO_Biological_Process_2026,89,Positive Regulation of Mitotic Cell Cycle (GO:0045931),0.0032779948419926,11.152284263959391,63.79690278522437,RGCC;HSF1;USP2,3,0.04798143034853407,0,0,1.318926809656716,200
whole_ckd_down_traditional,Whole Dataset CKD Down Traditional,GO Biological Process,GO_Biological_Process_2026,90,Neg Reg Oxidative Stress-Induced Neuron Intrinsic Apoptotic Signaling Pathway (GO:1903377),0.0034202318391573132,28.561327561327563,162.17255858986445,PINK1;ATF4,2,0.04798143034853407,0,0,1.318926809656716,200
whole_ckd_down_traditional,Whole Dataset CKD Down Traditional,GO Biological Process,GO_Biological_Process_2026,91,HRI-mediated Signaling (GO:0140468),0.0034202318391573132,28.561327561327563,162.17255858986445,DDIT3;ATF4,2,0.04798143034853407,0,0,1.318926809656716,200
whole_ckd_down_traditional,Whole Dataset CKD Down Traditional,GO Biological Process,GO_Biological_Process_2026,92,Positive Regulation of Vascular Associated Smooth Muscle Cell Migration (GO:1904754),0.0034202318391573132,28.561327561327563,162.17255858986445,NR4A3;IGFBP5,2,0.04798143034853407,0,0,1.318926809656716,200
whole_ckd_down_traditional,Whole Dataset CKD Down Traditional,GO Biological Process,GO_Biological_Process_2026,93,Autophagy of Mitochondrion (GO:0000422),0.0034429423303528263,6.946516537649543,39.39667426105362,GABARAPL2;GABARAPL1;PINK1;MAP1LC3A,4,0.04798143034853407,0,0,1.318926809656716,200
whole_ckd_down_traditional,Whole Dataset CKD Down Traditional,GO Biological Process,GO_Biological_Process_2026,94,Cellular Response to Unfolded Protein (GO:0034620),0.0034429423303528263,6.946516537649543,39.39667426105362,DDIT3;HSF1;HERPUD1;ATF4,4,0.04798143034853407,0,0,1.318926809656716,200
whole_ckd_down_traditional,Whole Dataset CKD Down Traditional,GO Biological Process,GO_Biological_Process_2026,95,Intracellular Zinc Ion Homeostasis (GO:0006882),0.0036027345500000223,10.753444525018129,60.49954695168429,MT2A;MT1M;MT1E,3,0.04827212744232455,0,0,1.3163035605949807,200
whole_ckd_down_traditional,Whole Dataset CKD Down Traditional,GO Biological Process,GO_Biological_Process_2026,96,Intrinsic Apoptotic Signaling Pathway in Response to Endoplasmic Reticulum Stress (GO:0070059),0.0036027345500000223,10.753444525018129,60.49954695168429,CEBPB;DDIT3;ATF4,3,0.04827212744232455,0,0,1.3163035605949807,200
whole_ckd_down_traditional,Whole Dataset CKD Down Traditional,GO Biological Process,GO_Biological_Process_2026,97,Positive Regulation of Response to Endoplasmic Reticulum Stress (GO:1905898),0.0036027345500000223,10.753444525018129,60.49954695168429,DDIT3;SIK2;HERPUD1,3,0.04827212744232455,0,0,1.3163035605949807,200
whole_ckd_down_traditional,Whole Dataset CKD Down Traditional,GO Biological Process,GO_Biological_Process_2026,98,Hemopoiesis (GO:0030097),0.0036188712929817765,5.208300290774518,29.278944973607796,CEBPB;PINK1;ZBTB16;ZFP36L2;ATF4,5,0.04827212744232455,0,0,1.3163035605949807,200
whole_ckd_down_traditional,Whole Dataset CKD Down Traditional,GO Biological Process,GO_Biological_Process_2026,99,Erythrocyte Differentiation (GO:0030218),0.0036480462723588783,6.828433068142512,38.33184278744158,HSPA9;EPAS1;ID2;SLC25A5,4,0.04827212744232455,0,0,1.3163035605949807,200
whole_ckd_down_traditional,Whole Dataset CKD Down Traditional,Reactome,Reactome_Pathways_2024,62,PINK1-PRKN Mediated Mitophagy,0.0039464456405227145,10.382110974969368,57.46436072810552,PINK1;MAP1LC3A;UBC,3,0.04882135171420842,0,0,1.3113902004637903,200
whole_ckd_down_traditional,Whole Dataset CKD Down Traditional,Reactome,Reactome_Pathways_2024,63,AKT Phosphorylates Targets in the Nucleus,0.004247232134539841,24.98989898989899,136.4820277236255,NR4A1;FOXO3,2,0.04956001849581356,0,0,1.3048685402171147,200
whole_ckd_down_traditional,Whole Dataset CKD Down Traditional,Reactome,Reactome_Pathways_2024,64,ATF6 (ATF6-alpha) Activates Chaperone Genes,0.004247232134539841,24.98989898989899,136.4820277236255,DDIT3;ATF4,2,0.04956001849581356,0,0,1.3048685402171147,200
whole_ckd_down_traditional,Whole Dataset CKD Down Traditional,Reactome,Reactome_Pathways_2024,65,Activation of the AP-1 Family of Transcription Factors,0.004247232134539841,24.98989898989899,136.4820277236255,JUN;FOS,2,0.04956001849581356,0,0,1.3048685402171147,200
whole_ckd_down_traditional,Whole Dataset CKD Down Traditional,Reactome,Reactome_Pathways_2024,66,Toll Like Receptor 3 (TLR3) Cascade,0.004264616976171701,5.001015486164001,27.292556458953126,NFKBIA;JUN;UBC;FOS;DUSP6,5,0.04956001849581356,0,0,1.3048685402171147,200
whole_ckd_down_traditional,Whole Dataset CKD Down Traditional,KEGG,KEGG_2026,38,PI3K-AKT SIGNALING PATHWAY,0.00966176189403912,2.6493659776654663,12.291943433387626,NR4A1;FLT1;GNG7;DDIT4;ITGA8;SGK1;FOXO3;ATF4;MCL1,9,0.04958009392993759,0,0,1.3046926547925835,200
whole_ckd_up_traditional,Whole Dataset CKD Up Traditional,MSigDB Hallmark,MSigDB_Hallmark_2020,1,KRAS Signaling Up,5.688996854924951e-06,6.039052658100277,72.93349778920441,PIGR;MAP3K1;SLPI;GALNT3;TMEM176B;TMEM176A;SPP1;F2RL1;TFPI;TSPAN1;CTSS,11,0.0002218708773420731,0,0,3.6538996992987363,200
whole_ckd_up_traditional,Whole Dataset CKD Up Traditional,Reactome,Reactome_Pathways_2024,1,Formation of the Nephric Duct,7.330902528011693e-07,39.027613412228796,551.3039505508597,EMX2;PAX8;NPNT;PAX2;WFDC2,5,0.0005490845993480759,0,0,3.2603607371537544,200
whole_ckd_up_traditional,Whole Dataset CKD Up Traditional,MSigDB Hallmark,MSigDB_Hallmark_2020,2,Apical Junction,3.4600949670423796e-05,5.43213296398892,55.79685681599258,CDH6;VCAN;FYB1;VCAM1;PTPRC;MDK;PTEN;TNFRSF11B;RHOF;PFN1,10,0.000674718518573264,0,0,3.1708773698746278,200
whole_ckd_up_traditional,Whole Dataset CKD Up Traditional,Reactome,Reactome_Pathways_2024,2,Kidney Development,6.2275055160506324e-06,15.278350515463918,183.13447867430412,EMX2;PAX8;HNF1B;NPNT;WFDC2;PAX2,6,0.0016795121447927108,0,0,2.774816851365402,200
whole_ckd_up_traditional,Whole Dataset CKD Up Traditional,Reactome,Reactome_Pathways_2024,3,Neutrophil Degranulation,6.727017936419402e-06,3.8970046110261607,46.410903367726426,PIGR;TMEM63A;NHLRC3;GCA;FGL2;CMTM6;ADAM10;CYBA;RHOF;ATP11A;CTSS;PYCARD;PTPRC;SLPI;LAMP2;CD47;S100A11,17,0.0016795121447927108,0,0,2.774816851365402,200
whole_ckd_up_traditional,Whole Dataset CKD Up Traditional,MSigDB Hallmark,MSigDB_Hallmark_2020,3,Epithelial Mesenchymal Transition,0.00019001668226546373,4.837614100490667,41.45060631295679,IL32;CDH6;VCAN;VCAM1;CDH2;SPP1;PLOD2;TNFRSF11B;TIMP1,9,0.0024702168694510284,0,0,2.6072649167519453,200
whole_ckd_up_traditional,Whole Dataset CKD Up Traditional,MSigDB Hallmark,MSigDB_Hallmark_2020,4,Protein Secretion,0.00040752456417382895,6.77319587628866,52.86756640129645,TMX1;LAMP2;STX7;TMED2;ADAM10;PAM,6,0.003973364500694832,0,0,2.4008415926644315,200
whole_ckd_up_traditional,Whole Dataset CKD Up Traditional,MSigDB Hallmark,MSigDB_Hallmark_2020,5,IL-2/STAT5 Signaling,0.0009042939507854836,4.277705061082025,29.97968028880589,S100A1;ANXA4;SNX14;FGL2;TNFSF10;SPP1;LTB;CDC42SE2,8,0.004047574311883239,0,0,2.392805169024356,200
whole_ckd_up_traditional,Whole Dataset CKD Up Traditional,MSigDB Hallmark,MSigDB_Hallmark_2020,6,Complement,0.0009340556104345935,4.255208333333333,29.684225172013964,DYRK2;GCA;LAMP2;TIMP1;PFN1;CLU;RASGRP1;CTSS,8,0.004047574311883239,0,0,2.392805169024356,200
whole_ckd_up_traditional,Whole Dataset CKD Up Traditional,MSigDB Hallmark,MSigDB_Hallmark_2020,7,Inflammatory Response,0.0009340556104345935,4.255208333333333,29.684225172013964,RNF144B;SEMA4D;TPBG;TNFSF10;ITGB8;TIMP1;RASGRP1;MET,8,0.004047574311883239,0,0,2.392805169024356,200
whole_ckd_up_traditional,Whole Dataset CKD Up Traditional,MSigDB Hallmark,MSigDB_Hallmark_2020,8,Glycolysis,0.0009340556104345935,4.255208333333333,29.684225172013964,VCAN;TPBG;GFPT1;PLOD2;GPC4;PAM;MET;DSC2,8,0.004047574311883239,0,0,2.392805169024356,200
whole_ckd_up_traditional,Whole Dataset CKD Up Traditional,MSigDB Hallmark,MSigDB_Hallmark_2020,9,Allograft Rejection,0.0009340556104345935,4.255208333333333,29.684225172013964,FYB1;PTPRC;STAT1;GALNT1;TIMP1;CD47;LTB;CTSS,8,0.004047574311883239,0,0,2.392805169024356,200
whole_ckd_up_traditional,Whole Dataset CKD Up Traditional,Reactome,Reactome_Pathways_2024,4,Extracellular Matrix Organization,5.186970181096e-05,4.324468085106383,42.66855669709766,VCAN;VCAM1;MMP7;COL27A1;SPP1;ADAM10;ITGB8;PLOD2;TIMP1;CD47;ITGB6;CTSS,12,0.00971260166410226,0,0,2.0126644223040238,200
whole_ckd_up_traditional,Whole Dataset CKD Up Traditional,MSigDB Hallmark,MSigDB_Hallmark_2020,10,Coagulation,0.0026750949906243467,4.608247422680412,27.298199626511767,MMP7;S100A1;LAMP2;CFI;TIMP1;CLU,6,0.010432870463434952,0,0,1.981596184869887,200
whole_ckd_up_traditional,Whole Dataset CKD Up Traditional,Reactome,Reactome_Pathways_2024,5,Innate Immune System,8.3598952916543e-05,2.4851434478664496,23.334203614551733,PIGR;TMEM63A;FGL2;CFI;CLU;RASGRP1;CTSS;PYCARD;CDC42;LAMP2;PRKACB;S100A11;MAP3K1;NHLRC3;GCA;S100A1;CMTM6;ADAM10;CYBA;RHOF;ATP11A;PTPRC;SLPI;CAPZA1;CD47;TP53,26,0.012523123146898144,0,0,1.9022873487359964,200
whole_ckd_up_traditional,Whole Dataset CKD Up Traditional,MSigDB Hallmark,MSigDB_Hallmark_2020,11,Angiogenesis,0.005517288559721188,9.121827411167512,47.43230522818489,VCAN;SPP1;TIMP1,3,0.01956129580264785,0,0,1.7086023795433214,200
whole_ckd_up_traditional,Whole Dataset CKD Up Traditional,Reactome,Reactome_Pathways_2024,6,Immune System,0.000167028305913813,2.029802483883591,17.65389707848914,PIGR;TMEM63A;FGL2;CFI;PTEN;TNFRSF11B;CLU;RASGRP1;CTSS;PYCARD;CDC42;ZNRF2;RNF213;LAMP2;TIMP1;PRKACB;S100A11;IL32;MAP3K1;VCAM1;CXADR;NHLRC3;GCA;STAT1;S100A1;CMTM6;ADAM10;LNPEP;CYBA;RHOF;ATP11A;RNF144B;PTPRC;EIF2S3;SLPI;CAPZA1;CD47;LTB;TP53,39,0.02085070018824099,0,0,1.6808793563840605,200
whole_ckd_up_traditional,Whole Dataset CKD Up Traditional,MSigDB Hallmark,MSigDB_Hallmark_2020,12,Cholesterol Homeostasis,0.006473347840390891,5.752186588921282,28.991376259941838,TP53INP1;GPX8;CLU;S100A11,4,0.021038380481270397,0,0,1.6769876948946538,200
whole_ckd_up_traditional,Whole Dataset CKD Up Traditional,MSigDB Hallmark,MSigDB_Hallmark_2020,13,Apical Surface,0.009654459200215517,7.338987247740498,34.05536215760635,PKHD1;FLOT2;ADAM10,3,0.028963377600646552,0,0,1.5381507937252736,200
whole_ckd_up_traditional,Whole Dataset CKD Up Traditional,MSigDB Hallmark,MSigDB_Hallmark_2020,14,Interferon Gamma Response,0.015493990781832804,3.1256244021681368,13.025424015927582,RNF213;VCAM1;STAT1;FGL2;TNFSF10;TNFAIP2,6,0.043161831463677094,0,0,1.3649001354049461,200
whole_ckd_up_traditional,Whole Dataset CKD Up Traditional,GO Biological Process,GO_Biological_Process_2026,1,Pronephros Development (GO:0048793),3.3473033797170354e-05,75.36548223350253,776.6239908457204,PAX8;HNF1B;PAX2,3,0.043860920475742554,0,0,1.357922258355236,200
whole_ckd_up_traditional,Whole Dataset CKD Up Traditional,GO Biological Process,GO_Biological_Process_2026,2,Branching Morphogenesis of an Epithelial Tube (GO:0048754),5.3196992693441544e-05,14.076923076923077,138.53816081158314,PKHD1;PAX8;NPNT;MET;PAX2,5,0.043860920475742554,0,0,1.357922258355236,200
whole_ckd_up_traditional,Whole Dataset CKD Up Traditional,GO Biological Process,GO_Biological_Process_2026,3,Cell-cell Junction Organization (GO:0045216),9.0483142653988e-05,9.108939836897985,84.80739062557714,CDH6;PKHD1;CXADR;CDH2;F2RL1;CLDN1,6,0.04675010665831328,0,0,1.3302173939665636,200
whole_ckd_up_traditional,Whole Dataset CKD Up Traditional,GO Biological Process,GO_Biological_Process_2026,4,Cell Junction Assembly (GO:0034329),0.00011340232057807951,7.004266991770802,63.6307447024975,CDH6;CDC42;CDH2;FLRT3;CAPZA1;PTEN;ZDHHC2,7,0.04675010665831328,0,0,1.3302173939665636,200
whole_ckd_up_traditional,Whole Dataset CKD Up Traditional,GO Biological Process,GO_Biological_Process_2026,5,Positive Regulation of T Cell Activation (GO:0050870),0.00018606236426110687,6.433412687298698,55.25933924533761,PYCARD;VCAM1;PTPRC;MDK;FLOT2;CD47;ARID1B,7,0.04928289093832829,0,0,1.3073038243473165,200
whole_ckd_up_traditional,Whole Dataset CKD Up Traditional,GO Biological Process,GO_Biological_Process_2026,6,Positive Regulation of Endocytosis (GO:0045807),0.00021051995052031558,7.7206055069816,65.36210680281118,PYCARD;CDC42;PTPRC;CYBA;CD47;CLU,6,0.04928289093832829,0,0,1.3073038243473165,200
whole_ckd_up_traditional,Whole Dataset CKD Up Traditional,GO Biological Process,GO_Biological_Process_2026,7,Positive Regulation of Epithelial Cell Differentiation (GO:0030858),0.00021690636844734666,15.521193092621663,130.93747995826848,PAX8;PROM1;WFDC2;PAX2,4,0.04928289093832829,0,0,1.3073038243473165,200
whole_ckd_up_traditional,Whole Dataset CKD Up Traditional,GO Biological Process,GO_Biological_Process_2026,8,Integrin-mediated Signaling Pathway (GO:0007229),0.00023909225440062242,7.529209621993127,62.78352722931161,CDC42;FYB1;ITGB8;ADAM10;ITGB6;CD47,6,0.04928289093832829,0,0,1.3073038243473165,200
whole_consensus_ml_rf,Whole Dataset Consensus ML RF,MSigDB Hallmark,MSigDB_Hallmark_2020,1,Inflammatory Response,0.0004805502438833025,6.553708014632524,50.074122316048125,SEMA4D;TPBG;TNFSF10;ITGB8;RASGRP1;MET,6,0.016338708292032284,0,0,1.786782280962545,99
whole_consensus_ml_rf,Whole Dataset Consensus ML RF,KEGG,KEGG_2026,1,WNT SIGNALING PATHWAY,0.00020137047970699446,7.7643587726199845,66.07752065385722,FZD1;MMP7;TBL1XR1;GPC4;TP53;PRKACB,6,0.03705216826608698,0,0,1.4311863723420477,99
