gene_set,gene_set_label,library_short,library_name,rank,term,p_value,z_score,combined_score,overlap_genes,overlap_n,adjusted_p_value,old_p_value,old_adjusted_p_value,neg_log10_adjusted_p_value,gene_list_size
whole_ckd_up_traditional,Whole Dataset CKD Up Traditional,GO Biological Process,GO_Biological_Process_2026,1,Pronephros Development (GO:0048793),3.3473033797170354e-05,75.36548223350253,776.6239908457204,PAX8;HNF1B;PAX2,3,0.043860920475742554,0,0,1.357922258355236,200
whole_ckd_up_traditional,Whole Dataset CKD Up Traditional,GO Biological Process,GO_Biological_Process_2026,2,Branching Morphogenesis of an Epithelial Tube (GO:0048754),5.3196992693441544e-05,14.076923076923077,138.53816081158314,PKHD1;PAX8;NPNT;MET;PAX2,5,0.043860920475742554,0,0,1.357922258355236,200
whole_ckd_up_traditional,Whole Dataset CKD Up Traditional,GO Biological Process,GO_Biological_Process_2026,3,Cell-cell Junction Organization (GO:0045216),9.0483142653988e-05,9.108939836897985,84.80739062557714,CDH6;PKHD1;CXADR;CDH2;F2RL1;CLDN1,6,0.04675010665831328,0,0,1.3302173939665636,200
whole_ckd_up_traditional,Whole Dataset CKD Up Traditional,GO Biological Process,GO_Biological_Process_2026,4,Cell Junction Assembly (GO:0034329),0.00011340232057807951,7.004266991770802,63.6307447024975,CDH6;CDC42;CDH2;FLRT3;CAPZA1;PTEN;ZDHHC2,7,0.04675010665831328,0,0,1.3302173939665636,200
whole_ckd_up_traditional,Whole Dataset CKD Up Traditional,GO Biological Process,GO_Biological_Process_2026,5,Positive Regulation of T Cell Activation (GO:0050870),0.00018606236426110687,6.433412687298698,55.25933924533761,PYCARD;VCAM1;PTPRC;MDK;FLOT2;CD47;ARID1B,7,0.04928289093832829,0,0,1.3073038243473165,200
whole_ckd_up_traditional,Whole Dataset CKD Up Traditional,GO Biological Process,GO_Biological_Process_2026,6,Positive Regulation of Endocytosis (GO:0045807),0.00021051995052031558,7.7206055069816,65.36210680281118,PYCARD;CDC42;PTPRC;CYBA;CD47;CLU,6,0.04928289093832829,0,0,1.3073038243473165,200
whole_ckd_up_traditional,Whole Dataset CKD Up Traditional,GO Biological Process,GO_Biological_Process_2026,7,Positive Regulation of Epithelial Cell Differentiation (GO:0030858),0.00021690636844734666,15.521193092621663,130.93747995826848,PAX8;PROM1;WFDC2;PAX2,4,0.04928289093832829,0,0,1.3073038243473165,200
whole_ckd_up_traditional,Whole Dataset CKD Up Traditional,GO Biological Process,GO_Biological_Process_2026,8,Integrin-mediated Signaling Pathway (GO:0007229),0.00023909225440062242,7.529209621993127,62.78352722931161,CDC42;FYB1;ITGB8;ADAM10;ITGB6;CD47,6,0.04928289093832829,0,0,1.3073038243473165,200
whole_ckd_up_traditional,Whole Dataset CKD Up Traditional,GO Biological Process,GO_Biological_Process_2026,9,Protein Stabilization (GO:0050821),0.0004102985525292372,4.333087530418111,33.7921268493366,TESC;LAMP2;PTEN;FLOT2;MDM4;PFN1;TSPAN1;CLU;SOX4,9,0.05515812259962235,0,0,1.2583905241948825,200
whole_ckd_up_traditional,Whole Dataset CKD Up Traditional,GO Biological Process,GO_Biological_Process_2026,10,Positive Regulation of Myeloid Cell Differentiation (GO:0045639),0.0005488816438829229,11.864345738295318,89.07309099917518,SCIN;STAT1;TESC;ARNT,4,0.05515812259962235,0,0,1.2583905241948825,200
whole_ckd_up_traditional,Whole Dataset CKD Up Traditional,GO Biological Process,GO_Biological_Process_2026,11,Positive Regulation of RNA Biosynthetic Process (GO:1902680),0.000553350557769755,2.85384653391966,21.402475839798825,FZD1;ATF7IP;STAT1;TESC;HNF1B;ARID1B;PAX2;PAX8;RBBP4;KANSL1;TBL1XR1;TP53INP1;SPP1;TP53;SOX4,15,0.05515812259962235,0,0,1.2583905241948825,200
whole_ckd_up_traditional,Whole Dataset CKD Up Traditional,GO Biological Process,GO_Biological_Process_2026,12,Positive Regulation of Phagocytosis (GO:0050766),0.0005556717726770651,8.16294458229942,61.18398606775132,PYCARD;PTPRC;F2RL1;CYBA;CD47,5,0.05515812259962235,0,0,1.2583905241948825,200
whole_ckd_up_traditional,Whole Dataset CKD Up Traditional,GO Biological Process,GO_Biological_Process_2026,13,Regulation of Release of Cytochrome C From Mitochondria (GO:0090199),0.0006690615196291692,11.204081632653061,81.89774214112175,PYCARD;TNFSF10;CLU;TP53,4,0.05515812259962235,0,0,1.2583905241948825,200
whole_ckd_up_traditional,Whole Dataset CKD Up Traditional,GO Biological Process,GO_Biological_Process_2026,14,Gliogenesis (GO:0042063),0.0007195272026923491,20.086294416243653,145.36282995258424,VCAN;CDH2;PAX2,3,0.05515812259962235,0,0,1.2583905241948825,200
whole_ckd_up_traditional,Whole Dataset CKD Up Traditional,GO Biological Process,GO_Biological_Process_2026,15,Positive Regulation of Apoptotic Signaling Pathway (GO:2001235),0.0007732638317856864,7.55185610409491,54.10822023534692,PYCARD;TNFSF10;LTB;CLU;TP53,5,0.05515812259962235,0,0,1.2583905241948825,200
whole_ckd_up_traditional,Whole Dataset CKD Up Traditional,GO Biological Process,GO_Biological_Process_2026,16,Positive Regulation of Cell Migration (GO:0030335),0.0008092212572209455,3.3512100435177357,23.858732745043625,CDC42;PTPRC;MMP7;SEMA4D;MDK;RUFY3;ADAM10;F2RL1;PFN1;CLDN1;S100A11,11,0.05515812259962235,0,0,1.2583905241948825,200
whole_ckd_up_traditional,Whole Dataset CKD Up Traditional,GO Biological Process,GO_Biological_Process_2026,17,Positive Regulation of Cell Growth (GO:0030307),0.0008390457705788057,5.857256145915939,41.48838206209657,CDC42;SLC44A4;CDH2;SEMA4D;RUFY3;ADAM10,6,0.05515812259962235,0,0,1.2583905241948825,200
whole_ckd_up_traditional,Whole Dataset CKD Up Traditional,GO Biological Process,GO_Biological_Process_2026,18,Branching Involved in Ureteric Bud Morphogenesis (GO:0001658),0.0008481701801219675,18.82994923857868,133.17348392535672,PAX8;NPNT;PAX2,3,0.05515812259962235,0,0,1.2583905241948825,200
whole_ckd_up_traditional,Whole Dataset CKD Up Traditional,GO Biological Process,GO_Biological_Process_2026,19,Ureteric Bud Morphogenesis (GO:0060675),0.0008481701801219675,18.82994923857868,133.17348392535672,PAX8;NPNT;PAX2,3,0.05515812259962235,0,0,1.2583905241948825,200
whole_ckd_up_traditional,Whole Dataset CKD Up Traditional,GO Biological Process,GO_Biological_Process_2026,20,Bone Marrow Development (GO:0048539),0.0009754681839454337,66.65656565656566,462.10284137848555,PTPRC;TP53,2,0.05515812259962235,0,0,1.2583905241948825,200
whole_ckd_up_traditional,Whole Dataset CKD Up Traditional,GO Biological Process,GO_Biological_Process_2026,21,Mesenchymal to Epithelial Transition Involved in Metanephros Morphogenesis (GO:0003337),0.0009754681839454337,66.65656565656566,462.10284137848555,PAX8;PAX2,2,0.05515812259962235,0,0,1.2583905241948825,200
whole_ckd_up_traditional,Whole Dataset CKD Up Traditional,GO Biological Process,GO_Biological_Process_2026,22,Metanephric Distal Tubule Development (GO:0072235),0.0009754681839454337,66.65656565656566,462.10284137848555,PAX8;PAX2,2,0.05515812259962235,0,0,1.2583905241948825,200
whole_ckd_up_traditional,Whole Dataset CKD Up Traditional,GO Biological Process,GO_Biological_Process_2026,23,Metanephric Epithelium Development (GO:0072207),0.0009754681839454337,66.65656565656566,462.10284137848555,PAX8;PAX2,2,0.05515812259962235,0,0,1.2583905241948825,200
whole_ckd_up_traditional,Whole Dataset CKD Up Traditional,GO Biological Process,GO_Biological_Process_2026,24,Metanephric Mesenchymal Cell Differentiation (GO:0072162),0.0009754681839454337,66.65656565656566,462.10284137848555,STAT1;PAX2,2,0.05515812259962235,0,0,1.2583905241948825,200
whole_ckd_up_traditional,Whole Dataset CKD Up Traditional,GO Biological Process,GO_Biological_Process_2026,25,Metanephric Nephron Tubule Morphogenesis (GO:0072282),0.0009754681839454337,66.65656565656566,462.10284137848555,PAX8;PAX2,2,0.05515812259962235,0,0,1.2583905241948825,200
whole_ckd_up_traditional,Whole Dataset CKD Up Traditional,GO Biological Process,GO_Biological_Process_2026,26,Nephron Tubule Formation (GO:0072079),0.0009754681839454337,66.65656565656566,462.10284137848555,PAX8;PAX2,2,0.05515812259962235,0,0,1.2583905241948825,200
whole_ckd_up_traditional,Whole Dataset CKD Up Traditional,GO Biological Process,GO_Biological_Process_2026,27,Positive Regulation of Programmed Cell Death (GO:0043068),0.0010426961211960335,3.776585700798215,25.929831583171847,PYCARD;TNFAIP8;SCIN;LRRK2;LAMP2;TNFSF10;TP53;CLU;SOX4,9,0.05515812259962235,0,0,1.2583905241948825,200
whole_ckd_up_traditional,Whole Dataset CKD Up Traditional,GO Biological Process,GO_Biological_Process_2026,28,Cell Junction Organization (GO:0034330),0.0011117744076740747,6.929048120828943,47.12998547368564,CDC42;PKHD1;CXADR;CAPZA1;CLDN1,5,0.05515812259962235,0,0,1.2583905241948825,200
whole_ckd_up_traditional,Whole Dataset CKD Up Traditional,GO Biological Process,GO_Biological_Process_2026,29,Negative Regulation of Amyloid Precursor Protein Catabolic Process (GO:1902992),0.0011471485105092553,16.736040609137056,113.31096080850561,ADAM10;FLOT2;CLU,3,0.05515812259962235,0,0,1.2583905241948825,200
whole_ckd_up_traditional,Whole Dataset CKD Up Traditional,GO Biological Process,GO_Biological_Process_2026,30,Negative Regulation of Cellular Process (GO:0048523),0.0013477380168199905,2.7000060070883642,17.845224317100232,SEMA4D;TESC;PTEN;ADAM10;CLU;PAX2;SCIN;RBBP4;MDK;TP53INP1;ZNF503;MDM4;TP53;S100A11,14,0.05515812259962235,0,0,1.2583905241948825,200
whole_ckd_up_traditional,Whole Dataset CKD Up Traditional,GO Biological Process,GO_Biological_Process_2026,31,Synapse Organization (GO:0050808),0.001432378895240133,4.480301104702317,29.338887328645363,CDH6;CDH2;FLRT3;LRRK2;PTEN;GPC4;ZDHHC2,7,0.05515812259962235,0,0,1.2583905241948825,200
whole_ckd_up_traditional,Whole Dataset CKD Up Traditional,GO Biological Process,GO_Biological_Process_2026,32,Regulation of Morphogenesis of a Branching Structure (GO:0060688),0.0014535707837741265,49.98989898989899,326.6206097208578,LRRK2;BTBD7,2,0.05515812259962235,0,0,1.2583905241948825,200
whole_ckd_up_traditional,Whole Dataset CKD Up Traditional,GO Biological Process,GO_Biological_Process_2026,33,Epithelial Cell Differentiation Involved in Kidney Development (GO:0035850),0.0014535707837741265,49.98989898989899,326.6206097208578,PAX8;PAX2,2,0.05515812259962235,0,0,1.2583905241948825,200
whole_ckd_up_traditional,Whole Dataset CKD Up Traditional,GO Biological Process,GO_Biological_Process_2026,34,Kidney Morphogenesis (GO:0060993),0.0014535707837741265,49.98989898989899,326.6206097208578,LRRK2;SOX4,2,0.05515812259962235,0,0,1.2583905241948825,200
whole_ckd_up_traditional,Whole Dataset CKD Up Traditional,GO Biological Process,GO_Biological_Process_2026,35,Telencephalon Cell Migration (GO:0022029),0.0014535707837741265,49.98989898989899,326.6206097208578,LRRK2;EFHC1,2,0.05515812259962235,0,0,1.2583905241948825,200
whole_ckd_up_traditional,Whole Dataset CKD Up Traditional,GO Biological Process,GO_Biological_Process_2026,36,Mesenchymal Cell Differentiation Involved in Kidney Development (GO:0072161),0.0014535707837741265,49.98989898989899,326.6206097208578,STAT1;PAX2,2,0.05515812259962235,0,0,1.2583905241948825,200
whole_ckd_up_traditional,Whole Dataset CKD Up Traditional,GO Biological Process,GO_Biological_Process_2026,37,Metanephric Collecting Duct Development (GO:0072205),0.0014535707837741265,49.98989898989899,326.6206097208578,PAX8;PAX2,2,0.05515812259962235,0,0,1.2583905241948825,200
whole_ckd_up_traditional,Whole Dataset CKD Up Traditional,GO Biological Process,GO_Biological_Process_2026,38,Negative Regulation of Dendritic Cell Differentiation (GO:2001199),0.0014535707837741265,49.98989898989899,326.6206097208578,TMEM176B;TMEM176A,2,0.05515812259962235,0,0,1.2583905241948825,200
whole_ckd_up_traditional,Whole Dataset CKD Up Traditional,GO Biological Process,GO_Biological_Process_2026,39,Negative Regulation of Excitatory Postsynaptic Potential (GO:0090394),0.0014535707837741265,49.98989898989899,326.6206097208578,LRRK2;PTEN,2,0.05515812259962235,0,0,1.2583905241948825,200
whole_ckd_up_traditional,Whole Dataset CKD Up Traditional,GO Biological Process,GO_Biological_Process_2026,40,Negative Regulation of Leukocyte Differentiation (GO:1902106),0.0014535707837741265,49.98989898989899,326.6206097208578,TMEM176B;TMEM176A,2,0.05515812259962235,0,0,1.2583905241948825,200
whole_ckd_up_traditional,Whole Dataset CKD Up Traditional,GO Biological Process,GO_Biological_Process_2026,41,Positive Regulation of Toll-Like Receptor 2 Signaling Pathway (GO:0034137),0.0014535707837741265,49.98989898989899,326.6206097208578,F2RL1;CYBA,2,0.05515812259962235,0,0,1.2583905241948825,200
whole_ckd_up_traditional,Whole Dataset CKD Up Traditional,GO Biological Process,GO_Biological_Process_2026,42,Protein Import (GO:0017038),0.0014535707837741265,49.98989898989899,326.6206097208578,LAMP2;CLU,2,0.05515812259962235,0,0,1.2583905241948825,200
whole_ckd_up_traditional,Whole Dataset CKD Up Traditional,GO Biological Process,GO_Biological_Process_2026,43,Protein Targeting to Vacuole Involved in Autophagy (GO:0071211),0.0014535707837741265,49.98989898989899,326.6206097208578,LAMP2;CLU,2,0.05515812259962235,0,0,1.2583905241948825,200
whole_ckd_up_traditional,Whole Dataset CKD Up Traditional,GO Biological Process,GO_Biological_Process_2026,44,Intrinsic Apoptotic Signaling Pathway in Response to DNA Damage by P53 Class Mediator (GO:0042771),0.0015052246919242,15.060913705583756,97.87806321199126,PYCARD;DYRK2;TP53,3,0.05515812259962235,0,0,1.2583905241948825,200
whole_ckd_up_traditional,Whole Dataset CKD Up Traditional,GO Biological Process,GO_Biological_Process_2026,45,Positive Regulation of Release of Cytochrome C From Mitochondria (GO:0090200),0.0015052246919242,15.060913705583756,97.87806321199126,PYCARD;TNFSF10;TP53,3,0.05515812259962235,0,0,1.2583905241948825,200
whole_ckd_up_traditional,Whole Dataset CKD Up Traditional,GO Biological Process,GO_Biological_Process_2026,46,T Cell Activation (GO:0042110),0.0015592887441538072,5.158658046479119,33.34311780301567,CXADR;PTPRC;MDK;F2RL1;RASGRP1;SOX4,6,0.055897111719774524,0,0,1.2526106321237898,200
whole_ckd_up_traditional,Whole Dataset CKD Up Traditional,GO Biological Process,GO_Biological_Process_2026,47,Actin Filament Organization (GO:0007015),0.0018137748466219128,4.289843311068107,27.07897121060028,CDC42;MARCKS;SCIN;RUFY3;RHOF;PPP1R9A;PLS1,7,0.059529293692476185,0,0,1.2252692702666552,200
whole_ckd_up_traditional,Whole Dataset CKD Up Traditional,GO Biological Process,GO_Biological_Process_2026,48,Glycoprotein Biosynthetic Process (GO:0009101),0.0018137748466219128,4.289843311068107,27.07897121060028,GALNT7;GALNT3;TUSC3;GALNT1;OGA;PLOD2;STT3B,7,0.059529293692476185,0,0,1.2252692702666552,200
whole_ckd_up_traditional,Whole Dataset CKD Up Traditional,GO Biological Process,GO_Biological_Process_2026,49,Protein O-linked Glycosylation (GO:0006493),0.0019039709857819793,6.091133765832561,38.15372640786974,GALNT7;GALNT3;GALNT1;OGA;PLOD2,5,0.059529293692476185,0,0,1.2252692702666552,200
whole_ckd_up_traditional,Whole Dataset CKD Up Traditional,GO Biological Process,GO_Biological_Process_2026,50,Positive Regulation of Morphogenesis of an Epithelium (GO:1905332),0.0019263332020576173,13.690355329949238,85.59397680666795,PAX8;MDK;PAX2,3,0.059529293692476185,0,0,1.2252692702666552,200
whole_ckd_up_traditional,Whole Dataset CKD Up Traditional,GO Biological Process,GO_Biological_Process_2026,51,Regulation of Fc Receptor Mediated Stimulatory Signaling Pathway (GO:0060368),0.0020216133697869413,39.98989898989899,248.09171029141777,PTPRC;CD47,2,0.059529293692476185,0,0,1.2252692702666552,200
whole_ckd_up_traditional,Whole Dataset CKD Up Traditional,GO Biological Process,GO_Biological_Process_2026,52,Cardiac Muscle Cell-Cardiac Muscle Cell Adhesion (GO:0086042),0.0020216133697869413,39.98989898989899,248.09171029141777,CXADR;DSC2,2,0.059529293692476185,0,0,1.2252692702666552,200
whole_ckd_up_traditional,Whole Dataset CKD Up Traditional,GO Biological Process,GO_Biological_Process_2026,53,Metanephric Nephron Tubule Development (GO:0072234),0.0020216133697869413,39.98989898989899,248.09171029141777,PAX8;PAX2,2,0.059529293692476185,0,0,1.2252692702666552,200
whole_ckd_up_traditional,Whole Dataset CKD Up Traditional,GO Biological Process,GO_Biological_Process_2026,54,Nephron Tubule Development (GO:0072080),0.0020216133697869413,39.98989898989899,248.09171029141777,PAX8;HNF1B,2,0.059529293692476185,0,0,1.2252692702666552,200
whole_ckd_up_traditional,Whole Dataset CKD Up Traditional,GO Biological Process,GO_Biological_Process_2026,55,Positive Regulation of Hormone Metabolic Process (GO:0032352),0.0020216133697869413,39.98989898989899,248.09171029141777,PAX8;ARNT,2,0.059529293692476185,0,0,1.2252692702666552,200
whole_ckd_up_traditional,Whole Dataset CKD Up Traditional,GO Biological Process,GO_Biological_Process_2026,56,Protein Localization to Membrane Raft (GO:1903044),0.0020216133697869413,39.98989898989899,248.09171029141777,FLOT2;ZDHHC2,2,0.059529293692476185,0,0,1.2252692702666552,200
whole_ckd_up_traditional,Whole Dataset CKD Up Traditional,GO Biological Process,GO_Biological_Process_2026,57,Positive Regulation of Reactive Oxygen Species Metabolic Process (GO:2000379),0.0020765932331265552,8.061224489795919,49.79439807569174,AKR1C1;F2RL1;CYBA;TP53,4,0.060075477919748946,0,0,1.2213027655580337,200
whole_ckd_up_traditional,Whole Dataset CKD Up Traditional,GO Biological Process,GO_Biological_Process_2026,58,Synapse Assembly (GO:0007416),0.0024266394005639114,5.743589743589744,34.583577920617785,FZD1;CDH2;FLRT3;PTEN;ZDHHC2,5,0.06782251477169306,0,0,1.1686261111780814,200
whole_ckd_up_traditional,Whole Dataset CKD Up Traditional,GO Biological Process,GO_Biological_Process_2026,59,Positive Regulation of Supramolecular Fiber Organization (GO:1902905),0.0024266394005639114,5.743589743589744,34.583577920617785,PYCARD;SCIN;F2RL1;PFN1;CLU,5,0.06782251477169306,0,0,1.1686261111780814,200
whole_ckd_up_traditional,Whole Dataset CKD Up Traditional,GO Biological Process,GO_Biological_Process_2026,60,Collecting Duct Development (GO:0072044),0.0026777674677022855,33.323232323232325,197.36590289038227,PAX8;PAX2,2,0.06958923658253793,0,0,1.1574579278362074,200
whole_ckd_up_traditional,Whole Dataset CKD Up Traditional,GO Biological Process,GO_Biological_Process_2026,61,Regulation of Nephron Tubule Epithelial Cell Differentiation (GO:0072182),0.0026777674677022855,33.323232323232325,197.36590289038227,PROM1;PAX2,2,0.06958923658253793,0,0,1.1574579278362074,200
whole_ckd_up_traditional,Whole Dataset CKD Up Traditional,GO Biological Process,GO_Biological_Process_2026,62,Kidney Epithelium Development (GO:0072073),0.0026777674677022855,33.323232323232325,197.36590289038227,PAX8;PAX2,2,0.06958923658253793,0,0,1.1574579278362074,200
whole_ckd_up_traditional,Whole Dataset CKD Up Traditional,GO Biological Process,GO_Biological_Process_2026,63,Negative Regulation of Amyloid Precursor Protein Biosynthetic Process (GO:0042985),0.0026777674677022855,33.323232323232325,197.36590289038227,ADAM10;ITM2C,2,0.06958923658253793,0,0,1.1574579278362074,200
whole_ckd_up_traditional,Whole Dataset CKD Up Traditional,GO Biological Process,GO_Biological_Process_2026,64,Regulation of Tumor Necrosis Factor-Mediated Signaling Pathway (GO:0010803),0.0027008557557807325,7.462585034013605,44.13512048118966,PYCARD;ANXA4;ADAM10;F2RL1,4,0.06958923658253793,0,0,1.1574579278362074,200
whole_ckd_up_traditional,Whole Dataset CKD Up Traditional,GO Biological Process,GO_Biological_Process_2026,65,Positive Regulation of Tumor Necrosis Factor Production (GO:0032760),0.0030464945959450306,5.433416046319272,31.47992845042133,PYCARD;PTPRC;ADAM10;CYBA;CLU,5,0.0758745243992564,0,0,1.1199040181760058,200
whole_ckd_up_traditional,Whole Dataset CKD Up Traditional,GO Biological Process,GO_Biological_Process_2026,66,Renal System Development (GO:0072001),0.003056541487458822,7.19533527696793,41.664381947961964,PAX8;STAT1;HNF1B;PAX2,4,0.0758745243992564,0,0,1.1199040181760058,200
whole_ckd_up_traditional,Whole Dataset CKD Up Traditional,GO Biological Process,GO_Biological_Process_2026,67,Regulation of Cell Adhesion (GO:0030155),0.0030828339204064152,4.471801091570649,25.855533566652312,PKHD1;SEMA4D;MDK;TESC;ADAM10;ZDHHC2,6,0.0758745243992564,0,0,1.1199040181760058,200
whole_ckd_up_traditional,Whole Dataset CKD Up Traditional,GO Biological Process,GO_Biological_Process_2026,68,Regulation of Reactive Oxygen Species Metabolic Process (GO:2000377),0.003245825065519956,7.0687432867884,40.50662547348915,LRRK2;AKR1C1;TP53;PAX2,4,0.07871125783885893,0,0,1.1039631473406462,200
whole_ckd_up_traditional,Whole Dataset CKD Up Traditional,GO Biological Process,GO_Biological_Process_2026,69,Regulation of Epithelial Cell Apoptotic Process (GO:1904035),0.0034202318391573132,28.561327561327563,162.17255858986445,PKHD1;MDK,2,0.08057089003957728,0,0,1.0938218388240897,200
whole_ckd_up_traditional,Whole Dataset CKD Up Traditional,GO Biological Process,GO_Biological_Process_2026,70,Positive Regulation of Megakaryocyte Differentiation (GO:0045654),0.0034202318391573132,28.561327561327563,162.17255858986445,SCIN;TESC,2,0.08057089003957728,0,0,1.0938218388240897,200
whole_ckd_up_traditional,Whole Dataset CKD Up Traditional,GO Biological Process,GO_Biological_Process_2026,71,Regulation of Tumor Necrosis Factor Production (GO:0032680),0.0035353066924038914,4.343151693667157,24.51689684432704,PYCARD;PTPRC;ADAM10;CYBA;CD47;CLU,6,0.08129227436648365,0,0,1.0899507257396523,200
whole_ckd_up_traditional,Whole Dataset CKD Up Traditional,GO Biological Process,GO_Biological_Process_2026,72,Regulation of Cell Migration (GO:0030334),0.003577434425323511,2.613775694194014,14.723684370902724,CDC42;MMP7;SEMA4D;RBBP4;MDK;RUFY3;TP53INP1;PTEN;ADAM10;F2RL1;CLDN1;TMSB10,12,0.08129227436648365,0,0,1.0899507257396523,200
whole_ckd_up_traditional,Whole Dataset CKD Up Traditional,GO Biological Process,GO_Biological_Process_2026,73,Positive Regulation of Tumor Necrosis Factor Superfamily Cytokine Production (GO:1903557),0.0036188712929817765,5.208300290774518,29.278944973607796,PYCARD;PTPRC;ADAM10;CYBA;CLU,5,0.08129227436648365,0,0,1.0899507257396523,200
whole_ckd_up_traditional,Whole Dataset CKD Up Traditional,GO Biological Process,GO_Biological_Process_2026,74,Regulation of Phagocytosis (GO:0050764),0.0036480462723588783,6.828433068142512,38.33184278744158,PYCARD;PTPRC;CYBA;CD47,4,0.08129227436648365,0,0,1.0899507257396523,200
whole_ckd_up_traditional,Whole Dataset CKD Up Traditional,GO Biological Process,GO_Biological_Process_2026,75,Heterotypic Cell-Cell Adhesion (GO:0034113),0.0039464456405227145,10.382110974969368,57.46436072810552,CXADR;VCAM1;DSC2,3,0.08676918481629275,0,0,1.0616344826616986,200
whole_ckd_up_traditional,Whole Dataset CKD Up Traditional,GO Biological Process,GO_Biological_Process_2026,76,Positive Regulation of Cell Motility (GO:2000147),0.004136779008032516,3.311991869918699,18.17567421459369,CDC42;MMP7;SEMA4D;MDK;RUFY3;ADAM10;F2RL1;CLDN1,8,0.08975721821375814,0,0,1.046930615681671,200
whole_ckd_up_traditional,Whole Dataset CKD Up Traditional,GO Biological Process,GO_Biological_Process_2026,77,Urogenital System Development (GO:0001655),0.004247232134539841,24.98989898989899,136.4820277236255,PAX8;PAX2,2,0.08979084345969485,0,0,1.046767948830271,200
whole_ckd_up_traditional,Whole Dataset CKD Up Traditional,GO Biological Process,GO_Biological_Process_2026,78,Myelin Maintenance (GO:0043217),0.004247232134539841,24.98989898989899,136.4820277236255,PTEN;CLU,2,0.08979084345969485,0,0,1.046767948830271,200
whole_ckd_up_traditional,Whole Dataset CKD Up Traditional,GO Biological Process,GO_Biological_Process_2026,79,Positive Regulation of Response to Wounding (GO:1903036),0.004692069558581303,9.711314884558703,52.07091984713094,MDK;CLDN1;DSC2,3,0.09448807632863428,0,0,1.02462299266958,200
whole_ckd_up_traditional,Whole Dataset CKD Up Traditional,GO Biological Process,GO_Biological_Process_2026,80,Protein O-linked Glycosylation via N-acetyl-galactosamine (GO:0016266),0.004692069558581303,9.711314884558703,52.07091984713094,GALNT7;GALNT3;GALNT1,3,0.09448807632863428,0,0,1.02462299266958,200
whole_ckd_up_traditional,Whole Dataset CKD Up Traditional,GO Biological Process,GO_Biological_Process_2026,81,Generation of Neurons (GO:0048699),0.004774547732138089,3.5724477308823914,19.092789800447534,FZD1;EMX2;MYEF2;DCDC2;MET;SOX4;ITM2C,7,0.09448807632863428,0,0,1.02462299266958,200
whole_ckd_up_traditional,Whole Dataset CKD Up Traditional,GO Biological Process,GO_Biological_Process_2026,82,Protein Modification Process (GO:0036211),0.0048153817673231,2.6342778025021016,14.056348165211418,PTPRC;MAP3K1;DYRK2;LRRK2;STK38;OGA;PTEN;MAP3K21;STT3B;PRKACB;SUMF2,11,0.09448807632863428,0,0,1.02462299266958,200
whole_ckd_up_traditional,Whole Dataset CKD Up Traditional,GO Biological Process,GO_Biological_Process_2026,83,Bile Acid and Bile Salt Transport (GO:0015721),0.005094587706793724,9.407360406091371,49.666879272481374,ABCC3;SLC44A4;AKR1C1,3,0.09448807632863428,0,0,1.02462299266958,200
whole_ckd_up_traditional,Whole Dataset CKD Up Traditional,GO Biological Process,GO_Biological_Process_2026,84,Dendrite Morphogenesis (GO:0048813),0.005094587706793724,9.407360406091371,49.666879272481374,CDC42;PTEN;TMEM106B,3,0.09448807632863428,0,0,1.02462299266958,200
whole_ckd_up_traditional,Whole Dataset CKD Up Traditional,GO Biological Process,GO_Biological_Process_2026,85,Regulation of Cell Population Proliferation (GO:0042127),0.005127431842315388,2.175512769239559,11.471805943784561,STAT1;TESC;PTEN;ADAM10;CLU;PKHD1;SCIN;RBBP4;TP53INP1;ZNF503;MDM4;TIMP1;CD47;TP53;S100A11;SOX4,16,0.09448807632863428,0,0,1.02462299266958,200
whole_ckd_up_traditional,Whole Dataset CKD Up Traditional,GO Biological Process,GO_Biological_Process_2026,86,Regulation of Animal Organ Morphogenesis (GO:2000027),0.0051570205394645754,22.21212121212121,117.00004466783103,PKHD1;BTBD7,2,0.09448807632863428,0,0,1.02462299266958,200
whole_ckd_up_traditional,Whole Dataset CKD Up Traditional,GO Biological Process,GO_Biological_Process_2026,87,Regulation of Toll-Like Receptor 2 Signaling Pathway (GO:0034135),0.0051570205394645754,22.21212121212121,117.00004466783103,F2RL1;CYBA,2,0.09448807632863428,0,0,1.02462299266958,200
whole_ckd_up_traditional,Whole Dataset CKD Up Traditional,GO Biological Process,GO_Biological_Process_2026,88,Mesenchymal to Epithelial Transition (GO:0060231),0.0051570205394645754,22.21212121212121,117.00004466783103,PAX8;PAX2,2,0.09448807632863428,0,0,1.02462299266958,200
whole_ckd_up_traditional,Whole Dataset CKD Up Traditional,GO Biological Process,GO_Biological_Process_2026,89,Mesonephros Development (GO:0001823),0.0051570205394645754,22.21212121212121,117.00004466783103,PAX8;PAX2,2,0.09448807632863428,0,0,1.02462299266958,200
whole_ckd_up_traditional,Whole Dataset CKD Up Traditional,GO Biological Process,GO_Biological_Process_2026,90,Metanephric Mesenchyme Development (GO:0072075),0.0051570205394645754,22.21212121212121,117.00004466783103,STAT1;PAX2,2,0.09448807632863428,0,0,1.02462299266958,200
whole_ckd_up_traditional,Whole Dataset CKD Up Traditional,GO Biological Process,GO_Biological_Process_2026,91,Negative Regulation of Cell Adhesion (GO:0007162),0.005594200957244253,6.0106609808102345,31.171436677274254,PTPRC;SEMA4D;MDK;ADAM10,4,0.10137183932412938,0,0,0.9940826734514523,200
whole_ckd_up_traditional,Whole Dataset CKD Up Traditional,GO Biological Process,GO_Biological_Process_2026,92,Kidney Development (GO:0001822),0.005877786338127073,5.921968787515006,30.41863718634327,PAX8;HNF1B;SOX4;PAX2,4,0.10535293121273416,0,0,0.9773533766025708,200
whole_ckd_up_traditional,Whole Dataset CKD Up Traditional,GO Biological Process,GO_Biological_Process_2026,93,Cell-cell Adhesion Mediated by Cadherin (GO:0044331),0.005960437831234491,8.853090474768587,45.35094165112317,CDH6;CDH2;FAT1,3,0.105685612728018,0,0,0.9759841303662927,200
whole_ckd_up_traditional,Whole Dataset CKD Up Traditional,GO Biological Process,GO_Biological_Process_2026,94,Regulation of Pseudopodium Assembly (GO:0031272),0.0061478754316609515,19.98989898989899,101.78154350719133,CDC42;F2RL1,2,0.10671417459798851,0,0,0.9717778904084149,200
whole_ckd_up_traditional,Whole Dataset CKD Up Traditional,GO Biological Process,GO_Biological_Process_2026,95,Positive Regulation of Pseudopodium Assembly (GO:0031274),0.0061478754316609515,19.98989898989899,101.78154350719133,CDC42;F2RL1,2,0.10671417459798851,0,0,0.9717778904084149,200
whole_ckd_up_traditional,Whole Dataset CKD Up Traditional,GO Biological Process,GO_Biological_Process_2026,96,Positive Regulation of Epithelial Cell Proliferation (GO:0050679),0.0064587671283627,4.507326007326007,22.727365768827884,PKHD1;MDK;ARNT;CLDN1;PAX2,5,0.11094278119448012,0,0,0.9549009511101852,200
whole_ckd_up_traditional,Whole Dataset CKD Up Traditional,GO Biological Process,GO_Biological_Process_2026,97,Neuron Projection Morphogenesis (GO:0048812),0.006570872157761837,3.7963917525773194,19.07728125021701,CDC42;FLRT3;LRRK2;PTEN;TMEM106B;PAX2,6,0.11170482668195122,0,0,0.9519280609394579,200
whole_ckd_up_traditional,Whole Dataset CKD Up Traditional,GO Biological Process,GO_Biological_Process_2026,98,Intrinsic Apoptotic Signaling Pathway by P53 Class Mediator (GO:0072332),0.00690907387399907,8.360406091370558,41.59234877252794,PYCARD;DYRK2;TP53,3,0.11217772456164637,0,0,0.9500933735647207,200
whole_ckd_up_traditional,Whole Dataset CKD Up Traditional,GO Biological Process,GO_Biological_Process_2026,99,Positive Regulation of Axonogenesis (GO:0050772),0.00690907387399907,8.360406091370558,41.59234877252794,CDH2;SEMA4D;RUFY3,3,0.11217772456164637,0,0,0.9500933735647207,200
whole_ckd_up_traditional,Whole Dataset CKD Up Traditional,GO Biological Process,GO_Biological_Process_2026,100,Cellular Component Assembly (GO:0022607),0.007051224218738929,2.6263022595048033,13.012156441687093,FZD1;CDC42;SCIN;RBBP4;CAPZA1;STX7;MDM4;TP53;LIMD2;PLS1,10,0.11217772456164637,0,0,0.9500933735647207,200
whole_ckd_up_traditional,Whole Dataset CKD Up Traditional,GO Biological Process,GO_Biological_Process_2026,101,Positive Regulation of Cytoskeleton Organization (GO:0051495),0.007107636498802521,5.591836734693878,27.660498564595542,PYCARD;SCIN;F2RL1;PFN1,4,0.11217772456164637,0,0,0.9500933735647207,200
whole_ckd_up_traditional,Whole Dataset CKD Up Traditional,GO Biological Process,GO_Biological_Process_2026,102,Regulation of Dendritic Cell Differentiation (GO:2001198),0.007218101036314867,18.171717171717173,89.6077061786221,TMEM176B;TMEM176A,2,0.11217772456164637,0,0,0.9500933735647207,200
whole_ckd_up_traditional,Whole Dataset CKD Up Traditional,GO Biological Process,GO_Biological_Process_2026,103,Negative Regulation of Epithelial Cell Apoptotic Process (GO:1904036),0.007218101036314867,18.171717171717173,89.6077061786221,PKHD1;MDK,2,0.11217772456164637,0,0,0.9500933735647207,200
whole_ckd_up_traditional,Whole Dataset CKD Up Traditional,GO Biological Process,GO_Biological_Process_2026,104,Negative Regulation of Glycoprotein Biosynthetic Process (GO:0010561),0.007218101036314867,18.171717171717173,89.6077061786221,ADAM10;ITM2C,2,0.11217772456164637,0,0,0.9500933735647207,200
whole_ckd_up_traditional,Whole Dataset CKD Up Traditional,GO Biological Process,GO_Biological_Process_2026,105,Positive Regulation of Cellular Extravasation (GO:0002693),0.007218101036314867,18.171717171717173,89.6077061786221,MDK;CD47,2,0.11217772456164637,0,0,0.9500933735647207,200
whole_ckd_up_traditional,Whole Dataset CKD Up Traditional,GO Biological Process,GO_Biological_Process_2026,106,Protein-containing Complex Assembly (GO:0065003),0.007265946885439006,2.7801047120418847,13.690783161904756,CAPZA1;LRRK2;TMED2;ADAM10;CYBA;MDM4;TP53;CLDN1;CLU,9,0.11217772456164637,0,0,0.9500933735647207,200
whole_ckd_up_traditional,Whole Dataset CKD Up Traditional,GO Biological Process,GO_Biological_Process_2026,107,Nervous System Development (GO:0007399),0.007349995876394276,2.3712950436600666,11.650304219909376,MARCKS;EMX2;VCAN;SCIN;PAX8;CDH2;FLRT3;MDK;PTEN;ZDHHC2;SOX4;PAX2,12,0.11217772456164637,0,0,0.9500933735647207,200
whole_ckd_up_traditional,Whole Dataset CKD Up Traditional,GO Biological Process,GO_Biological_Process_2026,108,Regulation of Intracellular Signal Transduction (GO:1902531),0.007400777774111714,2.771563246389649,13.597760950549022,PKHD1;PYCARD;TNFAIP8;DYRK2;ARHGEF28;LRRK2;PTEN;F2RL1;RHOF,9,0.11217772456164637,0,0,0.9500933735647207,200
whole_ckd_up_traditional,Whole Dataset CKD Up Traditional,GO Biological Process,GO_Biological_Process_2026,109,Positive Regulation of Extrinsic Apoptotic Signaling Pathway (GO:2001238),0.0074150224240263525,8.134037590890383,39.89133172446582,PYCARD;TNFSF10;LTB,3,0.11217772456164637,0,0,0.9500933735647207,200
whole_ckd_up_traditional,Whole Dataset CKD Up Traditional,GO Biological Process,GO_Biological_Process_2026,110,Tumor Necrosis Factor-Mediated Signaling Pathway (GO:0033209),0.007942343574308956,7.919583222014427,38.29551599382337,PYCARD;STAT1;TP53,3,0.11906295049123151,0,0,0.9242233594276075,200
whole_ckd_up_traditional,Whole Dataset CKD Up Traditional,GO Biological Process,GO_Biological_Process_2026,111,Positive Regulation of Organelle Organization (GO:0010638),0.008133898467797572,5.36734693877551,25.826143528716216,PYCARD;LRRK2;TNFSF10;TP53,4,0.12083602318376753,0,0,0.9178035761641106,200
whole_ckd_up_traditional,Whole Dataset CKD Up Traditional,GO Biological Process,GO_Biological_Process_2026,112,Regulation of Amyloid Precursor Protein Biosynthetic Process (GO:0042984),0.008366027088182239,16.656565656565657,79.67795051677446,ADAM10;ITM2C,2,0.12101384796853082,0,0,0.9171649292521444,200
whole_ckd_up_traditional,Whole Dataset CKD Up Traditional,GO Biological Process,GO_Biological_Process_2026,113,Central Nervous System Myelination (GO:0022010),0.008366027088182239,16.656565656565657,79.67795051677446,PTEN;CLU,2,0.12101384796853082,0,0,0.9171649292521444,200
whole_ckd_up_traditional,Whole Dataset CKD Up Traditional,GO Biological Process,GO_Biological_Process_2026,114,Positive Regulation of Ruffle Assembly (GO:1900029),0.008366027088182239,16.656565656565657,79.67795051677446,EPS8L2;PFN1,2,0.12101384796853082,0,0,0.9171649292521444,200
whole_ckd_up_traditional,Whole Dataset CKD Up Traditional,GO Biological Process,GO_Biological_Process_2026,115,Extracellular Matrix Disassembly (GO:0022617),0.009061882822613368,7.522842639593908,35.3850321555175,MMP7;ADAM10;CTSS,3,0.1299395197781691,0,0,0.8862587426043321,200
whole_ckd_up_traditional,Whole Dataset CKD Up Traditional,GO Biological Process,GO_Biological_Process_2026,116,Regulation of Neuron Projection Development (GO:0010975),0.009356273794407276,3.5087897026398904,16.392041508856156,FZD1;MDK;RUFY3;LRRK2;PTEN;ITM2C,6,0.13300427143946206,0,0,0.8761344114178757,200
whole_ckd_up_traditional,Whole Dataset CKD Up Traditional,GO Biological Process,GO_Biological_Process_2026,117,Negative Regulation of GTPase Activity (GO:0034260),0.009590008493683598,15.374514374514375,71.44588341233826,LRRK2;TMED2,2,0.1341774665998633,0,0,0.8723204122819305,200
whole_ckd_up_traditional,Whole Dataset CKD Up Traditional,GO Biological Process,GO_Biological_Process_2026,118,Lytic Vacuole Organization (GO:0080171),0.009654459200215517,7.338987247740498,34.05536215760635,TMEM63A;LRRK2;TMEM106B,3,0.1341774665998633,0,0,0.8723204122819305,200
whole_ckd_up_traditional,Whole Dataset CKD Up Traditional,GO Biological Process,GO_Biological_Process_2026,119,Central Nervous System Development (GO:0007417),0.009682909960814877,2.842948717948718,13.183869935520832,MARCKS;EMX2;VCAN;SCIN;PAX8;RBBP4;PTEN;SOX4,8,0.1341774665998633,0,0,0.8723204122819305,200
whole_ckd_up_traditional,Whole Dataset CKD Up Traditional,GO Biological Process,GO_Biological_Process_2026,120,Regulation of Rho Protein Signal Transduction (GO:0035023),0.010051872319132014,5.030612244897959,23.140798022233806,SEMA4D;ARHGEF28;F2RL1;EPS8L2,4,0.13812947878540577,0,0,0.859713626941838,200
whole_ckd_up_traditional,Whole Dataset CKD Up Traditional,GO Biological Process,GO_Biological_Process_2026,121,Regulation of Intrinsic Apoptotic Signaling Pathway (GO:2001242),0.010269125320643951,7.163886874546773,32.800668633723014,PYCARD;CLU;TP53,3,0.1399486582953874,0,0,0.8540312608112719,200
whole_ckd_up_traditional,Whole Dataset CKD Up Traditional,GO Biological Process,GO_Biological_Process_2026,122,Regulation of Interleukin-8 Production (GO:0032677),0.010467619884929202,4.968253968253968,22.652598000226295,PYCARD;PTPRC;ANXA4;F2RL1,4,0.14148446877252668,0,0,0.8492912314937047,200
whole_ckd_up_traditional,Whole Dataset CKD Up Traditional,GO Biological Process,GO_Biological_Process_2026,123,Cellular Response to Oxidative Stress (GO:0034599),0.010583803556271495,3.971936200282657,18.066075411006178,LRRK2;GPX8;ARNT;TP53;PAM,5,0.1418918054007455,0,0,0.8480426853882086,200
whole_ckd_up_traditional,Whole Dataset CKD Up Traditional,GO Biological Process,GO_Biological_Process_2026,124,Regulation of Cell Projection Organization (GO:0031344),0.010888425001890752,14.275613275613276,64.52655688502057,SEMA4D;LRRK2,2,0.14364010262494278,0,0,0.8427242932603168,200
whole_ckd_up_traditional,Whole Dataset CKD Up Traditional,GO Biological Process,GO_Biological_Process_2026,125,Dendritic Spine Morphogenesis (GO:0060997),0.010888425001890752,14.275613275613276,64.52655688502057,CDC42;PTEN,2,0.14364010262494278,0,0,0.8427242932603168,200
whole_ckd_up_traditional,Whole Dataset CKD Up Traditional,GO Biological Process,GO_Biological_Process_2026,126,Cellular Component Disassembly (GO:0022411),0.01156531191621091,6.83756345177665,30.49378950483647,MMP7;ADAM10;CTSS,3,0.15016692401442353,0,0,0.8234257151341148,200
whole_ckd_up_traditional,Whole Dataset CKD Up Traditional,GO Biological Process,GO_Biological_Process_2026,127,Positive Regulation of Chemotaxis (GO:0050921),0.01156531191621091,6.83756345177665,30.49378950483647,MDK;F2RL1;MET,3,0.15016692401442353,0,0,0.8234257151341148,200
whole_ckd_up_traditional,Whole Dataset CKD Up Traditional,GO Biological Process,GO_Biological_Process_2026,128,Regulation of Cell-Cell Adhesion (GO:0022407),0.012247096503504439,6.685279187817259,29.431716933517144,PKHD1;CD47;ZDHHC2,3,0.15432224246299311,0,0,0.8115714745669458,200
whole_ckd_up_traditional,Whole Dataset CKD Up Traditional,GO Biological Process,GO_Biological_Process_2026,129,Cell-cell Adhesion Mediated by Integrin (GO:0033631),0.012259680874864825,13.323232323232324,58.64139939765107,VCAM1;NPNT,2,0.15432224246299311,0,0,0.8115714745669458,200
whole_ckd_up_traditional,Whole Dataset CKD Up Traditional,GO Biological Process,GO_Biological_Process_2026,130,Choline Transport (GO:0015871),0.012259680874864825,13.323232323232324,58.64139939765107,SLC44A4;SLC35F5,2,0.15432224246299311,0,0,0.8115714745669458,200
whole_ckd_up_traditional,Whole Dataset CKD Up Traditional,GO Biological Process,GO_Biological_Process_2026,131,Stem Cell Development (GO:0048864),0.012259680874864825,13.323232323232324,58.64139939765107,PTPRC;CDH2,2,0.15432224246299311,0,0,0.8115714745669458,200
whole_ckd_up_traditional,Whole Dataset CKD Up Traditional,GO Biological Process,GO_Biological_Process_2026,132,Protein Localization to Cell Periphery (GO:1990778),0.012646724258671974,3.791594370541739,16.57062118510299,FYB1;TESC;FLOT2;TMED2;ZDHHC2,5,0.15762101772961093,0,0,0.8023858726624955,200
whole_ckd_up_traditional,Whole Dataset CKD Up Traditional,GO Biological Process,GO_Biological_Process_2026,133,Cellular Response to Hormone Stimulus (GO:0032870),0.01271291410432884,4.678215472235406,20.421051187786542,PAX8;AKR1C1;TFPI;CTSS,4,0.15762101772961093,0,0,0.8023858726624955,200
whole_ckd_up_traditional,Whole Dataset CKD Up Traditional,GO Biological Process,GO_Biological_Process_2026,134,Extracellular Matrix Organization (GO:0030198),0.012897994863156112,3.261390089790489,14.189275778913128,COL27A1;MMP7;ADAM10;PLOD2;NPNT;CTSS,6,0.15872233977122707,0,0,0.7993619430840301,200
whole_ckd_up_traditional,Whole Dataset CKD Up Traditional,GO Biological Process,GO_Biological_Process_2026,135,Regulation of Interleukin-12 Production (GO:0032655),0.013678626042992382,6.400151204233719,27.468942123223947,MDK;CD47;LTB,3,0.16024776829051587,0,0,0.7952080100204593,200
whole_ckd_up_traditional,Whole Dataset CKD Up Traditional,GO Biological Process,GO_Biological_Process_2026,136,Regulation of Cartilage Development (GO:0061035),0.013702204565774857,12.48989898989899,53.58414643474309,SCIN;MDK,2,0.16024776829051587,0,0,0.7952080100204593,200
whole_ckd_up_traditional,Whole Dataset CKD Up Traditional,GO Biological Process,GO_Biological_Process_2026,137,Regulation of Complement Activation (GO:0030449),0.013702204565774857,12.48989898989899,53.58414643474309,CFI;CLU,2,0.16024776829051587,0,0,0.7952080100204593,200
whole_ckd_up_traditional,Whole Dataset CKD Up Traditional,GO Biological Process,GO_Biological_Process_2026,138,Regulation of Leukocyte Chemotaxis (GO:0002688),0.013702204565774857,12.48989898989899,53.58414643474309,MDK;F2RL1,2,0.16024776829051587,0,0,0.7952080100204593,200
whole_ckd_up_traditional,Whole Dataset CKD Up Traditional,GO Biological Process,GO_Biological_Process_2026,139,Positive Regulation of Smooth Muscle Cell Migration (GO:0014911),0.013702204565774857,12.48989898989899,53.58414643474309,MDK;S100A11,2,0.16024776829051587,0,0,0.7952080100204593,200
whole_ckd_up_traditional,Whole Dataset CKD Up Traditional,GO Biological Process,GO_Biological_Process_2026,140,Positive Regulation of Stem Cell Proliferation (GO:2000648),0.013702204565774857,12.48989898989899,53.58414643474309,PTPRC;N4BP2L2,2,0.16024776829051587,0,0,0.7952080100204593,200
whole_ckd_up_traditional,Whole Dataset CKD Up Traditional,GO Biological Process,GO_Biological_Process_2026,141,Presynapse Assembly (GO:0099054),0.013702204565774857,12.48989898989899,53.58414643474309,FZD1;PTEN,2,0.16024776829051587,0,0,0.7952080100204593,200
whole_ckd_up_traditional,Whole Dataset CKD Up Traditional,GO Biological Process,GO_Biological_Process_2026,142,Regulation of Apoptotic Process (GO:0042981),0.014029067117748139,2.02970657918717,8.659994558209114,TNFAIP8;SEMA4D;STAT1;ANXA4;CLU;PAX2;PKHD1;PYCARD;RNF144B;SCIN;PAX8;TNFSF10;TP53;SOX4,14,0.16291501181103296,0,0,0.788038895763229,200
whole_ckd_up_traditional,Whole Dataset CKD Up Traditional,GO Biological Process,GO_Biological_Process_2026,143,Cellular Response to Tumor Necrosis Factor (GO:0071356),0.014196823423564662,4.519834900252236,19.23070897367363,PYCARD;STAT1;NPNT;TP53,4,0.16296378283133975,0,0,0.7879089027382001,200
whole_ckd_up_traditional,Whole Dataset CKD Up Traditional,GO Biological Process,GO_Biological_Process_2026,144,Regulation of Interleukin-10 Production (GO:0032653),0.014428570220361191,6.266497461928934,26.5608314530226,PYCARD;F2RL1;CD47,3,0.16296378283133975,0,0,0.7879089027382001,200
whole_ckd_up_traditional,Whole Dataset CKD Up Traditional,GO Biological Process,GO_Biological_Process_2026,145,Stem Cell Differentiation (GO:0048863),0.014428570220361191,6.266497461928934,26.5608314530226,PTPRC;TP53;PAX2,3,0.16296378283133975,0,0,0.7879089027382001,200
whole_ckd_up_traditional,Whole Dataset CKD Up Traditional,GO Biological Process,GO_Biological_Process_2026,146,Positive Regulation of Leukocyte Cell-Cell Adhesion (GO:1903039),0.014428570220361191,6.266497461928934,26.5608314530226,PYCARD;MDK;CD47,3,0.16296378283133975,0,0,0.7879089027382001,200
whole_ckd_up_traditional,Whole Dataset CKD Up Traditional,GO Biological Process,GO_Biological_Process_2026,147,Regulation of Cell Differentiation (GO:0045595),0.01481370070245473,3.158505154639175,13.30426426657909,SCIN;RBBP4;MDK;FLOT2;NREP;ARID1B,6,0.16323569837997018,0,0,0.787184858363709,200
whole_ckd_up_traditional,Whole Dataset CKD Up Traditional,GO Biological Process,GO_Biological_Process_2026,148,Protein Localization to Membrane (GO:0072657),0.015151192505367015,3.141979595107099,13.163876618045636,PIGR;FYB1;TESC;TMED2;FLOT2;ZDHHC2,6,0.16323569837997018,0,0,0.787184858363709,200
whole_ckd_up_traditional,Whole Dataset CKD Up Traditional,GO Biological Process,GO_Biological_Process_2026,149,Lysosome Organization (GO:0007040),0.015201416371036487,6.1382989744121,25.697170256408317,TMEM63A;LRRK2;TMEM106B,3,0.16323569837997018,0,0,0.787184858363709,200
whole_ckd_up_traditional,Whole Dataset CKD Up Traditional,GO Biological Process,GO_Biological_Process_2026,150,Actin Filament Capping (GO:0051693),0.015214448401771344,11.754604872251932,49.19901329869125,SCIN;CAPZA1,2,0.16323569837997018,0,0,0.787184858363709,200
whole_ckd_up_traditional,Whole Dataset CKD Up Traditional,GO Biological Process,GO_Biological_Process_2026,151,Barbed-end Actin Filament Capping (GO:0051016),0.015214448401771344,11.754604872251932,49.19901329869125,SCIN;CAPZA1,2,0.16323569837997018,0,0,0.787184858363709,200
whole_ckd_up_traditional,Whole Dataset CKD Up Traditional,GO Biological Process,GO_Biological_Process_2026,152,Epithelial Cell Morphogenesis (GO:0003382),0.015214448401771344,11.754604872251932,49.19901329869125,PKHD1;MET,2,0.16323569837997018,0,0,0.787184858363709,200
whole_ckd_up_traditional,Whole Dataset CKD Up Traditional,GO Biological Process,GO_Biological_Process_2026,153,Response to Axon Injury (GO:0048678),0.015214448401771344,11.754604872251932,49.19901329869125,FLRT3;NREP,2,0.16323569837997018,0,0,0.787184858363709,200
whole_ckd_up_traditional,Whole Dataset CKD Up Traditional,GO Biological Process,GO_Biological_Process_2026,154,Positive Regulation of Plasma Membrane Bounded Cell Projection Assembly (GO:0120034),0.01524457098272614,4.4200493384166855,18.491417143603506,CDC42;F2RL1;EPS8L2;PFN1,4,0.16323569837997018,0,0,0.787184858363709,200
whole_ckd_up_traditional,Whole Dataset CKD Up Traditional,GO Biological Process,GO_Biological_Process_2026,155,Regulation of Wound Healing (GO:0061041),0.015997238813927166,6.0152284263959395,24.875009582390742,F2RL1;CLDN1;DSC2,3,0.16909901797542243,0,0,0.7718589145139881,200
whole_ckd_up_traditional,Whole Dataset CKD Up Traditional,GO Biological Process,GO_Biological_Process_2026,156,Positive Regulation of Actin Filament Bundle Assembly (GO:0032233),0.015997238813927166,6.0152284263959395,24.875009582390742,CDC42;CD47;PFN1,3,0.16909901797542243,0,0,0.7718589145139881,200
whole_ckd_up_traditional,Whole Dataset CKD Up Traditional,GO Biological Process,GO_Biological_Process_2026,157,Neuron Differentiation (GO:0030182),0.016554606752967327,3.0775550787587003,12.621333011533425,FZD1;EMX2;MYEF2;MET;SOX4;ITM2C,6,0.1701185974841612,0,0,0.769248206415341,200
whole_ckd_up_traditional,Whole Dataset CKD Up Traditional,GO Biological Process,GO_Biological_Process_2026,158,B Cell Proliferation (GO:0042100),0.016794888254868964,11.1010101010101,45.36628383483138,PTPRC;RASGRP1,2,0.1701185974841612,0,0,0.769248206415341,200
whole_ckd_up_traditional,Whole Dataset CKD Up Traditional,GO Biological Process,GO_Biological_Process_2026,159,Regulation of Megakaryocyte Differentiation (GO:0045652),0.016794888254868964,11.1010101010101,45.36628383483138,SCIN;TESC,2,0.1701185974841612,0,0,0.769248206415341,200
whole_ckd_up_traditional,Whole Dataset CKD Up Traditional,GO Biological Process,GO_Biological_Process_2026,160,Ureteric Bud Development (GO:0001657),0.016794888254868964,11.1010101010101,45.36628383483138,PAX8;NPNT,2,0.1701185974841612,0,0,0.769248206415341,200
whole_ckd_up_traditional,Whole Dataset CKD Up Traditional,GO Biological Process,GO_Biological_Process_2026,161,Negative Regulation of Amyloid-Beta Formation (GO:1902430),0.016794888254868964,11.1010101010101,45.36628383483138,ADAM10;CLU,2,0.1701185974841612,0,0,0.769248206415341,200
whole_ckd_up_traditional,Whole Dataset CKD Up Traditional,GO Biological Process,GO_Biological_Process_2026,162,Autophagosome Maturation (GO:0097352),0.016816102196470534,5.896984174380412,24.09164757699128,SNX14;LAMP2;EPG5,3,0.1701185974841612,0,0,0.769248206415341,200
whole_ckd_up_traditional,Whole Dataset CKD Up Traditional,GO Biological Process,GO_Biological_Process_2026,163,Regulation of Osteoblast Differentiation (GO:0045667),0.016905547622331568,4.278332609639601,17.456082420924414,FZD1;SEMA4D;PTEN;NPNT,4,0.1701185974841612,0,0,0.769248206415341,200
whole_ckd_up_traditional,Whole Dataset CKD Up Traditional,GO Biological Process,GO_Biological_Process_2026,164,Regulation of Programmed Cell Death (GO:0043067),0.01691901151449511,3.0618556701030926,12.490280951020742,PAX8;STAT1;LRRK2;TP53;CLU;PAX2,6,0.1701185974841612,0,0,0.769248206415341,200
whole_ckd_up_traditional,Whole Dataset CKD Up Traditional,GO Biological Process,GO_Biological_Process_2026,165,Negative Regulation of Wnt Signaling Pathway (GO:0030178),0.017104436296927556,3.5,14.239460957930145,RNF43;RNF213;MDK;TPBG;BICC1,5,0.17073583665158046,0,0,0.7676753129418138,200
whole_ckd_up_traditional,Whole Dataset CKD Up Traditional,GO Biological Process,GO_Biological_Process_2026,166,Negative Regulation of Cell Population Proliferation (GO:0008285),0.01718747658226947,2.3952468408212493,9.73326342318062,SCIN;RBBP4;TESC;TP53INP1;PTEN;ZNF503;MDM4;TP53;S100A11,9,0.17073583665158046,0,0,0.7676753129418138,200
whole_ckd_up_traditional,Whole Dataset CKD Up Traditional,GO Biological Process,GO_Biological_Process_2026,167,Negative Regulation of Neuron Projection Development (GO:0010977),0.017658061740962884,5.783287778211636,23.34460456181631,RUFY3;PTEN;ITM2C,3,0.1743601425799269,0,0,0.7585527845175667,200
whole_ckd_up_traditional,Whole Dataset CKD Up Traditional,GO Biological Process,GO_Biological_Process_2026,168,Atrioventricular Valve Morphogenesis (GO:0003181),0.01844202324839397,10.516214779372675,41.9925427496273,MDM4;SOX4,2,0.1788876255094215,0,0,0.7474197005664929,200
whole_ckd_up_traditional,Whole Dataset CKD Up Traditional,GO Biological Process,GO_Biological_Process_2026,169,Excitatory Postsynaptic Potential (GO:0060079),0.01844202324839397,10.516214779372675,41.9925427496273,LRRK2;MET,2,0.1788876255094215,0,0,0.7474197005664929,200
whole_ckd_up_traditional,Whole Dataset CKD Up Traditional,GO Biological Process,GO_Biological_Process_2026,170,Glycoprotein Catabolic Process (GO:0006516),0.01844202324839397,10.516214779372675,41.9925427496273,OGA;STT3B,2,0.1788876255094215,0,0,0.7474197005664929,200
whole_ckd_up_traditional,Whole Dataset CKD Up Traditional,GO Biological Process,GO_Biological_Process_2026,171,Regulation of Ubiquitin-Dependent Protein Catabolic Process (GO:2000058),0.01941144445372479,5.568527918781726,21.950538252832054,XPO1;PTEN;CLU,3,0.18610158083832662,0,0,0.7302499377427092,200
whole_ckd_up_traditional,Whole Dataset CKD Up Traditional,GO Biological Process,GO_Biological_Process_2026,172,Positive Regulation of Developmental Growth (GO:0048639),0.01941144445372479,5.568527918781726,21.950538252832054,CDH2;SEMA4D;RUFY3,3,0.18610158083832662,0,0,0.7302499377427092,200
whole_ckd_up_traditional,Whole Dataset CKD Up Traditional,GO Biological Process,GO_Biological_Process_2026,173,Negative Regulation of Protein Metabolic Process (GO:0051248),0.020424522640324048,3.336559687553065,12.982617171774654,TIA1;CAPRIN1;FLOT2;MDM4;CLU,5,0.19468229961788644,0,0,0.7106735324436325,200
whole_ckd_up_traditional,Whole Dataset CKD Up Traditional,GO Biological Process,GO_Biological_Process_2026,174,Positive Regulation of DNA-templated Transcription (GO:0045893),0.021103521932761,1.6932076966955067,6.5329292235058825,FZD1;ATF7IP;STAT1;TESC;MACC1;PTEN;ARNT;HNF1B;ARID1B;PAX2;PAX8;RBBP4;KANSL1;TBL1XR1;TP53INP1;SPP1;HOXB3;F2RL1;TP53;MET;SOX4,21,0.1965400933757974,0,0,0.7065488419515233,200
whole_ckd_up_traditional,Whole Dataset CKD Up Traditional,GO Biological Process,GO_Biological_Process_2026,175,Regulation of Myoblast Differentiation (GO:0045661),0.021257649022340525,5.369108049311095,20.676641778420727,FLOT2;ARID1B;SOX4,3,0.1965400933757974,0,0,0.7065488419515233,200
whole_ckd_up_traditional,Whole Dataset CKD Up Traditional,GO Biological Process,GO_Biological_Process_2026,176,Signal Transduction by P53 Class Mediator (GO:0072331),0.021257649022340525,5.369108049311095,20.676641778420727,PYCARD;MDM4;TP53,3,0.1965400933757974,0,0,0.7065488419515233,200
whole_ckd_up_traditional,Whole Dataset CKD Up Traditional,GO Biological Process,GO_Biological_Process_2026,177,Organic Hydroxy Compound Transport (GO:0015850),0.021257649022340525,5.369108049311095,20.676641778420727,ABCC3;SLC44A4;AKR1C1,3,0.1965400933757974,0,0,0.7065488419515233,200
whole_ckd_up_traditional,Whole Dataset CKD Up Traditional,GO Biological Process,GO_Biological_Process_2026,178,Cell Junction Maintenance (GO:0034331),0.021930489497360046,9.513708513708513,36.34120010270031,F2RL1;CLDN1,2,0.1965400933757974,0,0,0.7065488419515233,200
whole_ckd_up_traditional,Whole Dataset CKD Up Traditional,GO Biological Process,GO_Biological_Process_2026,179,Regulation of Neural Precursor Cell Proliferation (GO:2000177),0.021930489497360046,9.513708513708513,36.34120010270031,MDK;LRRK2,2,0.1965400933757974,0,0,0.7065488419515233,200
whole_ckd_up_traditional,Whole Dataset CKD Up Traditional,GO Biological Process,GO_Biological_Process_2026,180,Synaptic Membrane Adhesion (GO:0099560),0.021930489497360046,9.513708513708513,36.34120010270031,CDH6;GPC4,2,0.1965400933757974,0,0,0.7065488419515233,200
whole_ckd_up_traditional,Whole Dataset CKD Up Traditional,GO Biological Process,GO_Biological_Process_2026,181,Membrane Protein Ectodomain Proteolysis (GO:0006509),0.021930489497360046,9.513708513708513,36.34120010270031,MMP7;ADAM10,2,0.1965400933757974,0,0,0.7065488419515233,200
whole_ckd_up_traditional,Whole Dataset CKD Up Traditional,GO Biological Process,GO_Biological_Process_2026,182,Negative Regulation of Protein Serine/Threonine Kinase Activity (GO:0071901),0.021930489497360046,9.513708513708513,36.34120010270031,PYCARD;STK38,2,0.1965400933757974,0,0,0.7065488419515233,200
whole_ckd_up_traditional,Whole Dataset CKD Up Traditional,GO Biological Process,GO_Biological_Process_2026,183,Phosphatidylcholine Biosynthetic Process (GO:0006656),0.021930489497360046,9.513708513708513,36.34120010270031,SLC44A4;CEPT1,2,0.1965400933757974,0,0,0.7065488419515233,200
whole_ckd_up_traditional,Whole Dataset CKD Up Traditional,GO Biological Process,GO_Biological_Process_2026,184,Positive Regulation of Axon Extension (GO:0045773),0.021930489497360046,9.513708513708513,36.34120010270031,CDH2;RUFY3,2,0.1965400933757974,0,0,0.7065488419515233,200
whole_ckd_up_traditional,Whole Dataset CKD Up Traditional,GO Biological Process,GO_Biological_Process_2026,185,Protein Localization to Plasma Membrane (GO:0072659),0.023037596477816998,3.2287968441814594,12.174591038338239,FYB1;TESC;FLOT2;TMED2;ZDHHC2,5,0.20534592752389316,0,0,0.6875139057708303,200
whole_ckd_up_traditional,Whole Dataset CKD Up Traditional,GO Biological Process,GO_Biological_Process_2026,186,Ear Morphogenesis (GO:0042471),0.023768932446959146,9.080808080808081,33.956554984338226,PAX8;PAX2,2,0.20959876794136703,0,0,0.678611274540593,200
whole_ckd_up_traditional,Whole Dataset CKD Up Traditional,GO Biological Process,GO_Biological_Process_2026,187,Lymphocyte Activation Involved in Immune Response (GO:0002285),0.023768932446959146,9.080808080808081,33.956554984338226,MDK;F2RL1,2,0.20959876794136703,0,0,0.678611274540593,200
whole_ckd_up_traditional,Whole Dataset CKD Up Traditional,GO Biological Process,GO_Biological_Process_2026,188,Protein Maturation (GO:0051604),0.023983389427991015,2.8173099976024933,10.509675734825342,TESC;CFI;TMPRSS4;ADAM10;PAM;CTSS,6,0.21004126071859924,0,0,0.6776953836363246,200
whole_ckd_up_traditional,Whole Dataset CKD Up Traditional,GO Biological Process,GO_Biological_Process_2026,189,Epithelium Development (GO:0060429),0.02414063474133419,3.187601428107757,11.870177531683643,PAX8;STAT1;ANXA4;AKR1C1;PAX2,5,0.21004126071859924,0,0,0.6776953836363246,200
whole_ckd_up_traditional,Whole Dataset CKD Up Traditional,GO Biological Process,GO_Biological_Process_2026,190,Intrinsic Apoptotic Signaling Pathway in Response to DNA Damage (GO:0008630),0.02420123683234315,5.095328228512432,18.96150754157799,PYCARD;DYRK2;TP53,3,0.21004126071859924,0,0,0.6776953836363246,200
whole_ckd_up_traditional,Whole Dataset CKD Up Traditional,GO Biological Process,GO_Biological_Process_2026,191,Positive Regulation of Cell Population Proliferation (GO:0008284),0.024760603083942435,2.1366651923927464,7.902459364098109,PKHD1;PTPRC;STAT1;MDK;PTEN;ADAM10;TIMP1;CD47;SOX4;PAX2,10,0.21377086118021507,0,0,0.6700514931921797,200
whole_ckd_up_traditional,Whole Dataset CKD Up Traditional,GO Biological Process,GO_Biological_Process_2026,192,Endocrine System Development (GO:0035270),0.02566829332016634,8.685551163812033,31.810820468950148,PAX8;MDK,2,0.21485794763936192,0,0,0.6678485770413753,200
whole_ckd_up_traditional,Whole Dataset CKD Up Traditional,GO Biological Process,GO_Biological_Process_2026,193,Regulation of Ruffle Assembly (GO:1900027),0.02566829332016634,8.685551163812033,31.810820468950148,EPS8L2;PFN1,2,0.21485794763936192,0,0,0.6678485770413753,200
whole_ckd_up_traditional,Whole Dataset CKD Up Traditional,GO Biological Process,GO_Biological_Process_2026,194,Vasodilation (GO:0042311),0.02566829332016634,8.685551163812033,31.810820468950148,S100A1;F2RL1,2,0.21485794763936192,0,0,0.6678485770413753,200
whole_ckd_up_traditional,Whole Dataset CKD Up Traditional,GO Biological Process,GO_Biological_Process_2026,195,Metanephros Development (GO:0001656),0.02566829332016634,8.685551163812033,31.810820468950148,PAX8;PAX2,2,0.21485794763936192,0,0,0.6678485770413753,200
whole_ckd_up_traditional,Whole Dataset CKD Up Traditional,GO Biological Process,GO_Biological_Process_2026,196,Negative Regulation of Hydrolase Activity (GO:0051346),0.02566829332016634,8.685551163812033,31.810820468950148,LRRK2;TMED2,2,0.21485794763936192,0,0,0.6678485770413753,200
whole_ckd_up_traditional,Whole Dataset CKD Up Traditional,GO Biological Process,GO_Biological_Process_2026,197,Negative Regulation of Tumor Necrosis Factor-Mediated Signaling Pathway (GO:0010804),0.02566829332016634,8.685551163812033,31.810820468950148,ANXA4;F2RL1,2,0.21485794763936192,0,0,0.6678485770413753,200
whole_ckd_up_traditional,Whole Dataset CKD Up Traditional,GO Biological Process,GO_Biological_Process_2026,198,Cellular Response to Chemical Stress (GO:0062197),0.026126245663350478,3.7210884353741496,13.562678532314377,LRRK2;GPX8;ARNT;PAM,4,0.2175867631255805,0,0,0.6623675284424947,200
whole_ckd_up_traditional,Whole Dataset CKD Up Traditional,GO Biological Process,GO_Biological_Process_2026,199,Regulation of Signal Transduction by P53 Class Mediator (GO:1901796),0.026279766319079717,4.927768993925272,17.931934435559224,DYRK2;MDM4;SOX4,3,0.21776550080483645,0,0,0.6620109216272703,200
whole_ckd_up_traditional,Whole Dataset CKD Up Traditional,GO Biological Process,GO_Biological_Process_2026,200,Regulation of Canonical Wnt Signaling Pathway (GO:0060828),0.027392677985212974,2.7275006965728616,9.81212791884465,TBL1XR1;MDK;LRRK2;TPBG;SOX4;BICC1,6,0.2207056114621906,0,0,0.6561866247174402,200
whole_ckd_up_traditional,Whole Dataset CKD Up Traditional,GO Biological Process,GO_Biological_Process_2026,201,Carbohydrate Derivative Catabolic Process (GO:1901136),0.027627182900674514,8.323232323232324,29.871707121892776,OGA;STT3B,2,0.2207056114621906,0,0,0.6561866247174402,200
whole_ckd_up_traditional,Whole Dataset CKD Up Traditional,GO Biological Process,GO_Biological_Process_2026,202,"Chemical Synaptic Transmission, Postsynaptic (GO:0099565)",0.027627182900674514,8.323232323232324,29.871707121892776,LRRK2;MET,2,0.2207056114621906,0,0,0.6561866247174402,200
whole_ckd_up_traditional,Whole Dataset CKD Up Traditional,GO Biological Process,GO_Biological_Process_2026,203,Regulation of Postsynaptic Membrane Potential (GO:0060078),0.027627182900674514,8.323232323232324,29.871707121892776,LRRK2;MET,2,0.2207056114621906,0,0,0.6561866247174402,200
whole_ckd_up_traditional,Whole Dataset CKD Up Traditional,GO Biological Process,GO_Biological_Process_2026,204,Endothelial Cell Development (GO:0001885),0.027627182900674514,8.323232323232324,29.871707121892776,F2RL1;MET,2,0.2207056114621906,0,0,0.6561866247174402,200
whole_ckd_up_traditional,Whole Dataset CKD Up Traditional,GO Biological Process,GO_Biological_Process_2026,205,Negative Regulation of Axonogenesis (GO:0050771),0.027627182900674514,8.323232323232324,29.871707121892776,RUFY3;PTEN,2,0.2207056114621906,0,0,0.6561866247174402,200
whole_ckd_up_traditional,Whole Dataset CKD Up Traditional,GO Biological Process,GO_Biological_Process_2026,206,Protein Targeting to Lysosome (GO:0006622),0.027627182900674514,8.323232323232324,29.871707121892776,LAMP2;CLU,2,0.2207056114621906,0,0,0.6561866247174402,200
whole_ckd_up_traditional,Whole Dataset CKD Up Traditional,GO Biological Process,GO_Biological_Process_2026,207,Regulation of ERK1 and ERK2 Cascade (GO:0070372),0.02790455558730322,2.7151310619019,9.717359911932904,PKHD1;PYCARD;PTPRC;F2RL1;NPNT;RASGRP1,6,0.2207056114621906,0,0,0.6561866247174402,200
whole_ckd_up_traditional,Whole Dataset CKD Up Traditional,GO Biological Process,GO_Biological_Process_2026,208,Positive Regulation of Cytokine Production (GO:0001819),0.02797299745033222,2.3154761904761907,8.281336741885083,IL32;PYCARD;PTPRC;MDK;F2RL1;ARNT;CYBA;LTB,8,0.2207056114621906,0,0,0.6561866247174402,200
whole_ckd_up_traditional,Whole Dataset CKD Up Traditional,GO Biological Process,GO_Biological_Process_2026,209,Proteolysis (GO:0006508),0.02797299745033222,2.3154761904761907,8.281336741885083,MMP7;CFI;TMPRSS4;ADAM10;LNPEP;WFDC2;CTSS;PAPPA2,8,0.2207056114621906,0,0,0.6561866247174402,200
whole_ckd_up_traditional,Whole Dataset CKD Up Traditional,GO Biological Process,GO_Biological_Process_2026,210,Regulation of Interleukin-6 Production (GO:0032675),0.028426371654516374,3.6199669056811916,12.88866767649351,PYCARD;F2RL1;CYBA;CD47,4,0.22219700404824327,0,0,0.6532618010841147,200
whole_ckd_up_traditional,Whole Dataset CKD Up Traditional,GO Biological Process,GO_Biological_Process_2026,211,Regulation of Extrinsic Apoptotic Signaling Pathway (GO:2001236),0.02845100803275134,4.7708484408992025,16.982177034654356,PYCARD;TNFSF10;LTB,3,0.22219700404824327,0,0,0.6532618010841147,200
whole_ckd_up_traditional,Whole Dataset CKD Up Traditional,GO Biological Process,GO_Biological_Process_2026,212,Cell-matrix Adhesion (GO:0007160),0.029219022458392252,3.587463556851312,12.674276737042403,VCAM1;ITGB8;ITGB6;NPNT,4,0.22219700404824327,0,0,0.6532618010841147,200
whole_ckd_up_traditional,Whole Dataset CKD Up Traditional,GO Biological Process,GO_Biological_Process_2026,213,Negative Regulation of Viral Process (GO:0048525),0.02957130733954187,4.696065989847716,16.534616995789808,IL32;SLPI;STAT1,3,0.22219700404824327,0,0,0.6532618010841147,200
whole_ckd_up_traditional,Whole Dataset CKD Up Traditional,GO Biological Process,GO_Biological_Process_2026,214,Positive Regulation of T Cell Differentiation (GO:0045582),0.02957130733954187,4.696065989847716,16.534616995789808,MDK;ARID1B;SOX4,3,0.22219700404824327,0,0,0.6532618010841147,200
whole_ckd_up_traditional,Whole Dataset CKD Up Traditional,GO Biological Process,GO_Biological_Process_2026,215,Positive Regulation of T Cell Proliferation (GO:0042102),0.02957130733954187,4.696065989847716,16.534616995789808,PYCARD;VCAM1;PTPRC,3,0.22219700404824327,0,0,0.6532618010841147,200
whole_ckd_up_traditional,Whole Dataset CKD Up Traditional,GO Biological Process,GO_Biological_Process_2026,216,Regulation of Chondrocyte Differentiation (GO:0032330),0.029644233408498193,7.98989898989899,28.11236101024157,SCIN;MDK,2,0.22219700404824327,0,0,0.6532618010841147,200
whole_ckd_up_traditional,Whole Dataset CKD Up Traditional,GO Biological Process,GO_Biological_Process_2026,217,Dendritic Spine Organization (GO:0097061),0.029644233408498193,7.98989898989899,28.11236101024157,CDC42;PTEN,2,0.22219700404824327,0,0,0.6532618010841147,200
whole_ckd_up_traditional,Whole Dataset CKD Up Traditional,GO Biological Process,GO_Biological_Process_2026,218,Regulation of Protein Localization to Cell Periphery (GO:1904375),0.029644233408498193,7.98989898989899,28.11236101024157,STX7;ZDHHC2,2,0.22219700404824327,0,0,0.6532618010841147,200
whole_ckd_up_traditional,Whole Dataset CKD Up Traditional,GO Biological Process,GO_Biological_Process_2026,219,Organophosphate Ester Transport (GO:0015748),0.029644233408498193,7.98989898989899,28.11236101024157,SLC44A4;EPG5,2,0.22219700404824327,0,0,0.6532618010841147,200
whole_ckd_up_traditional,Whole Dataset CKD Up Traditional,GO Biological Process,GO_Biological_Process_2026,220,Positive Regulation of T Cell Migration (GO:2000406),0.029644233408498193,7.98989898989899,28.11236101024157,PYCARD;ADAM10,2,0.22219700404824327,0,0,0.6532618010841147,200
whole_ckd_up_traditional,Whole Dataset CKD Up Traditional,GO Biological Process,GO_Biological_Process_2026,221,Positive Regulation of Cellular Process (GO:0048522),0.02982911017922586,1.9264533422683867,6.766225264149984,PKHD1;CDC42;SLC44A4;MDK;LRRK2;PTEN;ADAM10;TIMP1;CD47;TP53;ARID1B;SOX4,12,0.22257105287576218,0,0,0.6525313197578444,200
whole_ckd_up_traditional,Whole Dataset CKD Up Traditional,GO Biological Process,GO_Biological_Process_2026,222,Negative Regulation of Protein-Containing Complex Assembly (GO:0031333),0.030714664778555365,4.623584537290121,16.10401456697529,CDC42;LAMP2;CLU,3,0.22740497387190356,0,0,0.6432000405212049,200
whole_ckd_up_traditional,Whole Dataset CKD Up Traditional,GO Biological Process,GO_Biological_Process_2026,223,Regulation of Signal Transduction (GO:0009966),0.031108831623939154,2.6431819204970064,9.172537808809256,TNFAIP8;DCDC2;TIMP1;CD47;CLU;CDC42SE2,6,0.22740497387190356,0,0,0.6432000405212049,200
whole_ckd_up_traditional,Whole Dataset CKD Up Traditional,GO Biological Process,GO_Biological_Process_2026,224,Regulation of Actin Filament Bundle Assembly (GO:0032231),0.031718098235620266,7.682206682206682,26.51027997028578,CDC42;PFN1,2,0.22740497387190356,0,0,0.6432000405212049,200
whole_ckd_up_traditional,Whole Dataset CKD Up Traditional,GO Biological Process,GO_Biological_Process_2026,225,Regulation of Blood Coagulation (GO:0030193),0.031718098235620266,7.682206682206682,26.51027997028578,F2RL1;TFPI,2,0.22740497387190356,0,0,0.6432000405212049,200
whole_ckd_up_traditional,Whole Dataset CKD Up Traditional,GO Biological Process,GO_Biological_Process_2026,226,Epithelial Cell Development (GO:0002064),0.031718098235620266,7.682206682206682,26.51027997028578,PKHD1;CDH2,2,0.22740497387190356,0,0,0.6432000405212049,200
whole_ckd_up_traditional,Whole Dataset CKD Up Traditional,GO Biological Process,GO_Biological_Process_2026,227,Hematopoietic Progenitor Cell Differentiation (GO:0002244),0.031718098235620266,7.682206682206682,26.51027997028578,PTPRC;TP53,2,0.22740497387190356,0,0,0.6432000405212049,200
whole_ckd_up_traditional,Whole Dataset CKD Up Traditional,GO Biological Process,GO_Biological_Process_2026,228,Inner Ear Morphogenesis (GO:0042472),0.031718098235620266,7.682206682206682,26.51027997028578,PAX8;PAX2,2,0.22740497387190356,0,0,0.6432000405212049,200
whole_ckd_up_traditional,Whole Dataset CKD Up Traditional,GO Biological Process,GO_Biological_Process_2026,229,Negative Regulation of Neurogenesis (GO:0050768),0.031718098235620266,7.682206682206682,26.51027997028578,RUFY3;PTEN,2,0.22740497387190356,0,0,0.6432000405212049,200
whole_ckd_up_traditional,Whole Dataset CKD Up Traditional,GO Biological Process,GO_Biological_Process_2026,230,Positive Regulation of Erythrocyte Differentiation (GO:0045648),0.031718098235620266,7.682206682206682,26.51027997028578,STAT1;ARNT,2,0.22740497387190356,0,0,0.6432000405212049,200
whole_ckd_up_traditional,Whole Dataset CKD Up Traditional,GO Biological Process,GO_Biological_Process_2026,231,Protein-containing Complex Disassembly (GO:0032984),0.03188102657977977,4.553299492385787,15.689505426965287,SNX14;LAMP2;EPG5,3,0.2274638132530495,0,0,0.6430876845213381,200
whole_ckd_up_traditional,Whole Dataset CKD Up Traditional,GO Biological Process,GO_Biological_Process_2026,232,Regulation of Canonical NF-kappaB Signal Transduction (GO:0043122),0.032116909486619265,2.406365655070318,8.273981763475604,PYCARD;STAT1;ANXA4;TNFSF10;F2RL1;FLOT2;LTB,7,0.2274638132530495,0,0,0.6430876845213381,200
whole_ckd_up_traditional,Whole Dataset CKD Up Traditional,GO Biological Process,GO_Biological_Process_2026,233,Positive Regulation of Response to External Stimulus (GO:0032103),0.03214012643296576,2.9433198380566803,10.118103396736007,PYCARD;MDK;F2RL1;CYBA;CD47,5,0.2274638132530495,0,0,0.6430876845213381,200
whole_ckd_up_traditional,Whole Dataset CKD Up Traditional,GO Biological Process,GO_Biological_Process_2026,234,Positive Regulation of Cell Differentiation (GO:0045597),0.03261190217369019,2.398085536137701,8.208833744681167,FZD1;PAX8;MDK;NPNT;ARID1B;SOX4;PAX2,7,0.22981635335220138,0,0,0.6386190708699864,200
whole_ckd_up_traditional,Whole Dataset CKD Up Traditional,GO Biological Process,GO_Biological_Process_2026,235,Macroautophagy (GO:0016236),0.03281626659266886,2.9260584376863448,9.997847042580792,RNF213;VPS13C;SNX14;LAMP2;EPG5,5,0.23027244089919555,0,0,0.6377580354686408,200
whole_ckd_up_traditional,Whole Dataset CKD Up Traditional,GO Biological Process,GO_Biological_Process_2026,236,Regulation of Cardiac Muscle Cell Action Potential (GO:0098901),0.03384745164401461,7.397306397306397,25.046477343523872,CXADR;DSC2,2,0.23451448639067268,0,0,0.6298303249522522,200
whole_ckd_up_traditional,Whole Dataset CKD Up Traditional,GO Biological Process,GO_Biological_Process_2026,237,Cellular Response to Hexose Stimulus (GO:0071331),0.03384745164401461,7.397306397306397,25.046477343523872,SOX4;PAX2,2,0.23451448639067268,0,0,0.6298303249522522,200
whole_ckd_up_traditional,Whole Dataset CKD Up Traditional,GO Biological Process,GO_Biological_Process_2026,238,Negative Regulation of Protein Kinase Activity (GO:0006469),0.03384745164401461,7.397306397306397,25.046477343523872,PYCARD;PTPRC,2,0.23451448639067268,0,0,0.6298303249522522,200
whole_ckd_up_traditional,Whole Dataset CKD Up Traditional,GO Biological Process,GO_Biological_Process_2026,239,Regulation of Protein-Containing Complex Assembly (GO:0043254),0.0351336225048488,3.375235808609158,11.302303493429559,CDC42;LRRK2;LAMP2;CLU,4,0.24054776904510486,0,0,0.6187986665971822,200
whole_ckd_up_traditional,Whole Dataset CKD Up Traditional,GO Biological Process,GO_Biological_Process_2026,240,Positive Regulation of Apoptotic Process (GO:0043065),0.035163506854837115,2.3575129533678756,7.892355670540337,PYCARD;TNFAIP8;SCIN;TNFSF10;TP53;CLU;SOX4,7,0.24054776904510486,0,0,0.6187986665971822,200
whole_ckd_up_traditional,Whole Dataset CKD Up Traditional,GO Biological Process,GO_Biological_Process_2026,241,Positive Regulation of Cell-Substrate Adhesion (GO:0010811),0.0355175071354049,4.354667843743103,14.534703522115315,CDC42;MDK;NPNT,3,0.24054776904510486,0,0,0.6187986665971822,200
whole_ckd_up_traditional,Whole Dataset CKD Up Traditional,GO Biological Process,GO_Biological_Process_2026,242,Positive Regulation of Small GTPase Mediated Signal Transduction (GO:0051057),0.0355175071354049,4.354667843743103,14.534703522115315,SEMA4D;F2RL1;RASGRP1,3,0.24054776904510486,0,0,0.6187986665971822,200
whole_ckd_up_traditional,Whole Dataset CKD Up Traditional,GO Biological Process,GO_Biological_Process_2026,243,Glial Cell Differentiation (GO:0010001),0.036030988496536624,7.132756132756133,23.70482996930019,CDH2;PAX2,2,0.24054776904510486,0,0,0.6187986665971822,200
whole_ckd_up_traditional,Whole Dataset CKD Up Traditional,GO Biological Process,GO_Biological_Process_2026,244,Negative Regulation of Lipid Biosynthetic Process (GO:0051055),0.036030988496536624,7.132756132756133,23.70482996930019,TMX1;KIF12,2,0.24054776904510486,0,0,0.6187986665971822,200
whole_ckd_up_traditional,Whole Dataset CKD Up Traditional,GO Biological Process,GO_Biological_Process_2026,245,Positive Regulation of Rho Protein Signal Transduction (GO:0035025),0.036030988496536624,7.132756132756133,23.70482996930019,SEMA4D;F2RL1,2,0.24054776904510486,0,0,0.6187986665971822,200
whole_ckd_up_traditional,Whole Dataset CKD Up Traditional,GO Biological Process,GO_Biological_Process_2026,246,Positive Regulation of Leukocyte Migration (GO:0002687),0.036030988496536624,7.132756132756133,23.70482996930019,MDK;F2RL1,2,0.24054776904510486,0,0,0.6187986665971822,200
whole_ckd_up_traditional,Whole Dataset CKD Up Traditional,GO Biological Process,GO_Biological_Process_2026,247,Intrinsic Apoptotic Signaling Pathway (GO:0097193),0.03603110912925464,3.3469387755102042,11.123124524025986,PYCARD;DNAJC10;CLU;TP53,4,0.24054776904510486,0,0,0.6187986665971822,200
whole_ckd_up_traditional,Whole Dataset CKD Up Traditional,GO Biological Process,GO_Biological_Process_2026,248,Protein Metabolic Process (GO:0019538),0.037069383072051834,1.8598076362576508,6.127999030226312,MMP7;TESC;CFI;TMPRSS4;STK38;LAMP2;OGA;LNPEP;PAM;WFDC2;CTSS;PAPPA2,12,0.24648150276537692,0,0,0.6082156668465797,200
whole_ckd_up_traditional,Whole Dataset CKD Up Traditional,GO Biological Process,GO_Biological_Process_2026,249,Regulation of Stress Fiber Assembly (GO:0051492),0.03805558843062846,4.231572174161721,13.83177100318916,CDC42;CD47;PFN1,3,0.24941890174378292,0,0,0.6030706374173539,200
whole_ckd_up_traditional,Whole Dataset CKD Up Traditional,GO Biological Process,GO_Biological_Process_2026,250,Fc Receptor Signaling Pathway (GO:0038093),0.0382674239788824,6.886450714036921,22.47156498788087,PIGR;MAP3K1,2,0.24941890174378292,0,0,0.6030706374173539,200
whole_ckd_up_traditional,Whole Dataset CKD Up Traditional,GO Biological Process,GO_Biological_Process_2026,251,Lymphocyte Proliferation (GO:0046651),0.0382674239788824,6.886450714036921,22.47156498788087,PTPRC;RASGRP1,2,0.24941890174378292,0,0,0.6030706374173539,200
whole_ckd_up_traditional,Whole Dataset CKD Up Traditional,GO Biological Process,GO_Biological_Process_2026,252,Negative Regulation of Response to Endoplasmic Reticulum Stress (GO:1903573),0.0382674239788824,6.886450714036921,22.47156498788087,LRRK2;CLU,2,0.24941890174378292,0,0,0.6030706374173539,200
whole_ckd_up_traditional,Whole Dataset CKD Up Traditional,GO Biological Process,GO_Biological_Process_2026,253,Negative Regulation of Wound Healing (GO:0061045),0.0382674239788824,6.886450714036921,22.47156498788087,PTEN;TFPI,2,0.24941890174378292,0,0,0.6030706374173539,200
whole_ckd_up_traditional,Whole Dataset CKD Up Traditional,GO Biological Process,GO_Biological_Process_2026,254,Negative Regulation of Gene Expression (GO:0010629),0.039249266546409076,2.158333333333333,6.988300275881656,TIA1;CAPRIN1;ADAM10;FLOT2;ZNF503;ITGB8;BICC1;PTBP3,8,0.2500893620297548,0,0,0.601904781320416,200
whole_ckd_up_traditional,Whole Dataset CKD Up Traditional,GO Biological Process,GO_Biological_Process_2026,255,Golgi Organization (GO:0007030),0.03975296514511224,3.238314680710994,10.443794266346302,CDC42;LRRK2;TMED2;TMED5,4,0.2500893620297548,0,0,0.601904781320416,200
whole_ckd_up_traditional,Whole Dataset CKD Up Traditional,GO Biological Process,GO_Biological_Process_2026,256,Regulation of Dendrite Morphogenesis (GO:0048814),0.04055549332201731,6.656565656565657,21.334852328849312,SEMA4D;CAPRIN1,2,0.2500893620297548,0,0,0.601904781320416,200
whole_ckd_up_traditional,Whole Dataset CKD Up Traditional,GO Biological Process,GO_Biological_Process_2026,257,Modulation of Excitatory Postsynaptic Potential (GO:0098815),0.04055549332201731,6.656565656565657,21.334852328849312,LRRK2;PTEN,2,0.2500893620297548,0,0,0.601904781320416,200
whole_ckd_up_traditional,Whole Dataset CKD Up Traditional,GO Biological Process,GO_Biological_Process_2026,258,Protein Transport (GO:0015031),0.04065671911067818,2.28029416680595,7.302849951921659,TMEM167A;LAMP2;STX7;CMTM6;TMED2;CLU;TMED5,7,0.2500893620297548,0,0,0.601904781320416,200
whole_ckd_up_traditional,Whole Dataset CKD Up Traditional,GO Biological Process,GO_Biological_Process_2026,259,Lipid Transport (GO:0006869),0.04169312515309529,3.186588921282799,10.125128273545416,ABCC3;SLC44A4;VPS13C;AKR1C1,4,0.2500893620297548,0,0,0.601904781320416,200
whole_ckd_up_traditional,Whole Dataset CKD Up Traditional,GO Biological Process,GO_Biological_Process_2026,260,B Cell Receptor Signaling Pathway (GO:0050853),0.042893951553666966,6.4415118931247966,20.28447846195992,PTPRC;PLEKHA1,2,0.2500893620297548,0,0,0.601904781320416,200
whole_ckd_up_traditional,Whole Dataset CKD Up Traditional,GO Biological Process,GO_Biological_Process_2026,261,Regulation of Plasma Membrane Bounded Cell Projection Assembly (GO:0120032),0.04340162992935964,4.00507614213198,12.564958299367063,CDC42;DYNC2LI1;DCDC2,3,0.2500893620297548,0,0,0.601904781320416,200
whole_ckd_up_traditional,Whole Dataset CKD Up Traditional,GO Biological Process,GO_Biological_Process_2026,262,Negative Regulation of Cytokine-Mediated Signaling Pathway (GO:0001960),0.04340162992935964,4.00507614213198,12.564958299367063,PTPRC;ANXA4;F2RL1,3,0.2500893620297548,0,0,0.601904781320416,200
whole_ckd_up_traditional,Whole Dataset CKD Up Traditional,GO Biological Process,GO_Biological_Process_2026,263,Positive Regulation of Interleukin-6 Production (GO:0032755),0.04340162992935964,4.00507614213198,12.564958299367063,PYCARD;F2RL1;CYBA,3,0.2500893620297548,0,0,0.601904781320416,200
whole_ckd_up_traditional,Whole Dataset CKD Up Traditional,GO Biological Process,GO_Biological_Process_2026,264,Positive Regulation of Growth (GO:0045927),0.04479377911963101,3.952177397809244,12.274222046062533,CDC42;SLC44A4;ADAM10,3,0.2500893620297548,0,0,0.601904781320416,200
whole_ckd_up_traditional,Whole Dataset CKD Up Traditional,GO Biological Process,GO_Biological_Process_2026,265,Regulation of Dendritic Spine Morphogenesis (GO:0061001),0.0452815731960364,6.23989898989899,19.311583224616665,LRRK2;CAPRIN1,2,0.2500893620297548,0,0,0.601904781320416,200
whole_ckd_up_traditional,Whole Dataset CKD Up Traditional,GO Biological Process,GO_Biological_Process_2026,266,Collagen Catabolic Process (GO:0030574),0.0452815731960364,6.23989898989899,19.311583224616665,MMP7;CTSS,2,0.2500893620297548,0,0,0.601904781320416,200
whole_ckd_up_traditional,Whole Dataset CKD Up Traditional,GO Biological Process,GO_Biological_Process_2026,267,Embryonic Skeletal System Morphogenesis (GO:0048704),0.0452815731960364,6.23989898989899,19.311583224616665,HOXA3;HOXB3,2,0.2500893620297548,0,0,0.601904781320416,200
whole_ckd_up_traditional,Whole Dataset CKD Up Traditional,GO Biological Process,GO_Biological_Process_2026,268,Membrane Protein Proteolysis (GO:0033619),0.0452815731960364,6.23989898989899,19.311583224616665,MMP7;ADAM10,2,0.2500893620297548,0,0,0.601904781320416,200
whole_ckd_up_traditional,Whole Dataset CKD Up Traditional,GO Biological Process,GO_Biological_Process_2026,269,Positive Regulation of Interleukin-12 Production (GO:0032735),0.0452815731960364,6.23989898989899,19.311583224616665,MDK;LTB,2,0.2500893620297548,0,0,0.601904781320416,200
whole_ckd_up_traditional,Whole Dataset CKD Up Traditional,GO Biological Process,GO_Biological_Process_2026,270,Phosphorylation (GO:0016310),0.045578538301182886,2.3991163475699557,7.409234978910314,MAP3K1;DYRK2;LRRK2;STK38;MAP3K21;PRKACB,6,0.2500893620297548,0,0,0.601904781320416,200
whole_ckd_up_traditional,Whole Dataset CKD Up Traditional,GO Biological Process,GO_Biological_Process_2026,271,Response to Tumor Necrosis Factor (GO:0034612),0.0462079634844281,3.9006526468455403,11.99295882125826,PYCARD;ADAM10;NPNT,3,0.2500893620297548,0,0,0.601904781320416,200
whole_ckd_up_traditional,Whole Dataset CKD Up Traditional,GO Biological Process,GO_Biological_Process_2026,272,Negative Regulation of Canonical NF-kappaB Signal Transduction (GO:0043124),0.0462079634844281,3.9006526468455403,11.99295882125826,PYCARD;STAT1;ANXA4,3,0.2500893620297548,0,0,0.601904781320416,200
whole_ckd_up_traditional,Whole Dataset CKD Up Traditional,GO Biological Process,GO_Biological_Process_2026,273,Negative Regulation of Multicellular Organismal Process (GO:0051241),0.04628854761957569,2.3895114298520843,7.342635765269129,RBBP4;MDK;ARRDC3;PTEN;LNPEP;TIMP1,6,0.2500893620297548,0,0,0.601904781320416,200
whole_ckd_up_traditional,Whole Dataset CKD Up Traditional,GO Biological Process,GO_Biological_Process_2026,274,Cellular Response to Hypoxia (GO:0071456),0.04764406480846707,3.8504490433424445,11.720756163276285,ARNT;MDM4;TP53,3,0.2500893620297548,0,0,0.601904781320416,200
whole_ckd_up_traditional,Whole Dataset CKD Up Traditional,GO Biological Process,GO_Biological_Process_2026,275,Gland Development (GO:0048732),0.04764406480846707,3.8504490433424445,11.720756163276285,PAX8;MDK;MET,3,0.2500893620297548,0,0,0.601904781320416,200
whole_ckd_up_traditional,Whole Dataset CKD Up Traditional,GO Biological Process,GO_Biological_Process_2026,276,Lymphocyte Differentiation (GO:0030098),0.04764406480846707,3.8504490433424445,11.720756163276285,VCAM1;PTPRC;SOX4,3,0.2500893620297548,0,0,0.601904781320416,200
whole_ckd_up_traditional,Whole Dataset CKD Up Traditional,GO Biological Process,GO_Biological_Process_2026,277,Epithelial Tube Morphogenesis (GO:0060562),0.04771715203605925,6.05050505050505,18.408446001894514,PKHD1;MET,2,0.2500893620297548,0,0,0.601904781320416,200
whole_ckd_up_traditional,Whole Dataset CKD Up Traditional,GO Biological Process,GO_Biological_Process_2026,278,T Cell Activation Involved in Immune Response (GO:0002286),0.04771715203605925,6.05050505050505,18.408446001894514,MDK;F2RL1,2,0.2500893620297548,0,0,0.601904781320416,200
whole_ckd_up_traditional,Whole Dataset CKD Up Traditional,GO Biological Process,GO_Biological_Process_2026,279,Positive Regulation of Interleukin-10 Production (GO:0032733),0.04771715203605925,6.05050505050505,18.408446001894514,PYCARD;F2RL1,2,0.2500893620297548,0,0,0.601904781320416,200
whole_ckd_up_traditional,Whole Dataset CKD Up Traditional,GO Biological Process,GO_Biological_Process_2026,280,Positive Regulation of Substrate Adhesion-Dependent Cell Spreading (GO:1900026),0.04771715203605925,6.05050505050505,18.408446001894514,CDC42;MDK,2,0.2500893620297548,0,0,0.601904781320416,200
whole_ckd_up_traditional,Whole Dataset CKD Up Traditional,GO Biological Process,GO_Biological_Process_2026,316,Cellular Response to Decreased Oxygen Levels (GO:0036294),0.04910196052225101,3.8015164171432243,11.457224263457675,ARNT;MDM4;TP53,3,0.2500893620297548,0,0,0.601904781320416,200
whole_ckd_up_traditional,Whole Dataset CKD Up Traditional,GO Biological Process,GO_Biological_Process_2026,317,Regulation of Cellular Senescence (GO:2000772),0.05019950084615693,5.872251931075461,17.568310863627904,PTEN;TP53,2,0.2500893620297548,0,0,0.601904781320416,200
whole_ckd_up_traditional,Whole Dataset CKD Up Traditional,GO Biological Process,GO_Biological_Process_2026,318,Regulation of Protein Localization to Membrane (GO:1905475),0.05019950084615693,5.872251931075461,17.568310863627904,STX7;ZDHHC2,2,0.2500893620297548,0,0,0.601904781320416,200
whole_ckd_up_traditional,Whole Dataset CKD Up Traditional,GO Biological Process,GO_Biological_Process_2026,319,Monocarboxylic Acid Transport (GO:0015718),0.05058152383856712,3.753807106598985,11.201994465025967,ABCC3;SLC44A4;AKR1C1,3,0.2500893620297548,0,0,0.601904781320416,200
whole_ckd_up_traditional,Whole Dataset CKD Up Traditional,GO Biological Process,GO_Biological_Process_2026,320,Negative Regulation of Cellular Component Organization (GO:0051129),0.05058152383856712,3.753807106598985,11.201994465025967,CDC42;LAMP2;CLU,3,0.2500893620297548,0,0,0.601904781320416,200
whole_ckd_up_traditional,Whole Dataset CKD Up Traditional,GO Biological Process,GO_Biological_Process_2026,321,Positive Regulation of Intracellular Signal Transduction (GO:1902533),0.05237026871042742,1.7546303382825654,5.17513521440918,PYCARD;PTPRC;SEMA4D;LRRK2;ARRDC3;TNFSF10;PTEN;F2RL1;FLOT2;LTB;TP53;CLU,12,0.2500893620297548,0,0,0.601904781320416,200
whole_ckd_up_traditional,Whole Dataset CKD Up Traditional,GO Biological Process,GO_Biological_Process_2026,322,Actin Filament Bundle Assembly (GO:0051017),0.05272745114535424,5.704184704184704,16.785242657704043,LIMD2;PLS1,2,0.2500893620297548,0,0,0.601904781320416,200
whole_ckd_up_traditional,Whole Dataset CKD Up Traditional,GO Biological Process,GO_Biological_Process_2026,323,Regulation of T Cell Mediated Cytotoxicity (GO:0001914),0.05272745114535424,5.704184704184704,16.785242657704043,PTPRC;STX7,2,0.2500893620297548,0,0,0.601904781320416,200
whole_ckd_up_traditional,Whole Dataset CKD Up Traditional,GO Biological Process,GO_Biological_Process_2026,324,Negative Regulation of Osteoblast Differentiation (GO:0045668),0.05272745114535424,5.704184704184704,16.785242657704043,SEMA4D;PTEN,2,0.2500893620297548,0,0,0.601904781320416,200
whole_ckd_up_traditional,Whole Dataset CKD Up Traditional,GO Biological Process,GO_Biological_Process_2026,325,Circulatory System Development (GO:0072359),0.05330690825484282,2.929092805005214,8.58719016819202,CXADR;FLRT3;PTEN;SOX4,4,0.2500893620297548,0,0,0.601904781320416,200
whole_ckd_up_traditional,Whole Dataset CKD Up Traditional,GO Biological Process,GO_Biological_Process_2026,326,Negative Regulation of Programmed Cell Death (GO:0043069),0.05447148316919654,2.0105721393034828,5.85092166727514,PKHD1;RNF144B;TNFAIP8;SEMA4D;ANXA4;TP53;MET;PAX2,8,0.2500893620297548,0,0,0.601904781320416,200
whole_ckd_up_traditional,Whole Dataset CKD Up Traditional,GO Biological Process,GO_Biological_Process_2026,327,Positive Regulation of Protein Secretion (GO:0050714),0.05514889117814504,3.6175769066112164,10.482720030479646,F2RL1;PRKACB;SOX4,3,0.2500893620297548,0,0,0.601904781320416,200
whole_ckd_up_traditional,Whole Dataset CKD Up Traditional,GO Biological Process,GO_Biological_Process_2026,328,Actin Filament Bundle Organization (GO:0061572),0.05529985292704018,5.545454545454546,16.054007893661755,LIMD2;PLS1,2,0.2500893620297548,0,0,0.601904781320416,200
whole_ckd_up_traditional,Whole Dataset CKD Up Traditional,GO Biological Process,GO_Biological_Process_2026,329,Cellular Response to Glucose Stimulus (GO:0071333),0.05529985292704018,5.545454545454546,16.054007893661755,SOX4;PAX2,2,0.2500893620297548,0,0,0.601904781320416,200
whole_ckd_up_traditional,Whole Dataset CKD Up Traditional,GO Biological Process,GO_Biological_Process_2026,330,Superoxide Metabolic Process (GO:0006801),0.05529985292704018,5.545454545454546,16.054007893661755,CYBA;SOD3,2,0.2500893620297548,0,0,0.601904781320416,200
whole_ckd_up_traditional,Whole Dataset CKD Up Traditional,GO Biological Process,GO_Biological_Process_2026,331,Positive Regulation of Defense Response (GO:0031349),0.05558912333709481,2.8866539421524005,8.341759381696933,PYCARD;MDK;CYBA;CD47,4,0.2500893620297548,0,0,0.601904781320416,200
whole_ckd_up_traditional,Whole Dataset CKD Up Traditional,GO Biological Process,GO_Biological_Process_2026,332,Signal Transduction in Response to DNA Damage (GO:0042770),0.056713777507364435,3.574329224075417,10.257388785645555,STK38;MDM4;TP53,3,0.2500893620297548,0,0,0.601904781320416,200
whole_ckd_up_traditional,Whole Dataset CKD Up Traditional,GO Biological Process,GO_Biological_Process_2026,333,Wnt Signaling Pathway (GO:0016055),0.056713777507364435,3.574329224075417,10.257388785645555,FZD1;LRRK2;GPC4,3,0.2500893620297548,0,0,0.601904781320416,200
whole_ckd_up_traditional,Whole Dataset CKD Up Traditional,GO Biological Process,GO_Biological_Process_2026,334,Defense Response to Virus (GO:0051607),0.0572866742414835,2.487687230261488,7.1140074382927825,PYCARD;PTPRC;CXADR;STAT1;F2RL1,5,0.2500893620297548,0,0,0.601904781320416,200
whole_ckd_up_traditional,Whole Dataset CKD Up Traditional,GO Biological Process,GO_Biological_Process_2026,335,Small GTPase-mediated Signal Transduction (GO:0007264),0.0572866742414835,2.487687230261488,7.1140074382927825,ARHGEF28;LRRK2;EPS8L2;TP53;RASGRP1,5,0.2500893620297548,0,0,0.601904781320416,200
whole_ckd_up_traditional,Whole Dataset CKD Up Traditional,GO Biological Process,GO_Biological_Process_2026,336,Regulation of Amyloid-Beta Formation (GO:1902003),0.05791557443325892,5.395304395304395,15.369975594462096,ADAM10;CLU,2,0.2500893620297548,0,0,0.601904781320416,200
whole_ckd_up_traditional,Whole Dataset CKD Up Traditional,GO Biological Process,GO_Biological_Process_2026,337,Regulation of Axonogenesis (GO:0050770),0.05791557443325892,5.395304395304395,15.369975594462096,RUFY3;PTEN,2,0.2500893620297548,0,0,0.601904781320416,200
whole_ckd_up_traditional,Whole Dataset CKD Up Traditional,GO Biological Process,GO_Biological_Process_2026,338,Regulation of Erythrocyte Differentiation (GO:0045646),0.05791557443325892,5.395304395304395,15.369975594462096,STAT1;ARNT,2,0.2500893620297548,0,0,0.601904781320416,200
whole_ckd_up_traditional,Whole Dataset CKD Up Traditional,GO Biological Process,GO_Biological_Process_2026,339,"DNA Damage Response, Signal Transduction by P53 Class Mediator (GO:0030330)",0.05791557443325892,5.395304395304395,15.369975594462096,MDM4;TP53,2,0.2500893620297548,0,0,0.601904781320416,200
whole_ckd_up_traditional,Whole Dataset CKD Up Traditional,GO Biological Process,GO_Biological_Process_2026,340,Leukocyte Cell-Cell Adhesion (GO:0007159),0.05791557443325892,5.395304395304395,15.369975594462096,VCAM1;SEMA4D,2,0.2500893620297548,0,0,0.601904781320416,200
whole_ckd_up_traditional,Whole Dataset CKD Up Traditional,GO Biological Process,GO_Biological_Process_2026,341,Ventricular Septum Development (GO:0003281),0.05791557443325892,5.395304395304395,15.369975594462096,MDM4;SOX4,2,0.2500893620297548,0,0,0.601904781320416,200
whole_ckd_up_traditional,Whole Dataset CKD Up Traditional,GO Biological Process,GO_Biological_Process_2026,342,Negative Regulation of Catalytic Activity (GO:0043086),0.05791557443325892,5.395304395304395,15.369975594462096,TIMP1;TP53,2,0.2500893620297548,0,0,0.601904781320416,200
whole_ckd_up_traditional,Whole Dataset CKD Up Traditional,GO Biological Process,GO_Biological_Process_2026,343,Positive Regulation of Smoothened Signaling Pathway (GO:0045880),0.05791557443325892,5.395304395304395,15.369975594462096,DYRK2;DCDC2,2,0.2500893620297548,0,0,0.601904781320416,200
whole_ckd_up_traditional,Whole Dataset CKD Up Traditional,GO Biological Process,GO_Biological_Process_2026,385,Adherens Junction Organization (GO:0034332),0.06057350187737668,5.253056884635832,14.729034349424168,CDH6;CDH2,2,0.2500893620297548,0,0,0.601904781320416,200
whole_ckd_up_traditional,Whole Dataset CKD Up Traditional,GO Biological Process,GO_Biological_Process_2026,386,Camera-type Eye Development (GO:0043010),0.06057350187737668,5.253056884635832,14.729034349424168,SOX4;PAX2,2,0.2500893620297548,0,0,0.601904781320416,200
whole_ckd_up_traditional,Whole Dataset CKD Up Traditional,GO Biological Process,GO_Biological_Process_2026,387,Fibroblast Growth Factor Receptor Signaling Pathway (GO:0008543),0.06057350187737668,5.253056884635832,14.729034349424168,GALNT3;FLRT3,2,0.2500893620297548,0,0,0.601904781320416,200
whole_ckd_up_traditional,Whole Dataset CKD Up Traditional,GO Biological Process,GO_Biological_Process_2026,388,Positive Regulation of Cell Adhesion (GO:0045785),0.061533687302421126,3.450551374059163,9.62072552614985,MDK;CD47;NPNT,3,0.2500893620297548,0,0,0.601904781320416,200
whole_ckd_up_traditional,Whole Dataset CKD Up Traditional,GO Biological Process,GO_Biological_Process_2026,389,Positive Regulation of Ubiquitin-Dependent Protein Catabolic Process (GO:2000060),0.061533687302421126,3.450551374059163,9.62072552614985,LRRK2;PTEN;CLU,3,0.2500893620297548,0,0,0.601904781320416,200
whole_ckd_up_traditional,Whole Dataset CKD Up Traditional,GO Biological Process,GO_Biological_Process_2026,390,Negative Regulation of Apoptotic Process (GO:0043066),0.06274868545022261,1.8647326409750236,5.162731702689075,PKHD1;RNF144B;TNFAIP8;SEMA4D;MDK;ANXA4;TP53;CLU;PAX2,9,0.2500893620297548,0,0,0.601904781320416,200
whole_ckd_up_traditional,Whole Dataset CKD Up Traditional,GO Biological Process,GO_Biological_Process_2026,391,Positive Regulation of Biosynthetic Process (GO:0009891),0.063181565752201,3.4111675126903553,9.420766981809484,ARNT;CYBA;CLU,3,0.2500893620297548,0,0,0.601904781320416,200
whole_ckd_up_traditional,Whole Dataset CKD Up Traditional,GO Biological Process,GO_Biological_Process_2026,392,Semaphorin-plexin Signaling Pathway (GO:0071526),0.06327253922506833,5.118104118104118,14.127522570834804,SEMA4D;MET,2,0.2500893620297548,0,0,0.601904781320416,200
whole_ckd_up_traditional,Whole Dataset CKD Up Traditional,GO Biological Process,GO_Biological_Process_2026,393,Negative Regulation of Proteolysis (GO:0045861),0.06327253922506833,5.118104118104118,14.127522570834804,LRRK2;TIMP1,2,0.2500893620297548,0,0,0.601904781320416,200
whole_ckd_up_traditional,Whole Dataset CKD Up Traditional,GO Biological Process,GO_Biological_Process_2026,394,Positive Regulation of Catalytic Activity (GO:0043085),0.06327253922506833,5.118104118104118,14.127522570834804,XRCC4;ARRDC3,2,0.2500893620297548,0,0,0.601904781320416,200
whole_ckd_up_traditional,Whole Dataset CKD Up Traditional,GO Biological Process,GO_Biological_Process_2026,395,Positive Regulation of Intrinsic Apoptotic Signaling Pathway (GO:2001244),0.06327253922506833,5.118104118104118,14.127522570834804,CLU;TP53,2,0.2500893620297548,0,0,0.601904781320416,200
whole_ckd_up_traditional,Whole Dataset CKD Up Traditional,GO Biological Process,GO_Biological_Process_2026,396,Neuron Projection Development (GO:0031175),0.06417775809969337,2.4035087719298245,6.60027201445728,CDC42;FLRT3;LRRK2;PTEN;PPP1R9A,5,0.2500893620297548,0,0,0.601904781320416,200
whole_ckd_up_traditional,Whole Dataset CKD Up Traditional,GO Biological Process,GO_Biological_Process_2026,397,Positive Regulation of Signal Transduction (GO:0009967),0.06540641710542935,2.1797982805463545,5.944603975547643,PTPRC;DYRK2;BMP2K;PTEN;DCDC2;ARNT,6,0.2500893620297548,0,0,0.601904781320416,200
whole_ckd_up_traditional,Whole Dataset CKD Up Traditional,GO Biological Process,GO_Biological_Process_2026,398,Embryonic Skeletal System Development (GO:0048706),0.06601160795023121,4.98989898989899,13.562169587343401,HOXA3;HOXB3,2,0.2500893620297548,0,0,0.601904781320416,200
whole_ckd_up_traditional,Whole Dataset CKD Up Traditional,GO Biological Process,GO_Biological_Process_2026,399,Positive Regulation of Actin Filament Polymerization (GO:0030838),0.06601160795023121,4.98989898989899,13.562169587343401,PYCARD;PFN1,2,0.2500893620297548,0,0,0.601904781320416,200
whole_ckd_up_traditional,Whole Dataset CKD Up Traditional,GO Biological Process,GO_Biological_Process_2026,400,Positive Regulation of Lymphocyte Differentiation (GO:0045621),0.06601160795023121,4.98989898989899,13.562169587343401,MDK;ARID1B,2,0.2500893620297548,0,0,0.601904781320416,200
whole_ckd_up_traditional,Whole Dataset CKD Up Traditional,GO Biological Process,GO_Biological_Process_2026,401,Positive Regulation of Myoblast Differentiation (GO:0045663),0.06601160795023121,4.98989898989899,13.562169587343401,ARID1B;SOX4,2,0.2500893620297548,0,0,0.601904781320416,200
whole_ckd_up_traditional,Whole Dataset CKD Up Traditional,GO Biological Process,GO_Biological_Process_2026,402,Positive Regulation of Production of Molecular Mediator of Immune Response (GO:0002702),0.06601160795023121,4.98989898989899,13.562169587343401,PTPRC;F2RL1,2,0.2500893620297548,0,0,0.601904781320416,200
whole_ckd_up_traditional,Whole Dataset CKD Up Traditional,GO Biological Process,GO_Biological_Process_2026,403,Cellular Response to Starvation (GO:0009267),0.06650011739257675,2.709873138444567,7.345250879126401,SESN3;LRRK2;LAMP2;TP53,4,0.2500893620297548,0,0,0.601904781320416,200
whole_ckd_up_traditional,Whole Dataset CKD Up Traditional,GO Biological Process,GO_Biological_Process_2026,404,Plasma Membrane Bounded Cell Projection Organization (GO:0120036),0.06777652292227805,2.6915491028626217,7.2444104939510305,PLEKHA1;FLRT3;PROM1;PPP1R9A,4,0.2500893620297548,0,0,0.601904781320416,200
whole_ckd_up_traditional,Whole Dataset CKD Up Traditional,GO Biological Process,GO_Biological_Process_2026,437,Positive Regulation of Canonical NF-kappaB Signal Transduction (GO:0043123),0.06831611091502793,2.3578909353557242,6.32765888113251,PYCARD;TNFSF10;F2RL1;FLOT2;LTB,5,0.2500893620297548,0,0,0.601904781320416,200
whole_ckd_up_traditional,Whole Dataset CKD Up Traditional,GO Biological Process,GO_Biological_Process_2026,438,Regulation of Axon Extension (GO:0030516),0.06878964677848877,4.867947770386794,13.030045670347697,CDH2;RUFY3,2,0.2500893620297548,0,0,0.601904781320416,200
whole_ckd_up_traditional,Whole Dataset CKD Up Traditional,GO Biological Process,GO_Biological_Process_2026,439,Cellular Response to Retinoic Acid (GO:0071300),0.06878964677848877,4.867947770386794,13.030045670347697,TESC;PAX2,2,0.2500893620297548,0,0,0.601904781320416,200
whole_ckd_up_traditional,Whole Dataset CKD Up Traditional,GO Biological Process,GO_Biological_Process_2026,440,Regulation of Protein Localization to Plasma Membrane (GO:1903076),0.06997503647477848,3.2621937762083424,8.676185118672581,STX7;ZDHHC2;PLS1,3,0.2500893620297548,0,0,0.601904781320416,200
whole_ckd_up_traditional,Whole Dataset CKD Up Traditional,GO Biological Process,GO_Biological_Process_2026,441,Regulation of Cell Growth (GO:0001558),0.07043973553473454,2.3357185450208706,6.1966560441925465,CDC42;SLC44A4;ADAM10;TP53;PAPPA2,5,0.2500893620297548,0,0,0.601904781320416,200
whole_ckd_up_traditional,Whole Dataset CKD Up Traditional,GO Biological Process,GO_Biological_Process_2026,442,Calcium-dependent Cell-Cell Adhesion (GO:0016339),0.07160561148891219,4.7518037518037515,12.52851945708889,CDH6;CDH2,2,0.2500893620297548,0,0,0.601904781320416,200
whole_ckd_up_traditional,Whole Dataset CKD Up Traditional,GO Biological Process,GO_Biological_Process_2026,443,Substantia Nigra Development (GO:0021762),0.07160561148891219,4.7518037518037515,12.52851945708889,CDC42;S100A1,2,0.2500893620297548,0,0,0.601904781320416,200
whole_ckd_up_traditional,Whole Dataset CKD Up Traditional,GO Biological Process,GO_Biological_Process_2026,444,Positive Regulation of Stress Fiber Assembly (GO:0051496),0.07160561148891219,4.7518037518037515,12.52851945708889,CDC42;CD47,2,0.2500893620297548,0,0,0.601904781320416,200
whole_ckd_up_traditional,Whole Dataset CKD Up Traditional,GO Biological Process,GO_Biological_Process_2026,445,Protein Processing (GO:0016485),0.07168158735983322,2.6380236305048337,6.952567640819991,CFI;TMPRSS4;ADAM10;CTSS,4,0.2500893620297548,0,0,0.601904781320416,200
whole_ckd_up_traditional,Whole Dataset CKD Up Traditional,GO Biological Process,GO_Biological_Process_2026,446,Intracellular Signaling Cassette (GO:0141124),0.07211834229165387,1.9866452601620084,5.22377815384073,MAP3K1;PLEKHA1;ARHGEF28;LRRK2;RCAN3;PTEN;PPP1R9A,7,0.2500893620297548,0,0,0.601904781320416,200
whole_ckd_up_traditional,Whole Dataset CKD Up Traditional,GO Biological Process,GO_Biological_Process_2026,447,Regulation of GTPase Activity (GO:0043087),0.07349061432359225,3.1924613889188898,8.33423196719981,SEMA4D;LRRK2;TMED2,3,0.2500893620297548,0,0,0.601904781320416,200
whole_ckd_up_traditional,Whole Dataset CKD Up Traditional,GO Biological Process,GO_Biological_Process_2026,448,Positive Regulation of Canonical Wnt Signaling Pathway (GO:0090263),0.07349061432359225,3.1924613889188898,8.33423196719981,TBL1XR1;LRRK2;SOX4,3,0.2500893620297548,0,0,0.601904781320416,200
whole_ckd_up_traditional,Whole Dataset CKD Up Traditional,GO Biological Process,GO_Biological_Process_2026,449,Antimicrobial Humoral Response (GO:0019730),0.07434771218675854,2.6034985422740524,6.766498900945197,SLPI;F2RL1;CXCL14;WFDC2,4,0.2500893620297548,0,0,0.601904781320416,200
whole_ckd_up_traditional,Whole Dataset CKD Up Traditional,GO Biological Process,GO_Biological_Process_2026,450,Positive Regulation of ERK1 and ERK2 Cascade (GO:0070374),0.07434771218675854,2.6034985422740524,6.766498900945197,PYCARD;PTPRC;F2RL1;NPNT,4,0.2500893620297548,0,0,0.601904781320416,200
whole_ckd_up_traditional,Whole Dataset CKD Up Traditional,GO Biological Process,GO_Biological_Process_2026,451,Blood Vessel Diameter Maintenance (GO:0097746),0.07445847463610643,4.641061780596664,12.055221541075596,S100A1;F2RL1,2,0.2500893620297548,0,0,0.601904781320416,200
whole_ckd_up_traditional,Whole Dataset CKD Up Traditional,GO Biological Process,GO_Biological_Process_2026,452,Embryonic Organ Morphogenesis (GO:0048562),0.07445847463610643,4.641061780596664,12.055221541075596,HOXA3;HOXB3,2,0.2500893620297548,0,0,0.601904781320416,200
whole_ckd_up_traditional,Whole Dataset CKD Up Traditional,GO Biological Process,GO_Biological_Process_2026,453,Response to Unfolded Protein (GO:0006986),0.07445847463610643,4.641061780596664,12.055221541075596,TRAM1;STT3B,2,0.2500893620297548,0,0,0.601904781320416,200
whole_ckd_up_traditional,Whole Dataset CKD Up Traditional,GO Biological Process,GO_Biological_Process_2026,454,Phosphatidylinositol 3-Kinase/Protein Kinase B Signal Transduction (GO:0043491),0.07445847463610643,4.641061780596664,12.055221541075596,PLEKHA1;PTEN,2,0.2500893620297548,0,0,0.601904781320416,200
whole_ckd_up_traditional,Whole Dataset CKD Up Traditional,GO Biological Process,GO_Biological_Process_2026,455,Positive Regulation of Neuron Projection Development (GO:0010976),0.07708358232084961,3.1256345177664975,8.010579186959143,FZD1;MDK;CAPRIN1,3,0.2500893620297548,0,0,0.601904781320416,200
whole_ckd_up_traditional,Whole Dataset CKD Up Traditional,GO Biological Process,GO_Biological_Process_2026,503,Bone Development (GO:0060348),0.07734722537002725,4.5353535353535355,11.608013208044897,PTPRC;TP53,2,0.2500893620297548,0,0,0.601904781320416,200
whole_ckd_up_traditional,Whole Dataset CKD Up Traditional,GO Biological Process,GO_Biological_Process_2026,504,Regulation of Cell-Substrate Adhesion (GO:0010810),0.07734722537002725,4.5353535353535355,11.608013208044897,PKHD1;NPNT,2,0.2500893620297548,0,0,0.601904781320416,200
whole_ckd_up_traditional,Whole Dataset CKD Up Traditional,GO Biological Process,GO_Biological_Process_2026,505,Regulation of Chemokine Production (GO:0032642),0.07734722537002725,4.5353535353535355,11.608013208044897,PYCARD;F2RL1,2,0.2500893620297548,0,0,0.601904781320416,200
whole_ckd_up_traditional,Whole Dataset CKD Up Traditional,GO Biological Process,GO_Biological_Process_2026,506,Regulation of Nitric Oxide Biosynthetic Process (GO:0045428),0.07734722537002725,4.5353535353535355,11.608013208044897,CD47;CLU,2,0.2500893620297548,0,0,0.601904781320416,200
whole_ckd_up_traditional,Whole Dataset CKD Up Traditional,GO Biological Process,GO_Biological_Process_2026,507,Regulation of Receptor-Mediated Endocytosis (GO:0048259),0.07734722537002725,4.5353535353535355,11.608013208044897,BMP2K;CLU,2,0.2500893620297548,0,0,0.601904781320416,200
whole_ckd_up_traditional,Whole Dataset CKD Up Traditional,GO Biological Process,GO_Biological_Process_2026,508,Non-canonical Wnt Signaling Pathway (GO:0035567),0.07734722537002725,4.5353535353535355,11.608013208044897,CDC42;FZD1,2,0.2500893620297548,0,0,0.601904781320416,200
whole_ckd_up_traditional,Whole Dataset CKD Up Traditional,GO Biological Process,GO_Biological_Process_2026,509,"Positive Regulation of Gene Expression, Epigenetic (GO:0141137)",0.07734722537002725,4.5353535353535355,11.608013208044897,ARID1B;TP53,2,0.2500893620297548,0,0,0.601904781320416,200
whole_ckd_up_traditional,Whole Dataset CKD Up Traditional,GO Biological Process,GO_Biological_Process_2026,510,Positive Regulation of Wound Healing (GO:0090303),0.07734722537002725,4.5353535353535355,11.608013208044897,CLDN1;DSC2,2,0.2500893620297548,0,0,0.601904781320416,200
whole_ckd_up_traditional,Whole Dataset CKD Up Traditional,GO Biological Process,GO_Biological_Process_2026,511,Calcium-mediated Signaling (GO:0019722),0.0789086435328542,3.0932544874143075,7.855209980826792,LRRK2;RCAN3;PPP1R9A,3,0.25414131481577457,0,0,0.5949247275588964,200
whole_ckd_up_traditional,Whole Dataset CKD Up Traditional,GO Biological Process,GO_Biological_Process_2026,512,Positive Regulation of Autophagy (GO:0010508),0.0789086435328542,3.0932544874143075,7.855209980826792,SESN3;LRRK2;TP53INP1,3,0.25414131481577457,0,0,0.5949247275588964,200
whole_ckd_up_traditional,Whole Dataset CKD Up Traditional,GO Biological Process,GO_Biological_Process_2026,513,Homotypic Cell-Cell Adhesion (GO:0034109),0.08027086916110822,4.434343434343434,11.184959505346585,CXADR;DSC2,2,0.25702264708090766,0,0,0.5900286079179738,200
whole_ckd_up_traditional,Whole Dataset CKD Up Traditional,GO Biological Process,GO_Biological_Process_2026,514,Neg Reg Phosphatidylinositol 3-Kinase/Protein Kinase B Signal Transduction (GO:0051898),0.08027086916110822,4.434343434343434,11.184959505346585,PLEKHA1;PTEN,2,0.25702264708090766,0,0,0.5900286079179738,200
whole_ckd_up_traditional,Whole Dataset CKD Up Traditional,GO Biological Process,GO_Biological_Process_2026,515,Neural Crest Cell Development (GO:0014032),0.08027086916110822,4.434343434343434,11.184959505346585,CDH2;SEMA4D,2,0.25702264708090766,0,0,0.5900286079179738,200
whole_ckd_up_traditional,Whole Dataset CKD Up Traditional,GO Biological Process,GO_Biological_Process_2026,516,Positive Regulation of Proteasomal Protein Catabolic Process (GO:1901800),0.08075251505263155,3.0615352740080803,7.703943795454915,TMX1;LRRK2;CLU,3,0.2574674366939593,0,0,0.5892776907330821,200
whole_ckd_up_traditional,Whole Dataset CKD Up Traditional,GO Biological Process,GO_Biological_Process_2026,517,Regulation of Cytokine-Mediated Signaling Pathway (GO:0001959),0.08322842762171248,4.337725076855512,10.784305954054673,PYCARD;PTPRC,2,0.2574674366939593,0,0,0.5892776907330821,200
whole_ckd_up_traditional,Whole Dataset CKD Up Traditional,GO Biological Process,GO_Biological_Process_2026,518,Cellular Response to Glucose Starvation (GO:0042149),0.08322842762171248,4.337725076855512,10.784305954054673,SESN3;TP53,2,0.2574674366939593,0,0,0.5892776907330821,200
whole_ckd_up_traditional,Whole Dataset CKD Up Traditional,GO Biological Process,GO_Biological_Process_2026,519,Regulation of Ossification (GO:0030278),0.08322842762171248,4.337725076855512,10.784305954054673,MDK;BMP2K,2,0.2574674366939593,0,0,0.5892776907330821,200
whole_ckd_up_traditional,Whole Dataset CKD Up Traditional,GO Biological Process,GO_Biological_Process_2026,520,Negative Regulation of Cold-Induced Thermogenesis (GO:0120163),0.08322842762171248,4.337725076855512,10.784305954054673,ARRDC3;LNPEP,2,0.2574674366939593,0,0,0.5892776907330821,200
whole_ckd_up_traditional,Whole Dataset CKD Up Traditional,GO Biological Process,GO_Biological_Process_2026,521,Positive Regulation of Metabolic Process (GO:0009893),0.08322842762171248,4.337725076855512,10.784305954054673,AKR1C1;TP53,2,0.2574674366939593,0,0,0.5892776907330821,200
whole_ckd_up_traditional,Whole Dataset CKD Up Traditional,GO Biological Process,GO_Biological_Process_2026,522,B Cell Activation (GO:0042113),0.08449595347462521,3.0,7.413154900919784,VCAM1;PTPRC;RASGRP1,3,0.2574674366939593,0,0,0.5892776907330821,200
whole_ckd_up_traditional,Whole Dataset CKD Up Traditional,GO Biological Process,GO_Biological_Process_2026,523,Cellular Response to Nitrogen Compound (GO:1901699),0.08550538456984225,2.473922902494331,6.083811648545854,VCAM1;SESN3;EPG5;TP53,4,0.2574674366939593,0,0,0.5892776907330821,200
whole_ckd_up_traditional,Whole Dataset CKD Up Traditional,GO Biological Process,GO_Biological_Process_2026,524,Regulation of MAP Kinase Activity (GO:0043405),0.08621893825800953,4.24521813883516,10.404458354124063,STK38;RASGRP1,2,0.2574674366939593,0,0,0.5892776907330821,200
whole_ckd_up_traditional,Whole Dataset CKD Up Traditional,GO Biological Process,GO_Biological_Process_2026,525,Regulation of Calcium-Mediated Signaling (GO:0050848),0.08621893825800953,4.24521813883516,10.404458354124063,PTPRC;LRRK2,2,0.2574674366939593,0,0,0.5892776907330821,200
whole_ckd_up_traditional,Whole Dataset CKD Up Traditional,GO Biological Process,GO_Biological_Process_2026,526,Cellular Response to Lipid (GO:0071396),0.08630985642504731,2.191355951181279,5.368408957712933,PYCARD;TESC;SPP1;TFPI;PAX2,5,0.2574674366939593,0,0,0.5892776907330821,200
whole_ckd_up_traditional,Whole Dataset CKD Up Traditional,GO Biological Process,GO_Biological_Process_2026,527,Protein Phosphorylation (GO:0006468),0.0864555925527472,2.017136158328449,4.938200202470052,MAP3K1;DYRK2;LRRK2;STK38;MAP3K21;PRKACB,6,0.2574674366939593,0,0,0.5892776907330821,200
whole_ckd_up_traditional,Whole Dataset CKD Up Traditional,GO Biological Process,GO_Biological_Process_2026,555,Positive Regulation of Transcription by RNA Polymerase II (GO:0045944),0.08708983277428362,1.5179282868525896,3.7049823324897693,FZD1;STAT1;MACC1;PTEN;ARNT;HNF1B;PAX2;PAX8;RBBP4;TBL1XR1;HOXB3;F2RL1;TP53;MET;SOX4,15,0.2587588004410697,0,0,0.5871048708374377,200
whole_ckd_up_traditional,Whole Dataset CKD Up Traditional,GO Biological Process,GO_Biological_Process_2026,556,Positive Regulation of MAPK Cascade (GO:0043410),0.0878789155640519,1.8890247121087944,4.59372155156447,PYCARD;PTPRC;LRRK2;F2RL1;NPNT;RASGRP1;DSC2,7,0.2602431447543576,0,0,0.5846207017196987,200
whole_ckd_up_traditional,Whole Dataset CKD Up Traditional,GO Biological Process,GO_Biological_Process_2026,557,Positive Regulation of Immune Response (GO:0050778),0.08831240800712849,2.9408778739922363,7.137141991170913,PYCARD;PTPRC;F2RL1,3,0.2602431447543576,0,0,0.5846207017196987,200
whole_ckd_up_traditional,Whole Dataset CKD Up Traditional,GO Biological Process,GO_Biological_Process_2026,558,Cellular Response to Type II Interferon (GO:0071346),0.08924145426065531,4.156565656565657,10.043965211617904,STAT1;CD47,2,0.2602431447543576,0,0,0.5846207017196987,200
whole_ckd_up_traditional,Whole Dataset CKD Up Traditional,GO Biological Process,GO_Biological_Process_2026,559,Regulation of Stem Cell Differentiation (GO:2000736),0.08924145426065531,4.156565656565657,10.043965211617904,FZD1;RBBP4,2,0.2602431447543576,0,0,0.5846207017196987,200
whole_ckd_up_traditional,Whole Dataset CKD Up Traditional,GO Biological Process,GO_Biological_Process_2026,560,Phosphatidylinositol Biosynthetic Process (GO:0006661),0.08924145426065531,4.156565656565657,10.043965211617904,PLEKHA1;PTEN,2,0.2602431447543576,0,0,0.5846207017196987,200
whole_ckd_up_traditional,Whole Dataset CKD Up Traditional,GO Biological Process,GO_Biological_Process_2026,561,Cellular Response to Oxygen-Containing Compound (GO:1901701),0.08974225286512544,1.8787564766839377,4.529331616964607,PYCARD;VCAM1;SESN3;TESC;LRRK2;TP53;PAX2,7,0.2602431447543576,0,0,0.5846207017196987,200
whole_ckd_up_traditional,Whole Dataset CKD Up Traditional,GO Biological Process,GO_Biological_Process_2026,562,Skeletal System Development (GO:0001501),0.08988891936329366,2.4285714285714284,5.850867172003845,VCAN;COL27A1;ITGB8;TNFRSF11B,4,0.2602431447543576,0,0,0.5846207017196987,200
whole_ckd_up_traditional,Whole Dataset CKD Up Traditional,GO Biological Process,GO_Biological_Process_2026,563,Regulation of Type II Interferon Production (GO:0032649),0.09220036137329378,2.8840296759078483,6.874924645539169,PYCARD;F2RL1;CD47,3,0.2602431447543576,0,0,0.5846207017196987,200
whole_ckd_up_traditional,Whole Dataset CKD Up Traditional,GO Biological Process,GO_Biological_Process_2026,564,Regulation of T Cell Differentiation (GO:0045580),0.0922950442929787,4.071531642960214,9.7015024039535,MDK;ARID1B,2,0.2602431447543576,0,0,0.5846207017196987,200
whole_ckd_up_traditional,Whole Dataset CKD Up Traditional,GO Biological Process,GO_Biological_Process_2026,565,Response to Glucose (GO:0009749),0.0922950442929787,4.071531642960214,9.7015024039535,SOX4;PAX2,2,0.2602431447543576,0,0,0.5846207017196987,200
whole_ckd_up_traditional,Whole Dataset CKD Up Traditional,GO Biological Process,GO_Biological_Process_2026,566,Heterophilic Cell-Cell Adhesion (GO:0007157),0.0922950442929787,4.071531642960214,9.7015024039535,CXADR;VCAM1,2,0.2602431447543576,0,0,0.5846207017196987,200
whole_ckd_up_traditional,Whole Dataset CKD Up Traditional,GO Biological Process,GO_Biological_Process_2026,567,Skeletal System Morphogenesis (GO:0048705),0.0922950442929787,4.071531642960214,9.7015024039535,HOXA3;HOXB3,2,0.2602431447543576,0,0,0.5846207017196987,200
whole_ckd_up_traditional,Whole Dataset CKD Up Traditional,GO Biological Process,GO_Biological_Process_2026,568,Natural Killer Cell Activation (GO:0030101),0.0922950442929787,4.071531642960214,9.7015024039535,PTPRC;RASGRP1,2,0.2602431447543576,0,0,0.5846207017196987,200
whole_ckd_up_traditional,Whole Dataset CKD Up Traditional,GO Biological Process,GO_Biological_Process_2026,569,Positive Regulation of Cell-Cell Adhesion (GO:0022409),0.0922950442929787,4.071531642960214,9.7015024039535,MDK;CD47,2,0.2602431447543576,0,0,0.5846207017196987,200
whole_ckd_up_traditional,Whole Dataset CKD Up Traditional,GO Biological Process,GO_Biological_Process_2026,570,Positive Regulation of Insulin Secretion (GO:0032024),0.0922950442929787,4.071531642960214,9.7015024039535,PRKACB;SOX4,2,0.2602431447543576,0,0,0.5846207017196987,200
whole_ckd_up_traditional,Whole Dataset CKD Up Traditional,GO Biological Process,GO_Biological_Process_2026,571,Brain Development (GO:0007420),0.09437864269311937,2.3848396501457727,5.629272034406905,EMX2;RBBP4;SOX4;PAX2,4,0.2602431447543576,0,0,0.5846207017196987,200
whole_ckd_up_traditional,Whole Dataset CKD Up Traditional,GO Biological Process,GO_Biological_Process_2026,572,Regulation of Substrate Adhesion-Dependent Cell Spreading (GO:1900024),0.09537879226975067,3.98989898989899,9.375859760148904,CDC42;MDK,2,0.2602431447543576,0,0,0.5846207017196987,200
whole_ckd_up_traditional,Whole Dataset CKD Up Traditional,GO Biological Process,GO_Biological_Process_2026,573,Intracellular Glucose Homeostasis (GO:0001678),0.09537879226975067,3.98989898989899,9.375859760148904,SOX4;PAX2,2,0.2602431447543576,0,0,0.5846207017196987,200
whole_ckd_up_traditional,Whole Dataset CKD Up Traditional,GO Biological Process,GO_Biological_Process_2026,574,T Cell Differentiation (GO:0030217),0.09537879226975067,3.98989898989899,9.375859760148904,PTPRC;SOX4,2,0.2602431447543576,0,0,0.5846207017196987,200
whole_ckd_up_traditional,Whole Dataset CKD Up Traditional,GO Biological Process,GO_Biological_Process_2026,607,Regulation of RNA Splicing (GO:0043484),0.09615827141735159,2.829326692845513,6.625603466421482,TIA1;HNRNPH1;PTBP3,3,0.26122733042374424,0,0,0.5829813877672207,200
whole_ckd_up_traditional,Whole Dataset CKD Up Traditional,GO Biological Process,GO_Biological_Process_2026,608,Negative Regulation of TORC1 Signaling (GO:1904262),0.09849179715211694,3.9114676173499703,9.065929283683163,SESN3;PRKACB,2,0.26264221338919036,0,0,0.5806354702929518,200
whole_ckd_up_traditional,Whole Dataset CKD Up Traditional,GO Biological Process,GO_Biological_Process_2026,609,Negative Regulation of Cell Projection Organization (GO:0031345),0.09849179715211694,3.9114676173499703,9.065929283683163,PTEN;ITM2C,2,0.26264221338919036,0,0,0.5806354702929518,200
whole_ckd_up_traditional,Whole Dataset CKD Up Traditional,GO Biological Process,GO_Biological_Process_2026,610,Positive Regulation of Lymphocyte Activation (GO:0051251),0.09849179715211694,3.9114676173499703,9.065929283683163,PYCARD;CD47,2,0.26264221338919036,0,0,0.5806354702929518,200
whole_ckd_up_traditional,Whole Dataset CKD Up Traditional,GO Biological Process,GO_Biological_Process_2026,611,Positive Regulation of Osteoblast Differentiation (GO:0045669),0.09849179715211694,3.9114676173499703,9.065929283683163,FZD1;NPNT,2,0.26264221338919036,0,0,0.5806354702929518,200
whole_ckd_up_traditional,Whole Dataset CKD Up Traditional,GO Biological Process,GO_Biological_Process_2026,612,Regulation of Anatomical Structure Morphogenesis (GO:0022603),0.10018457380636049,2.7766497461928936,6.3883520697862,SEMA4D;RUFY3;LRRK2,3,0.26264221338919036,0,0,0.5806354702929518,200
whole_ckd_up_traditional,Whole Dataset CKD Up Traditional,GO Biological Process,GO_Biological_Process_2026,613,External Encapsulating Structure Organization (GO:0045229),0.10018457380636049,2.7766497461928936,6.3883520697862,COL27A1;MMP7;NPNT,3,0.26264221338919036,0,0,0.5806354702929518,200
whole_ckd_up_traditional,Whole Dataset CKD Up Traditional,GO Biological Process,GO_Biological_Process_2026,614,Extracellular Structure Organization (GO:0043062),0.10018457380636049,2.7766497461928936,6.3883520697862,COL27A1;MMP7;NPNT,3,0.26264221338919036,0,0,0.5806354702929518,200
whole_ckd_up_traditional,Whole Dataset CKD Up Traditional,GO Biological Process,GO_Biological_Process_2026,615,Transcription Initiation-Coupled Chromatin Remodeling (GO:0045815),0.1016331727713355,3.836052836052836,8.77069478933889,ARID1B;TP53,2,0.26264221338919036,0,0,0.5806354702929518,200
whole_ckd_up_traditional,Whole Dataset CKD Up Traditional,GO Biological Process,GO_Biological_Process_2026,616,Positive Regulation of Leukocyte Mediated Cytotoxicity (GO:0001912),0.1016331727713355,3.836052836052836,8.77069478933889,STX7;RASGRP1,2,0.26264221338919036,0,0,0.5806354702929518,200
whole_ckd_up_traditional,Whole Dataset CKD Up Traditional,GO Biological Process,GO_Biological_Process_2026,617,Post-translational Protein Modification (GO:0043687),0.1016331727713355,3.836052836052836,8.77069478933889,STT3B;SUMF2,2,0.26264221338919036,0,0,0.5806354702929518,200
whole_ckd_up_traditional,Whole Dataset CKD Up Traditional,GO Biological Process,GO_Biological_Process_2026,618,Protein Catabolic Process (GO:0030163),0.10366938902763159,2.3019000703729766,5.217367910182412,LAMP2;OGA;STT3B;CTSS,4,0.26264221338919036,0,0,0.5806354702929518,200
whole_ckd_up_traditional,Whole Dataset CKD Up Traditional,GO Biological Process,GO_Biological_Process_2026,619,Positive Regulation of Developmental Process (GO:0051094),0.10389479591242931,2.063627730294397,4.672830074484354,RBBP4;MDK;ARID1B;WFDC2;PAX2,5,0.26264221338919036,0,0,0.5806354702929518,200
whole_ckd_up_traditional,Whole Dataset CKD Up Traditional,GO Biological Process,GO_Biological_Process_2026,620,Regulation of Wnt Signaling Pathway (GO:0030111),0.1042776844975899,2.7258883248730963,6.162409997576357,RNF43;LRRK2;DCDC2,3,0.26264221338919036,0,0,0.5806354702929518,200
whole_ckd_up_traditional,Whole Dataset CKD Up Traditional,GO Biological Process,GO_Biological_Process_2026,658,Positive Regulation of Pattern Recognition Receptor Signaling Pathway (GO:0062208),0.10480204755008322,3.7634838955593675,8.489222766072233,F2RL1;CYBA,2,0.26264221338919036,0,0,0.5806354702929518,200
whole_ckd_up_traditional,Whole Dataset CKD Up Traditional,GO Biological Process,GO_Biological_Process_2026,659,Regulation of Proteasomal Ubiquitin-Dependent Protein Catabolic Process (GO:0032434),0.10634879315076882,2.7011935793661683,6.0534587787747896,XPO1;LRRK2;CLU,3,0.26611405145010286,0,0,0.5749321930693281,200
whole_ckd_up_traditional,Whole Dataset CKD Up Traditional,GO Biological Process,GO_Biological_Process_2026,660,Heart Development (GO:0007507),0.10685645783377518,2.2755102040816326,5.0886526116611455,CXADR;FLRT3;PTEN;SOX4,4,0.2669792408604474,0,0,0.573522506164465,200
whole_ckd_up_traditional,Whole Dataset CKD Up Traditional,GO Biological Process,GO_Biological_Process_2026,661,B Cell Differentiation (GO:0030183),0.10799756435943055,3.6936026936026938,8.220654292796869,VCAM1;PTPRC,2,0.26808241027965496,0,0,0.5717316804934045,200
whole_ckd_up_traditional,Whole Dataset CKD Up Traditional,GO Biological Process,GO_Biological_Process_2026,662,Endoplasmic Reticulum Organization (GO:0007029),0.10799756435943055,3.6936026936026938,8.220654292796869,TRAM1;LRRK2,2,0.26808241027965496,0,0,0.5717316804934045,200
whole_ckd_up_traditional,Whole Dataset CKD Up Traditional,GO Biological Process,GO_Biological_Process_2026,663,Positive Regulation of Interleukin-1 Beta Production (GO:0032731),0.10799756435943055,3.6936026936026938,8.220654292796869,PYCARD;F2RL1,2,0.26808241027965496,0,0,0.5717316804934045,200
whole_ckd_up_traditional,Whole Dataset CKD Up Traditional,GO Biological Process,GO_Biological_Process_2026,664,Positive Regulation of Transcription Initiation by RNA Polymerase II (GO:0060261),0.10799756435943055,3.6936026936026938,8.220654292796869,HNF1B;TP53,2,0.26808241027965496,0,0,0.5717316804934045,200
whole_ckd_up_traditional,Whole Dataset CKD Up Traditional,GO Biological Process,GO_Biological_Process_2026,665,Regulation of Primary Metabolic Process (GO:0080090),0.1084360022174226,2.676939811457578,5.947076425256374,RNF213;HNRNPH1;PTBP3,3,0.26808241027965496,0,0,0.5717316804934045,200
whole_ckd_up_traditional,Whole Dataset CKD Up Traditional,GO Biological Process,GO_Biological_Process_2026,666,Positive Regulation of Cell Projection Organization (GO:0031346),0.1084360022174226,2.676939811457578,5.947076425256374,FZD1;MDK;CAPRIN1,3,0.26808241027965496,0,0,0.5717316804934045,200
whole_ckd_up_traditional,Whole Dataset CKD Up Traditional,GO Biological Process,GO_Biological_Process_2026,667,Positive Regulation of Protein Phosphorylation (GO:0001934),0.1084360022174226,2.676939811457578,5.947076425256374,PTPRC;SEMA4D;RASGRP1,3,0.26808241027965496,0,0,0.5717316804934045,200
whole_ckd_up_traditional,Whole Dataset CKD Up Traditional,GO Biological Process,GO_Biological_Process_2026,668,Cellular Response to Fibroblast Growth Factor Stimulus (GO:0044344),0.11121888035137502,3.6262626262626263,7.964197874788815,GALNT3;FLRT3,2,0.26886589815714,0,0,0.5704642784065689,200
whole_ckd_up_traditional,Whole Dataset CKD Up Traditional,GO Biological Process,GO_Biological_Process_2026,669,Positive Regulation of Chemokine Production (GO:0032722),0.11121888035137502,3.6262626262626263,7.964197874788815,PYCARD;F2RL1,2,0.26886589815714,0,0,0.5704642784065689,200
whole_ckd_up_traditional,Whole Dataset CKD Up Traditional,GO Biological Process,GO_Biological_Process_2026,670,Positive Regulation of Leukocyte Chemotaxis (GO:0002690),0.11121888035137502,3.6262626262626263,7.964197874788815,MDK;F2RL1,2,0.26886589815714,0,0,0.5704642784065689,200
whole_ckd_up_traditional,Whole Dataset CKD Up Traditional,GO Biological Process,GO_Biological_Process_2026,671,Positive Regulation of Protein Localization to Plasma Membrane (GO:1903078),0.11121888035137502,3.6262626262626263,7.964197874788815,ZDHHC2;PLS1,2,0.26886589815714,0,0,0.5704642784065689,200
whole_ckd_up_traditional,Whole Dataset CKD Up Traditional,GO Biological Process,GO_Biological_Process_2026,698,Cellular Response to Interleukin-1 (GO:0071347),0.11446516664275823,3.5613275613275612,7.719123085387519,PYCARD;CD47,2,0.27003298969085593,0,0,0.5685831752280881,200
whole_ckd_up_traditional,Whole Dataset CKD Up Traditional,GO Biological Process,GO_Biological_Process_2026,699,Negative Regulation of Protein Phosphorylation (GO:0001933),0.11446516664275823,3.5613275613275612,7.719123085387519,PTPRC;PTEN,2,0.27003298969085593,0,0,0.5685831752280881,200
whole_ckd_up_traditional,Whole Dataset CKD Up Traditional,GO Biological Process,GO_Biological_Process_2026,700,Response to Interleukin-1 (GO:0070555),0.11773560826365449,3.4986709197235513,7.484754897547597,PYCARD;CD47,2,0.27656127924040774,0,0,0.5582086246221248,200
whole_ckd_up_traditional,Whole Dataset CKD Up Traditional,GO Biological Process,GO_Biological_Process_2026,701,Rho Protein Signal Transduction (GO:0007266),0.11773560826365449,3.4986709197235513,7.484754897547597,LRRK2;EPS8L2,2,0.27656127924040774,0,0,0.5582086246221248,200
whole_ckd_up_traditional,Whole Dataset CKD Up Traditional,GO Biological Process,GO_Biological_Process_2026,702,Positive Regulation of Transport (GO:0051050),0.11773560826365449,3.4986709197235513,7.484754897547597,SCIN;LRRK2,2,0.27656127924040774,0,0,0.5582086246221248,200
whole_ckd_up_traditional,Whole Dataset CKD Up Traditional,GO Biological Process,GO_Biological_Process_2026,703,Negative Regulation of Cell Migration (GO:0030336),0.11835429607894112,2.1876881900301104,4.668685519728879,RBBP4;TP53INP1;PTEN;TIMP1,4,0.27750588955378275,0,0,0.5567277953392645,200
whole_ckd_up_traditional,Whole Dataset CKD Up Traditional,GO Biological Process,GO_Biological_Process_2026,704,Antigen Receptor-Mediated Signaling Pathway (GO:0050851),0.1191064405928344,2.5618898867629833,5.451029764221877,FYB1;PTPRC;PLEKHA1,3,0.27750588955378275,0,0,0.5567277953392645,200
whole_ckd_up_traditional,Whole Dataset CKD Up Traditional,GO Biological Process,GO_Biological_Process_2026,705,Positive Regulation of Peptide Hormone Secretion (GO:0090277),0.12102940384644344,3.4381748519679554,7.260468635528234,PRKACB;SOX4,2,0.27750588955378275,0,0,0.5567277953392645,200
whole_ckd_up_traditional,Whole Dataset CKD Up Traditional,GO Biological Process,GO_Biological_Process_2026,706,Positive Regulation of Wnt Signaling Pathway (GO:0030177),0.12128597474125094,2.5400499010582465,5.358499670932854,TBL1XR1;LRRK2;SOX4,3,0.27750588955378275,0,0,0.5567277953392645,200
whole_ckd_up_traditional,Whole Dataset CKD Up Traditional,GO Biological Process,GO_Biological_Process_2026,729,Negative Regulation of Canonical Wnt Signaling Pathway (GO:0090090),0.12348017767957703,2.5185769739367827,5.26804358631712,MDK;TPBG;BICC1,3,0.2793125006771228,0,0,0.553909626942728,200
whole_ckd_up_traditional,Whole Dataset CKD Up Traditional,GO Biological Process,GO_Biological_Process_2026,730,Response to Retinoic Acid (GO:0032526),0.12434576552341958,3.379729498373566,7.045685456427677,TESC;PAX2,2,0.2804448626304728,0,0,0.5521525112674889,200
whole_ckd_up_traditional,Whole Dataset CKD Up Traditional,GO Biological Process,GO_Biological_Process_2026,731,Regulation of Intracellular Transport (GO:0032386),0.12768391868560922,3.323232323232323,6.839868307696459,LRRK2;TMED2,2,0.2804448626304728,0,0,0.5521525112674889,200
whole_ckd_up_traditional,Whole Dataset CKD Up Traditional,GO Biological Process,GO_Biological_Process_2026,732,Negative Regulation of Intrinsic Apoptotic Signaling Pathway (GO:2001243),0.12768391868560922,3.323232323232323,6.839868307696459,LRRK2;CLU,2,0.2804448626304728,0,0,0.5521525112674889,200
whole_ckd_up_traditional,Whole Dataset CKD Up Traditional,GO Biological Process,GO_Biological_Process_2026,733,Negative Regulation of Macromolecule Biosynthetic Process (GO:0010558),0.1303648762953712,2.1063372717508058,4.291489512261752,ADAM10;FLOT2;ITGB8;ZNF503,4,0.2804448626304728,0,0,0.5521525112674889,200
whole_ckd_up_traditional,Whole Dataset CKD Up Traditional,GO Biological Process,GO_Biological_Process_2026,734,Phosphatidylcholine Metabolic Process (GO:0046470),0.1310431018295034,3.2685875144891536,6.642518297732,SLC44A4;CEPT1,2,0.2804448626304728,0,0,0.5521525112674889,200
whole_ckd_up_traditional,Whole Dataset CKD Up Traditional,GO Biological Process,GO_Biological_Process_2026,735,Positive Regulation of Interleukin-1 Production (GO:0032732),0.1310431018295034,3.2685875144891536,6.642518297732,PYCARD;F2RL1,2,0.2804448626304728,0,0,0.5521525112674889,200
whole_ckd_up_traditional,Whole Dataset CKD Up Traditional,GO Biological Process,GO_Biological_Process_2026,773,Positive Regulation of Macromolecule Biosynthetic Process (GO:0010557),0.13178757619042544,1.7808210821692185,3.6089477601307816,IL32;DYRK2;TESC;ITGB8;TP53;CLU,6,0.2811354633091999,0,0,0.5510843676687717,200
whole_ckd_up_traditional,Whole Dataset CKD Up Traditional,GO Biological Process,GO_Biological_Process_2026,774,Protein-containing Complex Organization (GO:0043933),0.1323995391242033,2.4361767983162066,4.925781673616739,CAPZA1;MDM4;TP53,3,0.28207602069226256,0,0,0.5496338316881951,200
whole_ckd_up_traditional,Whole Dataset CKD Up Traditional,GO Biological Process,GO_Biological_Process_2026,775,Antibacterial Humoral Response (GO:0019731),0.13442256635220146,3.215705441511893,6.45317143498723,SLPI;WFDC2,2,0.2860165315029422,0,0,0.5436088643079646,200
whole_ckd_up_traditional,Whole Dataset CKD Up Traditional,GO Biological Process,GO_Biological_Process_2026,776,Positive Regulation of Angiogenesis (GO:0045766),0.13466397988685463,2.4164074013427213,4.844830729741804,S100A1;MDK;ITGB8,3,0.2861609572595661,0,0,0.5433896200639654,200
whole_ckd_up_traditional,Whole Dataset CKD Up Traditional,GO Biological Process,GO_Biological_Process_2026,777,Mitochondrion Organization (GO:0007005),0.1369418453141825,2.396954314720812,4.7656220038630535,CXADR;LRRK2;VPS13C,3,0.2871124533562684,0,0,0.5419479697932431,200
whole_ckd_up_traditional,Whole Dataset CKD Up Traditional,GO Biological Process,GO_Biological_Process_2026,778,Positive Regulation of Interleukin-8 Production (GO:0032757),0.13782157638259904,3.1645021645021645,6.271395690931595,PYCARD;F2RL1,2,0.2871124533562684,0,0,0.5419479697932431,200
whole_ckd_up_traditional,Whole Dataset CKD Up Traditional,GO Biological Process,GO_Biological_Process_2026,779,Positive Regulation of Protein Modification Process (GO:0031401),0.13782157638259904,3.1645021645021645,6.271395690931595,SEMA4D;RASGRP1,2,0.2871124533562684,0,0,0.5419479697932431,200
whole_ckd_up_traditional,Whole Dataset CKD Up Traditional,GO Biological Process,GO_Biological_Process_2026,805,Negative Regulation of Cytokine Production (GO:0001818),0.1410458258534753,2.0412328196584757,3.9981023755392973,PYCARD;PTPRC;ANXA4;F2RL1,4,0.2886044420817413,0,0,0.5396969887077296,200
whole_ckd_up_traditional,Whole Dataset CKD Up Traditional,GO Biological Process,GO_Biological_Process_2026,806,Ras Protein Signal Transduction (GO:0007265),0.14123940858700135,3.11489898989899,6.096788351656931,TP53;RASGRP1,2,0.2886044420817413,0,0,0.5396969887077296,200
whole_ckd_up_traditional,Whole Dataset CKD Up Traditional,GO Biological Process,GO_Biological_Process_2026,807,Canonical Wnt Signaling Pathway (GO:0060070),0.14123940858700135,3.11489898989899,6.096788351656931,FZD1;LRRK2,2,0.2886044420817413,0,0,0.5396969887077296,200
whole_ckd_up_traditional,Whole Dataset CKD Up Traditional,GO Biological Process,GO_Biological_Process_2026,808,Negative Regulation of MAPK Cascade (GO:0043409),0.14153701828212126,2.3589671849394462,4.612238445645575,PTPRC;STK38;F2RL1,3,0.288854632607943,0,0,0.5393206629159458,200
whole_ckd_up_traditional,Whole Dataset CKD Up Traditional,GO Biological Process,GO_Biological_Process_2026,809,Positive Regulation of Inflammatory Response (GO:0050729),0.14385390987279562,2.340418781725888,4.537971401166285,PYCARD;MDK;CD47,3,0.29322014509300365,0,0,0.5328061956878528,200
whole_ckd_up_traditional,Whole Dataset CKD Up Traditional,GO Biological Process,GO_Biological_Process_2026,810,Anterior/posterior Pattern Specification (GO:0009952),0.1446753520694938,3.0668220668220667,5.928973623253177,HOXA3;HOXB3,2,0.2938017404156507,0,0,0.5319456358749843,200
whole_ckd_up_traditional,Whole Dataset CKD Up Traditional,GO Biological Process,GO_Biological_Process_2026,811,Regulation of Cell Communication (GO:0010646),0.1446753520694938,3.0668220668220667,5.928973623253177,CXADR;CDC42SE2,2,0.2938017404156507,0,0,0.5319456358749843,200
whole_ckd_up_traditional,Whole Dataset CKD Up Traditional,GO Biological Process,GO_Biological_Process_2026,812,Negative Regulation of Intracellular Signal Transduction (GO:1902532),0.14495535643907975,1.728759331674369,3.3388038448295463,PYCARD;PLEKHA1;STAT1;ANXA4;PTEN;MDM4,6,0.2938017404156507,0,0,0.5319456358749843,200
whole_ckd_up_traditional,Whole Dataset CKD Up Traditional,GO Biological Process,GO_Biological_Process_2026,813,Response to Endoplasmic Reticulum Stress (GO:0034976),0.1461833943108462,2.3221579506551766,4.465262011584285,TMX1;DNAJC10;TP53,3,0.2938017404156507,0,0,0.5319456358749843,200
whole_ckd_up_traditional,Whole Dataset CKD Up Traditional,GO Biological Process,GO_Biological_Process_2026,835,Epithelial Cell Differentiation (GO:0030855),0.15087931066129415,2.286472662455923,4.32434865075451,ANXA4;AKR1C1;PAX2,3,0.29541797618698296,0,0,0.5295630813961723,200
whole_ckd_up_traditional,Whole Dataset CKD Up Traditional,GO Biological Process,GO_Biological_Process_2026,836,Negative Regulation of Autophagy (GO:0010507),0.1515987898971927,2.9749736167646614,5.6123406468995185,LRRK2;MET,2,0.29541797618698296,0,0,0.5295630813961723,200
whole_ckd_up_traditional,Whole Dataset CKD Up Traditional,GO Biological Process,GO_Biological_Process_2026,837,Positive Regulation of Protein Polymerization (GO:0032273),0.1515987898971927,2.9749736167646614,5.6123406468995185,PYCARD;PFN1,2,0.29541797618698296,0,0,0.5295630813961723,200
whole_ckd_up_traditional,Whole Dataset CKD Up Traditional,GO Biological Process,GO_Biological_Process_2026,838,Protein Targeting to Membrane (GO:0006612),0.1515987898971927,2.9749736167646614,5.6123406468995185,TRAM1;ZDHHC2,2,0.29541797618698296,0,0,0.5295630813961723,200
whole_ckd_up_traditional,Whole Dataset CKD Up Traditional,GO Biological Process,GO_Biological_Process_2026,839,Positive Regulation of Endothelial Cell Proliferation (GO:0001938),0.15508492269953394,2.931075460487225,5.462886925837976,MDK;ARNT,2,0.29541797618698296,0,0,0.5295630813961723,200
whole_ckd_up_traditional,Whole Dataset CKD Up Traditional,GO Biological Process,GO_Biological_Process_2026,840,Organelle Organization (GO:0006996),0.15561683149480282,1.6146149723065928,3.0037626904242196,CDC42;CXADR;MDK;VPS13C;LRRK2;STX7;TMED2,7,0.29541797618698296,0,0,0.5295630813961723,200
whole_ckd_up_traditional,Whole Dataset CKD Up Traditional,GO Biological Process,GO_Biological_Process_2026,878,Regulation of Endocytosis (GO:0030100),0.15858644337758454,2.888449714536671,5.318951469597782,PTPRC;LRRK2,2,0.2971693694654965,0,0,0.5269959572185656,200
whole_ckd_up_traditional,Whole Dataset CKD Up Traditional,GO Biological Process,GO_Biological_Process_2026,879,Cellular Response to Reactive Oxygen Species (GO:0034614),0.15858644337758454,2.888449714536671,5.318951469597782,PLEKHA1;LRRK2,2,0.2971693694654965,0,0,0.5269959572185656,200
whole_ckd_up_traditional,Whole Dataset CKD Up Traditional,GO Biological Process,GO_Biological_Process_2026,880,Positive Regulation of Type II Interferon Production (GO:0032729),0.15858644337758454,2.888449714536671,5.318951469597782,PYCARD;F2RL1,2,0.2971693694654965,0,0,0.5269959572185656,200
whole_ckd_up_traditional,Whole Dataset CKD Up Traditional,GO Biological Process,GO_Biological_Process_2026,881,Response to Ionizing Radiation (GO:0010212),0.16210270029601825,2.8470418470418473,5.180264363849609,XRCC4;TP53,2,0.29785049599550795,0,0,0.5260016723556928,200
whole_ckd_up_traditional,Whole Dataset CKD Up Traditional,GO Biological Process,GO_Biological_Process_2026,882,Pattern Recognition Receptor Signaling Pathway (GO:0002221),0.16210270029601825,2.8470418470418473,5.180264363849609,PYCARD;CTSS,2,0.29785049599550795,0,0,0.5260016723556928,200
whole_ckd_up_traditional,Whole Dataset CKD Up Traditional,GO Biological Process,GO_Biological_Process_2026,883,Phosphatidylinositol Metabolic Process (GO:0046488),0.16210270029601825,2.8470418470418473,5.180264363849609,PLEKHA1;PTEN,2,0.29785049599550795,0,0,0.5260016723556928,200
whole_ckd_up_traditional,Whole Dataset CKD Up Traditional,GO Biological Process,GO_Biological_Process_2026,884,Positive Regulation of Phosphorylation (GO:0042327),0.16210270029601825,2.8470418470418473,5.180264363849609,SEMA4D;RASGRP1,2,0.29785049599550795,0,0,0.5260016723556928,200
whole_ckd_up_traditional,Whole Dataset CKD Up Traditional,GO Biological Process,GO_Biological_Process_2026,916,Positive Regulation of Intracellular Protein Transport (GO:0090316),0.16563305326129824,2.806800398349694,5.046572271238703,RUFY3;ZDHHC2,2,0.29785049599550795,0,0,0.5260016723556928,200
whole_ckd_up_traditional,Whole Dataset CKD Up Traditional,GO Biological Process,GO_Biological_Process_2026,917,Positive Regulation of Proteasomal Ubiquitin-Dependent Protein Catabolic Process (GO:0032436),0.16563305326129824,2.806800398349694,5.046572271238703,LRRK2;CLU,2,0.29785049599550795,0,0,0.5260016723556928,200
whole_ckd_up_traditional,Whole Dataset CKD Up Traditional,GO Biological Process,GO_Biological_Process_2026,918,Cellular Response to UV (GO:0034644),0.16917687320488076,2.7676767676767677,4.9176372087746785,TIMP1;TP53,2,0.30143034552178566,0,0,0.520813028632971,200
whole_ckd_up_traditional,Whole Dataset CKD Up Traditional,GO Biological Process,GO_Biological_Process_2026,919,Regulation of Neuron Differentiation (GO:0045664),0.16917687320488076,2.7676767676767677,4.9176372087746785,LRRK2;NREP,2,0.30143034552178566,0,0,0.520813028632971,200
whole_ckd_up_traditional,Whole Dataset CKD Up Traditional,GO Biological Process,GO_Biological_Process_2026,920,Sensory Organ Development (GO:0007423),0.16917687320488076,2.7676767676767677,4.9176372087746785,PAX8;PAX2,2,0.30143034552178566,0,0,0.520813028632971,200
whole_ckd_up_traditional,Whole Dataset CKD Up Traditional,GO Biological Process,GO_Biological_Process_2026,921,Macromolecule Catabolic Process (GO:0009057),0.16917687320488076,2.7676767676767677,4.9176372087746785,LAMP2;CTSS,2,0.30143034552178566,0,0,0.520813028632971,200
whole_ckd_up_traditional,Whole Dataset CKD Up Traditional,GO Biological Process,GO_Biological_Process_2026,922,Negative Regulation of TOR Signaling (GO:0032007),0.16917687320488076,2.7676767676767677,4.9176372087746785,SESN3;PRKACB,2,0.30143034552178566,0,0,0.520813028632971,200
whole_ckd_up_traditional,Whole Dataset CKD Up Traditional,GO Biological Process,GO_Biological_Process_2026,923,Negative Regulation of Protein Catabolic Process (GO:0042177),0.16917687320488076,2.7676767676767677,4.9176372087746785,MDM4;TIMP1,2,0.30143034552178566,0,0,0.520813028632971,200
whole_ckd_up_traditional,Whole Dataset CKD Up Traditional,GO Biological Process,GO_Biological_Process_2026,924,Negative Regulation of Supramolecular Fiber Organization (GO:1902904),0.16917687320488076,2.7676767676767677,4.9176372087746785,PFN1;CLU,2,0.30143034552178566,0,0,0.520813028632971,200
whole_ckd_up_traditional,Whole Dataset CKD Up Traditional,GO Biological Process,GO_Biological_Process_2026,925,Organic Cation Transport (GO:0015695),0.16917687320488076,2.7676767676767677,4.9176372087746785,SLC44A4;SLC35F5,2,0.30143034552178566,0,0,0.520813028632971,200
whole_ckd_up_traditional,Whole Dataset CKD Up Traditional,GO Biological Process,GO_Biological_Process_2026,926,Regulation of MAPK Cascade (GO:0043408),0.1692689508509239,1.7433217189314751,3.0966038004936705,PKHD1;PTPRC;LRRK2;F2RL1;RASGRP1,5,0.30143034552178566,0,0,0.520813028632971,200
whole_ckd_up_traditional,Whole Dataset CKD Up Traditional,GO Biological Process,GO_Biological_Process_2026,927,Negative Regulation of Cell Motility (GO:2000146),0.17012524006464783,2.1540006573421464,3.815209920769243,RBBP4;TP53INP1;PTEN,3,0.3018578983524326,0,0,0.5201974560006686,200
whole_ckd_up_traditional,Whole Dataset CKD Up Traditional,GO Biological Process,GO_Biological_Process_2026,928,Gene Expression (GO:0010467),0.17256380368091476,1.7310797622216307,3.0414867751820274,XPO1;PAX8;HNRNPH1;TESC;PAM,5,0.3018578983524326,0,0,0.5201974560006686,200
whole_ckd_up_traditional,Whole Dataset CKD Up Traditional,GO Biological Process,GO_Biological_Process_2026,929,Response to Cytokine (GO:0034097),0.17257958616445457,2.1385061638868748,3.7571345929995696,STAT1;ADAM10;TIMP1,3,0.3018578983524326,0,0,0.5201974560006686,200
whole_ckd_up_traditional,Whole Dataset CKD Up Traditional,GO Biological Process,GO_Biological_Process_2026,930,Regulation of Actin Filament Polymerization (GO:0030833),0.17273354222297413,2.72962501729625,4.793235424721277,PYCARD;PFN1,2,0.3018578983524326,0,0,0.5201974560006686,200
whole_ckd_up_traditional,Whole Dataset CKD Up Traditional,GO Biological Process,GO_Biological_Process_2026,931,Cell-cell Junction Assembly (GO:0007043),0.17273354222297413,2.72962501729625,4.793235424721277,CDH6;CDH2,2,0.3018578983524326,0,0,0.5201974560006686,200
whole_ckd_up_traditional,Whole Dataset CKD Up Traditional,GO Biological Process,GO_Biological_Process_2026,932,Positive Regulation of Protein Ubiquitination (GO:0031398),0.17273354222297413,2.72962501729625,4.793235424721277,LRRK2;ARRDC3,2,0.3018578983524326,0,0,0.5201974560006686,200
whole_ckd_up_traditional,Whole Dataset CKD Up Traditional,GO Biological Process,GO_Biological_Process_2026,951,Regulation of Gene Expression (GO:0010468),0.1742115575436065,1.3383755107893038,2.3387909559651665,IL32;ATF7IP;TESC;TMPRSS4;ADAM10;CLU;PTBP3;PTPRC;RBBP4;HNRNPH1;FLOT2;ZNF503;ITGB8;TP53;SOX4,15,0.30207661239685296,0,0,0.5198828976998316,200
whole_ckd_up_traditional,Whole Dataset CKD Up Traditional,GO Biological Process,GO_Biological_Process_2026,952,Cell Surface Receptor Protein Tyrosine Kinase Signaling Pathway (GO:0007169),0.1775525042680905,1.7130312609764664,2.9609555458398793,GALNT3;FLRT3;ARHGEF28;SAMD12;MET,5,0.306530905402698,0,0,0.5135257320127644,200
whole_ckd_up_traditional,Whole Dataset CKD Up Traditional,GO Biological Process,GO_Biological_Process_2026,953,Response to Type II Interferon (GO:0034341),0.17988300980737917,2.6565656565656566,4.5572017962830635,STAT1;CD47,2,0.306530905402698,0,0,0.5135257320127644,200
whole_ckd_up_traditional,Whole Dataset CKD Up Traditional,GO Biological Process,GO_Biological_Process_2026,954,Negative Regulation of Transcription by RNA Polymerase II (GO:0000122),0.1809998226464506,1.3986648740125351,2.390680842184874,PTPRC;ZNF608;SEMA4D;RBBP4;STAT1;TBL1XR1;ANXA4;MDM4;TP53;N4BP2L2;SOX4,11,0.306530905402698,0,0,0.5135257320127644,200
whole_ckd_up_traditional,Whole Dataset CKD Up Traditional,GO Biological Process,GO_Biological_Process_2026,981,Positive Regulation of Lymphocyte Proliferation (GO:0050671),0.18347462633308428,2.621477937267411,4.445184817601474,VCAM1;PTPRC,2,0.3084094381480693,0,0,0.5108723398529027,200
whole_ckd_up_traditional,Whole Dataset CKD Up Traditional,GO Biological Process,GO_Biological_Process_2026,982,Modification-dependent Protein Catabolic Process (GO:0019941),0.18693176238534226,1.816326530612245,3.0460007261628443,RNF144B;RNF43;RNF213;KIF12,4,0.3129608819317229,0,0,0.5045099430378754,200
whole_ckd_up_traditional,Whole Dataset CKD Up Traditional,GO Biological Process,GO_Biological_Process_2026,983,Regulation of Smoothened Signaling Pathway (GO:0008589),0.18707672748571472,2.5873015873015874,4.336929198982091,DYRK2;DCDC2,2,0.3129608819317229,0,0,0.5045099430378754,200
whole_ckd_up_traditional,Whole Dataset CKD Up Traditional,GO Biological Process,GO_Biological_Process_2026,984,Positive Regulation of GTPase Activity (GO:0043547),0.18707672748571472,2.5873015873015874,4.336929198982091,SEMA4D;RASGRP1,2,0.3129608819317229,0,0,0.5045099430378754,200
whole_ckd_up_traditional,Whole Dataset CKD Up Traditional,GO Biological Process,GO_Biological_Process_2026,985,Negative Regulation of DNA-templated Transcription (GO:0045892),0.18862846107808978,1.3306958815175491,2.219568811066641,ATF7IP;SEMA4D;STAT1;ANXA4;N4BP2L2;PAX2;PTPRC;ZNF608;RBBP4;TBL1XR1;ZNF503;MDM4;TP53;SOX4,14,0.3129608819317229,0,0,0.5045099430378754,200
whole_ckd_up_traditional,Whole Dataset CKD Up Traditional,GO Biological Process,GO_Biological_Process_2026,1004,Membraneless Organelle Assembly (GO:0140694),0.19256163380388502,2.022088077925641,3.3310645540116592,TIA1;RNF213;CAPRIN1,3,0.31626905791096255,0,0,0.4999432950771839,200
whole_ckd_up_traditional,Whole Dataset CKD Up Traditional,GO Biological Process,GO_Biological_Process_2026,1005,Regulation of Catabolic Process (GO:0009894),0.19431013374040154,2.521544559519243,4.131045868969444,LRRK2;ZDHHC2,2,0.31850637230409756,0,0,0.4968818743841335,200
whole_ckd_up_traditional,Whole Dataset CKD Up Traditional,GO Biological Process,GO_Biological_Process_2026,1006,Protein N-linked Glycosylation (GO:0006487),0.19431013374040154,2.521544559519243,4.131045868969444,TUSC3;STT3B,2,0.31850637230409756,0,0,0.4968818743841335,200
whole_ckd_up_traditional,Whole Dataset CKD Up Traditional,GO Biological Process,GO_Biological_Process_2026,1007,Regulation of Phosphatidylinositol 3-Kinase/Protein Kinase B Signal Transduction (GO:0051896),0.19704799165980755,1.7755102040816326,2.883975370736881,PLEKHA1;SEMA4D;PTEN;F2RL1,4,0.32053357601337773,0,0,0.4941264712510015,200
whole_ckd_up_traditional,Whole Dataset CKD Up Traditional,GO Biological Process,GO_Biological_Process_2026,1008,Glycoprotein Metabolic Process (GO:0009100),0.1979403391192459,2.48989898989899,4.033112516956104,OGA;STT3B,2,0.32053357601337773,0,0,0.4941264712510015,200
whole_ckd_up_traditional,Whole Dataset CKD Up Traditional,GO Biological Process,GO_Biological_Process_2026,1022,Regulation of T Cell Activation (GO:0050863),0.20157882941523067,2.4590347923681257,3.938328060173813,PYCARD;CD47,2,0.3249300974640424,0,0,0.48821005917776383,200
whole_ckd_up_traditional,Whole Dataset CKD Up Traditional,GO Biological Process,GO_Biological_Process_2026,1023,Negative Regulation of Neuron Apoptotic Process (GO:0043524),0.20157882941523067,2.4590347923681257,3.938328060173813,MDK;CLU,2,0.3249300974640424,0,0,0.48821005917776383,200
whole_ckd_up_traditional,Whole Dataset CKD Up Traditional,GO Biological Process,GO_Biological_Process_2026,1024,Protein Dephosphorylation (GO:0006470),0.2052250792916977,2.4289233801428924,3.84655954231675,PTPRC;PTEN,2,0.32708613776593176,0,0,0.48533786131474277,200
whole_ckd_up_traditional,Whole Dataset CKD Up Traditional,GO Biological Process,GO_Biological_Process_2026,1042,Regulation of Endothelial Cell Proliferation (GO:0001936),0.20887857305720495,2.3995375441158573,3.7576810395091074,STAT1;ARNT,2,0.3296083894462497,0,0,0.4820017428370468,200
whole_ckd_up_traditional,Whole Dataset CKD Up Traditional,GO Biological Process,GO_Biological_Process_2026,1043,Regulation of Interleukin-1 Beta Production (GO:0032651),0.20887857305720495,2.3995375441158573,3.7576810395091074,PYCARD;F2RL1,2,0.3296083894462497,0,0,0.4820017428370468,200
whole_ckd_up_traditional,Whole Dataset CKD Up Traditional,GO Biological Process,GO_Biological_Process_2026,1044,Myeloid Leukocyte Differentiation (GO:0002573),0.20887857305720495,2.3995375441158573,3.7576810395091074,CDC42;F2RL1,2,0.3296083894462497,0,0,0.4820017428370468,200
whole_ckd_up_traditional,Whole Dataset CKD Up Traditional,GO Biological Process,GO_Biological_Process_2026,1045,Positive Regulation of JNK Cascade (GO:0046330),0.20887857305720495,2.3995375441158573,3.7576810395091074,PYCARD;F2RL1,2,0.3296083894462497,0,0,0.4820017428370468,200
whole_ckd_up_traditional,Whole Dataset CKD Up Traditional,GO Biological Process,GO_Biological_Process_2026,1046,Defense Response to Bacterium (GO:0042742),0.21148420782179134,1.721323011963406,2.6742559532999604,PYCARD;RNF213;SLPI;WFDC2,4,0.3317042673949002,0,0,0.47924894122053646,200
whole_ckd_up_traditional,Whole Dataset CKD Up Traditional,GO Biological Process,GO_Biological_Process_2026,1047,Regulation of Epithelial to Mesenchymal Transition (GO:0010717),0.2125388044387241,2.370851370851371,3.6715732136876564,MDK;PTEN,2,0.3317042673949002,0,0,0.47924894122053646,200
whole_ckd_up_traditional,Whole Dataset CKD Up Traditional,GO Biological Process,GO_Biological_Process_2026,1048,Supramolecular Fiber Organization (GO:0097435),0.21390966220785246,1.5963791267305645,2.461938271523273,CDC42;MARCKS;RUFY3;RHOF;PPP1R9A,5,0.3317042673949002,0,0,0.47924894122053646,200
whole_ckd_up_traditional,Whole Dataset CKD Up Traditional,GO Biological Process,GO_Biological_Process_2026,1067,Regulation of T Cell Proliferation (GO:0042129),0.21620527648032148,2.342840166369578,3.5881228977337716,VCAM1;PTPRC,2,0.333822566400796,0,0,0.47648430836354544,200
whole_ckd_up_traditional,Whole Dataset CKD Up Traditional,GO Biological Process,GO_Biological_Process_2026,1068,Regulation of Organelle Assembly (GO:1902115),0.21620527648032148,2.342840166369578,3.5881228977337716,DYNC2LI1;DCDC2,2,0.333822566400796,0,0,0.47648430836354544,200
whole_ckd_up_traditional,Whole Dataset CKD Up Traditional,GO Biological Process,GO_Biological_Process_2026,1083,Regulation of Cilium Assembly (GO:1902017),0.22355500037419773,2.2887495646116336,3.428770706989903,DYNC2LI1;DCDC2,2,0.3403898389815808,0,0,0.46802341257127444,200
whole_ckd_up_traditional,Whole Dataset CKD Up Traditional,GO Biological Process,GO_Biological_Process_2026,1084,Regulation of Small GTPase Mediated Signal Transduction (GO:0051056),0.22615049164367584,1.8575842608065076,2.7614004446731983,ARHGEF28;EPS8L2;RHOF,3,0.34402413350592387,0,0,0.4634110903330713,200
whole_ckd_up_traditional,Whole Dataset CKD Up Traditional,GO Biological Process,GO_Biological_Process_2026,1085,Positive Regulation of Cellular Component Biogenesis (GO:0044089),0.22723730361763186,2.2626262626262625,3.352670034774279,PFN1;CLU,2,0.34491517732118165,0,0,0.4622876949285916,200
whole_ckd_up_traditional,Whole Dataset CKD Up Traditional,GO Biological Process,GO_Biological_Process_2026,1101,Protein Polyubiquitination (GO:0000209),0.23259974564813243,1.6493506493506493,2.405472582034088,ZNRF2;RNF213;NHLRC3;LNPEP,4,0.3483714628281293,0,0,0.45795742784311355,200
whole_ckd_up_traditional,Whole Dataset CKD Up Traditional,GO Biological Process,GO_Biological_Process_2026,1102,Regulation of Cell Cycle G1/S Phase Transition (GO:1902806),0.23461448722720504,2.212121212121212,3.2071589757618537,PTEN;ARID1B,2,0.35104667487695324,0,0,0.4546351362582196,200
whole_ckd_up_traditional,Whole Dataset CKD Up Traditional,GO Biological Process,GO_Biological_Process_2026,1118,Ubiquitin-dependent Protein Catabolic Process (GO:0006511),0.2381473975889563,1.4145077720207253,2.0296283724268696,RNF144B;RNF43;ZNRF2;RNF213;NHLRC3;TBL1XR1;KIF12,7,0.35125676084453394,0,0,0.45437530788624714,200
whole_ckd_up_traditional,Whole Dataset CKD Up Traditional,GO Biological Process,GO_Biological_Process_2026,1119,Regulation of Cellular Component Organization (GO:0051128),0.2393627485201892,1.8011742401076387,2.5752740819217634,SEMA4D;LRRK2;PAPPA2,3,0.3527338447808686,0,0,0.4525528678165332,200
whole_ckd_up_traditional,Whole Dataset CKD Up Traditional,GO Biological Process,GO_Biological_Process_2026,1120,Cell Morphogenesis Involved in Neuron Differentiation (GO:0048667),0.2420054666899618,2.163812033377251,3.070005614813883,TMEM106B;PAX2,2,0.3537630392727136,0,0,0.45128754360949713,200
whole_ckd_up_traditional,Whole Dataset CKD Up Traditional,GO Biological Process,GO_Biological_Process_2026,1121,Protein Localization to Organelle (GO:0033365),0.24468464149095426,1.779550398839739,2.5052244919637907,TIA1;TRAM1;LRRK2,3,0.3537630392727136,0,0,0.45128754360949713,200
whole_ckd_up_traditional,Whole Dataset CKD Up Traditional,GO Biological Process,GO_Biological_Process_2026,1145,T Cell Receptor Signaling Pathway (GO:0050852),0.24570504630320766,2.140436624307592,3.004367063071291,FYB1;PTPRC,2,0.35385818458863705,0,0,0.45117075489672215,200
whole_ckd_up_traditional,Whole Dataset CKD Up Traditional,GO Biological Process,GO_Biological_Process_2026,1146,Regulation of Epithelial Cell Proliferation (GO:0050678),0.24940679099284982,2.117558564367075,2.9405900871231445,PKHD1;PAX2,2,0.3588759147881408,0,0,0.4450556874611351,200
whole_ckd_up_traditional,Whole Dataset CKD Up Traditional,GO Biological Process,GO_Biological_Process_2026,1160,Regulation of Actin Filament-Based Process (GO:0032970),0.2568151396703299,2.073232323232323,2.818349436543183,CDC42;RHOF,2,0.36398433077875136,0,0,0.43891731196302614,200
whole_ckd_up_traditional,Whole Dataset CKD Up Traditional,GO Biological Process,GO_Biological_Process_2026,1161,Regulation of Insulin Secretion (GO:0050796),0.2568151396703299,2.073232323232323,2.818349436543183,PRKACB;SOX4,2,0.36398433077875136,0,0,0.43891731196302614,200
whole_ckd_up_traditional,Whole Dataset CKD Up Traditional,GO Biological Process,GO_Biological_Process_2026,1162,Dephosphorylation (GO:0016311),0.2568151396703299,2.073232323232323,2.818349436543183,PTPRC;PTEN,2,0.36398433077875136,0,0,0.43891731196302614,200
whole_ckd_up_traditional,Whole Dataset CKD Up Traditional,GO Biological Process,GO_Biological_Process_2026,1181,Neuron Development (GO:0048666),0.26075860547027985,1.717661473831612,2.308812160797434,SLC44A4;FLRT3;PPP1R9A,3,0.36409055073708,0,0,0.43879059218936395,200
whole_ckd_up_traditional,Whole Dataset CKD Up Traditional,GO Biological Process,GO_Biological_Process_2026,1182,Regulation of Cytokine Production (GO:0001817),0.26345156351450144,1.707759245830312,2.277955718305796,PTPRC;CD47;LTB,3,0.36753944859171983,0,0,0.43469604056277644,200
whole_ckd_up_traditional,Whole Dataset CKD Up Traditional,GO Biological Process,GO_Biological_Process_2026,1194,Regulation of Protein Phosphorylation (GO:0001932),0.2679338809157927,2.01010101010101,2.647333266062948,SEMA4D;RASGRP1,2,0.37003598796494314,0,0,0.43175603643423405,200
whole_ckd_up_traditional,Whole Dataset CKD Up Traditional,GO Biological Process,GO_Biological_Process_2026,1195,Hemopoiesis (GO:0030097),0.2716402584331571,1.9898989898989898,2.593388923930461,PTPRC;TP53,2,0.37484082523537743,0,0,0.4261531146655724,200
whole_ckd_up_traditional,Whole Dataset CKD Up Traditional,GO Biological Process,GO_Biological_Process_2026,1205,Sensory Perception of Mechanical Stimulus (GO:0050954),0.27905100683265827,1.9506833036244802,2.4897754945672688,DCDC2;EPS8L2,2,0.3815568323902761,0,0,0.4184407652969809,200
whole_ckd_up_traditional,Whole Dataset CKD Up Traditional,GO Biological Process,GO_Biological_Process_2026,1221,Positive Regulation of Protein-Containing Complex Assembly (GO:0031334),0.2827546689999499,1.9316465627145238,2.440008904942008,CLU;TP53,2,0.3815568323902761,0,0,0.4184407652969809,200
whole_ckd_up_traditional,Whole Dataset CKD Up Traditional,GO Biological Process,GO_Biological_Process_2026,1222,Protein Targeting (GO:0006605),0.2827546689999499,1.9316465627145238,2.440008904942008,LAMP2;ZDHHC2,2,0.3815568323902761,0,0,0.4184407652969809,200
whole_ckd_up_traditional,Whole Dataset CKD Up Traditional,GO Biological Process,GO_Biological_Process_2026,1223,Regulation of Actin Cytoskeleton Organization (GO:0032956),0.2864567291305087,1.912975912975913,2.3915408635892965,CDC42;RHOF,2,0.38623642382355583,0,0,0.41314677271179967,200
whole_ckd_up_traditional,Whole Dataset CKD Up Traditional,GO Biological Process,GO_Biological_Process_2026,1237,Negative Regulation of Translation (GO:0017148),0.29015685038861905,1.8946608946608947,2.3443276590951077,TIA1;CAPRIN1,2,0.38679761219954145,0,0,0.4125162155915279,200
whole_ckd_up_traditional,Whole Dataset CKD Up Traditional,GO Biological Process,GO_Biological_Process_2026,1248,Regulation of TORC1 Signaling (GO:1903432),0.2975499631159602,1.8590578684036627,2.2534999856206213,SESN3;PRKACB,2,0.3928421850906472,0,0,0.4057818819635739,200
whole_ckd_up_traditional,Whole Dataset CKD Up Traditional,GO Biological Process,GO_Biological_Process_2026,1249,Sensory Perception of Sound (GO:0007605),0.2975499631159602,1.8590578684036627,2.2534999856206213,DCDC2;EPS8L2,2,0.3928421850906472,0,0,0.4057818819635739,200
whole_ckd_up_traditional,Whole Dataset CKD Up Traditional,GO Biological Process,GO_Biological_Process_2026,1268,Negative Regulation of Catabolic Process (GO:0009895),0.30493144739284556,1.8247613752200909,2.1672112226840037,MDM4;MET,2,0.3965551709391185,0,0,0.4016963827030243,200
whole_ckd_up_traditional,Whole Dataset CKD Up Traditional,GO Biological Process,GO_Biological_Process_2026,1282,Regulation of Macroautophagy (GO:0016241),0.3122988478346994,1.7917007917007917,2.0851718925161022,SESN3;LRRK2,2,0.4017010921056313,0,0,0.39609698754937267,200
whole_ckd_up_traditional,Whole Dataset CKD Up Traditional,GO Biological Process,GO_Biological_Process_2026,1283,Regulation of Inflammatory Response (GO:0050727),0.3142577573411092,1.4279131007241606,1.6528690245514766,PYCARD;MDK;ARNT;CD47,4,0.40390572241269607,0,0,0.393719993835082,200
whole_ckd_up_traditional,Whole Dataset CKD Up Traditional,GO Biological Process,GO_Biological_Process_2026,1284,Protein Ubiquitination (GO:0016567),0.31583213580636504,1.3577167609865157,1.5648288799965713,RNF43;RNF213;NHLRC3;LNPEP;PCMTD1,5,0.40453023763334456,0,0,0.3930490104015198,200
whole_ckd_up_traditional,Whole Dataset CKD Up Traditional,GO Biological Process,GO_Biological_Process_2026,1285,Regulation of Protein Localization (GO:0032880),0.31597652709288765,1.7756132756132756,2.045661592448686,CDH2;DSC2,2,0.40453023763334456,0,0,0.3930490104015198,200
whole_ckd_up_traditional,Whole Dataset CKD Up Traditional,GO Biological Process,GO_Biological_Process_2026,1296,Negative Regulation of Growth (GO:0045926),0.3196498104363898,1.7598104943237687,2.007115298893896,TMPRSS4;TP53,2,0.40671492084074595,0,0,0.3907098946720396,200
whole_ckd_up_traditional,Whole Dataset CKD Up Traditional,GO Biological Process,GO_Biological_Process_2026,1309,Endomembrane System Organization (GO:0010256),0.326038502491712,1.5076142131979695,1.68964324994727,CDC42;LRRK2;TMED2,3,0.41072382781423467,0,0,0.3864501011686064,200
whole_ckd_up_traditional,Whole Dataset CKD Up Traditional,GO Biological Process,GO_Biological_Process_2026,1323,Axon Development (GO:0061564),0.3342934948533607,1.6993006993006994,1.8619848571697337,NREP;PAX2,2,0.4166666462684745,0,0,0.3802112629727801,200
whole_ckd_up_traditional,Whole Dataset CKD Up Traditional,GO Biological Process,GO_Biological_Process_2026,1324,Regulation of Translation (GO:0006417),0.33697321837053973,1.4774589134040308,1.6071086257215987,TIA1;EIF2S3;CAPRIN1,3,0.41968945399774926,0,0,0.37707194365038127,200
whole_ckd_up_traditional,Whole Dataset CKD Up Traditional,GO Biological Process,GO_Biological_Process_2026,1334,Regulation of JNK Cascade (GO:0046328),0.34521701824167955,1.6565656565656566,1.7618934494773038,PYCARD;F2RL1,2,0.42641412964833675,0,0,0.37016841297155334,200
whole_ckd_up_traditional,Whole Dataset CKD Up Traditional,GO Biological Process,GO_Biological_Process_2026,1335,Protein Complex Oligomerization (GO:0051259),0.34521701824167955,1.6565656565656566,1.7618934494773038,PYCARD;CLDN1,2,0.42641412964833675,0,0,0.37016841297155334,200
whole_ckd_up_traditional,Whole Dataset CKD Up Traditional,GO Biological Process,GO_Biological_Process_2026,1341,Intracellular Protein Transport (GO:0006886),0.3550126818309924,1.3401360544217686,1.3878472655470027,XPO1;STX7;TMED2;TMED5,4,0.4365517616251353,0,0,0.3599642549242491,200
whole_ckd_up_traditional,Whole Dataset CKD Up Traditional,GO Biological Process,GO_Biological_Process_2026,1342,MAPK Cascade (GO:0000165),0.3560823858036039,1.6159152500615914,1.668583024830908,MAP3K1;LRRK2,2,0.4372150813031593,0,0,0.3593048659039965,200
whole_ckd_up_traditional,Whole Dataset CKD Up Traditional,GO Biological Process,GO_Biological_Process_2026,1343,Positive Regulation of Protein Catabolic Process (GO:0045732),0.3560823858036039,1.6159152500615914,1.668583024830908,PTEN;CLU,2,0.4372150813031593,0,0,0.3593048659039965,200
whole_ckd_up_traditional,Whole Dataset CKD Up Traditional,GO Biological Process,GO_Biological_Process_2026,1350,Regulation of G1/S Transition of Mitotic Cell Cycle (GO:2000045),0.3596901730363681,1.6028022157054416,1.638884897548312,PTEN;ARID1B,2,0.4390296782657076,0,0,0.3575061205975832,200
whole_ckd_up_traditional,Whole Dataset CKD Up Traditional,GO Biological Process,GO_Biological_Process_2026,1351,Regulation of Transforming Growth Factor Beta Receptor Signaling Pathway (GO:0017015),0.3596901730363681,1.6028022157054416,1.638884897548312,RBBP4;NREP,2,0.4390296782657076,0,0,0.3575061205975832,200
whole_ckd_up_traditional,Whole Dataset CKD Up Traditional,GO Biological Process,GO_Biological_Process_2026,1361,MRNA Metabolic Process (GO:0016071),0.36688342802432006,1.5772005772005773,1.5814765512286706,TP53;BICC1,2,0.4443030841022887,0,0,0.3523206721204685,200
whole_ckd_up_traditional,Whole Dataset CKD Up Traditional,GO Biological Process,GO_Biological_Process_2026,1362,Axonogenesis (GO:0007409),0.36697440906447376,1.4003717737899477,1.4038211183292757,SEMA4D;PTEN;PAX2,3,0.4443030841022887,0,0,0.3523206721204685,200
whole_ckd_up_traditional,Whole Dataset CKD Up Traditional,GO Biological Process,GO_Biological_Process_2026,1363,Negative Regulation of RNA Biosynthetic Process (GO:1902679),0.369723757200379,1.2290950744558993,1.2229485597008432,ATF7IP;RBBP4;ZNF503;MDM4;TP53;PAX2,6,0.4453086526248,0,0,0.3513388661741974,200
whole_ckd_up_traditional,Whole Dataset CKD Up Traditional,GO Biological Process,GO_Biological_Process_2026,1391,Regulation of Neuron Apoptotic Process (GO:0043523),0.38472676696819824,1.5166165471508983,1.4487053288734584,MDK;CLU,2,0.45608514646337805,0,0,0.34095407139868844,200
whole_ckd_up_traditional,Whole Dataset CKD Up Traditional,GO Biological Process,GO_Biological_Process_2026,1392,Glycerophospholipid Biosynthetic Process (GO:0046474),0.38826990942474676,1.505050505050505,1.4238598607624007,SLC44A4;CEPT1,2,0.459789421398991,0,0,0.33744102497821193,200
whole_ckd_up_traditional,Whole Dataset CKD Up Traditional,GO Biological Process,GO_Biological_Process_2026,1397,Negative Regulation of Cell Differentiation (GO:0045596),0.39135637847575605,1.3429825764851147,1.2599012158923015,SEMA4D;PTEN;SOX4,3,0.46195180251003704,0,0,0.33540333395870986,200
whole_ckd_up_traditional,Whole Dataset CKD Up Traditional,GO Biological Process,GO_Biological_Process_2026,1410,Regulation of Cytoskeleton Organization (GO:0051493),0.40584808950634144,1.44975300449753,1.3073529773997317,CDC42;RHOF,2,0.4738032996178516,0,0,0.32440191912858607,200
whole_ckd_up_traditional,Whole Dataset CKD Up Traditional,GO Biological Process,GO_Biological_Process_2026,1411,Enzyme-linked Receptor Protein Signaling Pathway (GO:0007167),0.40584808950634144,1.44975300449753,1.3073529773997317,SAMD12;MET,2,0.4738032996178516,0,0,0.32440191912858607,200
whole_ckd_up_traditional,Whole Dataset CKD Up Traditional,GO Biological Process,GO_Biological_Process_2026,1419,Phosphate-containing Compound Metabolic Process (GO:0006796),0.40933505040173235,1.4391743522178304,1.28550113423387,PTPRC;GFPT1,2,0.47568252157326046,0,0,0.3226828059560518,200
whole_ckd_up_traditional,Whole Dataset CKD Up Traditional,GO Biological Process,GO_Biological_Process_2026,1420,Regulation of Response to External Stimulus (GO:0032101),0.4128120829524558,1.4287479107622993,1.2641029941978141,PYCARD;F2RL1,2,0.4786867988393371,0,0,0.3199485492681757,200
whole_ckd_up_traditional,Whole Dataset CKD Up Traditional,GO Biological Process,GO_Biological_Process_2026,1421,Positive Regulation of Protein Localization (GO:1903829),0.4128120829524558,1.4287479107622993,1.2641029941978141,CDH2;DSC2,2,0.4786867988393371,0,0,0.3199485492681757,200
whole_ckd_up_traditional,Whole Dataset CKD Up Traditional,GO Biological Process,GO_Biological_Process_2026,1425,Intracellular Monoatomic Cation Homeostasis (GO:0030003),0.4155023441451383,1.290065264684554,1.1330217794351636,PKHD1;TESC;SLC40A1,3,0.48081639683883026,0,0,0.3180207304079753,200
whole_ckd_up_traditional,Whole Dataset CKD Up Traditional,GO Biological Process,GO_Biological_Process_2026,1426,Positive Regulation of Gene Expression (GO:0010628),0.418650065155394,1.1860351263692552,1.0327043566215286,IL32;TESC;ITGB8;TP53;CLU,5,0.48177643608816584,0,0,0.31715444536537263,200
whole_ckd_up_traditional,Whole Dataset CKD Up Traditional,GO Biological Process,GO_Biological_Process_2026,1436,Modulation of Chemical Synaptic Transmission (GO:0050804),0.4231821267362764,1.398349694124342,1.2025145012328537,LRRK2;PTEN,2,0.48595217756832854,0,0,0.31340646744570977,200
whole_ckd_up_traditional,Whole Dataset CKD Up Traditional,GO Biological Process,GO_Biological_Process_2026,1437,Cellular Response to Cytokine Stimulus (GO:0071345),0.4250013829396739,1.2115480338476854,1.0366766509290768,PYCARD;STAT1;CD47;NPNT,4,0.487110216705224,0,0,0.3123727613907224,200
whole_ckd_up_traditional,Whole Dataset CKD Up Traditional,GO Biological Process,GO_Biological_Process_2026,1440,Regulation of Autophagy (GO:0010506),0.42613877201209804,1.2678474997299924,1.0814615302256056,LRRK2;TP53INP1;MET,3,0.4879880798944095,0,0,0.3115907863975118,200
whole_ckd_up_traditional,Whole Dataset CKD Up Traditional,GO Biological Process,GO_Biological_Process_2026,1441,Nitrogen Compound Transport (GO:0071705),0.4266179815542056,1.3885003885003886,1.18281672040739,SLC44A4;SLC35F5,2,0.4881978151165059,0,0,0.31140416855866715,200
whole_ckd_up_traditional,Whole Dataset CKD Up Traditional,GO Biological Process,GO_Biological_Process_2026,1442,Protein Homooligomerization (GO:0051260),0.43004319511194083,1.378787878787879,1.1635172055269425,PYCARD;GLS,2,0.4916665814507895,0,0,0.3083293096775927,200
whole_ckd_up_traditional,Whole Dataset CKD Up Traditional,GO Biological Process,GO_Biological_Process_2026,1455,RNA Biosynthetic Process (GO:0032774),0.4470051801162987,1.3321808690936208,1.0726521807155969,PAX8;HNRNPH1,2,0.5059104612297711,0,0,0.29592634014590896,200
whole_ckd_up_traditional,Whole Dataset CKD Up Traditional,GO Biological Process,GO_Biological_Process_2026,1456,Regulation of Cold-Induced Thermogenesis (GO:0120161),0.4470051801162987,1.3321808690936208,1.0726521807155969,ARRDC3;LNPEP,2,0.5059104612297711,0,0,0.29592634014590896,200
whole_ckd_up_traditional,Whole Dataset CKD Up Traditional,GO Biological Process,GO_Biological_Process_2026,1457,Negative Regulation of Inflammatory Response (GO:0050728),0.4470051801162987,1.3321808690936208,1.0726521807155969,MDK;ARNT,2,0.5059104612297711,0,0,0.29592634014590896,200
whole_ckd_up_traditional,Whole Dataset CKD Up Traditional,GO Biological Process,GO_Biological_Process_2026,1468,Regulation of Transcription by RNA Polymerase II (GO:0006357),0.4632913549702173,1.0390825978549096,0.7994692638429097,FZD1;EMX2;SEMA4D;STAT1;ANXA4;MACC1;PTEN;ARNT;HNF1B;N4BP2L2;ARID1B;PAX2;PTPRC;ZNF608;PAX8;RBBP4;TBL1XR1;HOXA3;HOXB3;F2RL1;MDM4;TP53;MET;SOX4,24,0.5186575301225711,0,0,0.2851193124238973,200
whole_ckd_up_traditional,Whole Dataset CKD Up Traditional,GO Biological Process,GO_Biological_Process_2026,1479,Regulation of Cell Cycle Process (GO:0010564),0.470271536490919,1.271950271950272,0.9596165405879008,CDC42;ARID1B,2,0.5239714619415713,0,0,0.28069236618194243,200
whole_ckd_up_traditional,Whole Dataset CKD Up Traditional,GO Biological Process,GO_Biological_Process_2026,1480,Transcription Initiation at RNA Polymerase II Promoter (GO:0006367),0.470271536490919,1.271950271950272,0.9596165405879008,TP53;ARID1B,2,0.5239714619415713,0,0,0.28069236618194243,200
whole_ckd_up_traditional,Whole Dataset CKD Up Traditional,GO Biological Process,GO_Biological_Process_2026,1484,Response to Lipopolysaccharide (GO:0032496),0.48006359373089397,1.2477606251191158,0.9156525356798261,PYCARD;SLPI,2,0.5318067352013415,0,0,0.2742461667369556,200
whole_ckd_up_traditional,Whole Dataset CKD Up Traditional,GO Biological Process,GO_Biological_Process_2026,1490,Organelle Assembly (GO:0070925),0.48441047935628245,1.1178499568841622,0.81024295000204,CAPRIN1;STX7;TP53INP1;DCDC2,4,0.5361026043345702,0,0,0.2707520830090048,200
whole_ckd_up_traditional,Whole Dataset CKD Up Traditional,GO Biological Process,GO_Biological_Process_2026,1506,Lipid Metabolic Process (GO:0006629),0.5034227508283917,1.1225936213006418,0.7704640704697314,AGPS;CEPT1;CLU,3,0.5512245126932389,0,0,0.25867147780089955,200
whole_ckd_up_traditional,Whole Dataset CKD Up Traditional,GO Biological Process,GO_Biological_Process_2026,1507,Positive Regulation of Catabolic Process (GO:0009896),0.5056276520142977,1.1875037803181516,0.8098238390721395,LRRK2;TP53INP1,2,0.5523224362523451,0,0,0.25780731465668155,200
whole_ckd_up_traditional,Whole Dataset CKD Up Traditional,GO Biological Process,GO_Biological_Process_2026,1512,Regulation of Macromolecule Biosynthetic Process (GO:0010556),0.5118910416934445,1.1733309425617118,0.7857134223531504,PTPRC;TMPRSS4,2,0.5579037195984732,0,0,0.25344074309634035,200
whole_ckd_up_traditional,Whole Dataset CKD Up Traditional,GO Biological Process,GO_Biological_Process_2026,1513,Regulation of Protein Catabolic Process (GO:0042176),0.5118910416934445,1.1733309425617118,0.7857134223531504,MDM4;ZDHHC2,2,0.5579037195984732,0,0,0.25344074309634035,200
whole_ckd_up_traditional,Whole Dataset CKD Up Traditional,GO Biological Process,GO_Biological_Process_2026,1514,Regulation of DNA-templated Transcription (GO:0006355),0.5128841730547501,1.0119919705936025,0.6757123444604406,FZD1;ATF7IP;EMX2;STAT1;TESC;ARNT;HNF1B;ARID1B;PAX2;ZNF608;PAX8;RBBP4;KANSL1;TBL1XR1;TP53INP1;HOXA3;SPP1;HOXB3;ZNF503;MDM4;TP53;SOX4,22,0.5586169097538196,0,0,0.2528859220155692,200
whole_ckd_up_traditional,Whole Dataset CKD Up Traditional,GO Biological Process,GO_Biological_Process_2026,1518,Pos Reg Phosphatidylinositol 3-Kinase/Protein Kinase B Signal Transduction (GO:0051897),0.518102407998783,1.1594896331738438,0.7624599263901536,SEMA4D;F2RL1,2,0.562813485368902,0,0,0.2496355051407464,200
whole_ckd_up_traditional,Whole Dataset CKD Up Traditional,GO Biological Process,GO_Biological_Process_2026,1525,Apoptotic Process (GO:0006915),0.5231401543880055,1.0892508506721705,0.7057320191777249,PYCARD;TIA1;TNFSF10,3,0.5656774521874237,0,0,0.247431131823034,200
whole_ckd_up_traditional,Whole Dataset CKD Up Traditional,GO Biological Process,GO_Biological_Process_2026,1526,MRNA Processing (GO:0006397),0.5255750039599109,1.0852199044054984,0.6980811277837914,HNRNPH1;TRA2A;CMTR2,3,0.5679378646984882,0,0,0.24569917572326552,200
whole_ckd_up_traditional,Whole Dataset CKD Up Traditional,GO Biological Process,GO_Biological_Process_2026,1535,Negative Regulation of Response to External Stimulus (GO:0032102),0.5364203690006744,1.1198424927238486,0.6974795119554346,PTEN;ARNT,2,0.5762587547114736,0,0,0.23938246360836582,200
whole_ckd_up_traditional,Whole Dataset CKD Up Traditional,GO Biological Process,GO_Biological_Process_2026,1538,Cytokine-mediated Signaling Pathway (GO:0019221),0.5495428820576257,1.0464717237434762,0.6264896256072127,PYCARD;STAT1;TP53,3,0.5892042994232931,0,0,0.22973409277136358,200
whole_ckd_up_traditional,Whole Dataset CKD Up Traditional,GO Biological Process,GO_Biological_Process_2026,1550,Membrane Organization (GO:0061024),0.5687488526635092,1.0537287771330324,0.5946363521268752,GCA;VPS13C,2,0.605075392285243,0,0,0.21819050896154357,200
whole_ckd_up_traditional,Whole Dataset CKD Up Traditional,GO Biological Process,GO_Biological_Process_2026,1554,Inflammatory Response (GO:0006954),0.5750750062469379,1.0068829045857353,0.557062801052426,PYCARD;VCAM1;CYBA,3,0.6102308142221368,0,0,0.21450586600080226,200
whole_ckd_up_traditional,Whole Dataset CKD Up Traditional,GO Biological Process,GO_Biological_Process_2026,1571,"RNA Splicing, via Transesterification Reactions With Bulged Adenosine as Nucleophile (GO:0000377)",0.604826200865932,0.9849238655208804,0.4952336400226655,HNRNPH1;TRA2A,2,0.6348557639897656,0,0,0.19732493300510384,200
whole_ckd_up_traditional,Whole Dataset CKD Up Traditional,GO Biological Process,GO_Biological_Process_2026,1574,Protein Modification by Small Protein Conjugation (GO:0032446),0.6084125327560264,0.9574259046995252,0.4757469610948606,RNF43;RNF213;PCMTD1,3,0.6374029647488485,0,0,0.19558592082609114,200
whole_ckd_up_traditional,Whole Dataset CKD Up Traditional,GO Biological Process,GO_Biological_Process_2026,1583,Positive Regulation of Multicellular Organismal Process (GO:0051240),0.6301852884882413,0.9237078008773603,0.4265141277426851,RBBP4;MDK;F2RL1;WFDC2,4,0.6564595961573657,0,0,0.18279199875331384,200
whole_ckd_up_traditional,Whole Dataset CKD Up Traditional,GO Biological Process,GO_Biological_Process_2026,1584,Regulation of Angiogenesis (GO:0045765),0.6309999041522566,0.9377662884771889,0.4317940827322839,STAT1;ITGB8,2,0.6568932082999187,0,0,0.18250522833336233,200
whole_ckd_up_traditional,Whole Dataset CKD Up Traditional,GO Biological Process,GO_Biological_Process_2026,1586,DNA-templated Transcription (GO:0006351),0.6360705730922536,0.9288661260492247,0.4202615383104472,PAX8;TP53,2,0.6613369325530429,0,0,0.17957722331732087,200
whole_ckd_up_traditional,Whole Dataset CKD Up Traditional,GO Biological Process,GO_Biological_Process_2026,1588,Regulation of Cell Cycle (GO:0051726),0.6420173917156676,0.9096882688175392,0.40311915552038585,PTPRC;TP53INP1;TP53,3,0.6664347955396688,0,0,0.17624233585641733,200
whole_ckd_up_traditional,Whole Dataset CKD Up Traditional,GO Biological Process,GO_Biological_Process_2026,1596,Proteasomal Protein Catabolic Process (GO:0010498),0.6639242179751128,0.8794981096265948,0.3602312257999248,ZNRF2;NHLRC3;TBL1XR1,3,0.6859718267173941,0,0,0.16369372066705176,200
whole_ckd_up_traditional,Whole Dataset CKD Up Traditional,GO Biological Process,GO_Biological_Process_2026,1606,"MRNA Splicing, via Spliceosome (GO:0000398)",0.6992740996180559,0.8232323232323232,0.294480478051793,HNRNPH1;TRA2A,2,0.7179968806165469,0,0,0.1438774425738048,200
whole_ckd_up_traditional,Whole Dataset CKD Up Traditional,GO Biological Process,GO_Biological_Process_2026,1618,Cilium Assembly (GO:0060271),0.7322754738954486,0.77114898989899,0.2402888726601692,DYNC2LI1;DCDC2,2,0.746305473704323,0,0,0.12708337307762782,200
whole_ckd_up_traditional,Whole Dataset CKD Up Traditional,GO Biological Process,GO_Biological_Process_2026,1620,Regulation of RNA Biosynthetic Process (GO:2001141),0.7441476118920932,0.7893746677027524,0.23327273437850043,ATF7IP;RBBP4;TP53;SOX4,4,0.7574687728457171,0,0,0.12063526653566857,200
whole_ckd_up_traditional,Whole Dataset CKD Up Traditional,GO Biological Process,GO_Biological_Process_2026,1623,Chemical Synaptic Transmission (GO:0007268),0.7513088273379281,0.7417786891471102,0.2121030784801347,SYPL1;PTEN,2,0.7629238217182098,0,0,0.1175188243768152,200
whole_ckd_up_traditional,Whole Dataset CKD Up Traditional,GO Biological Process,GO_Biological_Process_2026,1630,Chromatin Remodeling (GO:0006338),0.7891315277249917,0.6843434343434344,0.16206776573368475,RBBP4;ARID1B,2,0.7983299933855897,0,0,0.09781755390925886,200
whole_ckd_up_traditional,Whole Dataset CKD Up Traditional,GO Biological Process,GO_Biological_Process_2026,1631,Proteasome-mediated Ubiquitin-Dependent Protein Catabolic Process (GO:0043161),0.7942924153090611,0.7078479348500895,0.16301993068395215,ZNRF2;NHLRC3;TBL1XR1,3,0.8030583647116137,0,0,0.09525288990056308,200
whole_ckd_up_traditional,Whole Dataset CKD Up Traditional,GO Biological Process,GO_Biological_Process_2026,1636,Negative Regulation of Signal Transduction (GO:0009968),0.8272498672783891,0.6268416650582256,0.11887957688816918,RNF43;PTPRC,2,0.8338233686687431,0,0,0.07892593753585803,200
whole_ckd_up_traditional,Whole Dataset CKD Up Traditional,GO Biological Process,GO_Biological_Process_2026,1638,DNA Repair (GO:0006281),0.8389351569857832,0.6090940363386184,0.10697022853505969,XRCC4;TP53,2,0.844569031666396,0,0,0.07336484716279622,200
whole_ckd_up_traditional,Whole Dataset CKD Up Traditional,GO Biological Process,GO_Biological_Process_2026,1640,DNA Damage Response (GO:0006974),0.8461368433430104,0.6388341389827895,0.10673268934907869,DYRK2;STK38;TP53,3,0.8507802772394049,0,0,0.07018258645310742,200
whole_ckd_up_traditional,Whole Dataset CKD Up Traditional,GO Biological Process,GO_Biological_Process_2026,1641,Monoatomic Cation Transmembrane Transport (GO:0098655),0.8499038233040394,0.5923086284532068,0.09632838718140162,TUSC3;SLC40A1,2,0.8540471691824258,0,0,0.06851814248438003,200
whole_ckd_up_traditional,Whole Dataset CKD Up Traditional,GO Biological Process,GO_Biological_Process_2026,1644,Chromatin Organization (GO:0006325),0.8798311003624991,0.5454545454545454,0.06983199345672292,RBBP4;ARID1B,2,0.8825069857042341,0,0,0.0542818481602039,200
