gene_set,gene_set_label,library_short,library_name,rank,term,p_value,z_score,combined_score,overlap_genes,overlap_n,adjusted_p_value,old_p_value,old_adjusted_p_value,neg_log10_adjusted_p_value,gene_list_size
whole_ckd_down_traditional,Whole Dataset CKD Down Traditional,GO Biological Process,GO_Biological_Process_2026,1,Mitochondrial ATP Synthesis Coupled Electron Transport (GO:0042775),2.944381652222003e-28,48.414987741178976,3069.1463248042523,COX8A;NDUFB9;NDUFA8;COX7B;NDUFB7;NDUFA6;NDUFB6;UQCRB;NDUFA12;NDUFB3;NDUFA1;NDUFB1;COX7A2;COX5B;COX6C;COX7C;COX5A;UQCRH;COX6B1;NDUFS6;NDUFAB1;CYCS;CYC1,23,3.857139964410824e-25,0,0,24.413734601562165,200
whole_ckd_down_traditional,Whole Dataset CKD Down Traditional,GO Biological Process,GO_Biological_Process_2026,2,Cellular Respiration (GO:0045333),2.572951995537715e-27,37.89180537772087,2319.9160701074443,COX8A;NDUFB9;NDUFA8;COX7B;NDUFB7;NDUFA6;NDUFB6;UQCRB;NDUFA12;NDUFB3;NDUFA1;NDUFB1;COX7A2;COX5B;COX6C;COX7C;COX5A;UQCRH;COX6B1;NR4A3;NDUFS6;NDUFAB1;CYCS;CYC1,24,1.6852835570772033e-24,0,0,23.77332701650582,200
whole_ckd_down_traditional,Whole Dataset CKD Down Traditional,GO Biological Process,GO_Biological_Process_2026,3,Aerobic Electron Transport Chain (GO:0019646),1.3935197933673744e-26,45.19475655430712,2690.6869894664733,COX8A;NDUFB9;NDUFA8;COX7B;NDUFB7;NDUFA6;NDUFB6;UQCRB;NDUFB3;NDUFA1;NDUFB1;COX7A2;COX5B;COX6C;COX7C;COX5A;UQCRH;COX6B1;NDUFS6;NDUFAB1;CYCS;CYC1,22,6.0850364310375355e-24,0,0,23.215736817310464,200
whole_ckd_down_traditional,Whole Dataset CKD Down Traditional,GO Biological Process,GO_Biological_Process_2026,4,Energy Derivation by Oxidation of Organic Compounds (GO:0015980),2.668256387518348e-16,44.33275832327066,1589.769888021562,COX8A;COX7B;UQCRB;COX7A2;COX5B;COX6C;COX5A;COX7C;UQCRH;COX6B1;NR4A3;CYCS;CYC1,13,8.738539669122589e-14,0,0,13.058561137918435,200
whole_ckd_down_traditional,Whole Dataset CKD Down Traditional,GO Biological Process,GO_Biological_Process_2026,5,Oxidative Phosphorylation (GO:0006119),4.122924723882878e-16,28.083926031294453,994.8674261383461,NDUFB9;NDUFA8;NDUFB7;NDUFA6;NDUFB6;UQCRB;NDUFA12;NDUFB3;NDUFA1;NDUFB1;COX7A2;COX7A1;UQCRH;NDUFS6;NDUFAB1,15,1.0802062776573141e-13,0,0,12.966493303129619,200
whole_ckd_down_traditional,Whole Dataset CKD Down Traditional,GO Biological Process,GO_Biological_Process_2026,6,Aerobic Respiration (GO:0009060),5.794689296195947e-16,17.866619618913198,626.8399800508179,NDUFB9;NDUFA8;NDUFB7;NDUFA6;UQCRB;NDUFB6;NDUFA12;IDH2;PGAM2;NDUFB3;NDUFA1;NDUFB1;COX7A2;COX7A1;UQCRH;NDUFS6;NDUFAB1;ACO2,18,1.2651738296694486e-13,0,0,12.89784980011681,200
whole_ckd_down_traditional,Whole Dataset CKD Down Traditional,GO Biological Process,GO_Biological_Process_2026,7,"Mitochondrial Electron Transport, Cytochrome C to Oxygen (GO:0006123)",1.8925816885845434e-14,116.57591623036649,3683.5948788275136,COX8A;COX7B;CYCS;COX7A2;COX5B;COX6C;COX5A;COX7C;COX6B1,9,3.5418314457796454e-12,0,0,11.45077211053996,200
whole_ckd_down_traditional,Whole Dataset CKD Down Traditional,GO Biological Process,GO_Biological_Process_2026,8,"Mitochondrial Electron Transport, NADH to Ubiquinone (GO:0006120)",8.886510963712234e-12,32.51315789473684,827.3456370485211,NDUFB9;NDUFA8;NDUFB7;NDUFA6;NDUFB6;NDUFS6;NDUFB3;NDUFAB1;NDUFA1;NDUFB1,10,1.4551661703078784e-09,0,0,8.837087410302043,200
whole_ckd_down_traditional,Whole Dataset CKD Down Traditional,GO Biological Process,GO_Biological_Process_2026,9,Proton Motive Force-Driven Mitochondrial ATP Synthesis (GO:0042776),2.96769899390792e-11,22.102971102971104,535.7903670148396,NDUFB9;NDUFA8;NDUFB7;NDUFA6;NDUFB6;NDUFA12;NDUFS6;NDUFB3;NDUFAB1;NDUFA1;NDUFB1,11,4.319650757799306e-09,0,0,8.364551364317457,200
whole_ckd_down_traditional,Whole Dataset CKD Down Traditional,GO Biological Process,GO_Biological_Process_2026,10,Proton Motive Force-Driven ATP Synthesis (GO:0015986),9.812636393194685e-11,19.473679490628644,448.7663683253984,NDUFB9;NDUFA8;NDUFB7;NDUFA6;NDUFB6;NDUFA12;NDUFS6;NDUFB3;NDUFAB1;NDUFA1;NDUFB1,11,1.2854553675085037e-08,0,0,7.89094299796416,200
whole_ckd_down_traditional,Whole Dataset CKD Down Traditional,GO Biological Process,GO_Biological_Process_2026,11,Negative Regulation of Transcription by RNA Polymerase II (GO:0000122),1.308567150718274e-07,3.663230240549828,58.059132787640486,CEBPB;CREM;FOXO3;ZFP36;NFIL3;HSF1;HES4;KLF10;JUN;JUND;GADD45A;CNBP;ZBTB16;USP2;NR0B2;NFKBIA;EID1;PER1;NR4A3;ID2;DDIT3;BHLHE40;MAFF;ERF;ATF3;ATF4,26,1.558384515855399e-05,0,0,4.807325375604041,200
whole_ckd_down_traditional,Whole Dataset CKD Down Traditional,GO Biological Process,GO_Biological_Process_2026,12,Integrated Stress Response Signaling (GO:0140467),1.9615864357948024e-06,19.105670103092784,251.0820739334879,CEBPB;JUN;CEBPD;DDIT3;FOS;ATF4,6,0.00021413985257426592,0,0,3.6693025006529667,200
whole_ckd_down_traditional,Whole Dataset CKD Down Traditional,GO Biological Process,GO_Biological_Process_2026,13,Positive Regulation of Transcription by RNA Polymerase II (GO:0045944),3.673250309240644e-06,2.9590247995524894,37.03051950791839,CSRNP1;ZNF593;CEBPB;BEX1;EPAS1;FOXO3;CHCHD2;HSF1;KLF10;EGR1;JUN;JUND;CNBP;FOS;ELL2;KLF15;FOSL2;NFKBIA;PER1;NR4A1;KLF6;NR4A3;RGCC;DDIT3;MAFF;ATF3;ATF4,27,0.0003701506080850187,0,0,3.4316215328203414,200
whole_ckd_down_traditional,Whole Dataset CKD Down Traditional,GO Biological Process,GO_Biological_Process_2026,14,Positive Regulation of DNA-templated Transcription (GO:0045893),6.058809877160771e-06,2.669633768249999,32.07297252889002,CSRNP1;ZNF593;CEBPB;BEX1;EPAS1;FOXO3;CHCHD2;NFIL3;TP53INP2;HSF1;KLF10;EGR1;JUN;JUND;CNBP;ZBTB16;FOS;NR0B2;KLF15;FOSL2;NFKBIA;PER1;NR4A1;KLF6;NR4A3;RGCC;ID2;DDIT3;MAFF;ATF3;ATF4,31,0.000564606381685242,0,0,3.2482542173775113,200
whole_ckd_down_traditional,Whole Dataset CKD Down Traditional,GO Biological Process,GO_Biological_Process_2026,15,"Mitochondrial Electron Transport, Ubiquinol to Cytochrome C (GO:0006122)",6.464958568914984e-06,44.87755102040816,536.2469711319385,UQCRB;CYCS;CYC1;UQCRH,4,0.000564606381685242,0,0,3.2482542173775113,200
whole_ckd_down_traditional,Whole Dataset CKD Down Traditional,GO Biological Process,GO_Biological_Process_2026,16,Negative Regulation of DNA-templated Transcription (GO:0045892),9.594831723248962e-06,2.795385660102357,32.29868530381422,CEBPB;CREM;FOXO3;ZFP36;NFIL3;HSF1;HES4;KLF10;JUN;JUND;GADD45A;CNBP;ZBTB16;USP2;NR0B2;NFKBIA;EID1;PER1;NR4A3;ID2;DDIT3;BHLHE40;MAFF;ERF;GAS6;ATF3;ATF4,27,0.0007855768473410087,0,0,3.104811324635837,200
whole_ckd_down_traditional,Whole Dataset CKD Down Traditional,GO Biological Process,GO_Biological_Process_2026,17,Response to Cadmium Ion (GO:0046686),2.0854898756677612e-05,31.062794348508636,334.7923648041761,MT2A;MT1M;HSF1;MT1E,4,0.001607053963014569,0,0,2.793969539885084,200
whole_ckd_down_traditional,Whole Dataset CKD Down Traditional,GO Biological Process,GO_Biological_Process_2026,18,Cellular Response to Cadmium Ion (GO:0071276),2.6604042942935772e-05,28.842565597667637,303.8404891137544,MT2A;MT1M;HSF1;MT1E,4,0.0019214318815236806,0,0,2.7163750075060444,200
whole_ckd_down_traditional,Whole Dataset CKD Down Traditional,GO Biological Process,GO_Biological_Process_2026,19,Regulation of p38MAPK Cascade (GO:1900744),2.7868095991564833e-05,16.351530190239867,171.49530707153963,PER1;GADD45B;DUSP1;GADD45A;GADD45G,5,0.0019214318815236806,0,0,2.7163750075060444,200
whole_ckd_down_traditional,Whole Dataset CKD Down Traditional,GO Biological Process,GO_Biological_Process_2026,20,Cellular Response to Copper Ion (GO:0071280),4.146798801190002e-05,25.23469387755102,254.6329194525256,MT2A;MT1M;HSF1;MT1E,4,0.002716153214779451,0,0,2.5660457356962127,200
whole_ckd_down_traditional,Whole Dataset CKD Down Traditional,GO Biological Process,GO_Biological_Process_2026,21,Regulation of Vascular Associated Smooth Muscle Cell Proliferation (GO:1904705),4.7089537616019095e-05,14.47985347985348,144.26943679538044,CDKN1A;JUN;NR4A3;RGCC;IGFBP5,5,0.002937490203665953,0,0,2.5320235730609437,200
whole_ckd_down_traditional,Whole Dataset CKD Down Traditional,GO Biological Process,GO_Biological_Process_2026,22,ADP Transport (GO:0015866),5.3162099096467675e-05,60.28934010152284,593.3776232841345,SLC25A5;SLC25A4;SLC25A25,3,0.003027928252885768,0,0,2.5188544197086107,200
whole_ckd_down_traditional,Whole Dataset CKD Down Traditional,GO Biological Process,GO_Biological_Process_2026,23,Locomotor Rhythm (GO:0045475),5.3162099096467675e-05,60.28934010152284,593.3776232841345,EGR1;ID2;USP2,3,0.003027928252885768,0,0,2.5188544197086107,200
whole_ckd_down_traditional,Whole Dataset CKD Down Traditional,GO Biological Process,GO_Biological_Process_2026,24,Entrainment of Circadian Clock by Photoperiod (GO:0043153),7.4029424621569e-05,21.247046186895812,202.0816743097091,PER1;ID2;USP2;BHLHE40,4,0.0036940381896286554,0,0,2.4324986190584035,200
whole_ckd_down_traditional,Whole Dataset CKD Down Traditional,GO Biological Process,GO_Biological_Process_2026,25,Response to Copper Ion (GO:0046688),7.4029424621569e-05,21.247046186895812,202.0816743097091,MT2A;MT1M;HSF1;MT1E,4,0.0036940381896286554,0,0,2.4324986190584035,200
whole_ckd_down_traditional,Whole Dataset CKD Down Traditional,GO Biological Process,GO_Biological_Process_2026,26,Positive Regulation of Vascular Associated Smooth Muscle Cell Proliferation (GO:1904707),7.4029424621569e-05,21.247046186895812,202.0816743097091,JUN;NR4A3;RGCC;IGFBP5,4,0.0036940381896286554,0,0,2.4324986190584035,200
whole_ckd_down_traditional,Whole Dataset CKD Down Traditional,GO Biological Process,GO_Biological_Process_2026,27,Intracellular Signaling Cassette (GO:0141124),7.613666497707916e-05,3.8745230835235893,36.74202727080999,JUN;CEBPB;CEBPD;CREM;FOS;DUSP6;NFKBIA;RCAN1;ZFP36;RGCC;DDIT3;HSF1;ATF4,13,0.0036940381896286554,0,0,2.4324986190584035,200
whole_ckd_down_traditional,Whole Dataset CKD Down Traditional,GO Biological Process,GO_Biological_Process_2026,28,Photoperiodism (GO:0009648),0.00010411396073230691,19.221574344023324,176.26230732641343,PER1;ID2;USP2;BHLHE40,4,0.004871046019975788,0,0,2.3123777673432104,200
whole_ckd_down_traditional,Whole Dataset CKD Down Traditional,GO Biological Process,GO_Biological_Process_2026,29,Regulation of Fat Cell Differentiation (GO:0045598),0.00011335566980135825,8.71723122238586,79.19587272258161,ZFP36;CEBPB;ZBTB16;ID2;ZFP36L2;FERMT2,6,0.005120549222061355,0,0,2.29068345478232,200
whole_ckd_down_traditional,Whole Dataset CKD Down Traditional,GO Biological Process,GO_Biological_Process_2026,30,Positive Regulation of Smooth Muscle Cell Proliferation (GO:0048661),0.0001398365134139565,11.256410256410257,99.9010527744165,JUN;NR4A3;RGCC;IGFBP5;ID2,5,0.0060816837108804474,0,0,2.2159761698859253,200
whole_ckd_down_traditional,Whole Dataset CKD Down Traditional,GO Biological Process,GO_Biological_Process_2026,31,Cellular Response to Starvation (GO:0009267),0.00014909624942351603,5.6875,50.112098919165376,KLF10;GABARAPL2;GABARAPL1;CDKN1A;MAP1LC3A;PDK4;FOXO3;ATF4,8,0.0060816837108804474,0,0,2.2159761698859253,200
whole_ckd_down_traditional,Whole Dataset CKD Down Traditional,GO Biological Process,GO_Biological_Process_2026,32,Cellular Response to Nitrogen Levels (GO:0043562),0.00015320271943439296,37.6751269035533,330.92884130781977,GABARAPL2;GABARAPL1;MAP1LC3A,3,0.0060816837108804474,0,0,2.2159761698859253,200
whole_ckd_down_traditional,Whole Dataset CKD Down Traditional,GO Biological Process,GO_Biological_Process_2026,33,Cellular Response to Nitrogen Starvation (GO:0006995),0.00015320271943439296,37.6751269035533,330.92884130781977,GABARAPL2;GABARAPL1;MAP1LC3A,3,0.0060816837108804474,0,0,2.2159761698859253,200
whole_ckd_down_traditional,Whole Dataset CKD Down Traditional,GO Biological Process,GO_Biological_Process_2026,34,Regulation of Oxidative Stress-Induced Neuron Intrinsic Apoptotic Signaling Pathway (GO:1903376),0.00020276702349047898,33.48730964467005,284.75776049641166,PINK1;ATF4;MCL1,3,0.007812494140368455,0,0,2.1072102953831133,200
whole_ckd_down_traditional,Whole Dataset CKD Down Traditional,GO Biological Process,GO_Biological_Process_2026,35,Negative Regulation of Intracellular Signal Transduction (GO:1902532),0.00024495518709019364,3.6315789473684212,30.194528100263263,NFKBIA;PER1;PINK1;SEC14L1;DUSP1;DDIT3;DDIT4;SH3BP4;DUSP8;DUSP6;HERPUD1;FKBP5,12,0.009168322716804391,0,0,2.0377101083281812,200
whole_ckd_down_traditional,Whole Dataset CKD Down Traditional,GO Biological Process,GO_Biological_Process_2026,36,"Pos Reg Nuclear-Transcribed mRNA Catabolic Process, Deadenylation-Dependent Decay (GO:1900153)",0.00026165809515097364,30.13705583756345,248.5846578261998,ZFP36;TOB1;ZFP36L2,3,0.009264110936426364,0,0,2.033196252970121,200
whole_ckd_down_traditional,Whole Dataset CKD Down Traditional,GO Biological Process,GO_Biological_Process_2026,37,Positive Regulation of Nuclear-Transcribed mRNA poly(A) Tail Shortening (GO:0060213),0.00026165809515097364,30.13705583756345,248.5846578261998,BTG2;ZFP36;TOB1,3,0.009264110936426364,0,0,2.033196252970121,200
whole_ckd_down_traditional,Whole Dataset CKD Down Traditional,GO Biological Process,GO_Biological_Process_2026,38,Response to Endoplasmic Reticulum Stress (GO:0034976),0.0003698806629953666,5.7088082901554404,45.112887796484664,PPP1R15B;JUN;CEBPB;DDIT3;ATF3;ATF4;HERPUD1,7,0.012751149171682375,0,0,1.8944506735492028,200
whole_ckd_down_traditional,Whole Dataset CKD Down Traditional,GO Biological Process,GO_Biological_Process_2026,39,Regulation of Transcription by RNA Polymerase II (GO:0006357),0.00039394121048169563,1.9201008329679965,15.052263494588479,CSRNP1;ZNF593;CEBPB;BEX1;CEBPD;EPAS1;CREM;FOXO3;ZFP36;CHCHD2;NFIL3;HSF1;HES4;KLF10;EGR1;JUN;JUND;GADD45A;CNBP;ZBTB16;USP2;FOS;NR0B2;KLF15;FOSL2;NFKBIA;EID1;PER1;NR4A1;KLF6;NR4A3;RGCC;ID2;DDIT3;BHLHE40;MAFF;KLF9;ERF;ATF3;ATF4,40,0.013232384249513366,0,0,1.8783618963178008,200
whole_ckd_down_traditional,Whole Dataset CKD Down Traditional,GO Biological Process,GO_Biological_Process_2026,40,Regulation of Nuclear-Transcribed mRNA poly(A) Tail Shortening (GO:0060211),0.00041017649693527065,25.111675126903553,195.84402098106767,BTG2;ZFP36;TOB1,3,0.013433280274630114,0,0,1.871817923949337,200
whole_ckd_down_traditional,Whole Dataset CKD Down Traditional,GO Biological Process,GO_Biological_Process_2026,41,Cellular Response to Transforming Growth Factor Beta Stimulus (GO:0071560),0.000534631353420474,6.415084102007596,48.33081450419003,JUN;RGCC;PXN;FOS;ZFP36L2;FERMT2,6,0.017082123731239535,0,0,1.7674581367253457,200
whole_ckd_down_traditional,Whole Dataset CKD Down Traditional,GO Biological Process,GO_Biological_Process_2026,42,Myeloid Cell Differentiation (GO:0030099),0.0005556717726770651,8.16294458229942,61.18398606775132,HSPA9;CEBPB;EPAS1;ZBTB16;SLC25A5,5,0.0173316671954037,0,0,1.7611596589284202,200
whole_ckd_down_traditional,Whole Dataset CKD Down Traditional,GO Biological Process,GO_Biological_Process_2026,43,Regulation of Erythrocyte Differentiation (GO:0045646),0.0006068640222899578,11.524781341107872,85.36642728574833,HSPA9;ZFP36;FOXO3;GLUL,4,0.01848818300464755,0,0,1.7331057686585858,200
whole_ckd_down_traditional,Whole Dataset CKD Down Traditional,GO Biological Process,GO_Biological_Process_2026,44,Mitochondrial Gene Expression (GO:0140053),0.0006244951835763466,6.217757205975174,45.87813776640311,MRPL41;MRPL15;FOXO3;SLC25A33;MRPL54;MRPL55,6,0.01859292478375032,0,0,1.7306522876067083,200
whole_ckd_down_traditional,Whole Dataset CKD Down Traditional,GO Biological Process,GO_Biological_Process_2026,45,Cellular Response to Zinc Ion (GO:0071294),0.0007195272026923491,20.086294416243653,145.36282995258424,MT2A;MT1M;MT1E,3,0.02094623634504394,0,0,1.6788940004503528,200
whole_ckd_down_traditional,Whole Dataset CKD Down Traditional,GO Biological Process,GO_Biological_Process_2026,46,Positive Regulation of Neuron Apoptotic Process (GO:0043525),0.0008067730463282587,10.613319011815252,75.59302673955138,DDIT3;FOXO3;MCL1;ATF4,4,0.022975493275869976,0,0,1.6387351556898955,200
whole_ckd_down_traditional,Whole Dataset CKD Down Traditional,GO Biological Process,GO_Biological_Process_2026,47,ATP Transport (GO:0015867),0.0008481701801219675,18.82994923857868,133.17348392535672,SLC25A5;SLC25A4;SLC25A25,3,0.023640487999144196,0,0,1.6263435627675993,200
whole_ckd_down_traditional,Whole Dataset CKD Down Traditional,GO Biological Process,GO_Biological_Process_2026,48,Response to Fibroblast Growth Factor (GO:0071774),0.0009905301969888136,17.721409375933113,122.58377707877821,NR4A1;ZFP36;ZFP36L2,3,0.02648152159296624,0,0,1.577057064532803,200
whole_ckd_down_traditional,Whole Dataset CKD Down Traditional,GO Biological Process,GO_Biological_Process_2026,49,Positive Regulation of Mitophagy (GO:1901526),0.0009905301969888136,17.721409375933113,122.58377707877821,PINK1;SLC25A5;SLC25A4,3,0.02648152159296624,0,0,1.577057064532803,200
whole_ckd_down_traditional,Whole Dataset CKD Down Traditional,GO Biological Process,GO_Biological_Process_2026,50,Negative Regulation of Growth (GO:0045926),0.0010578646004516456,5.587155963302752,38.280415456425374,MT2A;CDKN1A;MT1M;WFDC1;SH3BP4;MT1E,6,0.027716052531833114,0,0,1.5572686241944655,200
whole_ckd_down_traditional,Whole Dataset CKD Down Traditional,GO Biological Process,GO_Biological_Process_2026,51,Positive Regulation of Apoptotic Process (GO:0043065),0.0010863008614187813,3.456140350877193,23.58807860928959,RGCC;GADD45B;GADD45A;DDIT3;FOXO3;DUSP6;GADD45G;ATF4;RHOB;MCL1,10,0.027903022126639285,0,0,1.5543487565169543,200
whole_ckd_down_traditional,Whole Dataset CKD Down Traditional,GO Biological Process,GO_Biological_Process_2026,52,Regulation of Epidermal Cell Differentiation (GO:0045604),0.0011471485105092553,16.736040609137056,113.31096080850561,ERRFI1;ZFP36;MAFF,3,0.028899318245521624,0,0,1.5391124024233944,200
whole_ckd_down_traditional,Whole Dataset CKD Down Traditional,GO Biological Process,GO_Biological_Process_2026,53,Transforming Growth Factor Beta Receptor Signaling Pathway (GO:0007179),0.0011773948684188004,6.835065835065835,46.09876674157659,JUN;RGCC;PXN;FOS;FERMT2,5,0.029101646747709972,0,0,1.536082435302453,200
whole_ckd_down_traditional,Whole Dataset CKD Down Traditional,GO Biological Process,GO_Biological_Process_2026,54,Regulation of Epithelial Cell Differentiation (GO:0030856),0.0013185462203513692,15.854394870424793,105.13406751270358,CEBPB;MAFF;APOLD1,3,0.03131297495245296,0,0,1.5042756693981756,200
whole_ckd_down_traditional,Whole Dataset CKD Down Traditional,GO Biological Process,GO_Biological_Process_2026,55,"Regulation of Nuclear-Transcribed mRNA Catabolic Process, Deadenylation-Dependent Decay (GO:1900151)",0.0013185462203513692,15.854394870424793,105.13406751270358,ZFP36;TOB1;ZFP36L2,3,0.03131297495245296,0,0,1.5042756693981756,200
whole_ckd_down_traditional,Whole Dataset CKD Down Traditional,GO Biological Process,GO_Biological_Process_2026,56,Positive Regulation of miRNA Transcription (GO:1902895),0.0013385699216315768,9.16326530612245,60.625569437732594,EGR1;JUN;FOS;FOXO3,4,0.03131297495245296,0,0,1.5042756693981756,200
whole_ckd_down_traditional,Whole Dataset CKD Down Traditional,GO Biological Process,GO_Biological_Process_2026,57,ATP Synthesis Coupled Electron Transport (GO:0042773),0.0014535707837741265,49.98989898989899,326.6206097208578,NDUFB6;NDUFA12,2,0.03173629544573509,0,0,1.498443769495867,200
whole_ckd_down_traditional,Whole Dataset CKD Down Traditional,GO Biological Process,GO_Biological_Process_2026,58,Negative Regulation of Erythrocyte Differentiation (GO:0045647),0.0014535707837741265,49.98989898989899,326.6206097208578,HSPA9;ZFP36,2,0.03173629544573509,0,0,1.498443769495867,200
whole_ckd_down_traditional,Whole Dataset CKD Down Traditional,GO Biological Process,GO_Biological_Process_2026,59,Regulation of Type B Pancreatic Cell Proliferation (GO:0061469),0.0014535707837741265,49.98989898989899,326.6206097208578,NR4A1;NR4A3,2,0.03173629544573509,0,0,1.498443769495867,200
whole_ckd_down_traditional,Whole Dataset CKD Down Traditional,GO Biological Process,GO_Biological_Process_2026,60,Transforming Growth Factor Beta1 Production (GO:0032905),0.0014535707837741265,49.98989898989899,326.6206097208578,JUN;FOSL2,2,0.03173629544573509,0,0,1.498443769495867,200
whole_ckd_down_traditional,Whole Dataset CKD Down Traditional,GO Biological Process,GO_Biological_Process_2026,61,Negative Regulation of Myeloid Cell Differentiation (GO:0045638),0.0015052246919242,15.060913705583756,97.87806321199126,HSPA9;ZFP36;ZBTB16,3,0.03180394107130164,0,0,1.4975190599065473,200
whole_ckd_down_traditional,Whole Dataset CKD Down Traditional,GO Biological Process,GO_Biological_Process_2026,62,Positive Regulation of p38MAPK Cascade (GO:1900745),0.0015052246919242,15.060913705583756,97.87806321199126,GADD45B;GADD45A;GADD45G,3,0.03180394107130164,0,0,1.4975190599065473,200
whole_ckd_down_traditional,Whole Dataset CKD Down Traditional,GO Biological Process,GO_Biological_Process_2026,63,Intrinsic Apoptotic Signaling Pathway (GO:0097193),0.0015592887441538072,5.158658046479119,33.34311780301567,CDKN1A;CEBPB;DDIT3;CYCS;ATF4;MCL1,6,0.0319288065094848,0,0,1.4958173149723712,200
whole_ckd_down_traditional,Whole Dataset CKD Down Traditional,GO Biological Process,GO_Biological_Process_2026,64,Mitophagy (GO:0000423),0.0015598806233641427,8.763975155279503,56.64285082988862,GABARAPL2;GABARAPL1;PINK1;MAP1LC3A,4,0.0319288065094848,0,0,1.4958173149723712,200
whole_ckd_down_traditional,Whole Dataset CKD Down Traditional,GO Biological Process,GO_Biological_Process_2026,65,Positive Regulation of RNA Biosynthetic Process (GO:1902680),0.0016207857688464744,2.6442979357978182,16.989202268668055,EGR1;JUN;CEBPB;CNBP;ZBTB16;FOS;FOXO3;NR0B2;KLF6;NFIL3;TP53INP2;ID2;DDIT3;ATF4,14,0.032665067033675096,0,0,1.485916446235065,200
whole_ckd_down_traditional,Whole Dataset CKD Down Traditional,GO Biological Process,GO_Biological_Process_2026,66,Positive Regulation of mRNA Catabolic Process (GO:0061014),0.0016795486223000733,8.577073382544507,54.800896273673075,BTG2;ZFP36;TOB1;ZFP36L2,4,0.033305601346251164,0,0,1.4774827205718755,200
whole_ckd_down_traditional,Whole Dataset CKD Down Traditional,GO Biological Process,GO_Biological_Process_2026,67,Negative Regulation of Gene Expression (GO:0010629),0.001703416252060174,3.0395972008875236,19.377795339951703,BTG2;PINK1;ZFP36;RGCC;IGFBP5;TIPARP;ID2;NUDT16;TOB1;NR0B2;ZFP36L2,11,0.033305601346251164,0,0,1.4774827205718755,200
whole_ckd_down_traditional,Whole Dataset CKD Down Traditional,GO Biological Process,GO_Biological_Process_2026,68,Mitochondrion Organization (GO:0007005),0.0018327435570058002,4.988507689707622,31.43728225274594,CHCHD2;PINK1;CHCHD10;COX7A1;SLC25A33;MCL1,6,0.03530726558349409,0,0,1.4521359156281777,200
whole_ckd_down_traditional,Whole Dataset CKD Down Traditional,GO Biological Process,GO_Biological_Process_2026,69,Adenine Nucleotide Transport (GO:0051503),0.0019263332020576173,13.690355329949238,85.59397680666795,SLC25A5;SLC25A4;SLC25A25,3,0.03626342173170815,0,0,1.440531219294906,200
whole_ckd_down_traditional,Whole Dataset CKD Down Traditional,GO Biological Process,GO_Biological_Process_2026,70,Positive Regulation of Fat Cell Differentiation (GO:0045600),0.001937740092534023,8.226155768429821,51.382484683548725,ZFP36;CEBPB;ZBTB16;ID2,4,0.03626342173170815,0,0,1.440531219294906,200
whole_ckd_down_traditional,Whole Dataset CKD Down Traditional,GO Biological Process,GO_Biological_Process_2026,71,PERK-mediated Unfolded Protein Response (GO:0036499),0.0020216133697869413,39.98989898989899,248.09171029141777,DDIT3;ATF4,2,0.03676131264048361,0,0,1.4346089896052732,200
whole_ckd_down_traditional,Whole Dataset CKD Down Traditional,GO Biological Process,GO_Biological_Process_2026,72,Mitochondrial ATP Transmembrane Transport (GO:1990544),0.0020216133697869413,39.98989898989899,248.09171029141777,SLC25A5;SLC25A4,2,0.03676131264048361,0,0,1.4346089896052732,200
whole_ckd_down_traditional,Whole Dataset CKD Down Traditional,GO Biological Process,GO_Biological_Process_2026,73,Cellular Response to Ionizing Radiation (GO:0071479),0.0020765932331265552,8.061224489795919,49.79439807569174,CDKN1A;GADD45A;HSF1;RHOB,4,0.03676131264048361,0,0,1.4346089896052732,200
whole_ckd_down_traditional,Whole Dataset CKD Down Traditional,GO Biological Process,GO_Biological_Process_2026,74,Positive Regulation of miRNA Metabolic Process (GO:2000630),0.0020765932331265552,8.061224489795919,49.79439807569174,EGR1;JUN;FOS;FOXO3,4,0.03676131264048361,0,0,1.4346089896052732,200
whole_ckd_down_traditional,Whole Dataset CKD Down Traditional,GO Biological Process,GO_Biological_Process_2026,75,Cellular Response to Oxidative Stress (GO:0034599),0.002141100058291923,4.829160530191458,29.682123892270933,CHCHD2;PINK1;PXN;FOS;FOXO3;ATF4,6,0.03739788101816558,0,0,1.4271530044355811,200
whole_ckd_down_traditional,Whole Dataset CKD Down Traditional,GO Biological Process,GO_Biological_Process_2026,76,Regulation of Neuron Apoptotic Process (GO:0043523),0.002223962907809217,4.79089211786671,29.264994812787858,EGR1;PINK1;DDIT3;FOXO3;ATF4;MCL1,6,0.0383340974898694,0,0,1.4164147570010297,200
whole_ckd_down_traditional,Whole Dataset CKD Down Traditional,GO Biological Process,GO_Biological_Process_2026,77,Iron-sulfur Cluster Assembly (GO:0016226),0.002414105915085408,12.548223350253807,75.62094298941223,HSPA9;ISCA1;NDUFAB1,3,0.0402392103131484,0,0,1.3953505508151332,200
whole_ckd_down_traditional,Whole Dataset CKD Down Traditional,GO Biological Process,GO_Biological_Process_2026,78,Metallo-sulfur Cluster Assembly (GO:0031163),0.002414105915085408,12.548223350253807,75.62094298941223,HSPA9;ISCA1;NDUFAB1,3,0.0402392103131484,0,0,1.3953505508151332,200
whole_ckd_down_traditional,Whole Dataset CKD Down Traditional,GO Biological Process,GO_Biological_Process_2026,79,Cellular Response to Tumor Necrosis Factor (GO:0071356),0.0024266394005639114,5.743589743589744,34.583577920617785,NFKBIA;CRHBP;ZFP36;FOXO3;ZFP36L2,5,0.0402392103131484,0,0,1.3953505508151332,200
whole_ckd_down_traditional,Whole Dataset CKD Down Traditional,GO Biological Process,GO_Biological_Process_2026,80,Cellular Response to Granulocyte Macrophage Colony-Stimulating Factor Stimulus (GO:0097011),0.0026777674677022855,33.323232323232325,197.36590289038227,ZFP36;ZFP36L2,2,0.042879282873095295,0,0,1.3677524865350128,200
whole_ckd_down_traditional,Whole Dataset CKD Down Traditional,GO Biological Process,GO_Biological_Process_2026,81,Response to Granulocyte Macrophage Colony-Stimulating Factor (GO:0097012),0.0026777674677022855,33.323232323232325,197.36590289038227,ZFP36;ZFP36L2,2,0.042879282873095295,0,0,1.3677524865350128,200
whole_ckd_down_traditional,Whole Dataset CKD Down Traditional,GO Biological Process,GO_Biological_Process_2026,82,Response to Zinc Ion (GO:0010043),0.0026840467141937513,12.045685279187817,71.31563234569973,MT2A;MT1M;MT1E,3,0.042879282873095295,0,0,1.3677524865350128,200
whole_ckd_down_traditional,Whole Dataset CKD Down Traditional,GO Biological Process,GO_Biological_Process_2026,83,Rho Protein Signal Transduction (GO:0007266),0.002874937057851193,7.326530612244898,42.87283866824234,CDC42EP4;SH3BP4;CTNNAL1;RHOB,4,0.045269408919254746,0,0,1.3441951760322912,200
whole_ckd_down_traditional,Whole Dataset CKD Down Traditional,GO Biological Process,GO_Biological_Process_2026,84,Mitochondrial Respiratory Chain Complex Assembly (GO:0033108),0.0029142832620670067,5.492753623188406,32.067417227721045,NDUFA6;NDUFAF4;COX17;COX7A1;SLC25A33,5,0.045269408919254746,0,0,1.3441951760322912,200
whole_ckd_down_traditional,Whole Dataset CKD Down Traditional,GO Biological Process,GO_Biological_Process_2026,85,Cellular Response to Glucocorticoid Stimulus (GO:0071385),0.0029718848603480213,11.581803982819212,67.38940857682955,ZFP36;KLF9;ZFP36L2,3,0.045269408919254746,0,0,1.3441951760322912,200
whole_ckd_down_traditional,Whole Dataset CKD Down Traditional,GO Biological Process,GO_Biological_Process_2026,86,Regulation of Protein Modification by Small Protein Conjugation or Removal (GO:1903320),0.0029718848603480213,11.581803982819212,67.38940857682955,EGR1;PINK1;EPAS1,3,0.045269408919254746,0,0,1.3441951760322912,200
whole_ckd_down_traditional,Whole Dataset CKD Down Traditional,GO Biological Process,GO_Biological_Process_2026,87,Positive Regulation of Cell Cycle (GO:0045787),0.003056541487458822,7.19533527696793,41.664381947961964,RGCC;USP2;HSF1;NUDT16,4,0.046023785615759275,0,0,1.3370176619729448,200
whole_ckd_down_traditional,Whole Dataset CKD Down Traditional,GO Biological Process,GO_Biological_Process_2026,88,Regulation of Reactive Oxygen Species Metabolic Process (GO:2000377),0.003245825065519956,7.0687432867884,40.50662547348915,CDKN1A;PINK1;GADD45A;SLC25A33,4,0.04798143034853407,0,0,1.318926809656716,200
whole_ckd_down_traditional,Whole Dataset CKD Down Traditional,GO Biological Process,GO_Biological_Process_2026,89,Positive Regulation of Mitotic Cell Cycle (GO:0045931),0.0032779948419926,11.152284263959391,63.79690278522437,RGCC;HSF1;USP2,3,0.04798143034853407,0,0,1.318926809656716,200
whole_ckd_down_traditional,Whole Dataset CKD Down Traditional,GO Biological Process,GO_Biological_Process_2026,90,Neg Reg Oxidative Stress-Induced Neuron Intrinsic Apoptotic Signaling Pathway (GO:1903377),0.0034202318391573132,28.561327561327563,162.17255858986445,PINK1;ATF4,2,0.04798143034853407,0,0,1.318926809656716,200
whole_ckd_down_traditional,Whole Dataset CKD Down Traditional,GO Biological Process,GO_Biological_Process_2026,91,HRI-mediated Signaling (GO:0140468),0.0034202318391573132,28.561327561327563,162.17255858986445,DDIT3;ATF4,2,0.04798143034853407,0,0,1.318926809656716,200
whole_ckd_down_traditional,Whole Dataset CKD Down Traditional,GO Biological Process,GO_Biological_Process_2026,92,Positive Regulation of Vascular Associated Smooth Muscle Cell Migration (GO:1904754),0.0034202318391573132,28.561327561327563,162.17255858986445,NR4A3;IGFBP5,2,0.04798143034853407,0,0,1.318926809656716,200
whole_ckd_down_traditional,Whole Dataset CKD Down Traditional,GO Biological Process,GO_Biological_Process_2026,93,Autophagy of Mitochondrion (GO:0000422),0.0034429423303528263,6.946516537649543,39.39667426105362,GABARAPL2;GABARAPL1;PINK1;MAP1LC3A,4,0.04798143034853407,0,0,1.318926809656716,200
whole_ckd_down_traditional,Whole Dataset CKD Down Traditional,GO Biological Process,GO_Biological_Process_2026,94,Cellular Response to Unfolded Protein (GO:0034620),0.0034429423303528263,6.946516537649543,39.39667426105362,DDIT3;HSF1;HERPUD1;ATF4,4,0.04798143034853407,0,0,1.318926809656716,200
whole_ckd_down_traditional,Whole Dataset CKD Down Traditional,GO Biological Process,GO_Biological_Process_2026,95,Intracellular Zinc Ion Homeostasis (GO:0006882),0.0036027345500000223,10.753444525018129,60.49954695168429,MT2A;MT1M;MT1E,3,0.04827212744232455,0,0,1.3163035605949807,200
whole_ckd_down_traditional,Whole Dataset CKD Down Traditional,GO Biological Process,GO_Biological_Process_2026,96,Intrinsic Apoptotic Signaling Pathway in Response to Endoplasmic Reticulum Stress (GO:0070059),0.0036027345500000223,10.753444525018129,60.49954695168429,CEBPB;DDIT3;ATF4,3,0.04827212744232455,0,0,1.3163035605949807,200
whole_ckd_down_traditional,Whole Dataset CKD Down Traditional,GO Biological Process,GO_Biological_Process_2026,97,Positive Regulation of Response to Endoplasmic Reticulum Stress (GO:1905898),0.0036027345500000223,10.753444525018129,60.49954695168429,DDIT3;SIK2;HERPUD1,3,0.04827212744232455,0,0,1.3163035605949807,200
whole_ckd_down_traditional,Whole Dataset CKD Down Traditional,GO Biological Process,GO_Biological_Process_2026,98,Hemopoiesis (GO:0030097),0.0036188712929817765,5.208300290774518,29.278944973607796,CEBPB;PINK1;ZBTB16;ZFP36L2;ATF4,5,0.04827212744232455,0,0,1.3163035605949807,200
whole_ckd_down_traditional,Whole Dataset CKD Down Traditional,GO Biological Process,GO_Biological_Process_2026,99,Erythrocyte Differentiation (GO:0030218),0.0036480462723588783,6.828433068142512,38.33184278744158,HSPA9;EPAS1;ID2;SLC25A5,4,0.04827212744232455,0,0,1.3163035605949807,200
whole_ckd_down_traditional,Whole Dataset CKD Down Traditional,GO Biological Process,GO_Biological_Process_2026,100,Cellular Response to Peptide Hormone Stimulus (GO:0071375),0.003932263879133558,5.102564102564102,28.260755222784233,CRHBP;NR4A1;NR4A3;GOT1;SLC25A33,5,0.051512656816649606,0,0,1.2880860503707394,200
whole_ckd_down_traditional,Whole Dataset CKD Down Traditional,GO Biological Process,GO_Biological_Process_2026,101,Positive Regulation of Programmed Cell Death (GO:0043068),0.004040245306350589,3.3256802721088436,18.329320101575714,GADD45B;GADD45A;FOXO3;DUSP6;GADD45G;ATF4;RHOB;MCL1,8,0.05240318169623041,0,0,1.2806423437191963,200
whole_ckd_down_traditional,Whole Dataset CKD Down Traditional,GO Biological Process,GO_Biological_Process_2026,102,Regulation of Cold-Induced Thermogenesis (GO:0120161),0.004168227106811154,4.192321365090651,22.97502989862297,CEBPB;EPAS1;DDIT3;HSF1;ATF4;GADD45G,6,0.05353311284237854,0,0,1.271377502535447,200
whole_ckd_down_traditional,Whole Dataset CKD Down Traditional,GO Biological Process,GO_Biological_Process_2026,103,Mitochondrial Transcription (GO:0006390),0.004247232134539841,24.98989898989899,136.4820277236255,FOXO3;SLC25A33,2,0.05401819510919604,0,0,1.2674599308337173,200
whole_ckd_down_traditional,Whole Dataset CKD Down Traditional,GO Biological Process,GO_Biological_Process_2026,104,Regulation of Mitophagy (GO:1901524),0.004309453893401118,10.035532994923859,54.6629871343117,PINK1;SLC25A5;SLC25A4,3,0.054282544234187165,0,0,1.2653398050621678,200
whole_ckd_down_traditional,Whole Dataset CKD Down Traditional,GO Biological Process,GO_Biological_Process_2026,105,Regulation of miRNA Transcription (GO:1902893),0.004551331168911818,6.393586005830904,34.476360946346375,EGR1;JUN;FOS;FOXO3,4,0.056783274583566495,0,0,1.2457795661503024,200
whole_ckd_down_traditional,Whole Dataset CKD Down Traditional,GO Biological Process,GO_Biological_Process_2026,106,Regulation of Translation (GO:0006417),0.004650687836104244,3.5906735751295336,19.284574730391196,BTG2;IGFBP5;EIF4H;FOXO3;EIF1B;TOB1;EIF1,7,0.05744496375459352,0,0,1.2407480402474822,200
whole_ckd_down_traditional,Whole Dataset CKD Down Traditional,GO Biological Process,GO_Biological_Process_2026,107,Regulation of Metabolic Process (GO:0019222),0.004692069558581303,9.711314884558703,52.07091984713094,CHCHD2;PINK1;PDK4,3,0.05744496375459352,0,0,1.2407480402474822,200
whole_ckd_down_traditional,Whole Dataset CKD Down Traditional,GO Biological Process,GO_Biological_Process_2026,108,Regulation of Cell Population Proliferation (GO:0042127),0.005127431842315388,2.175512769239559,11.471805943784561,KLF10;JUN;BTG2;CDKN1A;JUND;FLT1;CNBP;TOB2;TOB1;NR4A3;RGCC;SERTAD1;ID2;SH3BP4;SLC25A5;SLC25A33,16,0.06197887070365682,0,0,1.2077563411596333,200
whole_ckd_down_traditional,Whole Dataset CKD Down Traditional,GO Biological Process,GO_Biological_Process_2026,109,Tricarboxylic Acid Metabolic Process (GO:0072350),0.0051570205394645754,22.21212121212121,117.00004466783103,IDH2;ACO2,2,0.06197887070365682,0,0,1.2077563411596333,200
whole_ckd_down_traditional,Whole Dataset CKD Down Traditional,GO Biological Process,GO_Biological_Process_2026,110,Autophagosome Organization (GO:1905037),0.005319900387786846,6.1020408163265305,31.95212059737399,GABARAPL2;GABARAPL1;MAP1LC3A;TP53INP2,4,0.06335517734546152,0,0,1.1982178890569466,200
whole_ckd_down_traditional,Whole Dataset CKD Down Traditional,GO Biological Process,GO_Biological_Process_2026,111,Response to Glucocorticoid (GO:0051384),0.005517288559721188,9.121827411167512,47.43230522818489,ZFP36;GOT1;ZFP36L2,3,0.06511394606517798,0,0,1.1863259845424887,200
whole_ckd_down_traditional,Whole Dataset CKD Down Traditional,GO Biological Process,GO_Biological_Process_2026,112,Regulation of DNA-templated Transcription (GO:0006355),0.005667101201708956,1.6875846831094794,8.730006427588604,ZNF331;CSRNP1;CEBPB;CEBPD;EPAS1;CREM;FOXO3;NFIL3;TP53INP2;HSF1;KLF10;EGR1;JUN;JUND;CNBP;ZBTB16;FOS;NR0B2;KLF15;FOSL2;EID1;PER1;NR4A1;KLF6;NR4A3;ID2;DDIT3;BHLHE40;MAFF;KLF9;ERF;GAS6;ATF3;ATF4,34,0.06628484441284582,0,0,1.1785857587788997,200
whole_ckd_down_traditional,Whole Dataset CKD Down Traditional,GO Biological Process,GO_Biological_Process_2026,113,Cellular Response to Metal Ion (GO:0071248),0.005795880075899015,4.632086567866384,23.858061881050492,CRHBP;MT2A;MT1M;HSF1;MT1E,5,0.06719117610113018,0,0,1.1726877570385472,200
whole_ckd_down_traditional,Whole Dataset CKD Down Traditional,GO Biological Process,GO_Biological_Process_2026,114,Regulation of Cell Cycle (GO:0051726),0.0060188033703407065,2.868455497382199,14.666030923187664,NR4A1;JUN;CDKN1A;JUND;GADD45B;GADD45A;PIM3;GADD45G;RHOB,9,0.06909176389825372,0,0,1.16057371972746,200
whole_ckd_down_traditional,Whole Dataset CKD Down Traditional,GO Biological Process,GO_Biological_Process_2026,115,Positive Regulation of Macrophage Differentiation (GO:0045651),0.0061478754316609515,19.98989898989899,101.78154350719133,ID2;HSF1,2,0.06909176389825372,0,0,1.16057371972746,200
whole_ckd_down_traditional,Whole Dataset CKD Down Traditional,GO Biological Process,GO_Biological_Process_2026,116,Regulation of Apoptotic Process (GO:0042981),0.006149703701766625,2.1896479223211895,11.148266964233734,HSPA9;EGR1;GADD45B;GADD45A;FOXO3;DUSP6;GADD45G;RHOB;SOCS2;PINK1;PIM3;GAS6;ATF4;IER3;MCL1,15,0.06909176389825372,0,0,1.16057371972746,200
whole_ckd_down_traditional,Whole Dataset CKD Down Traditional,GO Biological Process,GO_Biological_Process_2026,117,Autophagosome Assembly (GO:0000045),0.0061707911267906,5.835847382431234,29.692372629986004,GABARAPL2;GABARAPL1;MAP1LC3A;TP53INP2,4,0.06909176389825372,0,0,1.16057371972746,200
whole_ckd_down_traditional,Whole Dataset CKD Down Traditional,GO Biological Process,GO_Biological_Process_2026,118,Cellular Response to Cytokine Stimulus (GO:0071345),0.006374107876634817,2.841375844909471,14.364607233031794,SOCS2;CRHBP;EGR1;MT2A;ZFP36;CISH;DUSP1;GAS6;ZFP36L2,9,0.07076340100331874,0,0,1.1501913023666206,200
whole_ckd_down_traditional,Whole Dataset CKD Down Traditional,GO Biological Process,GO_Biological_Process_2026,119,Negative Regulation of Cell Cycle Phase Transition (GO:1901988),0.007218101036314867,18.171717171717173,89.6077061786221,RGCC;ZFP36L2,2,0.07879760297977063,0,0,1.1034869935319198,200
whole_ckd_down_traditional,Whole Dataset CKD Down Traditional,GO Biological Process,GO_Biological_Process_2026,120,Intracellular Copper Ion Homeostasis (GO:0006878),0.007218101036314867,18.171717171717173,89.6077061786221,ANKRD9;MT2A,2,0.07879760297977063,0,0,1.1034869935319198,200
whole_ckd_down_traditional,Whole Dataset CKD Down Traditional,GO Biological Process,GO_Biological_Process_2026,121,Transforming Growth Factor Beta Receptor Superfamily Signaling Pathway (GO:0141091),0.00742302930314596,4.351016799292661,21.333766525890177,JUN;RGCC;PXN;FOS;FERMT2,5,0.08036502799273725,0,0,1.0949328996839847,200
whole_ckd_down_traditional,Whole Dataset CKD Down Traditional,GO Biological Process,GO_Biological_Process_2026,122,Regulation of JNK Cascade (GO:0046328),0.007678936765616627,4.313609467455621,21.004147217080448,PER1;PINK1;GADD45B;GADD45A;GADD45G,5,0.08245415707342443,0,0,1.083787443736415,200
whole_ckd_down_traditional,Whole Dataset CKD Down Traditional,GO Biological Process,GO_Biological_Process_2026,123,Regulation of Vascular Associated Smooth Muscle Cell Migration (GO:1904752),0.008366027088182239,16.656565656565657,79.67795051677446,NR4A3;IGFBP5,2,0.08910158931316044,0,0,1.0501145493438242,200
whole_ckd_down_traditional,Whole Dataset CKD Down Traditional,GO Biological Process,GO_Biological_Process_2026,124,MAPK Cascade (GO:0000165),0.00848341628133306,4.205128205128205,20.056956299958014,ZFP36;JUN;HSF1;ZFP36L2;DUSP6,5,0.08962318813343798,0,0,1.0475796111467799,200
whole_ckd_down_traditional,Whole Dataset CKD Down Traditional,GO Biological Process,GO_Biological_Process_2026,125,Cellular Response to Hypoxia (GO:0071456),0.008869377884041707,5.227405247813411,24.700277159233604,PINK1;RGCC;EPAS1;NDRG1,4,0.0929510802247571,0,0,1.0317455587385034,200
whole_ckd_down_traditional,Whole Dataset CKD Down Traditional,GO Biological Process,GO_Biological_Process_2026,126,Substrate Adhesion-Dependent Cell Spreading (GO:0034446),0.009061882822613368,7.522842639593908,35.3850321555175,PXN;ITGA8;FERMT2,3,0.09421481347320249,0,0,1.0258808073570378,200
whole_ckd_down_traditional,Whole Dataset CKD Down Traditional,GO Biological Process,GO_Biological_Process_2026,127,Cellular Response to Decreased Oxygen Levels (GO:0036294),0.00925286022174956,5.160125588697017,24.16395252997982,PINK1;RGCC;EPAS1;NDRG1,4,0.09474332893157558,0,0,1.0234513598316775,200
whole_ckd_down_traditional,Whole Dataset CKD Down Traditional,GO Biological Process,GO_Biological_Process_2026,128,Regulation of Signal Transduction (GO:0009966),0.009566931182957806,3.1134442323425144,14.475780855194875,SOCS2;RGS3;IGFBP5;TMEM204;GNG7;PXN;SIK2,7,0.09474332893157558,0,0,1.0234513598316775,200
whole_ckd_down_traditional,Whole Dataset CKD Down Traditional,GO Biological Process,GO_Biological_Process_2026,129,Regulation of Aerobic Respiration (GO:1903715),0.009590008493683598,15.374514374514375,71.44588341233826,PINK1;SLC25A33,2,0.09474332893157558,0,0,1.0234513598316775,200
whole_ckd_down_traditional,Whole Dataset CKD Down Traditional,GO Biological Process,GO_Biological_Process_2026,130,Cellular Response to Growth Hormone Stimulus (GO:0071378),0.009590008493683598,15.374514374514375,71.44588341233826,SOCS2;PXN,2,0.09474332893157558,0,0,1.0234513598316775,200
whole_ckd_down_traditional,Whole Dataset CKD Down Traditional,GO Biological Process,GO_Biological_Process_2026,131,Positive Regulation of Protein Export From Nucleus (GO:0046827),0.009590008493683598,15.374514374514375,71.44588341233826,GAS6;EMD,2,0.09474332893157558,0,0,1.0234513598316775,200
whole_ckd_down_traditional,Whole Dataset CKD Down Traditional,GO Biological Process,GO_Biological_Process_2026,132,Substantia Nigra Development (GO:0021762),0.009654459200215517,7.338987247740498,34.05536215760635,CKB;NDRG2;COX6B1,3,0.09474332893157558,0,0,1.0234513598316775,200
whole_ckd_down_traditional,Whole Dataset CKD Down Traditional,GO Biological Process,GO_Biological_Process_2026,133,Positive Regulation of Stress Fiber Assembly (GO:0051496),0.009654459200215517,7.338987247740498,34.05536215760635,RGCC;PXN;FERMT2,3,0.09474332893157558,0,0,1.0234513598316775,200
whole_ckd_down_traditional,Whole Dataset CKD Down Traditional,GO Biological Process,GO_Biological_Process_2026,134,Negative Regulation of Cellular Process (GO:0048523),0.009691302348726052,2.2809379070777247,10.575628961601236,KLF10;NFKBIA;NR4A1;BTG2;CDKN1A;RGCC;DUSP1;WFDC1;SH3BP4;TOB2;TOB1;RHOB,12,0.09474332893157558,0,0,1.0234513598316775,200
whole_ckd_down_traditional,Whole Dataset CKD Down Traditional,GO Biological Process,GO_Biological_Process_2026,135,Negative Regulation of MAPK Cascade (GO:0043409),0.009950895461436656,4.035897435897436,18.60586145140937,PER1;PINK1;DUSP1;DUSP8;DUSP6,5,0.09656054114431126,0,0,1.0152003090319814,200
whole_ckd_down_traditional,Whole Dataset CKD Down Traditional,GO Biological Process,GO_Biological_Process_2026,136,Cell Surface Receptor Protein Tyrosine Kinase Signaling Pathway (GO:0007169),0.01025245845782553,2.81300461361015,12.884229929531948,SOCS2;NR4A3;FLT1;PXN;DDIT4;PDK4;NEDD9;PLAT,8,0.09748227659451868,0,0,1.011074336884813,200
whole_ckd_down_traditional,Whole Dataset CKD Down Traditional,GO Biological Process,GO_Biological_Process_2026,137,Regulation of Intrinsic Apoptotic Signaling Pathway (GO:2001242),0.010269125320643951,7.163886874546773,32.800668633723014,PINK1;DDIT3;HERPUD1,3,0.09748227659451868,0,0,1.011074336884813,200
whole_ckd_down_traditional,Whole Dataset CKD Down Traditional,GO Biological Process,GO_Biological_Process_2026,138,Response to Unfolded Protein (GO:0006986),0.010269125320643951,7.163886874546773,32.800668633723014,DDIT3;HSF1;HERPUD1,3,0.09748227659451868,0,0,1.011074336884813,200
whole_ckd_down_traditional,Whole Dataset CKD Down Traditional,GO Biological Process,GO_Biological_Process_2026,139,Negative Regulation of RNA Biosynthetic Process (GO:1902679),0.010871041519929358,2.337601337601338,10.569821554994768,KLF10;EID1;PER1;JUN;NFIL3;ID2;ZBTB16;DDIT3;BHLHE40;GAS6;NR0B2,11,0.10061197002470271,0,0,0.9973503472480336,200
whole_ckd_down_traditional,Whole Dataset CKD Down Traditional,GO Biological Process,GO_Biological_Process_2026,140,2-Oxoglutarate Metabolic Process (GO:0006103),0.010888425001890752,14.275613275613276,64.52655688502057,GOT1;IDH2,2,0.10061197002470271,0,0,0.9973503472480336,200
whole_ckd_down_traditional,Whole Dataset CKD Down Traditional,GO Biological Process,GO_Biological_Process_2026,141,Copper Ion Homeostasis (GO:0055070),0.010888425001890752,14.275613275613276,64.52655688502057,ANKRD9;MT2A,2,0.10061197002470271,0,0,0.9973503472480336,200
whole_ckd_down_traditional,Whole Dataset CKD Down Traditional,GO Biological Process,GO_Biological_Process_2026,142,Positive Regulation of Myeloid Leukocyte Differentiation (GO:0002763),0.010906030338555561,6.996930704757408,31.61520738006147,ID2;HSF1;NEDD9,3,0.10061197002470271,0,0,0.9973503472480336,200
whole_ckd_down_traditional,Whole Dataset CKD Down Traditional,GO Biological Process,GO_Biological_Process_2026,143,Regulation of Fibroblast Proliferation (GO:0048145),0.01156531191621091,6.83756345177665,30.49378950483647,CDKN1A;GAS6;EMD,3,0.10594796230934471,0,0,0.9749073916319742,200
whole_ckd_down_traditional,Whole Dataset CKD Down Traditional,GO Biological Process,GO_Biological_Process_2026,144,Negative Regulation of Mitotic Cell Cycle Phase Transition (GO:1901991),0.012247096503504439,6.685279187817259,29.431716933517144,CDKN1A;RGCC;ZFP36L2,3,0.10778645601391221,0,0,0.9674358073122101,200
whole_ckd_down_traditional,Whole Dataset CKD Down Traditional,GO Biological Process,GO_Biological_Process_2026,145,Positive Regulation of Metabolic Process (GO:0009893),0.012247096503504439,6.685279187817259,29.431716933517144,CDKN1A;CHCHD2;GADD45A,3,0.10778645601391221,0,0,0.9674358073122101,200
whole_ckd_down_traditional,Whole Dataset CKD Down Traditional,GO Biological Process,GO_Biological_Process_2026,146,Regulation of Macrophage Differentiation (GO:0045649),0.012259680874864825,13.323232323232324,58.64139939765107,ID2;HSF1,2,0.10778645601391221,0,0,0.9674358073122101,200
whole_ckd_down_traditional,Whole Dataset CKD Down Traditional,GO Biological Process,GO_Biological_Process_2026,147,Dicarboxylic Acid Catabolic Process (GO:0043649),0.012259680874864825,13.323232323232324,58.64139939765107,GOT1;GLUL,2,0.10778645601391221,0,0,0.9674358073122101,200
whole_ckd_down_traditional,Whole Dataset CKD Down Traditional,GO Biological Process,GO_Biological_Process_2026,148,Regulation of Oxidative Phosphorylation (GO:0002082),0.012259680874864825,13.323232323232324,58.64139939765107,PINK1;SLC25A33,2,0.10778645601391221,0,0,0.9674358073122101,200
whole_ckd_down_traditional,Whole Dataset CKD Down Traditional,GO Biological Process,GO_Biological_Process_2026,149,Positive Regulation of Autophagy of Mitochondrion (GO:1903599),0.012259680874864825,13.323232323232324,58.64139939765107,SLC25A5;SLC25A4,2,0.10778645601391221,0,0,0.9674358073122101,200
whole_ckd_down_traditional,Whole Dataset CKD Down Traditional,GO Biological Process,GO_Biological_Process_2026,150,Translation (GO:0006412),0.013374548216597202,2.9069056315297717,12.54155878727009,MRPL41;RPL37A;RPS20;MRPL15;MRPL54;RPL7;MRPL55,7,0.11655771416340949,0,0,0.9334589781902969,200
whole_ckd_down_traditional,Whole Dataset CKD Down Traditional,GO Biological Process,GO_Biological_Process_2026,151,Cellular Response to Radiation (GO:0071478),0.013678626042992382,6.400151204233719,27.468942123223947,CDKN1A;GADD45A;RHOB,3,0.11655771416340949,0,0,0.9334589781902969,200
whole_ckd_down_traditional,Whole Dataset CKD Down Traditional,GO Biological Process,GO_Biological_Process_2026,152,Platelet-derived Growth Factor Receptor Signaling Pathway (GO:0048008),0.013702204565774857,12.48989898989899,53.58414643474309,NR4A3;PLAT,2,0.11655771416340949,0,0,0.9334589781902969,200
whole_ckd_down_traditional,Whole Dataset CKD Down Traditional,GO Biological Process,GO_Biological_Process_2026,153,Positive Regulation of ERAD Pathway (GO:1904294),0.013702204565774857,12.48989898989899,53.58414643474309,SIK2;HERPUD1,2,0.11655771416340949,0,0,0.9334589781902969,200
whole_ckd_down_traditional,Whole Dataset CKD Down Traditional,GO Biological Process,GO_Biological_Process_2026,154,Positive Regulation of Smooth Muscle Cell Migration (GO:0014911),0.013702204565774857,12.48989898989899,53.58414643474309,NR4A3;IGFBP5,2,0.11655771416340949,0,0,0.9334589781902969,200
whole_ckd_down_traditional,Whole Dataset CKD Down Traditional,GO Biological Process,GO_Biological_Process_2026,155,Adaptive Thermogenesis (GO:1990845),0.015214448401771344,11.754604872251932,49.19901329869125,SLC25A5;SLC25A4,2,0.1261451101665852,0,0,0.8991295796198796,200
whole_ckd_down_traditional,Whole Dataset CKD Down Traditional,GO Biological Process,GO_Biological_Process_2026,156,Negative Regulation of Peptide Hormone Secretion (GO:0090278),0.015214448401771344,11.754604872251932,49.19901329869125,CRHBP;MIDN,2,0.1261451101665852,0,0,0.8991295796198796,200
whole_ckd_down_traditional,Whole Dataset CKD Down Traditional,GO Biological Process,GO_Biological_Process_2026,157,Glutamate Metabolic Process (GO:0006536),0.015214448401771344,11.754604872251932,49.19901329869125,GOT1;GLUL,2,0.1261451101665852,0,0,0.8991295796198796,200
whole_ckd_down_traditional,Whole Dataset CKD Down Traditional,GO Biological Process,GO_Biological_Process_2026,158,SMAD Protein Signal Transduction (GO:0060395),0.015214448401771344,11.754604872251932,49.19901329869125,JUN;FOS,2,0.1261451101665852,0,0,0.8991295796198796,200
whole_ckd_down_traditional,Whole Dataset CKD Down Traditional,GO Biological Process,GO_Biological_Process_2026,159,Positive Regulation of Actin Filament Bundle Assembly (GO:0032233),0.015997238813927166,6.0152284263959395,24.875009582390742,RGCC;PXN;FERMT2,3,0.13180114997638107,0,0,0.8800808004687325,200
whole_ckd_down_traditional,Whole Dataset CKD Down Traditional,GO Biological Process,GO_Biological_Process_2026,160,Protein Biosynthetic Process (GO:0160307),0.016226313311800328,3.549656915854099,14.628565928322413,MRPL41;RPL37A;RPS20;RPL7;MRPL55,5,0.13285294024036517,0,0,0.876628829540977,200
whole_ckd_down_traditional,Whole Dataset CKD Down Traditional,GO Biological Process,GO_Biological_Process_2026,161,Regulation of B Cell Differentiation (GO:0045577),0.016794888254868964,11.1010101010101,45.36628383483138,ID2;ZFP36L2,2,0.13350965986288726,0,0,0.8744873105288063,200
whole_ckd_down_traditional,Whole Dataset CKD Down Traditional,GO Biological Process,GO_Biological_Process_2026,162,Regulation of Mitochondrial Membrane Permeability (GO:0046902),0.016794888254868964,11.1010101010101,45.36628383483138,SLC25A5;SLC25A4,2,0.13350965986288726,0,0,0.8744873105288063,200
whole_ckd_down_traditional,Whole Dataset CKD Down Traditional,GO Biological Process,GO_Biological_Process_2026,163,Response to Fatty Acid (GO:0070542),0.016794888254868964,11.1010101010101,45.36628383483138,PDK4;FOXO3,2,0.13350965986288726,0,0,0.8744873105288063,200
whole_ckd_down_traditional,Whole Dataset CKD Down Traditional,GO Biological Process,GO_Biological_Process_2026,164,Autophagosome Maturation (GO:0097352),0.016816102196470534,5.896984174380412,24.09164757699128,GABARAPL2;GABARAPL1;MAP1LC3A,3,0.13350965986288726,0,0,0.8744873105288063,200
whole_ckd_down_traditional,Whole Dataset CKD Down Traditional,GO Biological Process,GO_Biological_Process_2026,165,Regulation of Smooth Muscle Cell Proliferation (GO:0048660),0.016816102196470534,5.896984174380412,24.09164757699128,NR4A3;IGFBP5;ID2,3,0.13350965986288726,0,0,0.8744873105288063,200
whole_ckd_down_traditional,Whole Dataset CKD Down Traditional,GO Biological Process,GO_Biological_Process_2026,166,Negative Regulation of Cell Population Proliferation (GO:0008285),0.01718747658226947,2.3952468408212493,9.73326342318062,KLF10;BTG2;CDKN1A;RGCC;IGFBP5;SH3BP4;TOB2;TOB1;EMD,9,0.13563611037815063,0,0,0.8676246729305683,200
whole_ckd_down_traditional,Whole Dataset CKD Down Traditional,GO Biological Process,GO_Biological_Process_2026,167,Endoplasmic Reticulum Unfolded Protein Response (GO:0030968),0.017658061740962884,5.783287778211636,23.34460456181631,DDIT3;HERPUD1;ATF4,3,0.13851533461473878,0,0,0.8585021445063212,200
whole_ckd_down_traditional,Whole Dataset CKD Down Traditional,GO Biological Process,GO_Biological_Process_2026,168,Cellular Response to Growth Factor Stimulus (GO:0071363),0.018013548111609774,3.4517035475939584,13.864219925405118,NR4A1;ZFP36;FLT1;EMD;ZFP36L2,5,0.140094982194714,0,0,0.8535774196333759,200
whole_ckd_down_traditional,Whole Dataset CKD Down Traditional,GO Biological Process,GO_Biological_Process_2026,169,Regulation of Mitotic Cell Cycle Phase Transition (GO:1901990),0.018073322130463105,4.188775510204081,16.81088959163861,CDKN1A;RGCC;ID2;ZFP36L2,4,0.140094982194714,0,0,0.8535774196333759,200
whole_ckd_down_traditional,Whole Dataset CKD Down Traditional,GO Biological Process,GO_Biological_Process_2026,170,Negative Regulation of Insulin Secretion (GO:0046676),0.01844202324839397,10.516214779372675,41.9925427496273,MIDN;PIM3,2,0.1412809968151819,0,0,0.8499162495691273,200
whole_ckd_down_traditional,Whole Dataset CKD Down Traditional,GO Biological Process,GO_Biological_Process_2026,171,Nuclear-transcribed mRNA poly(A) Tail Shortening (GO:0000289),0.01844202324839397,10.516214779372675,41.9925427496273,ZFP36;ZFP36L2,2,0.1412809968151819,0,0,0.8499162495691273,200
whole_ckd_down_traditional,Whole Dataset CKD Down Traditional,GO Biological Process,GO_Biological_Process_2026,172,Mitochondrial Translation (GO:0032543),0.01867555955889301,4.145381864085841,16.500856606672546,MRPL41;MRPL15;MRPL54;MRPL55,4,0.1422382733845921,0,0,0.8469835281968032,200
whole_ckd_down_traditional,Whole Dataset CKD Down Traditional,GO Biological Process,GO_Biological_Process_2026,173,Cellular Response to Fibroblast Growth Factor Stimulus (GO:0044344),0.01941144445372479,5.568527918781726,21.950538252832054,NR4A1;ZFP36;ZFP36L2,3,0.145308527053597,0,0,0.8377088995102092,200
whole_ckd_down_traditional,Whole Dataset CKD Down Traditional,GO Biological Process,GO_Biological_Process_2026,174,Positive Regulation of Protein Kinase Activity (GO:0045860),0.01941144445372479,5.568527918781726,21.950538252832054,CDKN1A;NEDD9;GAS6,3,0.145308527053597,0,0,0.8377088995102092,200
whole_ckd_down_traditional,Whole Dataset CKD Down Traditional,GO Biological Process,GO_Biological_Process_2026,175,MRNA Catabolic Process (GO:0006402),0.01941144445372479,5.568527918781726,21.950538252832054,ZFP36;NUDT16;ZFP36L2,3,0.145308527053597,0,0,0.8377088995102092,200
whole_ckd_down_traditional,Whole Dataset CKD Down Traditional,GO Biological Process,GO_Biological_Process_2026,176,Positive Regulation of Cold-Induced Thermogenesis (GO:0120162),0.019917065347851797,4.061224489795919,15.904479460309156,CEBPB;EPAS1;HSF1;GADD45G,4,0.14749850179239304,0,0,0.8312123909848078,200
whole_ckd_down_traditional,Whole Dataset CKD Down Traditional,GO Biological Process,GO_Biological_Process_2026,177,3'-UTR-mediated mRNA Destabilization (GO:0061158),0.02015437543575447,9.98989898989899,39.00390099361183,ZFP36;ZFP36L2,2,0.14749850179239304,0,0,0.8312123909848078,200
whole_ckd_down_traditional,Whole Dataset CKD Down Traditional,GO Biological Process,GO_Biological_Process_2026,178,Negative Regulation of Receptor Signaling Pathway via STAT (GO:1904893),0.02015437543575447,9.98989898989899,39.00390099361183,SOCS2;CISH,2,0.14749850179239304,0,0,0.8312123909848078,200
whole_ckd_down_traditional,Whole Dataset CKD Down Traditional,GO Biological Process,GO_Biological_Process_2026,179,Interleukin-1-mediated Signaling Pathway (GO:0070498),0.02015437543575447,9.98989898989899,39.00390099361183,NFKBIA;EGR1,2,0.14749850179239304,0,0,0.8312123909848078,200
whole_ckd_down_traditional,Whole Dataset CKD Down Traditional,GO Biological Process,GO_Biological_Process_2026,180,Negative Regulation of Protein Phosphorylation (GO:0001933),0.02032293302710791,5.467005076142132,21.299480887374294,ERRFI1;PPP1R15B;CDKN1A,3,0.14782389314267683,0,0,0.830255364172776,200
whole_ckd_down_traditional,Whole Dataset CKD Down Traditional,GO Biological Process,GO_Biological_Process_2026,181,Negative Regulation of Protein Metabolic Process (GO:0051248),0.020424522640324048,3.336559687553065,12.982617171774654,BTG2;IGFBP5;PLAT;PFDN2;TOB1,5,0.14782389314267683,0,0,0.830255364172776,200
whole_ckd_down_traditional,Whole Dataset CKD Down Traditional,GO Biological Process,GO_Biological_Process_2026,182,DNA-templated Transcription (GO:0006351),0.02129801750146902,2.8990775908844277,11.158959245367036,NFIL3;CEBPD;FOS;FOXO3;SLC25A33;ATF4,6,0.1532989171809034,0,0,0.8144609127517526,200
whole_ckd_down_traditional,Whole Dataset CKD Down Traditional,GO Biological Process,GO_Biological_Process_2026,183,Regulation of Systemic Arterial Blood Pressure (GO:0003073),0.021930489497360046,9.513708513708513,36.34120010270031,KLK1;ADM,2,0.15613555022576991,0,0,0.8064982019402778,200
whole_ckd_down_traditional,Whole Dataset CKD Down Traditional,GO Biological Process,GO_Biological_Process_2026,184,Growth Hormone Receptor Signaling Pathway (GO:0060396),0.021930489497360046,9.513708513708513,36.34120010270031,SOCS2;PXN,2,0.15613555022576991,0,0,0.8064982019402778,200
whole_ckd_down_traditional,Whole Dataset CKD Down Traditional,GO Biological Process,GO_Biological_Process_2026,185,Negative Regulation of Translation (GO:0017148),0.022549897226836976,3.9027144838517933,14.799189995392384,ZFP36;BTG2;IGFBP5;TOB1,4,0.15967765063327805,0,0,0.796755865864503,200
whole_ckd_down_traditional,Whole Dataset CKD Down Traditional,GO Biological Process,GO_Biological_Process_2026,186,Regulation of Cell Growth (GO:0001558),0.02352084317507788,2.830619520184989,10.61445042880537,SOCS2;CDKN1A;CISH;WFDC1;SH3BP4;SLC25A33,6,0.16474762701331472,0,0,0.7831808321660927,200
whole_ckd_down_traditional,Whole Dataset CKD Down Traditional,GO Biological Process,GO_Biological_Process_2026,187,Negative Regulation of Oxidative Stress-Induced Intrinsic Apoptotic Signaling Pathway (GO:1902176),0.023768932446959146,9.080808080808081,33.956554984338226,PINK1;ATF4,2,0.16474762701331472,0,0,0.7831808321660927,200
whole_ckd_down_traditional,Whole Dataset CKD Down Traditional,GO Biological Process,GO_Biological_Process_2026,188,Negative Regulation of Receptor Signaling Pathway via JAK-STAT (GO:0046426),0.023768932446959146,9.080808080808081,33.956554984338226,SOCS2;CISH,2,0.16474762701331472,0,0,0.7831808321660927,200
whole_ckd_down_traditional,Whole Dataset CKD Down Traditional,GO Biological Process,GO_Biological_Process_2026,189,Purine Ribonucleotide Transport (GO:0015868),0.023768932446959146,9.080808080808081,33.956554984338226,SLC25A4;SLC25A25,2,0.16474762701331472,0,0,0.7831808321660927,200
whole_ckd_down_traditional,Whole Dataset CKD Down Traditional,GO Biological Process,GO_Biological_Process_2026,190,Regulation of ERAD Pathway (GO:1904292),0.02566829332016634,8.685551163812033,31.810820468950148,SIK2;HERPUD1,2,0.1760495510440728,0,0,0.7543650781162645,200
whole_ckd_down_traditional,Whole Dataset CKD Down Traditional,GO Biological Process,GO_Biological_Process_2026,191,Cellular Response to Xenobiotic Stimulus (GO:0071466),0.02566829332016634,8.685551163812033,31.810820468950148,CRHBP;GAS6,2,0.1760495510440728,0,0,0.7543650781162645,200
whole_ckd_down_traditional,Whole Dataset CKD Down Traditional,GO Biological Process,GO_Biological_Process_2026,192,Regulation of Cellular Response to Stress (GO:0080135),0.026126245663350478,3.7210884353741496,13.562678532314377,CRHBP;CHCHD2;PINK1;HSF1,4,0.1773335845543478,0,0,0.7512090071774918,200
whole_ckd_down_traditional,Whole Dataset CKD Down Traditional,GO Biological Process,GO_Biological_Process_2026,193,Cellular Response to Chemical Stress (GO:0062197),0.026126245663350478,3.7210884353741496,13.562678532314377,CHCHD2;PINK1;FOXO3;ATF4,4,0.1773335845543478,0,0,0.7512090071774918,200
whole_ckd_down_traditional,Whole Dataset CKD Down Traditional,GO Biological Process,GO_Biological_Process_2026,194,Regulation of Signal Transduction by P53 Class Mediator (GO:1901796),0.026279766319079717,4.927768993925272,17.931934435559224,USP2;RPS20;SGK1,3,0.17745615401028056,0,0,0.7509089351365441,200
whole_ckd_down_traditional,Whole Dataset CKD Down Traditional,GO Biological Process,GO_Biological_Process_2026,195,Regulation of Cytokine Production Involved in Inflammatory Response (GO:1900015),0.02735381415733541,4.848043229081382,17.447619395780233,NFKBIA;PER1;ZFP36,3,0.18186738492403826,0,0,0.740245177888338,200
whole_ckd_down_traditional,Whole Dataset CKD Down Traditional,GO Biological Process,GO_Biological_Process_2026,196,Positive Regulation of Protein Modification Process (GO:0031401),0.02735381415733541,4.848043229081382,17.447619395780233,EGR1;CDKN1A;GAS6,3,0.18186738492403826,0,0,0.740245177888338,200
whole_ckd_down_traditional,Whole Dataset CKD Down Traditional,GO Biological Process,GO_Biological_Process_2026,197,ERK1 and ERK2 Cascade (GO:0070371),0.027627182900674514,8.323232323232324,29.871707121892776,ZFP36L2;DUSP6,2,0.18186738492403826,0,0,0.740245177888338,200
whole_ckd_down_traditional,Whole Dataset CKD Down Traditional,GO Biological Process,GO_Biological_Process_2026,198,Regulation of Protein Export From Nucleus (GO:0046825),0.027627182900674514,8.323232323232324,29.871707121892776,GAS6;EMD,2,0.18186738492403826,0,0,0.740245177888338,200
whole_ckd_down_traditional,Whole Dataset CKD Down Traditional,GO Biological Process,GO_Biological_Process_2026,199,Mitochondrial RNA Metabolic Process (GO:0000959),0.027627182900674514,8.323232323232324,29.871707121892776,FOXO3;SLC25A33,2,0.18186738492403826,0,0,0.740245177888338,200
whole_ckd_down_traditional,Whole Dataset CKD Down Traditional,GO Biological Process,GO_Biological_Process_2026,200,Regulation of Phosphatidylinositol 3-Kinase/Protein Kinase B Signal Transduction (GO:0051896),0.02790455558730322,2.7151310619019,9.717359911932904,PINK1;FLT1;DDIT3;GAS6;FERMT2;FKBP5,6,0.1827748390968361,0,0,0.7380835897482205,200
whole_ckd_down_traditional,Whole Dataset CKD Down Traditional,GO Biological Process,GO_Biological_Process_2026,201,Anterior/posterior Pattern Specification (GO:0009952),0.02957130733954187,4.696065989847716,16.534616995789808,DDIT3;BHLHE40;HES4,3,0.1894338817811348,0,0,0.7225423413064173,200
whole_ckd_down_traditional,Whole Dataset CKD Down Traditional,GO Biological Process,GO_Biological_Process_2026,202,Reg of Endoplasmic Reticulum Stress-Induced Intrinsic Apoptotic Signaling Pathway (GO:1902235),0.029644233408498193,7.98989898989899,28.11236101024157,DDIT3;HERPUD1,2,0.1894338817811348,0,0,0.7225423413064173,200
whole_ckd_down_traditional,Whole Dataset CKD Down Traditional,GO Biological Process,GO_Biological_Process_2026,203,Cellular Response to Corticosteroid Stimulus (GO:0071384),0.029644233408498193,7.98989898989899,28.11236101024157,ZFP36;ZFP36L2,2,0.1894338817811348,0,0,0.7225423413064173,200
whole_ckd_down_traditional,Whole Dataset CKD Down Traditional,GO Biological Process,GO_Biological_Process_2026,204,Regulation of Interleukin-4 Production (GO:0032673),0.029644233408498193,7.98989898989899,28.11236101024157,CEBPB;DDIT3,2,0.1894338817811348,0,0,0.7225423413064173,200
whole_ckd_down_traditional,Whole Dataset CKD Down Traditional,GO Biological Process,GO_Biological_Process_2026,205,Mitochondrial Membrane Organization (GO:0007006),0.029644233408498193,7.98989898989899,28.11236101024157,HSPA9;CHCHD10,2,0.1894338817811348,0,0,0.7225423413064173,200
whole_ckd_down_traditional,Whole Dataset CKD Down Traditional,GO Biological Process,GO_Biological_Process_2026,206,Regulation of Biomineral Tissue Development (GO:0070167),0.031718098235620266,7.682206682206682,26.51027997028578,CEBPB;GAS6,2,0.1988072186060409,0,0,0.7015678506034206,200
whole_ckd_down_traditional,Whole Dataset CKD Down Traditional,GO Biological Process,GO_Biological_Process_2026,207,Regulation of Myeloid Cell Differentiation (GO:0045637),0.031718098235620266,7.682206682206682,26.51027997028578,HSPA9;ZBTB16,2,0.1988072186060409,0,0,0.7015678506034206,200
whole_ckd_down_traditional,Whole Dataset CKD Down Traditional,GO Biological Process,GO_Biological_Process_2026,208,ER-nucleus Signaling Pathway (GO:0006984),0.031718098235620266,7.682206682206682,26.51027997028578,DDIT3;ATF4,2,0.1988072186060409,0,0,0.7015678506034206,200
whole_ckd_down_traditional,Whole Dataset CKD Down Traditional,GO Biological Process,GO_Biological_Process_2026,209,Positive Regulation of Erythrocyte Differentiation (GO:0045648),0.031718098235620266,7.682206682206682,26.51027997028578,FOXO3;GLUL,2,0.1988072186060409,0,0,0.7015678506034206,200
whole_ckd_down_traditional,Whole Dataset CKD Down Traditional,GO Biological Process,GO_Biological_Process_2026,210,Protein-containing Complex Disassembly (GO:0032984),0.03188102657977977,4.553299492385787,15.689505426965287,GABARAPL2;GABARAPL1;MAP1LC3A,3,0.1988768800929119,0,0,0.7014157017005218,200
whole_ckd_down_traditional,Whole Dataset CKD Down Traditional,GO Biological Process,GO_Biological_Process_2026,211,Macroautophagy (GO:0016236),0.03281626659266886,2.9260584376863448,9.997847042580792,GABARAPL2;GABARAPL1;PINK1;MAP1LC3A;VPS37B,5,0.20374080206822848,0,0,0.6909219884833517,200
whole_ckd_down_traditional,Whole Dataset CKD Down Traditional,GO Biological Process,GO_Biological_Process_2026,212,Cellular Response to Epidermal Growth Factor Stimulus (GO:0071364),0.03384745164401461,7.397306397306397,25.046477343523872,ZFP36;ZFP36L2,2,0.20719701707317356,0,0,0.6836165012336857,200
whole_ckd_down_traditional,Whole Dataset CKD Down Traditional,GO Biological Process,GO_Biological_Process_2026,213,Positive Regulation of Fibroblast Proliferation (GO:0048146),0.03384745164401461,7.397306397306397,25.046477343523872,CDKN1A;GAS6,2,0.20719701707317356,0,0,0.6836165012336857,200
whole_ckd_down_traditional,Whole Dataset CKD Down Traditional,GO Biological Process,GO_Biological_Process_2026,214,Tricarboxylic Acid Cycle (GO:0006099),0.03384745164401461,7.397306397306397,25.046477343523872,IDH2;ACO2,2,0.20719701707317356,0,0,0.6836165012336857,200
whole_ckd_down_traditional,Whole Dataset CKD Down Traditional,GO Biological Process,GO_Biological_Process_2026,215,Cellular Response to Reactive Oxygen Species (GO:0034614),0.03428251691018052,4.418931024186325,14.905583581524706,PXN;FOS;RHOB,3,0.20888417280156504,0,0,0.6800944653588357,200
whole_ckd_down_traditional,Whole Dataset CKD Down Traditional,GO Biological Process,GO_Biological_Process_2026,216,Response to Ionizing Radiation (GO:0010212),0.0355175071354049,4.354667843743103,14.534703522115315,CDKN1A;GADD45A;RHOB,3,0.21540710346009453,0,0,0.6667399791129948,200
whole_ckd_down_traditional,Whole Dataset CKD Down Traditional,GO Biological Process,GO_Biological_Process_2026,217,Negative Regulation of Mitotic Cell Cycle (GO:0045930),0.036030988496536624,7.132756132756133,23.70482996930019,RGCC;ZFP36L2,2,0.21751426235236396,0,0,0.6625122612019658,200
whole_ckd_down_traditional,Whole Dataset CKD Down Traditional,GO Biological Process,GO_Biological_Process_2026,218,Negative Regulation of Apoptotic Signaling Pathway (GO:2001234),0.03677522547466387,4.292240754169688,14.176974537004341,PINK1;SLC25A5;HERPUD1,3,0.22098874023765905,0,0,0.6556298538136607,200
whole_ckd_down_traditional,Whole Dataset CKD Down Traditional,GO Biological Process,GO_Biological_Process_2026,219,Regulation of Stress Fiber Assembly (GO:0051492),0.03805558843062846,4.231572174161721,13.83177100318916,RGCC;PXN;FERMT2,3,0.22683405163952916,0,0,0.6442917499154012,200
whole_ckd_down_traditional,Whole Dataset CKD Down Traditional,GO Biological Process,GO_Biological_Process_2026,220,Negative Regulation of Cytokine Production Involved in Inflammatory Response (GO:1900016),0.0382674239788824,6.886450714036921,22.47156498788087,NFKBIA;ZFP36,2,0.22683405163952916,0,0,0.6442917499154012,200
whole_ckd_down_traditional,Whole Dataset CKD Down Traditional,GO Biological Process,GO_Biological_Process_2026,221,Regulation of Cyclin-Dependent Protein Serine/Threonine Kinase Activity (GO:0000079),0.0382674239788824,6.886450714036921,22.47156498788087,SERTAD1;GADD45A,2,0.22683405163952916,0,0,0.6442917499154012,200
whole_ckd_down_traditional,Whole Dataset CKD Down Traditional,GO Biological Process,GO_Biological_Process_2026,222,Cellular Response to Oxygen-Containing Compound (GO:1901701),0.03874758666511071,2.1642156862745097,7.03518737396717,CRHBP;EGR1;ZFP36;NR4A3;IGFBP5;PXN;PDK4;FOS,8,0.2286456690598875,0,0,0.6408370204858183,200
whole_ckd_down_traditional,Whole Dataset CKD Down Traditional,GO Biological Process,GO_Biological_Process_2026,223,Regulation of Gene Expression (GO:0010468),0.03893515480115978,1.6371288286181904,5.313887237303459,ZNF331;EGR1;CEBPB;TIPARP;CNBP;CREM;TOB2;TOB1;NR0B2;PER1;PINK1;RGCC;NFIL3;ID2;DDIT3;BHLHE40;GAS6;ATF4,18,0.22872220981847222,0,0,0.6406916616578836,200
whole_ckd_down_traditional,Whole Dataset CKD Down Traditional,GO Biological Process,GO_Biological_Process_2026,224,Regulation of Keratinocyte Proliferation (GO:0010837),0.04055549332201731,6.656565656565657,21.334852328849312,ZFP36;KLF9,2,0.2327331541639174,0,0,0.6331417445826022,200
whole_ckd_down_traditional,Whole Dataset CKD Down Traditional,GO Biological Process,GO_Biological_Process_2026,225,Response to Epidermal Growth Factor (GO:0070849),0.04055549332201731,6.656565656565657,21.334852328849312,ZFP36;ZFP36L2,2,0.2327331541639174,0,0,0.6331417445826022,200
whole_ckd_down_traditional,Whole Dataset CKD Down Traditional,GO Biological Process,GO_Biological_Process_2026,226,Positive Regulation of Kinase Activity (GO:0033674),0.04055549332201731,6.656565656565657,21.334852328849312,CDKN1A;GAS6,2,0.2327331541639174,0,0,0.6331417445826022,200
whole_ckd_down_traditional,Whole Dataset CKD Down Traditional,GO Biological Process,GO_Biological_Process_2026,227,Purine Nucleotide Metabolic Process (GO:0006163),0.04055549332201731,6.656565656565657,21.334852328849312,GUK1;IDH2,2,0.2327331541639174,0,0,0.6331417445826022,200
whole_ckd_down_traditional,Whole Dataset CKD Down Traditional,GO Biological Process,GO_Biological_Process_2026,228,Negative Regulation of Cell Cycle (GO:0045786),0.04068388725460846,4.115221472776581,13.17662292356699,NR4A1;DUSP1;RHOB,3,0.2327331541639174,0,0,0.6331417445826022,200
whole_ckd_down_traditional,Whole Dataset CKD Down Traditional,GO Biological Process,GO_Biological_Process_2026,229,Regulation of Translational Initiation (GO:0006446),0.04068388725460846,4.115221472776581,13.17662292356699,EIF4H;EIF1B;EIF1,3,0.2327331541639174,0,0,0.6331417445826022,200
whole_ckd_down_traditional,Whole Dataset CKD Down Traditional,GO Biological Process,GO_Biological_Process_2026,230,Regulation of Mitotic Cell Cycle (GO:0007346),0.04268301995234657,3.161336975735176,9.970711706714203,RGCC;USP2;HSF1;PIM3,4,0.24048322483237852,0,0,0.6189152129151985,200
whole_ckd_down_traditional,Whole Dataset CKD Down Traditional,GO Biological Process,GO_Biological_Process_2026,231,Negative Regulation of Type II Interferon Production (GO:0032689),0.042893951553666966,6.4415118931247966,20.28447846195992,DDIT3;GAS6,2,0.24048322483237852,0,0,0.6189152129151985,200
whole_ckd_down_traditional,Whole Dataset CKD Down Traditional,GO Biological Process,GO_Biological_Process_2026,232,Response to Steroid Hormone (GO:0048545),0.042893951553666966,6.4415118931247966,20.28447846195992,JUN;JUND,2,0.24048322483237852,0,0,0.6189152129151985,200
whole_ckd_down_traditional,Whole Dataset CKD Down Traditional,GO Biological Process,GO_Biological_Process_2026,233,Response to Estradiol (GO:0032355),0.0452815731960364,6.23989898989899,19.311583224616665,SOCS2;CRHBP,2,0.24048322483237852,0,0,0.6189152129151985,200
whole_ckd_down_traditional,Whole Dataset CKD Down Traditional,GO Biological Process,GO_Biological_Process_2026,234,Negative Regulation of Macromolecule Biosynthetic Process (GO:0010558),0.04567864760450455,2.6605616605616604,8.210824045328692,CDKN1A;PINK1;TIPARP;ID2;NR0B2,5,0.24048322483237852,0,0,0.6189152129151985,200
whole_ckd_down_traditional,Whole Dataset CKD Down Traditional,GO Biological Process,GO_Biological_Process_2026,235,Response to Tumor Necrosis Factor (GO:0034612),0.0462079634844281,3.9006526468455403,11.99295882125826,CRHBP;ZFP36;ZFP36L2,3,0.24048322483237852,0,0,0.6189152129151985,200
whole_ckd_down_traditional,Whole Dataset CKD Down Traditional,GO Biological Process,GO_Biological_Process_2026,236,Negative Regulation of Multicellular Organismal Process (GO:0051241),0.04628854761957569,2.3895114298520843,7.342635765269129,CRHBP;RGCC;DDIT3;ADM;GAS6;ATF4,6,0.24048322483237852,0,0,0.6189152129151985,200
whole_ckd_down_traditional,Whole Dataset CKD Down Traditional,GO Biological Process,GO_Biological_Process_2026,237,Positive Regulation of Macroautophagy (GO:0016239),0.04764406480846707,3.8504490433424445,11.720756163276285,PINK1;SLC25A5;SLC25A4,3,0.24048322483237852,0,0,0.6189152129151985,200
whole_ckd_down_traditional,Whole Dataset CKD Down Traditional,GO Biological Process,GO_Biological_Process_2026,238,Lymphocyte Differentiation (GO:0030098),0.04764406480846707,3.8504490433424445,11.720756163276285,KLF6;NFIL3;SLC25A5,3,0.24048322483237852,0,0,0.6189152129151985,200
whole_ckd_down_traditional,Whole Dataset CKD Down Traditional,GO Biological Process,GO_Biological_Process_2026,239,Negative Regulation of JNK Cascade (GO:0046329),0.04771715203605925,6.05050505050505,18.408446001894514,PER1;PINK1,2,0.24048322483237852,0,0,0.6189152129151985,200
whole_ckd_down_traditional,Whole Dataset CKD Down Traditional,GO Biological Process,GO_Biological_Process_2026,240,Negative Regulation of Blood Vessel Endothelial Cell Migration (GO:0043537),0.04771715203605925,6.05050505050505,18.408446001894514,RGCC;GADD45A,2,0.24048322483237852,0,0,0.6189152129151985,200
whole_ckd_down_traditional,Whole Dataset CKD Down Traditional,GO Biological Process,GO_Biological_Process_2026,241,Cellular Response to cAMP (GO:0071320),0.04771715203605925,6.05050505050505,18.408446001894514,CRHBP;IGFBP5,2,0.24048322483237852,0,0,0.6189152129151985,200
whole_ckd_down_traditional,Whole Dataset CKD Down Traditional,GO Biological Process,GO_Biological_Process_2026,242,Regulation of Keratinocyte Differentiation (GO:0045616),0.04771715203605925,6.05050505050505,18.408446001894514,ERRFI1;ZFP36,2,0.24048322483237852,0,0,0.6189152129151985,200
whole_ckd_down_traditional,Whole Dataset CKD Down Traditional,GO Biological Process,GO_Biological_Process_2026,243,Positive Regulation of Substrate Adhesion-Dependent Cell Spreading (GO:1900026),0.04771715203605925,6.05050505050505,18.408446001894514,NEDD9;FERMT2,2,0.24048322483237852,0,0,0.6189152129151985,200
whole_ckd_down_traditional,Whole Dataset CKD Down Traditional,GO Biological Process,GO_Biological_Process_2026,268,Gluconeogenesis (GO:0006094),0.05019950084615693,5.872251931075461,17.568310863627904,PGAM2;ATF4,2,0.24110068332357687,0,0,0.6178015587505503,200
whole_ckd_down_traditional,Whole Dataset CKD Down Traditional,GO Biological Process,GO_Biological_Process_2026,269,Lung Development (GO:0030324),0.05019950084615693,5.872251931075461,17.568310863627904,ERRFI1;EPAS1,2,0.24110068332357687,0,0,0.6178015587505503,200
whole_ckd_down_traditional,Whole Dataset CKD Down Traditional,GO Biological Process,GO_Biological_Process_2026,270,Negative Regulation of Cytokine Production (GO:0001818),0.0508439984704279,2.5779092702169626,7.679574154313181,NFKBIA;ZFP36;RGCC;DDIT3;GAS6,5,0.24110068332357687,0,0,0.6178015587505503,200
whole_ckd_down_traditional,Whole Dataset CKD Down Traditional,GO Biological Process,GO_Biological_Process_2026,271,Negative Regulation of Smooth Muscle Cell Proliferation (GO:0048662),0.05272745114535424,5.704184704184704,16.785242657704043,CDKN1A;IGFBP5,2,0.24110068332357687,0,0,0.6178015587505503,200
whole_ckd_down_traditional,Whole Dataset CKD Down Traditional,GO Biological Process,GO_Biological_Process_2026,272,Cellular Response to Vascular Endothelial Growth Factor Stimulus (GO:0035924),0.05272745114535424,5.704184704184704,16.785242657704043,NR4A1;FLT1,2,0.24110068332357687,0,0,0.6178015587505503,200
whole_ckd_down_traditional,Whole Dataset CKD Down Traditional,GO Biological Process,GO_Biological_Process_2026,273,Inner Mitochondrial Membrane Organization (GO:0007007),0.05272745114535424,5.704184704184704,16.785242657704043,HSPA9;CHCHD10,2,0.24110068332357687,0,0,0.6178015587505503,200
whole_ckd_down_traditional,Whole Dataset CKD Down Traditional,GO Biological Process,GO_Biological_Process_2026,274,Protein Localization to Vacuole (GO:0072665),0.05272745114535424,5.704184704184704,16.785242657704043,SH3BP4;VPS37B,2,0.24110068332357687,0,0,0.6178015587505503,200
whole_ckd_down_traditional,Whole Dataset CKD Down Traditional,GO Biological Process,GO_Biological_Process_2026,275,Positive Regulation of JNK Cascade (GO:0046330),0.053605125879277314,3.661879410672279,10.715064098709181,GADD45B;GADD45A;GADD45G,3,0.24110068332357687,0,0,0.6178015587505503,200
whole_ckd_down_traditional,Whole Dataset CKD Down Traditional,GO Biological Process,GO_Biological_Process_2026,276,Negative Regulation of Cell Motility (GO:2000146),0.054441492127549874,2.907719609582964,8.463292126596956,IGFBP5;NEDD9;FOXO3;RHOB,4,0.24110068332357687,0,0,0.6178015587505503,200
whole_ckd_down_traditional,Whole Dataset CKD Down Traditional,GO Biological Process,GO_Biological_Process_2026,277,Regulation of Cell Migration (GO:0030334),0.054946039345558154,1.9170570405070266,5.562156348558267,PTP4A1;PINK1;FLT1;IGFBP5;NEDD9;FOXO3;GLUL;FERMT2;RHOB,9,0.24110068332357687,0,0,0.6178015587505503,200
whole_ckd_down_traditional,Whole Dataset CKD Down Traditional,GO Biological Process,GO_Biological_Process_2026,278,Regulation of Proteasomal Protein Catabolic Process (GO:0061136),0.05514889117814504,3.6175769066112164,10.482720030479646,GABARAPL2;PINK1;HERPUD1,3,0.24110068332357687,0,0,0.6178015587505503,200
whole_ckd_down_traditional,Whole Dataset CKD Down Traditional,GO Biological Process,GO_Biological_Process_2026,279,Negative Regulation of Endothelial Cell Migration (GO:0010596),0.05529985292704018,5.545454545454546,16.054007893661755,RGCC;GADD45A,2,0.24110068332357687,0,0,0.6178015587505503,200
whole_ckd_down_traditional,Whole Dataset CKD Down Traditional,GO Biological Process,GO_Biological_Process_2026,280,Negative Regulation of Phosphorylation (GO:0042326),0.05529985292704018,5.545454545454546,16.054007893661755,PPP1R15B;CDKN1A,2,0.24110068332357687,0,0,0.6178015587505503,200
whole_ckd_down_traditional,Whole Dataset CKD Down Traditional,GO Biological Process,GO_Biological_Process_2026,281,Negative Regulation of Protein Modification Process (GO:0031400),0.05529985292704018,5.545454545454546,16.054007893661755,PPP1R15B;CDKN1A,2,0.24110068332357687,0,0,0.6178015587505503,200
whole_ckd_down_traditional,Whole Dataset CKD Down Traditional,GO Biological Process,GO_Biological_Process_2026,282,Positive Regulation of Myeloid Cell Differentiation (GO:0045639),0.05529985292704018,5.545454545454546,16.054007893661755,FOXO3;GLUL,2,0.24110068332357687,0,0,0.6178015587505503,200
whole_ckd_down_traditional,Whole Dataset CKD Down Traditional,GO Biological Process,GO_Biological_Process_2026,283,Positive Regulation of Cell Population Proliferation (GO:0008284),0.056102935650392836,1.9088214956040699,5.49848847433669,CDKN1A;NR4A3;FLT1;SERTAD1;CNBP;ID2;GAS6;SLC25A5;SLC25A33,9,0.24110068332357687,0,0,0.6178015587505503,200
whole_ckd_down_traditional,Whole Dataset CKD Down Traditional,GO Biological Process,GO_Biological_Process_2026,284,Regulation of TOR Signaling (GO:0032006),0.056713777507364435,3.574329224075417,10.257388785645555,DDIT4;SH3BP4;GAS6,3,0.24110068332357687,0,0,0.6178015587505503,200
whole_ckd_down_traditional,Whole Dataset CKD Down Traditional,GO Biological Process,GO_Biological_Process_2026,285,Integrin-mediated Signaling Pathway (GO:0007229),0.056713777507364435,3.574329224075417,10.257388785645555,ITGA8;NEDD9;FERMT2,3,0.24110068332357687,0,0,0.6178015587505503,200
whole_ckd_down_traditional,Whole Dataset CKD Down Traditional,GO Biological Process,GO_Biological_Process_2026,286,Signal Transduction in Response to DNA Damage (GO:0042770),0.056713777507364435,3.574329224075417,10.257388785645555,CDKN1A;GADD45A;NDRG1,3,0.24110068332357687,0,0,0.6178015587505503,200
whole_ckd_down_traditional,Whole Dataset CKD Down Traditional,GO Biological Process,GO_Biological_Process_2026,287,Small GTPase-mediated Signal Transduction (GO:0007264),0.0572866742414835,2.487687230261488,7.1140074382927825,CDKN1A;CDC42EP4;SH3BP4;CTNNAL1;RHOB,5,0.24110068332357687,0,0,0.6178015587505503,200
whole_ckd_down_traditional,Whole Dataset CKD Down Traditional,GO Biological Process,GO_Biological_Process_2026,288,Negative Regulation of Endothelial Cell Proliferation (GO:0001937),0.05791557443325892,5.395304395304395,15.369975594462096,FLT1;RGCC,2,0.24110068332357687,0,0,0.6178015587505503,200
whole_ckd_down_traditional,Whole Dataset CKD Down Traditional,GO Biological Process,GO_Biological_Process_2026,289,"DNA Damage Response, Signal Transduction by P53 Class Mediator (GO:0030330)",0.05791557443325892,5.395304395304395,15.369975594462096,CDKN1A;NDRG1,2,0.24110068332357687,0,0,0.6178015587505503,200
whole_ckd_down_traditional,Whole Dataset CKD Down Traditional,GO Biological Process,GO_Biological_Process_2026,290,Peptidyl-tyrosine Modification (GO:0018212),0.05791557443325892,5.395304395304395,15.369975594462096,TPST2;FLT1,2,0.24110068332357687,0,0,0.6178015587505503,200
whole_ckd_down_traditional,Whole Dataset CKD Down Traditional,GO Biological Process,GO_Biological_Process_2026,291,Hexose Biosynthetic Process (GO:0019319),0.05791557443325892,5.395304395304395,15.369975594462096,PGAM2;ATF4,2,0.24110068332357687,0,0,0.6178015587505503,200
whole_ckd_down_traditional,Whole Dataset CKD Down Traditional,GO Biological Process,GO_Biological_Process_2026,292,Mitochondrial Respiratory Chain Complex I Assembly (GO:0032981),0.05791557443325892,5.395304395304395,15.369975594462096,NDUFA6;NDUFAF4,2,0.24110068332357687,0,0,0.6178015587505503,200
whole_ckd_down_traditional,Whole Dataset CKD Down Traditional,GO Biological Process,GO_Biological_Process_2026,293,NADH Dehydrogenase Complex Assembly (GO:0010257),0.05791557443325892,5.395304395304395,15.369975594462096,NDUFA6;NDUFAF4,2,0.24110068332357687,0,0,0.6178015587505503,200
whole_ckd_down_traditional,Whole Dataset CKD Down Traditional,GO Biological Process,GO_Biological_Process_2026,294,Muscle Contraction (GO:0006936),0.05792342315663675,2.8454190186712984,8.105555742330417,PGAM2;RPL37A;EMD;RPL7,4,0.24110068332357687,0,0,0.6178015587505503,200
whole_ckd_down_traditional,Whole Dataset CKD Down Traditional,GO Biological Process,GO_Biological_Process_2026,319,Apoptotic Process (GO:0006915),0.059416077259353335,2.2371134020618557,6.315797143731015,CSRNP1;GADD45A;ZBTB16;DDIT4;IER3;RHOB,6,0.24399705708386482,0,0,0.6126154117758029,200
whole_ckd_down_traditional,Whole Dataset CKD Down Traditional,GO Biological Process,GO_Biological_Process_2026,320,Cell Surface Receptor Protein Serine/Threonine Kinase Signaling Pathway (GO:0007178),0.06057350187737668,5.253056884635832,14.729034349424168,JUN;FOS,2,0.2479727733105108,0,0,0.6055960008275109,200
whole_ckd_down_traditional,Whole Dataset CKD Down Traditional,GO Biological Process,GO_Biological_Process_2026,321,Cellular Response to Hormone Stimulus (GO:0032870),0.061533687302421126,3.450551374059163,9.62072552614985,SOCS2;CRHBP;NR4A3,3,0.24895544283718843,0,0,0.6038783744364542,200
whole_ckd_down_traditional,Whole Dataset CKD Down Traditional,GO Biological Process,GO_Biological_Process_2026,322,Negative Regulation of Fat Cell Differentiation (GO:0045599),0.06327253922506833,5.118104118104118,14.127522570834804,ZFP36L2;FERMT2,2,0.24895544283718843,0,0,0.6038783744364542,200
whole_ckd_down_traditional,Whole Dataset CKD Down Traditional,GO Biological Process,GO_Biological_Process_2026,323,Negative Regulation of Proteolysis (GO:0045861),0.06327253922506833,5.118104118104118,14.127522570834804,TIMP3;PLAT,2,0.24895544283718843,0,0,0.6038783744364542,200
whole_ckd_down_traditional,Whole Dataset CKD Down Traditional,GO Biological Process,GO_Biological_Process_2026,324,Response to cAMP (GO:0051591),0.06327253922506833,5.118104118104118,14.127522570834804,CRHBP;IGFBP5,2,0.24895544283718843,0,0,0.6038783744364542,200
whole_ckd_down_traditional,Whole Dataset CKD Down Traditional,GO Biological Process,GO_Biological_Process_2026,325,Tumor Necrosis Factor-Mediated Signaling Pathway (GO:0033209),0.06327253922506833,5.118104118104118,14.127522570834804,NFKBIA;FOXO3,2,0.24895544283718843,0,0,0.6038783744364542,200
whole_ckd_down_traditional,Whole Dataset CKD Down Traditional,GO Biological Process,GO_Biological_Process_2026,326,Zymogen Activation (GO:0031638),0.06601160795023121,4.98989898989899,13.562169587343401,KLK1;PLAT,2,0.24895544283718843,0,0,0.6038783744364542,200
whole_ckd_down_traditional,Whole Dataset CKD Down Traditional,GO Biological Process,GO_Biological_Process_2026,327,Transcription by RNA Polymerase II (GO:0006366),0.06726789254876403,2.3691340106434446,6.394463830740647,NFIL3;CEBPD;FOS;ELL2;ATF4,5,0.24895544283718843,0,0,0.6038783744364542,200
whole_ckd_down_traditional,Whole Dataset CKD Down Traditional,GO Biological Process,GO_Biological_Process_2026,355,Negative Regulation of Organelle Organization (GO:0010639),0.06878964677848877,4.867947770386794,13.030045670347697,PINK1;SLC25A5,2,0.24895544283718843,0,0,0.6038783744364542,200
whole_ckd_down_traditional,Whole Dataset CKD Down Traditional,GO Biological Process,GO_Biological_Process_2026,356,Positive Regulation of Multicellular Organismal Process (GO:0051240),0.0693454519152855,1.9040880503144655,5.081353555118087,CEBPB;RGCC;EPAS1;ZBTB16;HSF1;GAS6;FERMT2;GADD45G,8,0.24895544283718843,0,0,0.6038783744364542,200
whole_ckd_down_traditional,Whole Dataset CKD Down Traditional,GO Biological Process,GO_Biological_Process_2026,357,"Nuclear-transcribed mRNA Catabolic Process, Deadenylation-Dependent Decay (GO:0000288)",0.07160561148891219,4.7518037518037515,12.52851945708889,ZFP36;ZFP36L2,2,0.24895544283718843,0,0,0.6038783744364542,200
whole_ckd_down_traditional,Whole Dataset CKD Down Traditional,GO Biological Process,GO_Biological_Process_2026,358,Regulation of Epithelial Cell Proliferation (GO:0050678),0.07172306393532259,3.2269526772556083,8.502836079014903,NR4A1;ZFP36;NR4A3,3,0.24895544283718843,0,0,0.6038783744364542,200
whole_ckd_down_traditional,Whole Dataset CKD Down Traditional,GO Biological Process,GO_Biological_Process_2026,359,Protein Stabilization (GO:0050821),0.07259951906518886,2.313954862341959,6.069033828554864,PINK1;UBE2B;TMEM88;USP2;PFDN2,5,0.24895544283718843,0,0,0.6038783744364542,200
whole_ckd_down_traditional,Whole Dataset CKD Down Traditional,GO Biological Process,GO_Biological_Process_2026,360,Response to Amino Acid Starvation (GO:1990928),0.07445847463610643,4.641061780596664,12.055221541075596,CDKN1A;ATF4,2,0.24895544283718843,0,0,0.6038783744364542,200
whole_ckd_down_traditional,Whole Dataset CKD Down Traditional,GO Biological Process,GO_Biological_Process_2026,361,Negative Regulation of Cell Differentiation (GO:0045596),0.07590672303471233,2.282051282051282,5.883698765805317,NFKBIA;ID2;ZBTB16;FERMT2;ZFP36L2,5,0.24895544283718843,0,0,0.6038783744364542,200
whole_ckd_down_traditional,Whole Dataset CKD Down Traditional,GO Biological Process,GO_Biological_Process_2026,407,Nicotinamide Nucleotide Metabolic Process (GO:0046496),0.07734722537002725,4.5353535353535355,11.608013208044897,IDH2;PGAM2,2,0.24895544283718843,0,0,0.6038783744364542,200
whole_ckd_down_traditional,Whole Dataset CKD Down Traditional,GO Biological Process,GO_Biological_Process_2026,408,Positive Regulation of Autophagy (GO:0010508),0.0789086435328542,3.0932544874143075,7.855209980826792,PINK1;SH3BP4;FOXO3,3,0.25335863487264465,0,0,0.5962642896617,200
whole_ckd_down_traditional,Whole Dataset CKD Down Traditional,GO Biological Process,GO_Biological_Process_2026,409,Negative Regulation of Myoblast Fusion (GO:1901740),0.08027086916110822,4.434343434343434,11.184959505346585,RPL37A;RPL7,2,0.25406676353147034,0,0,0.5950521447055488,200
whole_ckd_down_traditional,Whole Dataset CKD Down Traditional,GO Biological Process,GO_Biological_Process_2026,410,Neg Reg Phosphatidylinositol 3-Kinase/Protein Kinase B Signal Transduction (GO:0051898),0.08027086916110822,4.434343434343434,11.184959505346585,DDIT3;FKBP5,2,0.25406676353147034,0,0,0.5950521447055488,200
whole_ckd_down_traditional,Whole Dataset CKD Down Traditional,GO Biological Process,GO_Biological_Process_2026,411,Endothelial Cell Migration (GO:0043542),0.08027086916110822,4.434343434343434,11.184959505346585,NR4A1;PXN,2,0.25406676353147034,0,0,0.5950521447055488,200
whole_ckd_down_traditional,Whole Dataset CKD Down Traditional,GO Biological Process,GO_Biological_Process_2026,412,Regulation of Protein Phosphorylation (GO:0001932),0.08075251505263155,3.0615352740080803,7.703943795454915,PPP1R15B;CDKN1A;GAS6,3,0.25406676353147034,0,0,0.5950521447055488,200
whole_ckd_down_traditional,Whole Dataset CKD Down Traditional,GO Biological Process,GO_Biological_Process_2026,413,RNA Catabolic Process (GO:0006401),0.08261501346398674,3.030456852791878,7.5566376689451715,ZFP36;NUDT16;ZFP36L2,3,0.25406676353147034,0,0,0.5950521447055488,200
whole_ckd_down_traditional,Whole Dataset CKD Down Traditional,GO Biological Process,GO_Biological_Process_2026,414,Negative Regulation of Cold-Induced Thermogenesis (GO:0120163),0.08322842762171248,4.337725076855512,10.784305954054673,DDIT3;ATF4,2,0.25406676353147034,0,0,0.5950521447055488,200
whole_ckd_down_traditional,Whole Dataset CKD Down Traditional,GO Biological Process,GO_Biological_Process_2026,415,Regulation of Endothelial Cell Apoptotic Process (GO:2000351),0.08322842762171248,4.337725076855512,10.784305954054673,RGCC;GAS6,2,0.25406676353147034,0,0,0.5950521447055488,200
whole_ckd_down_traditional,Whole Dataset CKD Down Traditional,GO Biological Process,GO_Biological_Process_2026,416,Cellular Response to Amino Acid Starvation (GO:0034198),0.08322842762171248,4.337725076855512,10.784305954054673,CDKN1A;ATF4,2,0.25406676353147034,0,0,0.5950521447055488,200
whole_ckd_down_traditional,Whole Dataset CKD Down Traditional,GO Biological Process,GO_Biological_Process_2026,417,Cellular Response to Glucose Starvation (GO:0042149),0.08322842762171248,4.337725076855512,10.784305954054673,FOXO3;ATF4,2,0.25406676353147034,0,0,0.5950521447055488,200
whole_ckd_down_traditional,Whole Dataset CKD Down Traditional,GO Biological Process,GO_Biological_Process_2026,418,Negative Regulation of Tumor Necrosis Factor Production (GO:0032720),0.08322842762171248,4.337725076855512,10.784305954054673,ARG2;GAS6,2,0.25406676353147034,0,0,0.5950521447055488,200
whole_ckd_down_traditional,Whole Dataset CKD Down Traditional,GO Biological Process,GO_Biological_Process_2026,419,Positive Regulation of Nucleocytoplasmic Transport (GO:0046824),0.08322842762171248,4.337725076855512,10.784305954054673,GAS6;EMD,2,0.25406676353147034,0,0,0.5950521447055488,200
whole_ckd_down_traditional,Whole Dataset CKD Down Traditional,GO Biological Process,GO_Biological_Process_2026,420,Positive Regulation of Cell Differentiation (GO:0045597),0.08338796207422065,2.0378935636667594,5.062639774892354,ZFP36;CEBPB;RGCC;ID2;ZBTB16;FERMT2,6,0.25406676353147034,0,0,0.5950521447055488,200
whole_ckd_down_traditional,Whole Dataset CKD Down Traditional,GO Biological Process,GO_Biological_Process_2026,421,Cellular Response to Nitrogen Compound (GO:1901699),0.08550538456984225,2.473922902494331,6.083811648545854,CRHBP;EGR1;IGFBP5;HSF1,4,0.25406676353147034,0,0,0.5950521447055488,200
whole_ckd_down_traditional,Whole Dataset CKD Down Traditional,GO Biological Process,GO_Biological_Process_2026,422,Positive Regulation of Epithelial to Mesenchymal Transition (GO:0010718),0.08621893825800953,4.24521813883516,10.404458354124063,RGCC;FERMT2,2,0.25406676353147034,0,0,0.5950521447055488,200
whole_ckd_down_traditional,Whole Dataset CKD Down Traditional,GO Biological Process,GO_Biological_Process_2026,447,Negative Regulation of Tumor Necrosis Factor Superfamily Cytokine Production (GO:1903556),0.08924145426065531,4.156565656565657,10.043965211617904,ARG2;GAS6,2,0.2609515738425412,0,0,0.5834400794980404,200
whole_ckd_down_traditional,Whole Dataset CKD Down Traditional,GO Biological Process,GO_Biological_Process_2026,448,Regulation of Protein Serine/Threonine Kinase Activity (GO:0071900),0.08924145426065531,4.156565656565657,10.043965211617904,SERTAD1;GADD45A,2,0.2609515738425412,0,0,0.5834400794980404,200
whole_ckd_down_traditional,Whole Dataset CKD Down Traditional,GO Biological Process,GO_Biological_Process_2026,449,Regulation of Cellular Component Organization (GO:0051128),0.08988891936329366,2.4285714285714284,5.850867172003845,SOCS2;PINK1;CISH;WFDC1,4,0.26101251123748526,0,0,0.5833386749177543,200
whole_ckd_down_traditional,Whole Dataset CKD Down Traditional,GO Biological Process,GO_Biological_Process_2026,450,Cytoplasmic Translation (GO:0002181),0.09024754316611207,2.912177812823419,7.004366885624175,RPL37A;RPS20;RPL7,3,0.26101251123748526,0,0,0.5833386749177543,200
whole_ckd_down_traditional,Whole Dataset CKD Down Traditional,GO Biological Process,GO_Biological_Process_2026,451,Striated Muscle Contraction (GO:0006941),0.09024754316611207,2.912177812823419,7.004366885624175,PGAM2;RPL37A;RPL7,3,0.26101251123748526,0,0,0.5833386749177543,200
whole_ckd_down_traditional,Whole Dataset CKD Down Traditional,GO Biological Process,GO_Biological_Process_2026,452,Regulation of Autophagy (GO:0010506),0.09116225417947132,2.153295917244415,5.157389945126374,PINK1;DDIT3;SH3BP4;FOXO3;MCL1,5,0.26101251123748526,0,0,0.5833386749177543,200
whole_ckd_down_traditional,Whole Dataset CKD Down Traditional,GO Biological Process,GO_Biological_Process_2026,453,Cellular Response to Ketone (GO:1901655),0.0922950442929787,4.071531642960214,9.7015024039535,KLF9;GAS6,2,0.26101251123748526,0,0,0.5833386749177543,200
whole_ckd_down_traditional,Whole Dataset CKD Down Traditional,GO Biological Process,GO_Biological_Process_2026,454,Negative Regulation of Syncytium Formation by Plasma Membrane Fusion (GO:0034242),0.0922950442929787,4.071531642960214,9.7015024039535,RPL37A;RPL7,2,0.26101251123748526,0,0,0.5833386749177543,200
whole_ckd_down_traditional,Whole Dataset CKD Down Traditional,GO Biological Process,GO_Biological_Process_2026,455,Amino Acid Transport (GO:0006865),0.09537879226975067,3.98989898989899,9.375859760148904,SH3BP4;SLC3A2,2,0.26101251123748526,0,0,0.5833386749177543,200
whole_ckd_down_traditional,Whole Dataset CKD Down Traditional,GO Biological Process,GO_Biological_Process_2026,456,Blood Vessel Morphogenesis (GO:0048514),0.09537879226975067,3.98989898989899,9.375859760148904,FLT1;ADM,2,0.26101251123748526,0,0,0.5833386749177543,200
whole_ckd_down_traditional,Whole Dataset CKD Down Traditional,GO Biological Process,GO_Biological_Process_2026,457,Regulation of mRNA Catabolic Process (GO:0061013),0.09537879226975067,3.98989898989899,9.375859760148904,ZFP36;ZFP36L2,2,0.26101251123748526,0,0,0.5833386749177543,200
whole_ckd_down_traditional,Whole Dataset CKD Down Traditional,GO Biological Process,GO_Biological_Process_2026,458,Regulation of Osteoclast Differentiation (GO:0045670),0.09537879226975067,3.98989898989899,9.375859760148904,CEBPB;NEDD9,2,0.26101251123748526,0,0,0.5833386749177543,200
whole_ckd_down_traditional,Whole Dataset CKD Down Traditional,GO Biological Process,GO_Biological_Process_2026,459,Regulation of Substrate Adhesion-Dependent Cell Spreading (GO:1900024),0.09537879226975067,3.98989898989899,9.375859760148904,NEDD9;FERMT2,2,0.26101251123748526,0,0,0.5833386749177543,200
whole_ckd_down_traditional,Whole Dataset CKD Down Traditional,GO Biological Process,GO_Biological_Process_2026,460,T Cell Differentiation (GO:0030217),0.09537879226975067,3.98989898989899,9.375859760148904,ZBTB16;ZFP36L2,2,0.26101251123748526,0,0,0.5833386749177543,200
whole_ckd_down_traditional,Whole Dataset CKD Down Traditional,GO Biological Process,GO_Biological_Process_2026,481,Pos Reg Phosphatidylinositol 3-Kinase/Protein Kinase B Signal Transduction (GO:0051897),0.09589850705752746,2.3706074145634584,5.557805791949512,PINK1;FLT1;GAS6;FERMT2,4,0.26117888616499163,0,0,0.5830619345664294,200
whole_ckd_down_traditional,Whole Dataset CKD Down Traditional,GO Biological Process,GO_Biological_Process_2026,482,Cellular Response to Insulin Stimulus (GO:0032869),0.09615827141735159,2.829326692845513,6.625603466421482,GOT1;PDK4;SLC25A33,3,0.2613430198272419,0,0,0.5827890949195672,200
whole_ckd_down_traditional,Whole Dataset CKD Down Traditional,GO Biological Process,GO_Biological_Process_2026,483,Macromolecule Biosynthetic Process (GO:0009059),0.09742223127363181,2.107519931049343,4.907783448958208,MRPL41;RPL37A;RPS20;RPL7;MRPL55,5,0.2642300682576763,0,0,0.5780177630448775,200
whole_ckd_down_traditional,Whole Dataset CKD Down Traditional,GO Biological Process,GO_Biological_Process_2026,484,Regulation of Protein Kinase Activity (GO:0045859),0.1016331727713355,3.836052836052836,8.77069478933889,CDKN1A;GAS6,2,0.26680749418194155,0,0,0.5738019759693048,200
whole_ckd_down_traditional,Whole Dataset CKD Down Traditional,GO Biological Process,GO_Biological_Process_2026,485,Secondary Alcohol Metabolic Process (GO:1902652),0.1016331727713355,3.836052836052836,8.77069478933889,IDH2;NR0B2,2,0.26680749418194155,0,0,0.5738019759693048,200
whole_ckd_down_traditional,Whole Dataset CKD Down Traditional,GO Biological Process,GO_Biological_Process_2026,486,Positive Regulation of Reactive Oxygen Species Metabolic Process (GO:2000379),0.1016331727713355,3.836052836052836,8.77069478933889,CDKN1A;GADD45A,2,0.26680749418194155,0,0,0.5738019759693048,200
whole_ckd_down_traditional,Whole Dataset CKD Down Traditional,GO Biological Process,GO_Biological_Process_2026,515,B Cell Differentiation (GO:0030183),0.10799756435943055,3.6936026936026938,8.220654292796869,KLF6;SLC25A5,2,0.27416960737445634,0,0,0.5619806898861609,200
whole_ckd_down_traditional,Whole Dataset CKD Down Traditional,GO Biological Process,GO_Biological_Process_2026,516,Regulation of Proteolysis (GO:0030162),0.10799756435943055,3.6936026936026938,8.220654292796869,RHOBTB3;PLAT,2,0.27416960737445634,0,0,0.5619806898861609,200
whole_ckd_down_traditional,Whole Dataset CKD Down Traditional,GO Biological Process,GO_Biological_Process_2026,517,Regulation of Myoblast Fusion (GO:1901739),0.11121888035137502,3.6262626262626263,7.964197874788815,RPL37A;RPL7,2,0.27416960737445634,0,0,0.5619806898861609,200
whole_ckd_down_traditional,Whole Dataset CKD Down Traditional,GO Biological Process,GO_Biological_Process_2026,518,Regulation of Protein Localization to Nucleus (GO:1900180),0.11121888035137502,3.6262626262626263,7.964197874788815,GLUL;FERMT2,2,0.27416960737445634,0,0,0.5619806898861609,200
whole_ckd_down_traditional,Whole Dataset CKD Down Traditional,GO Biological Process,GO_Biological_Process_2026,519,Positive Regulation of Leukocyte Chemotaxis (GO:0002690),0.11121888035137502,3.6262626262626263,7.964197874788815,NEDD9;GAS6,2,0.27416960737445634,0,0,0.5619806898861609,200
whole_ckd_down_traditional,Whole Dataset CKD Down Traditional,GO Biological Process,GO_Biological_Process_2026,520,Positive Regulation of Cell Motility (GO:2000147),0.11193662657948499,2.01328390485017,4.408734196312821,PTP4A1;PINK1;FLT1;NEDD9;FERMT2,5,0.27416960737445634,0,0,0.5619806898861609,200
whole_ckd_down_traditional,Whole Dataset CKD Down Traditional,GO Biological Process,GO_Biological_Process_2026,544,Regulation of Blood Vessel Endothelial Cell Migration (GO:0043535),0.11446516664275823,3.5613275613275612,7.719123085387519,RGCC;GADD45A,2,0.27463254267768,0,0,0.5612480021758984,200
whole_ckd_down_traditional,Whole Dataset CKD Down Traditional,GO Biological Process,GO_Biological_Process_2026,545,Cellular Response to Interleukin-1 (GO:0071347),0.11446516664275823,3.5613275613275612,7.719123085387519,NFKBIA;EGR1,2,0.27463254267768,0,0,0.5612480021758984,200
whole_ckd_down_traditional,Whole Dataset CKD Down Traditional,GO Biological Process,GO_Biological_Process_2026,546,Dicarboxylic Acid Metabolic Process (GO:0043648),0.11446516664275823,3.5613275613275612,7.719123085387519,GOT1;IDH2,2,0.27463254267768,0,0,0.5612480021758984,200
whole_ckd_down_traditional,Whole Dataset CKD Down Traditional,GO Biological Process,GO_Biological_Process_2026,547,Negative Regulation of Immune System Process (GO:0002683),0.11773560826365449,3.4986709197235513,7.484754897547597,SEC14L1;TSC22D3,2,0.28093560441782767,0,0,0.5513932169311659,200
whole_ckd_down_traditional,Whole Dataset CKD Down Traditional,GO Biological Process,GO_Biological_Process_2026,548,Signal Transduction by P53 Class Mediator (GO:0072331),0.11773560826365449,3.4986709197235513,7.484754897547597,CDKN1A;NDRG1,2,0.28093560441782767,0,0,0.5513932169311659,200
whole_ckd_down_traditional,Whole Dataset CKD Down Traditional,GO Biological Process,GO_Biological_Process_2026,549,Sprouting Angiogenesis (GO:0002040),0.11773560826365449,3.4986709197235513,7.484754897547597,NR4A1;FLT1,2,0.28093560441782767,0,0,0.5513932169311659,200
whole_ckd_down_traditional,Whole Dataset CKD Down Traditional,GO Biological Process,GO_Biological_Process_2026,550,Negative Regulation of Cell Migration (GO:0030336),0.11835429607894112,2.1876881900301104,4.668685519728879,IGFBP5;NEDD9;FOXO3;RHOB,4,0.2815654535440421,0,0,0.5504206316874733,200
whole_ckd_down_traditional,Whole Dataset CKD Down Traditional,GO Biological Process,GO_Biological_Process_2026,571,Negative Regulation of Canonical Wnt Signaling Pathway (GO:0090090),0.12348017767957703,2.5185769739367827,5.26804358631712,TMEM88;DDIT3;EMD,3,0.2832907754119893,0,0,0.547767566859356,200
whole_ckd_down_traditional,Whole Dataset CKD Down Traditional,GO Biological Process,GO_Biological_Process_2026,572,Response to Reactive Oxygen Species (GO:0000302),0.12434576552341958,3.379729498373566,7.045685456427677,PXN;FOS,2,0.28477788957286654,0,0,0.5454937327643179,200
whole_ckd_down_traditional,Whole Dataset CKD Down Traditional,GO Biological Process,GO_Biological_Process_2026,573,Proteasomal Protein Catabolic Process (GO:0010498),0.12668905809553843,1.8025186739922217,3.7240388307288113,ANKRD9;SOCS2;MIDN;UBE2B;DDIT3;RHOBTB3,6,0.2896381607419814,0,0,0.5381442190361911,200
whole_ckd_down_traditional,Whole Dataset CKD Down Traditional,GO Biological Process,GO_Biological_Process_2026,574,Negative Regulation of Intrinsic Apoptotic Signaling Pathway (GO:2001243),0.12768391868560922,3.323232323232323,6.839868307696459,PINK1;HERPUD1,2,0.28988896616663445,0,0,0.5377683145661466,200
whole_ckd_down_traditional,Whole Dataset CKD Down Traditional,GO Biological Process,GO_Biological_Process_2026,575,Negative Regulation of Response to Stimulus (GO:0048585),0.12768391868560922,3.323232323232323,6.839868307696459,SOCS2;PIM3,2,0.28988896616663445,0,0,0.5377683145661466,200
whole_ckd_down_traditional,Whole Dataset CKD Down Traditional,GO Biological Process,GO_Biological_Process_2026,576,Intrinsic Apoptotic Signaling Pathway in Response to DNA Damage (GO:0008630),0.12768391868560922,3.323232323232323,6.839868307696459,DDIT4;MCL1,2,0.28988896616663445,0,0,0.5377683145661466,200
whole_ckd_down_traditional,Whole Dataset CKD Down Traditional,GO Biological Process,GO_Biological_Process_2026,577,Post-transcriptional Regulation of Gene Expression (GO:0010608),0.12768391868560922,3.323232323232323,6.839868307696459,PER1;FOXO3,2,0.28988896616663445,0,0,0.5377683145661466,200
whole_ckd_down_traditional,Whole Dataset CKD Down Traditional,GO Biological Process,GO_Biological_Process_2026,578,Negative Regulation of Cell Growth (GO:0030308),0.12791176289485587,2.476695892939548,5.093113606778357,CDKN1A;WFDC1;SH3BP4,3,0.28990382247796054,0,0,0.5377460582906008,200
whole_ckd_down_traditional,Whole Dataset CKD Down Traditional,GO Biological Process,GO_Biological_Process_2026,590,Ubiquitin-dependent Protein Catabolic Process (GO:0006511),0.1317449561766075,1.6283738191632928,3.300530336791946,ANKRD9;SOCS2;PINK1;UBE2B;DDIT3;RHOBTB3;VPS37B;HERPUD1,8,0.29211797768097686,0,0,0.5344417146204565,200
whole_ckd_down_traditional,Whole Dataset CKD Down Traditional,GO Biological Process,GO_Biological_Process_2026,591,Positive Regulation of Macromolecule Biosynthetic Process (GO:0010557),0.13178757619042544,1.7808210821692185,3.6089477601307816,EGR1;RGCC;ID2;GAS6;NR0B2;ATF4,6,0.29211797768097686,0,0,0.5344417146204565,200
whole_ckd_down_traditional,Whole Dataset CKD Down Traditional,GO Biological Process,GO_Biological_Process_2026,592,Regulation of G1/S Transition of Mitotic Cell Cycle (GO:2000045),0.1323995391242033,2.4361767983162066,4.925781673616739,CDKN1A;RGCC;ID2,3,0.29297870988632824,0,0,0.5331639377169768,200
whole_ckd_down_traditional,Whole Dataset CKD Down Traditional,GO Biological Process,GO_Biological_Process_2026,593,Regulation of RNA Biosynthetic Process (GO:2001141),0.1327981746785835,1.625,3.280752778752231,ZNF331;CEBPB;NFIL3;CNBP;DDIT3;BHLHE40;CREM;ATF4,8,0.29336527627140707,0,0,0.5325912920474853,200
whole_ckd_down_traditional,Whole Dataset CKD Down Traditional,GO Biological Process,GO_Biological_Process_2026,594,MRNA Metabolic Process (GO:0016071),0.1369418453141825,2.396954314720812,4.7656220038630535,ZFP36;NUDT16;ZFP36L2,3,0.2981834966478389,0,0,0.5255163968089631,200
whole_ckd_down_traditional,Whole Dataset CKD Down Traditional,GO Biological Process,GO_Biological_Process_2026,595,Regulation of Cell Differentiation (GO:0045595),0.13744718411000204,2.0624868504102674,4.093037228847409,CEBPB;CEBPD;ID2;ATF4,4,0.2981834966478389,0,0,0.5255163968089631,200
whole_ckd_down_traditional,Whole Dataset CKD Down Traditional,GO Biological Process,GO_Biological_Process_2026,596,Positive Regulation of Cell Migration (GO:0030335),0.13829725167487342,1.754410748098945,3.470838350355375,PTP4A1;PINK1;FLT1;NEDD9;FERMT2;RHOB,6,0.2981834966478389,0,0,0.5255163968089631,200
whole_ckd_down_traditional,Whole Dataset CKD Down Traditional,GO Biological Process,GO_Biological_Process_2026,616,Regulation of Receptor Signaling Pathway via JAK-STAT (GO:0046425),0.14123940858700135,3.11489898989899,6.096788351656931,SOCS2;CISH,2,0.2998762159626771,0,0,0.5230579780076554,200
whole_ckd_down_traditional,Whole Dataset CKD Down Traditional,GO Biological Process,GO_Biological_Process_2026,617,MRNA Destabilization (GO:0061157),0.14123940858700135,3.11489898989899,6.096788351656931,ZFP36;ZFP36L2,2,0.2998762159626771,0,0,0.5230579780076554,200
whole_ckd_down_traditional,Whole Dataset CKD Down Traditional,GO Biological Process,GO_Biological_Process_2026,618,Glucose Metabolic Process (GO:0006006),0.14812870807806724,3.0202020202020203,5.767600469255814,PGAM2;ATF4,2,0.30606519052304915,0,0,0.5141860608744139,200
whole_ckd_down_traditional,Whole Dataset CKD Down Traditional,GO Biological Process,GO_Biological_Process_2026,637,Negative Regulation of Autophagy (GO:0010507),0.1515987898971927,2.9749736167646614,5.6123406468995185,PINK1;MCL1,2,0.31127651217135177,0,0,0.5068536484123003,200
whole_ckd_down_traditional,Whole Dataset CKD Down Traditional,GO Biological Process,GO_Biological_Process_2026,638,Positive Regulation of Protein Polymerization (GO:0032273),0.1515987898971927,2.9749736167646614,5.6123406468995185,PINK1;CDC42EP4,2,0.31127651217135177,0,0,0.5068536484123003,200
whole_ckd_down_traditional,Whole Dataset CKD Down Traditional,GO Biological Process,GO_Biological_Process_2026,639,Fat Cell Differentiation (GO:0045444),0.15508492269953394,2.931075460487225,5.462886925837976,NR4A1;NR4A3,2,0.3132721462128139,0,0,0.5040782175786671,200
whole_ckd_down_traditional,Whole Dataset CKD Down Traditional,GO Biological Process,GO_Biological_Process_2026,658,Cytokine-mediated Signaling Pathway (GO:0019221),0.16114332614911858,1.7746863066012002,3.23962079164152,SOCS2;NFKBIA;EGR1;CISH;FOXO3,5,0.316296355353208,0,0,0.4999058123811779,200
whole_ckd_down_traditional,Whole Dataset CKD Down Traditional,GO Biological Process,GO_Biological_Process_2026,659,Positive Regulation of Cell-Substrate Adhesion (GO:0010811),0.16210270029601825,2.8470418470418473,5.180264363849609,NEDD9;FERMT2,2,0.316296355353208,0,0,0.4999058123811779,200
whole_ckd_down_traditional,Whole Dataset CKD Down Traditional,GO Biological Process,GO_Biological_Process_2026,660,Kidney Development (GO:0001822),0.16210270029601825,2.8470418470418473,5.180264363849609,ZBTB16;ITGA8,2,0.316296355353208,0,0,0.4999058123811779,200
whole_ckd_down_traditional,Whole Dataset CKD Down Traditional,GO Biological Process,GO_Biological_Process_2026,661,Positive Regulation of Phosphorylation (GO:0042327),0.16210270029601825,2.8470418470418473,5.180264363849609,CDKN1A;GAS6,2,0.316296355353208,0,0,0.4999058123811779,200
whole_ckd_down_traditional,Whole Dataset CKD Down Traditional,GO Biological Process,GO_Biological_Process_2026,662,Regulation of Angiogenesis (GO:0045765),0.1653150391053864,1.9129967776584318,3.443207295446695,RGCC;FLT1;GLUL;RHOB,4,0.316296355353208,0,0,0.4999058123811779,200
whole_ckd_down_traditional,Whole Dataset CKD Down Traditional,GO Biological Process,GO_Biological_Process_2026,686,Positive Regulation of Intracellular Protein Transport (GO:0090316),0.16563305326129824,2.806800398349694,5.046572271238703,GAS6;EMD,2,0.316296355353208,0,0,0.4999058123811779,200
whole_ckd_down_traditional,Whole Dataset CKD Down Traditional,GO Biological Process,GO_Biological_Process_2026,687,Positive Regulation of Protein Localization (GO:1903829),0.16768121645320344,2.1697197086735818,3.8744481388907923,PINK1;NEDD9;FERMT2,3,0.3197414753328916,0,0,0.49520102547397593,200
whole_ckd_down_traditional,Whole Dataset CKD Down Traditional,GO Biological Process,GO_Biological_Process_2026,688,Negative Regulation of TOR Signaling (GO:0032007),0.16917687320488076,2.7676767676767677,4.9176372087746785,DDIT4;SH3BP4,2,0.32043688672646,0,0,0.4942574963965489,200
whole_ckd_down_traditional,Whole Dataset CKD Down Traditional,GO Biological Process,GO_Biological_Process_2026,689,Negative Regulation of Protein Catabolic Process (GO:0042177),0.16917687320488076,2.7676767676767677,4.9176372087746785,GABARAPL2;TIMP3,2,0.32043688672646,0,0,0.4942574963965489,200
whole_ckd_down_traditional,Whole Dataset CKD Down Traditional,GO Biological Process,GO_Biological_Process_2026,690,Cellular Response to UV (GO:0034644),0.16917687320488076,2.7676767676767677,4.9176372087746785,CDKN1A;ATF4,2,0.32043688672646,0,0,0.4942574963965489,200
whole_ckd_down_traditional,Whole Dataset CKD Down Traditional,GO Biological Process,GO_Biological_Process_2026,691,Organic Cation Transport (GO:0015695),0.16917687320488076,2.7676767676767677,4.9176372087746785,SEC14L1;SLC3A2,2,0.32043688672646,0,0,0.4942574963965489,200
whole_ckd_down_traditional,Whole Dataset CKD Down Traditional,GO Biological Process,GO_Biological_Process_2026,692,Regulation of MAPK Cascade (GO:0043408),0.1692689508509239,1.7433217189314751,3.0966038004936705,PER1;FLT1;DUSP1;DUSP8;DUSP6,5,0.32043688672646,0,0,0.4942574963965489,200
whole_ckd_down_traditional,Whole Dataset CKD Down Traditional,GO Biological Process,GO_Biological_Process_2026,693,Negative Regulation of Epithelial Cell Proliferation (GO:0050680),0.17273354222297413,2.72962501729625,4.793235424721277,RGCC;KLF9,2,0.3222236223055784,0,0,0.4918426244974746,200
whole_ckd_down_traditional,Whole Dataset CKD Down Traditional,GO Biological Process,GO_Biological_Process_2026,708,Cholesterol Metabolic Process (GO:0008203),0.17630245318675483,2.6926016926016927,4.6731563780160865,IDI1;NR0B2,2,0.32574924354675433,0,0,0.48711658413065584,200
whole_ckd_down_traditional,Whole Dataset CKD Down Traditional,GO Biological Process,GO_Biological_Process_2026,709,Positive Regulation of Cytoskeleton Organization (GO:0051495),0.17630245318675483,2.6926016926016927,4.6731563780160865,CDC42EP4;PFDN2,2,0.32574924354675433,0,0,0.48711658413065584,200
whole_ckd_down_traditional,Whole Dataset CKD Down Traditional,GO Biological Process,GO_Biological_Process_2026,710,Regulation of Tumor Necrosis Factor Production (GO:0032680),0.18000252404752945,2.093322920734088,3.589597500577494,ZFP36;ARG2;GAS6,3,0.3278080424666162,0,0,0.4843803956220613,200
whole_ckd_down_traditional,Whole Dataset CKD Down Traditional,GO Biological Process,GO_Biological_Process_2026,711,Positive Regulation of MAPK Cascade (GO:0043410),0.18182034281146683,1.6064281382656156,2.73853621099759,FLT1;GADD45B;GADD45A;GAS6;FERMT2;GADD45G,6,0.3278080424666162,0,0,0.4843803956220613,200
whole_ckd_down_traditional,Whole Dataset CKD Down Traditional,GO Biological Process,GO_Biological_Process_2026,729,DNA Damage Response (GO:0006974),0.18420281564793753,1.5351413249282888,2.597026011525131,BTG2;CDKN1A;UBE2B;GADD45A;DDIT3;IER3;MCL1,7,0.3310091748954707,0,0,0.4801599683050912,200
whole_ckd_down_traditional,Whole Dataset CKD Down Traditional,GO Biological Process,GO_Biological_Process_2026,730,Modification-dependent Protein Catabolic Process (GO:0019941),0.18693176238534226,1.816326530612245,3.0460007261628443,PINK1;UBE2B;UBC;HERPUD1,4,0.3342741572165344,0,0,0.4758971974788806,200
whole_ckd_down_traditional,Whole Dataset CKD Down Traditional,GO Biological Process,GO_Biological_Process_2026,731,Positive Regulation of Organelle Organization (GO:0010638),0.18707672748571472,2.5873015873015874,4.336929198982091,PINK1;PFDN2,2,0.3342741572165344,0,0,0.4758971974788806,200
whole_ckd_down_traditional,Whole Dataset CKD Down Traditional,GO Biological Process,GO_Biological_Process_2026,732,Negative Regulation of Wnt Signaling Pathway (GO:0030178),0.18751106259351208,2.0499965231903206,3.4315249214751327,TMEM88;DDIT3;EMD,3,0.3342741572165344,0,0,0.4758971974788806,200
whole_ckd_down_traditional,Whole Dataset CKD Down Traditional,GO Biological Process,GO_Biological_Process_2026,747,Negative Regulation of Canonical NF-kappaB Signal Transduction (GO:0043124),0.1906887482391839,2.554001554001554,4.232268591096898,NFKBIA;PER1,2,0.3344073094957576,0,0,0.4757242382934912,200
whole_ckd_down_traditional,Whole Dataset CKD Down Traditional,GO Biological Process,GO_Biological_Process_2026,748,Proteinogenic Amino Acid Catabolic Process (GO:0170040),0.19431013374040154,2.521544559519243,4.131045868969444,GOT1;GLUL,2,0.33852339742967086,0,0,0.4704113091843577,200
whole_ckd_down_traditional,Whole Dataset CKD Down Traditional,GO Biological Process,GO_Biological_Process_2026,749,Regulation of Canonical Wnt Signaling Pathway (GO:0060828),0.19501119915819146,1.783527696793003,2.9155296769838297,UBE2B;TMEM88;DDIT3;EMD,4,0.33852339742967086,0,0,0.4704113091843577,200
whole_ckd_down_traditional,Whole Dataset CKD Down Traditional,GO Biological Process,GO_Biological_Process_2026,750,Regulation of G Protein-Coupled Receptor Signaling Pathway (GO:0008277),0.1979403391192459,2.48989898989899,4.033112516956104,RGS3;GNG7,2,0.33852339742967086,0,0,0.4704113091843577,200
whole_ckd_down_traditional,Whole Dataset CKD Down Traditional,GO Biological Process,GO_Biological_Process_2026,751,Response to Insulin (GO:0032868),0.1979403391192459,2.48989898989899,4.033112516956104,GOT1;SLC25A33,2,0.33852339742967086,0,0,0.4704113091843577,200
whole_ckd_down_traditional,Whole Dataset CKD Down Traditional,GO Biological Process,GO_Biological_Process_2026,769,Negative Regulation of Neuron Apoptotic Process (GO:0043524),0.20157882941523067,2.4590347923681257,3.938328060173813,PINK1;ATF4,2,0.3429458006934444,0,0,0.46477451062684005,200
whole_ckd_down_traditional,Whole Dataset CKD Down Traditional,GO Biological Process,GO_Biological_Process_2026,770,L-amino Acid Catabolic Process (GO:0170035),0.20157882941523067,2.4590347923681257,3.938328060173813,GOT1;GLUL,2,0.3429458006934444,0,0,0.46477451062684005,200
whole_ckd_down_traditional,Whole Dataset CKD Down Traditional,GO Biological Process,GO_Biological_Process_2026,771,Regulation of Rho Protein Signal Transduction (GO:0035023),0.2052250792916977,2.4289233801428924,3.84655954231675,STARD8;FERMT2,2,0.3437073155366417,0,0,0.46381122415202575,200
whole_ckd_down_traditional,Whole Dataset CKD Down Traditional,GO Biological Process,GO_Biological_Process_2026,772,Protein Dephosphorylation (GO:0006470),0.2052250792916977,2.4289233801428924,3.84655954231675,DUSP1;DUSP6,2,0.3437073155366417,0,0,0.46381122415202575,200
whole_ckd_down_traditional,Whole Dataset CKD Down Traditional,GO Biological Process,GO_Biological_Process_2026,788,Intracellular Monoatomic Cation Homeostasis (GO:0030003),0.20732865095017144,1.7364685004436557,2.7322464644880875,ANKRD9;MT2A;MT1M;MT1E,4,0.3446707268334068,0,0,0.46259560001118244,200
whole_ckd_down_traditional,Whole Dataset CKD Down Traditional,GO Biological Process,GO_Biological_Process_2026,789,Regulation of Endothelial Cell Proliferation (GO:0001936),0.20887857305720495,2.3995375441158573,3.7576810395091074,NR4A1;RGCC,2,0.34680726325087263,0,0,0.4599118155881487,200
whole_ckd_down_traditional,Whole Dataset CKD Down Traditional,GO Biological Process,GO_Biological_Process_2026,790,Regulation of Epithelial to Mesenchymal Transition (GO:0010717),0.2125388044387241,2.370851370851371,3.6715732136876564,RGCC;FERMT2,2,0.3506924267999464,0,0,0.45507361260297513,200
whole_ckd_down_traditional,Whole Dataset CKD Down Traditional,GO Biological Process,GO_Biological_Process_2026,791,Regulation of mRNA Stability (GO:0043488),0.2125388044387241,2.370851370851371,3.6715732136876564,ZFP36;ZFP36L2,2,0.3506924267999464,0,0,0.45507361260297513,200
whole_ckd_down_traditional,Whole Dataset CKD Down Traditional,GO Biological Process,GO_Biological_Process_2026,802,Regulation of Endothelial Cell Migration (GO:0010594),0.21987750137078915,2.315480385247827,3.5072227118932733,GLUL;RHOB,2,0.35731035171412745,0,0,0.44695440157757593,200
whole_ckd_down_traditional,Whole Dataset CKD Down Traditional,GO Biological Process,GO_Biological_Process_2026,816,Negative Regulation of Programmed Cell Death (GO:0043069),0.22843397538618354,1.484842298662856,2.1923816194037635,SOCS2;HSPA9;PIM3;GAS6;IER3;MCL1,6,0.36578712791499324,0,0,0.43677158145623685,200
whole_ckd_down_traditional,Whole Dataset CKD Down Traditional,GO Biological Process,GO_Biological_Process_2026,825,Negative Regulation of Apoptotic Process (GO:0043066),0.23076034158006287,1.4293116210214656,2.0959076706473905,SOCS2;HSPA9;PINK1;PIM3;GAS6;IER3;MCL1,7,0.366235320268937,0,0,0.4362397740206742,200
whole_ckd_down_traditional,Whole Dataset CKD Down Traditional,GO Biological Process,GO_Biological_Process_2026,826,Positive Regulation of Biosynthetic Process (GO:0009891),0.23092395003216945,2.237090001134945,3.2788286401533377,EGR1;RGCC,2,0.366235320268937,0,0,0.4362397740206742,200
whole_ckd_down_traditional,Whole Dataset CKD Down Traditional,GO Biological Process,GO_Biological_Process_2026,827,Regulation of Cell Cycle G1/S Phase Transition (GO:1902806),0.23461448722720504,2.212121212121212,3.2071589757618537,CDKN1A;ID2,2,0.37084240661526424,0,0,0.43081060919324665,200
whole_ckd_down_traditional,Whole Dataset CKD Down Traditional,GO Biological Process,GO_Biological_Process_2026,828,Regulation of Protein Metabolic Process (GO:0051246),0.23461448722720504,2.212121212121212,3.2071589757618537,RHOBTB3;FOXO3,2,0.37084240661526424,0,0,0.43081060919324665,200
whole_ckd_down_traditional,Whole Dataset CKD Down Traditional,GO Biological Process,GO_Biological_Process_2026,841,Positive Regulation of Catabolic Process (GO:0009896),0.2393627485201892,1.8011742401076387,2.5752740819217634,TIPARP;SH3BP4;FOXO3,3,0.3728480387175361,0,0,0.4284681370748498,200
whole_ckd_down_traditional,Whole Dataset CKD Down Traditional,GO Biological Process,GO_Biological_Process_2026,853,Response to UV (GO:0009411),0.24940679099284982,2.117558564367075,2.9405900871231445,UBE2B;ATF4,2,0.3826845405225012,0,0,0.417159081808379,200
whole_ckd_down_traditional,Whole Dataset CKD Down Traditional,GO Biological Process,GO_Biological_Process_2026,854,Positive Regulation of Gene Expression (GO:0010628),0.2514058059425433,1.4340748779164405,1.98000838128353,EGR1;RGCC;ID2;GAS6;NR0B2;ATF4,6,0.3826845405225012,0,0,0.417159081808379,200
whole_ckd_down_traditional,Whole Dataset CKD Down Traditional,GO Biological Process,GO_Biological_Process_2026,867,Regulation of Osteoblast Differentiation (GO:0045667),0.2568151396703299,2.073232323232323,2.818349436543183,FERMT2;ATF4,2,0.38803671622621927,0,0,0.4111271793026312,200
whole_ckd_down_traditional,Whole Dataset CKD Down Traditional,GO Biological Process,GO_Biological_Process_2026,890,Positive Regulation of Proteasomal Protein Catabolic Process (GO:1901800),0.2679338809157927,2.01010101010101,2.647333266062948,SIK2;HERPUD1,2,0.39393196857428553,0,0,0.40457877366651307,200
whole_ckd_down_traditional,Whole Dataset CKD Down Traditional,GO Biological Process,GO_Biological_Process_2026,891,Protein Autophosphorylation (GO:0046777),0.2679338809157927,2.01010101010101,2.647333266062948,FLT1;SIK2,2,0.39393196857428553,0,0,0.40457877366651307,200
whole_ckd_down_traditional,Whole Dataset CKD Down Traditional,GO Biological Process,GO_Biological_Process_2026,901,B Cell Activation (GO:0042113),0.27534608637592245,1.97009700970097,2.5408862749711147,KLF6;SLC25A5,2,0.40033670716144104,0,0,0.39757458729488476,200
whole_ckd_down_traditional,Whole Dataset CKD Down Traditional,GO Biological Process,GO_Biological_Process_2026,909,Nuclear-transcribed mRNA Catabolic Process (GO:0000956),0.2827546689999499,1.9316465627145238,2.440008904942008,ZFP36;ZFP36L2,2,0.40749022705163296,0,0,0.3898828026011675,200
whole_ckd_down_traditional,Whole Dataset CKD Down Traditional,GO Biological Process,GO_Biological_Process_2026,910,Positive Regulation of Cytokine Production (GO:0001819),0.28858195933229935,1.4125808091813759,1.7555217333439053,EGR1;CEBPB;RGCC;DDIT3;ATF4,5,0.41064784232554485,0,0,0.38653045475209735,200
whole_ckd_down_traditional,Whole Dataset CKD Down Traditional,GO Biological Process,GO_Biological_Process_2026,925,Regulation of Type II Interferon Production (GO:0032649),0.29015685038861905,1.8946608946608947,2.3443276590951077,DDIT3;GAS6,2,0.4109248367665848,0,0,0.38623760869019436,200
whole_ckd_down_traditional,Whole Dataset CKD Down Traditional,GO Biological Process,GO_Biological_Process_2026,926,Organelle Assembly (GO:0070925),0.29051449814873753,1.4085180356366798,1.7410716740654073,GABARAPL2;GABARAPL1;MAP1LC3A;TP53INP2;VPS37B,5,0.4109870330181924,0,0,0.3861718802589286,200
whole_ckd_down_traditional,Whole Dataset CKD Down Traditional,GO Biological Process,GO_Biological_Process_2026,927,Membrane Organization (GO:0061024),0.295995537622568,1.5971931919976112,1.9444404019364787,CHCHD10;VPS37B;EMD,3,0.41489866848131784,0,0,0.38205795893372674,200
whole_ckd_down_traditional,Whole Dataset CKD Down Traditional,GO Biological Process,GO_Biological_Process_2026,938,Positive Regulation of Vasculature Development (GO:1904018),0.30124231469064117,1.8417508417508417,2.2098068933635386,FLT1;RHOB,2,0.4202624998939838,0,0,0.3764793604482805,200
whole_ckd_down_traditional,Whole Dataset CKD Down Traditional,GO Biological Process,GO_Biological_Process_2026,959,Regulation of Protein Localization (GO:0032880),0.31597652709288765,1.7756132756132756,2.045661592448686,PINK1;NEDD9,2,0.43117630259550294,0,0,0.3653451159447346,200
whole_ckd_down_traditional,Whole Dataset CKD Down Traditional,GO Biological Process,GO_Biological_Process_2026,960,Regulation of Protein Ubiquitination (GO:0031396),0.31597652709288765,1.7756132756132756,2.045661592448686,PINK1;BEX1,2,0.43117630259550294,0,0,0.3653451159447346,200
whole_ckd_down_traditional,Whole Dataset CKD Down Traditional,GO Biological Process,GO_Biological_Process_2026,964,Positive Regulation of Protein Phosphorylation (GO:0001934),0.3196498104363898,1.7598104943237687,2.007115298893896,CDKN1A;GAS6,2,0.43437889177559197,0,0,0.3621312870290503,200
whole_ckd_down_traditional,Whole Dataset CKD Down Traditional,GO Biological Process,GO_Biological_Process_2026,965,Protein Localization to Membrane (GO:0072657),0.32057060390215447,1.5231534238060707,1.732819656735889,TMEM88;GAS6;FERMT2,3,0.43517874726613714,0,0,0.3613323223411697,200
whole_ckd_down_traditional,Whole Dataset CKD Down Traditional,GO Biological Process,GO_Biological_Process_2026,966,Cell-matrix Adhesion (GO:0007160),0.3233184189046689,1.7442849548112707,1.9695028843060638,ITGA8;FERMT2,2,0.4360265600525594,0,0,0.3604870553806309,200
whole_ckd_down_traditional,Whole Dataset CKD Down Traditional,GO Biological Process,GO_Biological_Process_2026,976,Organic Anion Transport (GO:0015711),0.3269820795650746,1.7290294246815987,1.932795390467605,SLC25A4;SLC25A25,2,0.438375668107716,0,0,0.3581535592221644,200
whole_ckd_down_traditional,Whole Dataset CKD Down Traditional,GO Biological Process,GO_Biological_Process_2026,977,Positive Regulation of Epithelial Cell Proliferation (GO:0050679),0.3269820795650746,1.7290294246815987,1.932795390467605,NR4A1;NR4A3,2,0.438375668107716,0,0,0.3581535592221644,200
whole_ckd_down_traditional,Whole Dataset CKD Down Traditional,GO Biological Process,GO_Biological_Process_2026,995,Negative Regulation of Developmental Process (GO:0051093),0.3415819885568875,1.6705712588065529,1.794473428095151,PINK1;GAS6,2,0.4497210100598217,0,0,0.34705682259460796,200
whole_ckd_down_traditional,Whole Dataset CKD Down Traditional,GO Biological Process,GO_Biological_Process_2026,1003,Regulation of Protein-Containing Complex Assembly (GO:0043254),0.34884558259278853,1.642791551882461,1.73006635039327,PINK1;HSF1,2,0.4550574624560411,0,0,0.34193375927284153,200
whole_ckd_down_traditional,Whole Dataset CKD Down Traditional,GO Biological Process,GO_Biological_Process_2026,1004,Ribonucleoprotein Complex Biogenesis (GO:0022613),0.34884558259278853,1.642791551882461,1.73006635039327,GLUL;RPL7,2,0.4550574624560411,0,0,0.34193375927284153,200
whole_ckd_down_traditional,Whole Dataset CKD Down Traditional,GO Biological Process,GO_Biological_Process_2026,1012,Protein Metabolic Process (GO:0019538),0.3541386842240567,1.2064422592032273,1.2523675096851374,MRPL41;ISCA1;RPL37A;RPS20;PLAT;EMD;RPL7;MRPL55,8,0.4584206287880576,0,0,0.3387358474821077,200
whole_ckd_down_traditional,Whole Dataset CKD Down Traditional,GO Biological Process,GO_Biological_Process_2026,1013,Positive Regulation of Protein Catabolic Process (GO:0045732),0.3560823858036039,1.6159152500615914,1.668583024830908,TIPARP;HERPUD1,2,0.46048166377366345,0,0,0.3367876585843162,200
whole_ckd_down_traditional,Whole Dataset CKD Down Traditional,GO Biological Process,GO_Biological_Process_2026,1017,Positive Regulation of Angiogenesis (GO:0045766),0.3632905914777368,1.58989898989899,1.6098557795920132,FLT1;RHOB,2,0.4667450998512966,0,0,0.33092023281908417,200
whole_ckd_down_traditional,Whole Dataset CKD Down Traditional,GO Biological Process,GO_Biological_Process_2026,1018,Protein Phosphorylation (GO:0006468),0.3640873489838649,1.3220557325920401,1.3357541739293166,PINK1;FLT1;SIK2;GAS6,4,0.4667450998512966,0,0,0.33092023281908417,200
whole_ckd_down_traditional,Whole Dataset CKD Down Traditional,GO Biological Process,GO_Biological_Process_2026,1035,Protein Maturation (GO:0051604),0.38054444468378296,1.3679038792902716,1.32160348257447,CPM;ISCA1;NDUFAB1,3,0.4816552874741601,0,0,0.3172636677908824,200
whole_ckd_down_traditional,Whole Dataset CKD Down Traditional,GO Biological Process,GO_Biological_Process_2026,1036,Protein Modification by Small Protein Conjugation (GO:0032446),0.38221925696102815,1.287299385773727,1.23807416940062,ANKRD9;PINK1;UBE2B;UBC,4,0.48251004029986794,0,0,0.3164936452187133,200
whole_ckd_down_traditional,Whole Dataset CKD Down Traditional,GO Biological Process,GO_Biological_Process_2026,1044,Lipid Biosynthetic Process (GO:0008610),0.3988450044858849,1.4713804713804715,1.3524670293145111,IDI1;NDUFAB1,2,0.4998790854159129,0,0,0.30113503343839326,200
whole_ckd_down_traditional,Whole Dataset CKD Down Traditional,GO Biological Process,GO_Biological_Process_2026,1053,Regulation of ERK1 and ERK2 Cascade (GO:0070372),0.4021215807005141,1.3189434436907597,1.2015585277871892,GAS6;FERMT2;DUSP6,3,0.5000761618884546,0,0,0.3009638473260613,200
whole_ckd_down_traditional,Whole Dataset CKD Down Traditional,GO Biological Process,GO_Biological_Process_2026,1054,Protein Localization to Cell Periphery (GO:1990778),0.4023513546797184,1.4604872251931076,1.329670735212419,TMEM88;GAS6,2,0.5000761618884546,0,0,0.3009638473260613,200
whole_ckd_down_traditional,Whole Dataset CKD Down Traditional,GO Biological Process,GO_Biological_Process_2026,1055,Regulation of Cytoskeleton Organization (GO:0051493),0.40584808950634144,1.44975300449753,1.3073529773997317,NEDD9;PFDN2,2,0.5034668534595713,0,0,0.2980291166366048,200
whole_ckd_down_traditional,Whole Dataset CKD Down Traditional,GO Biological Process,GO_Biological_Process_2026,1056,Enzyme-linked Receptor Protein Signaling Pathway (GO:0007167),0.40584808950634144,1.44975300449753,1.3073529773997317,FLT1;NEDD9,2,0.5034668534595713,0,0,0.2980291166366048,200
whole_ckd_down_traditional,Whole Dataset CKD Down Traditional,GO Biological Process,GO_Biological_Process_2026,1060,Proteasome-mediated Ubiquitin-Dependent Protein Catabolic Process (GO:0043161),0.41075533933252467,1.1977139326536916,1.0656749821789016,ANKRD9;SOCS2;UBE2B;DDIT3;RHOBTB3,5,0.5076315986090635,0,0,0.29445135215173907,200
whole_ckd_down_traditional,Whole Dataset CKD Down Traditional,GO Biological Process,GO_Biological_Process_2026,1061,Circulatory System Development (GO:0072359),0.4128120829524558,1.4287479107622993,1.2641029941978141,CDKN1A;ID2,2,0.5084666490300583,0,0,0.29373752773084916,200
whole_ckd_down_traditional,Whole Dataset CKD Down Traditional,GO Biological Process,GO_Biological_Process_2026,1066,Cellular Response to Lipid (GO:0071396),0.4155023441451383,1.290065264684554,1.1330217794351636,CRHBP;ZFP36;PDK4,3,0.5106079463697291,0,0,0.2919124307427543,200
whole_ckd_down_traditional,Whole Dataset CKD Down Traditional,GO Biological Process,GO_Biological_Process_2026,1074,Response to Cytokine (GO:0034097),0.4197357656077661,1.4083387062110466,1.2226209334221314,TIMP3;MCL1,2,0.5119682057226943,0,0,0.290757008766232,200
whole_ckd_down_traditional,Whole Dataset CKD Down Traditional,GO Biological Process,GO_Biological_Process_2026,1077,Nitrogen Compound Transport (GO:0071705),0.4266179815542056,1.3885003885003886,1.18281672040739,SEC14L1;SLC3A2,2,0.518913236616536,0,0,0.284905251031414,200
whole_ckd_down_traditional,Whole Dataset CKD Down Traditional,GO Biological Process,GO_Biological_Process_2026,1082,DNA Metabolic Process (GO:0006259),0.4339262250504854,1.196705188099336,0.9991061222100556,BTG2;UBE2B;GADD45A;CNBP,4,0.5253635441923622,0,0,0.2795400668856942,200
whole_ckd_down_traditional,Whole Dataset CKD Down Traditional,GO Biological Process,GO_Biological_Process_2026,1089,Protein-containing Complex Assembly (GO:0065003),0.44059554577453885,1.185805665549802,0.971919471637375,NR4A1;HSF1;PXN;FERMT2,4,0.5285419706045003,0,0,0.2769205204129291,200
whole_ckd_down_traditional,Whole Dataset CKD Down Traditional,GO Biological Process,GO_Biological_Process_2026,1097,Calcium Ion Transport (GO:0006816),0.44363506810342584,1.3412503412503411,1.0901052026516995,SLC3A2;GAS6,2,0.5297738734872268,0,0,0.2759094633285398,200
whole_ckd_down_traditional,Whole Dataset CKD Down Traditional,GO Biological Process,GO_Biological_Process_2026,1100,Positive Regulation of Developmental Process (GO:0051094),0.4524247463334758,1.2154770537656687,0.9640359783665255,PINK1;CEBPB;ZBTB16,3,0.5369490968341049,0,0,0.2700668837825761,200
whole_ckd_down_traditional,Whole Dataset CKD Down Traditional,GO Biological Process,GO_Biological_Process_2026,1107,Organelle Organization (GO:0006996),0.4539284087501635,1.136126268849381,0.8973304590189384,PINK1;CHCHD2;NEDD9;CHCHD10;SLC25A33,5,0.5371691196591818,0,0,0.26988896165316256,200
whole_ckd_down_traditional,Whole Dataset CKD Down Traditional,GO Biological Process,GO_Biological_Process_2026,1109,Protein Processing (GO:0016485),0.46368296753757027,1.2886002886002885,0.9903591895699385,CPM;KLK1,2,0.5464148839934021,0,0,0.2624774792603374,200
whole_ckd_down_traditional,Whole Dataset CKD Down Traditional,GO Biological Process,GO_Biological_Process_2026,1117,Positive Regulation of ERK1 and ERK2 Cascade (GO:0070374),0.470271536490919,1.271950271950272,0.9596165405879008,GAS6;FERMT2,2,0.5510833459785404,0,0,0.25878271337828357,200
whole_ckd_down_traditional,Whole Dataset CKD Down Traditional,GO Biological Process,GO_Biological_Process_2026,1118,Positive Regulation of Cellular Process (GO:0048522),0.47031387847634204,1.0858160621761659,0.8190907545501444,ARG2;FLT1;SERTAD1;CNBP;NEDD9;SLC25A5;SLC25A33,7,0.5510833459785404,0,0,0.25878271337828357,200
whole_ckd_down_traditional,Whole Dataset CKD Down Traditional,GO Biological Process,GO_Biological_Process_2026,1123,Phosphorylation (GO:0016310),0.47820986013431094,1.1672140937593312,0.861060379086573,PINK1;SIK2;GAS6,3,0.5566993670695486,0,0,0.2543792724569537,200
whole_ckd_down_traditional,Whole Dataset CKD Down Traditional,GO Biological Process,GO_Biological_Process_2026,1124,Response to Lipopolysaccharide (GO:0032496),0.48006359373089397,1.2477606251191158,0.9156525356798261,NR4A1;ZFP36,2,0.5566993670695486,0,0,0.2543792724569537,200
whole_ckd_down_traditional,Whole Dataset CKD Down Traditional,GO Biological Process,GO_Biological_Process_2026,1125,Protein Localization to Plasma Membrane (GO:0072659),0.48006359373089397,1.2477606251191158,0.9156525356798261,TMEM88;GAS6,2,0.5566993670695486,0,0,0.2543792724569537,200
whole_ckd_down_traditional,Whole Dataset CKD Down Traditional,GO Biological Process,GO_Biological_Process_2026,1146,Regulation of Macromolecule Biosynthetic Process (GO:0010556),0.5118910416934445,1.1733309425617118,0.7857134223531504,TOB2;TOB1,2,0.5834146265681774,0,0,0.23402268704455575,200
whole_ckd_down_traditional,Whole Dataset CKD Down Traditional,GO Biological Process,GO_Biological_Process_2026,1147,Regulation of Protein Catabolic Process (GO:0042176),0.5118910416934445,1.1733309425617118,0.7857134223531504,PINK1;TIPARP,2,0.5834146265681774,0,0,0.23402268704455575,200
whole_ckd_down_traditional,Whole Dataset CKD Down Traditional,GO Biological Process,GO_Biological_Process_2026,1148,Ribosome Biogenesis (GO:0042254),0.5118910416934445,1.1733309425617118,0.7857134223531504,GLUL;RPL7,2,0.5834146265681774,0,0,0.23402268704455575,200
whole_ckd_down_traditional,Whole Dataset CKD Down Traditional,GO Biological Process,GO_Biological_Process_2026,1149,Protein Localization to Organelle (GO:0033365),0.5118910416934445,1.1733309425617118,0.7857134223531504,GABARAPL2;PINK1,2,0.5834146265681774,0,0,0.23402268704455575,200
whole_ckd_down_traditional,Whole Dataset CKD Down Traditional,GO Biological Process,GO_Biological_Process_2026,1150,Protein Ubiquitination (GO:0016567),0.5121578782850412,1.0776397515527951,0.7210728381081986,ANKRD9;PINK1;UBE2B;UBC,4,0.5834146265681774,0,0,0.23402268704455575,200
whole_ckd_down_traditional,Whole Dataset CKD Down Traditional,GO Biological Process,GO_Biological_Process_2026,1157,Actin Filament Organization (GO:0007015),0.518102407998783,1.1594896331738438,0.7624599263901536,SH3BP4;RHOB,2,0.586615518131725,0,0,0.2316464525217889,200
whole_ckd_down_traditional,Whole Dataset CKD Down Traditional,GO Biological Process,GO_Biological_Process_2026,1166,Positive Regulation of Response to External Stimulus (GO:0032103),0.5273210092073617,1.1393242772553118,0.729105774961238,NFKBIA;PLAT,2,0.592444701596607,0,0,0.2273521801908137,200
whole_ckd_down_traditional,Whole Dataset CKD Down Traditional,GO Biological Process,GO_Biological_Process_2026,1172,Regulation of Cytokine Production (GO:0001817),0.5334005682638644,1.1262626262626263,0.7078364657460958,PER1;RGCC,2,0.596207119817118,0,0,0.22460284199204322,200
whole_ckd_down_traditional,Whole Dataset CKD Down Traditional,GO Biological Process,GO_Biological_Process_2026,1174,Heart Development (GO:0007507),0.5394267994620252,1.1134944955169674,0.6873024571147923,CDKN1A;ID2,2,0.6019157643060077,0,0,0.2204642822584371,200
whole_ckd_down_traditional,Whole Dataset CKD Down Traditional,GO Biological Process,GO_Biological_Process_2026,1184,Central Nervous System Development (GO:0007417),0.5658943108649499,1.020932544874143,0.5812658496090922,COX7B;ZBTB16;DDIT4,3,0.6257466260166731,0,0,0.2036014833997892,200
whole_ckd_down_traditional,Whole Dataset CKD Down Traditional,GO Biological Process,GO_Biological_Process_2026,1188,Inflammatory Response (GO:0006954),0.5750750062469379,1.0068829045857353,0.557062801052426,CEBPB;ADM;FOS,3,0.6321167012423635,0,0,0.19920273496636978,200
whole_ckd_down_traditional,Whole Dataset CKD Down Traditional,GO Biological Process,GO_Biological_Process_2026,1196,Regulation of Canonical NF-kappaB Signal Transduction (GO:0043122),0.5818812611517757,0.9965931932000136,0.5396441227380592,NFKBIA;PER1;PINK1,3,0.6368124077767972,0,0,0.1959884833098051,200
whole_ckd_down_traditional,Whole Dataset CKD Down Traditional,GO Biological Process,GO_Biological_Process_2026,1197,Intracellular Protein Transport (GO:0006886),0.5818812611517757,0.9965931932000136,0.5396441227380592,DNAJC19;HSPA9;VPS37B,3,0.6368124077767972,0,0,0.1959884833098051,200
whole_ckd_down_traditional,Whole Dataset CKD Down Traditional,GO Biological Process,GO_Biological_Process_2026,1210,Neuron Differentiation (GO:0030182),0.604826200865932,0.9849238655208804,0.4952336400226655,ID2;DDIT4,2,0.6548118373011329,0,0,0.18388347827033513,200
whole_ckd_down_traditional,Whole Dataset CKD Down Traditional,GO Biological Process,GO_Biological_Process_2026,1211,Regulation of Programmed Cell Death (GO:0043067),0.607505270072967,0.97999799979998,0.4884255433235287,PINK1;MCL1,2,0.6556882905345732,0,0,0.18330257201691988,200
whole_ckd_down_traditional,Whole Dataset CKD Down Traditional,GO Biological Process,GO_Biological_Process_2026,1217,Generation of Neurons (GO:0048699),0.6128222215179961,0.970291146761735,0.47513255583903474,ID2;DDIT4,2,0.6596525145345726,0,0,0.1806847777322734,200
whole_ckd_down_traditional,Whole Dataset CKD Down Traditional,GO Biological Process,GO_Biological_Process_2026,1218,Defense Response to Virus (GO:0051607),0.6154601156600987,0.9655087459965509,0.46864359336640493,NDUFAF4;DDIT4,2,0.6614134583897302,0,0,0.17952697234198803,200
whole_ckd_down_traditional,Whole Dataset CKD Down Traditional,GO Biological Process,GO_Biological_Process_2026,1221,Supramolecular Fiber Organization (GO:0097435),0.6191337644590653,0.9419869470630892,0.4516205058959304,SH3BP4;EMD;RHOB,3,0.6642630888135754,0,0,0.1776598793813557,200
whole_ckd_down_traditional,Whole Dataset CKD Down Traditional,GO Biological Process,GO_Biological_Process_2026,1231,Neuron Projection Development (GO:0031175),0.6335420505971561,0.9332952163140842,0.4259829119553461,BTG2;SGK1,2,0.6739360595246386,0,0,0.17138130570931828,200
whole_ckd_down_traditional,Whole Dataset CKD Down Traditional,GO Biological Process,GO_Biological_Process_2026,1232,DNA Repair (GO:0006281),0.6338085689575228,0.9211779172052842,0.42006478693447047,BTG2;UBE2B;GADD45A,3,0.6739360595246386,0,0,0.17138130570931828,200
whole_ckd_down_traditional,Whole Dataset CKD Down Traditional,GO Biological Process,GO_Biological_Process_2026,1235,Protein Modification Process (GO:0036211),0.6427182391240704,0.9085151301900071,0.40160806678166666,PINK1;PLAT;SIK2;GAS6,4,0.6817497111356536,0,0,0.16637503740132073,200
whole_ckd_down_traditional,Whole Dataset CKD Down Traditional,GO Biological Process,GO_Biological_Process_2026,1243,Regulation of Intracellular Signal Transduction (GO:1902531),0.6639242179751128,0.8794981096265948,0.3602312257999248,USP2;SGK1;DHRS3,3,0.6997109618241334,0,0,0.15508132228274038,200
whole_ckd_down_traditional,Whole Dataset CKD Down Traditional,GO Biological Process,GO_Biological_Process_2026,1252,Defense Response to Bacterium (GO:0042742),0.6860605393564587,0.8445998445998446,0.3182362732133152,CEBPB;ADM,2,0.7163084212022194,0,0,0.14489994307541898,200
whole_ckd_down_traditional,Whole Dataset CKD Down Traditional,GO Biological Process,GO_Biological_Process_2026,1260,Positive Regulation of Intracellular Signal Transduction (GO:1902533),0.7141008508334128,0.8426401164757269,0.28374311558845383,PINK1;FLT1;DDIT3;RPS20;GAS6;FERMT2,6,0.7424381861839451,0,0,0.129339698935642,200
whole_ckd_down_traditional,Whole Dataset CKD Down Traditional,GO Biological Process,GO_Biological_Process_2026,1268,Chemical Synaptic Transmission (GO:0007268),0.7513088273379281,0.7417786891471102,0.2121030784801347,CRHBP;SNCG,2,0.7761944509563768,0,0,0.11002946637265895,200
whole_ckd_down_traditional,Whole Dataset CKD Down Traditional,GO Biological Process,GO_Biological_Process_2026,1275,Cellular Component Assembly (GO:0022607),0.7648379266444806,0.7461928934010152,0.2000478438828001,HSF1;NEDD9;GAS6,3,0.7858334775719761,0,0,0.10466947359614052,200
whole_ckd_down_traditional,Whole Dataset CKD Down Traditional,GO Biological Process,GO_Biological_Process_2026,1278,Regulation of Inflammatory Response (GO:0050727),0.7776798400305526,0.7016427621409828,0.17642130601697728,NFKBIA;NR4A3,2,0.7971522616901594,0,0,0.09845871737912677,200
whole_ckd_down_traditional,Whole Dataset CKD Down Traditional,GO Biological Process,GO_Biological_Process_2026,1290,Negative Regulation of Signal Transduction (GO:0009968),0.8272498672783891,0.6268416650582256,0.11887957688816918,SOCS2;IGFBP5,2,0.8400754466160386,0,0,0.07568170848855729,200
whole_ckd_down_traditional,Whole Dataset CKD Down Traditional,GO Biological Process,GO_Biological_Process_2026,1291,Protein Transport (GO:0015031),0.8285847502619369,0.6248196248196248,0.11748867902601025,DNAJC19;HSPA9,2,0.8406266215788853,0,0,0.0753968605573997,200
whole_ckd_down_traditional,Whole Dataset CKD Down Traditional,GO Biological Process,GO_Biological_Process_2026,1299,Proteolysis (GO:0006508),0.8759198460022958,0.5516967427079786,0.07308916637471612,CPM;PLAT,2,0.8833371811108601,0,0,0.05387348901126071,200
whole_ckd_down_traditional,Whole Dataset CKD Down Traditional,GO Biological Process,GO_Biological_Process_2026,1309,Nervous System Development (GO:0007399),0.9708554551999208,0.3679708235473831,0.010883724579623732,COX7B;ZBTB16,2,0.9715971324002264,0,0,0.01251377565426381,200
