cell_class,gene,mean_expr_case,mean_expr_control,diff_mean_log_expr,direction,cohen_d,t_stat,p_value,adj_p_value,pct_expr_case,pct_expr_control,pct_expr_diff,n_case_patients,n_control_patients,passes_expression_filter,rank_score
epithelial cells,WFDC2,1.9171665069245174,1.0117921584803329,0.9053743484441845,up_in_CKD,1.7194221924529385,4.623798189920225,0.00018978245079263455,0.016636248877992647,0.7021917808219178,0.46690387092816393,0.23528790989375387,15,18,True,2.769319953259144
epithelial cells,ITGB8,0.5409837326744807,0.2323872701609255,0.3085964625135552,up_in_CKD,2.1478221864539555,5.707507640891138,2.6460469775597038e-05,0.005704384995808943,0.33476961394769617,0.1964910128212993,0.13827860112639687,15,18,True,1.487207963989085
epithelial cells,TNFSF10,0.5359464900358252,0.22182300902273397,0.3141234810130912,up_in_CKD,1.8656164442599736,4.979585488658656,0.00010414448324459093,0.012067741995966975,0.2959651307596513,0.1895589227654745,0.1064062079941768,15,18,True,1.1242322480096123
epithelial cells,TBL1XR1,0.38216370742471095,0.22515406903879112,0.15700963838591983,up_in_CKD,2.506838297491226,6.769659286022838,1.5683620336446678e-06,0.0015303911633564283,0.2946450809464508,0.24139623335991656,0.053248847586534254,15,18,True,1.1080554909366835
epithelial cells,PIGR,1.028209474162355,0.5392602062077025,0.48894926795465254,up_in_CKD,1.5340246072926107,4.02146247008897,0.001121075079002057,0.0398556701144739,0.5416936488169365,0.3994233482608429,0.14227030055609358,15,18,True,1.0497166760922247
epithelial cells,TSPAN1,0.8197140393651529,0.41649255298428994,0.4032214863808629,up_in_CKD,1.6099923129877607,4.247913285877262,0.0006293963711346969,0.02993292426966894,0.45327521793275216,0.29783448868167595,0.15544072925107622,15,18,True,0.9892588203857262
epithelial cells,TNFRSF11B,0.3505472308060547,0.12946469614132358,0.22108253466473113,up_in_CKD,2.0204496601401054,5.352305199019282,5.968999728759673e-05,0.008748241499699948,0.20914072229140723,0.12079013557450463,0.0883505867169026,15,18,True,0.9193154535766125
epithelial cells,MAP3K1,0.24723688472385172,0.108251902172855,0.13898498255099673,up_in_CKD,2.471291968131452,6.599673844810054,3.735077093653425e-06,0.00227651327355484,0.19753424657534246,0.12747684191153916,0.07005740466380331,15,18,True,0.9077049392834993
epithelial cells,LRRK2,0.3015572085462474,0.1110402944758585,0.1905169140703889,up_in_CKD,2.1181940888077597,5.6102239066962465,3.5949026870071886e-05,0.0064708248366129395,0.20605230386052303,0.11373535365928471,0.09231695020123833,15,18,True,0.8833911786667814
epithelial cells,PROM1,0.32111803857834126,0.07659686717424408,0.24452117140409718,up_in_CKD,1.9527129177186524,5.096431513683538,0.00015096339922452906,0.014834152902372544,0.20707347447073474,0.07735721734862892,0.12971625712210583,15,18,True,0.8731848216166223
epithelial cells,MMP7,0.5594004997801838,0.19395279326660592,0.3654477065135779,up_in_CKD,1.5594422571675668,4.1383172385025775,0.0007146749211912341,0.03154779294972733,0.26906600249066004,0.11637322863627998,0.15269277385438007,15,18,True,0.8554294661502662
epithelial cells,CD74,0.7648632059966122,0.4303894144984552,0.334473791498157,up_in_CKD,1.6105636089154605,4.255104536626129,0.0006047888756215963,0.029624268834938957,0.47073474470734744,0.347279308017913,0.12345543668943443,15,18,True,0.8233101451150815
epithelial cells,SOD3,0.528882553557425,0.209243011714492,0.319639541842933,up_in_CKD,1.4708306035813916,4.009255267277623,0.000622403343484049,0.029889120297743543,0.24831880448318805,0.15029752775903318,0.09802127672415487,15,18,True,0.7167155787959633
epithelial cells,TPM1,0.8264828924977221,0.5087987968017591,0.317684095695963,up_in_CKD,1.4991512486494654,3.9781696088742744,0.0010078246085371966,0.03752995936419468,0.4473225404732254,0.38881050242316423,0.058512038050061166,15,18,True,0.6789617116480781
epithelial cells,TIMP1,0.41716937512980273,0.12705489934390413,0.2901144757858986,up_in_CKD,1.525605377804998,4.075395766006329,0.0007322947137350319,0.031892646885711404,0.22617683686176837,0.07330838598858966,0.1528684508731787,15,18,True,0.6622668620977807
epithelial cells,LAPTM4A,1.39553740609126,1.098030454261888,0.29750695182937203,up_in_CKD,1.4650228662823355,3.967898191824721,0.000753786407993313,0.03209001149069121,0.7144209215442092,0.7068891479050365,0.007531773639172679,15,18,True,0.6510053934029252
epithelial cells,STAT1,0.2697556032894826,0.1360347522486449,0.13372085104083772,up_in_CKD,2.0960108578109367,5.613938137499306,2.443911396959345e-05,0.00539406158328884,0.21379825653798257,0.15176983007177475,0.06202842646620782,15,18,True,0.6356994181794836
epithelial cells,HLA-DRA,0.4172531748398232,0.19653995398454574,0.22071322085527748,up_in_CKD,1.6820531900486762,4.500069929002751,0.00027908852023756785,0.020594172780860887,0.2865504358655044,0.16735169621495613,0.11919873965054825,15,18,True,0.626024731651265
epithelial cells,TFPI,0.28379064787335884,0.1458395155628781,0.13795113231048073,up_in_CKD,1.8859556965406479,5.214673086979046,2.395531844113251e-05,0.005318941364055051,0.19521793275217933,0.12618857738789033,0.069029355364289,15,18,True,0.5916714289463673
epithelial cells,FGL2,0.4517219226555354,0.23593398409302382,0.21578793856251158,up_in_CKD,1.628229541650336,4.385644630700077,0.0003148607756994032,0.021238599537267897,0.27110834371108344,0.19054045764063554,0.0805678860704479,15,18,True,0.587768164820142
epithelial cells,CDH6,0.2633472797191084,0.07499766686840582,0.18834961285070256,up_in_CKD,1.7810090456828338,4.687326548638399,0.00027033609317580137,0.020250630979714575,0.15476961394769614,0.06398380467455984,0.0907858092731363,15,18,True,0.5681091891190303
epithelial cells,ITGB6,0.29456696897510937,0.11202518901716517,0.18254177995794418,up_in_CKD,1.7039851562523824,4.5985194359538735,0.00018615555041010892,0.01655311225229458,0.20356164383561645,0.11888841175388012,0.08467323208173633,15,18,True,0.5540147805383955
epithelial cells,KANSL1L,0.2654231742363165,0.14119508398199643,0.12422809025432008,up_in_CKD,2.0453542467422645,5.458274258183543,3.8174151413581994e-05,0.006708519120453177,0.20931506849315068,0.16158517882338508,0.0477298896697656,15,18,True,0.5522334137622776
epithelial cells,SAMD12,0.15563584804829728,0.0763881618750737,0.07924768617322357,up_in_CKD,2.5735736506972935,6.85008067418164,2.7163613336338934e-06,0.002014453565022895,0.13364881693648817,0.0962517636954788,0.037397053241009365,15,18,True,0.5498164715757216
epithelial cells,CFI,0.40146329012588994,0.21788222068589647,0.18358106943999347,up_in_CKD,1.7297189883692048,4.58671655624774,0.0002803227209539048,0.020594172780860887,0.30794520547945203,0.22010919575486165,0.08783600972459038,15,18,True,0.5354597930345956
epithelial cells,ADAM10,0.3107440819920749,0.15619064545306985,0.15455343653900508,up_in_CKD,1.864386996726755,4.941395848056169,0.00013565117792733964,0.013863316122902506,0.23636363636363636,0.17704435310717134,0.059319283256465016,15,18,True,0.535416188654044
epithelial cells,PLEKHA1,0.34081085117125576,0.20846817046474067,0.1323426807065151,up_in_CKD,1.9174774626771152,5.137906783811883,6.668587552701855e-05,0.00912439950015442,0.2495392278953923,0.22041592540334948,0.029123302492042813,15,18,True,0.5176269375247369
epithelial cells,MDM4,0.424583924581136,0.2540496646897104,0.17053425989142557,up_in_CKD,1.634938257400754,4.4248111546318984,0.0002623527186109742,0.019975439026888957,0.3213947696139477,0.273173424943255,0.04822134467069267,15,18,True,0.4738436915494478
epithelial cells,COL4A2,0.31714493257756965,0.1700909257697141,0.14705400680785555,up_in_CKD,1.779662343401026,4.749764850194396,0.0001708884071838268,0.015734200586120402,0.22971357409713575,0.17097110606711244,0.05874246803002331,15,18,True,0.471897428100041
epithelial cells,RNF144B,0.1712668787846415,0.06002452963211578,0.11124234915252572,up_in_CKD,1.9714570254380288,5.299461461775981,4.278396804021125e-05,0.007178414185208295,0.13337484433374844,0.06766456045641371,0.06571028387733473,15,18,True,0.4701933379147711
epithelial cells,SLC35F5,0.3757720670049933,0.20357806577338777,0.17219400123160555,up_in_CKD,1.662131292971346,4.407406108833893,0.0004091558337251051,0.02431329858097259,0.2956911581569116,0.23047665787375007,0.06521450028316153,15,18,True,0.4619860691392217
epithelial cells,PTEN,0.30656711538371867,0.2092463045139294,0.09732081086978928,up_in_CKD,2.103596343231754,5.609938150793983,2.8523932359718437e-05,0.005899715018897294,0.2466002490660025,0.22980185264707687,0.016798396418925637,15,18,True,0.45636372282595095
epithelial cells,ARRDC3,0.3892350536893001,0.23225347499154717,0.15698157869775295,up_in_CKD,1.6417366190790623,4.460604618835568,0.0002236723859624235,0.018330040818454584,0.28869240348692404,0.23556837003864795,0.0531240334482761,15,18,True,0.4476216995810655
epithelial cells,MACC1,0.3076423984026359,0.13958122707318174,0.16806117132945417,up_in_CKD,1.6319904990938796,4.335260782446095,0.00046032508532016297,0.02536233902477213,0.2239601494396015,0.14226121096865224,0.08169893847094925,15,18,True,0.437689757769271
epithelial cells,BICC1,0.6081711840913259,0.41201094265800703,0.19616024143331884,up_in_CKD,1.4691653239247147,3.9804323925618235,0.0007284232167211513,0.03187389374726121,0.40684931506849314,0.3807128397030857,0.02613647536540742,15,18,True,0.43129776330486647
epithelial cells,TNFAIP8,0.1182717600520307,0.04951742863188239,0.0687543314201483,up_in_CKD,2.3273424551586657,6.332024567358175,2.8586409163566862e-06,0.0020677087919813287,0.1046824408468244,0.05613152567327158,0.048550915173552825,15,18,True,0.4295616308240974
epithelial cells,HOXB3,0.27368063820046357,0.13647790167623444,0.13720273652422912,up_in_CKD,1.734157532646819,4.6655654765805235,0.00017100547023210684,0.015734200586120402,0.21412204234122043,0.16146248696398993,0.052659555377230494,15,18,True,0.4290268346433005
epithelial cells,MDK,0.19464889153107218,0.057572916638232684,0.13707597489283949,up_in_CKD,1.828340507496479,4.78361115617011,0.00025703118221677906,0.019781111710266582,0.13843088418430885,0.05564075823569106,0.08279012594861779,15,18,True,0.42699630427131774
epithelial cells,ARHGAP29,0.5737019922859167,0.34165229610385595,0.23204969618206073,up_in_CKD,1.3926498948495702,3.718687409720043,0.0016197492436191253,0.04821777449399034,0.3731506849315068,0.3137230844733452,0.059427600458161645,15,18,True,0.4255400210897088
epithelial cells,TMED2,0.538316732597728,0.3762844681186241,0.16203226447910396,up_in_CKD,1.5950797545508675,4.300469421639133,0.00037575474042199055,0.02329930731579834,0.40816936488169364,0.3862339733758665,0.02193539150582713,15,18,True,0.4219673577745759
epithelial cells,HOXA3,0.11639975492479195,0.03871582255063212,0.07768393237415983,up_in_CKD,2.296834629793351,6.0324899481212535,2.1863181897927422e-05,0.004973538556902753,0.09058530510585305,0.046438868781056374,0.04414643632479668,15,18,True,0.4109774031876187
epithelial cells,NRP1,0.16530239894212292,0.06194919861143696,0.10335320033068596,up_in_CKD,1.993594358533201,5.248152692807255,8.852380518622274e-05,0.01070304422904395,0.12144458281444583,0.0640451506042574,0.05739943221018842,15,18,True,0.40600889743099805
epithelial cells,PAX2,0.4100979985712191,0.23448719933700657,0.17561079923421252,up_in_CKD,1.532600641846384,4.08293689189363,0.0007537131993015913,0.03209001149069121,0.29865504358655043,0.24102815778173117,0.057626885804819256,15,18,True,0.40199744012468097
epithelial cells,PKHD1,0.45826282236667776,0.26789727853444933,0.19036554383222842,up_in_CKD,1.4862184841010895,3.9522730967609667,0.0010306337111914729,0.03813961877343295,0.3221170610211706,0.2737255383105331,0.04839152271063751,15,18,True,0.4013637988816214
epithelial cells,NFIA,0.365612510356776,0.22576046763196173,0.13985204272481427,up_in_CKD,1.6405075300055667,4.445542992696613,0.00024386691385769985,0.019368635748187188,0.26221668742216686,0.21280903012085148,0.04940765730131538,15,18,True,0.39298800718566695
epithelial cells,PAPPA2,0.31145690372981893,0.11615976826944079,0.19529713546037814,up_in_CKD,1.4231880290087606,3.8431949059415755,0.0010507277498326471,0.038575232637420354,0.14806973848069738,0.09042390037421016,0.05764583810648721,15,18,True,0.3929278261726336
epithelial cells,HNF1B,0.28698934167737494,0.1717011512354691,0.11528819044190583,up_in_CKD,1.774706510433074,4.794814324823632,0.0001157577406926203,0.012869515149259393,0.22657534246575342,0.20023311453285075,0.026342227932902668,15,18,True,0.38678868511049597
epithelial cells,RNF213,0.2999711737683453,0.16758978607460642,0.1323813876937389,up_in_CKD,1.6628871248707124,4.470681606046915,0.00026934226236776537,0.0202170264951351,0.22993773349937732,0.1745291699895712,0.055408563509806136,15,18,True,0.372971443553739
epithelial cells,GALNT7,0.11240793723985769,0.055293201425457385,0.057114735814400304,up_in_CKD,2.442417030169312,6.551439911086531,3.3536717395529633e-06,0.002157495397189006,0.09865504358655043,0.07036378136310656,0.028291262223443872,15,18,True,0.37190866907375036
epithelial cells,CXADR,0.2842443303152261,0.15076888631722893,0.13347544399799718,up_in_CKD,1.6598856585615709,4.44222949092449,0.00031491406833951136,0.021238599537267897,0.2336239103362391,0.17630820195080057,0.057315708385438535,15,18,True,0.37063191224360886
epithelial cells,FTX,0.27281934495572285,0.09352721565325617,0.17929212930246669,up_in_CKD,1.456389740440794,3.864414582136622,0.0012880490921837208,0.04296885341310567,0.18677459526774595,0.08944236549904913,0.09733222976869682,15,18,True,0.3569098195251768
epithelial cells,TRAM1,0.7171485798463723,0.5178418410074292,0.199306738838943,up_in_CKD,1.356790796502989,3.662847105757578,0.001598844813552549,0.04811247992522121,0.4852054794520548,0.47739402490644745,0.0078114545456073325,15,18,True,0.3563406312980519
epithelial cells,SPRY1,0.18375391134156496,0.0748895841618305,0.10886432717973446,up_in_CKD,1.7411836018504392,4.713548197361757,0.00013340309687088047,0.013807117794168381,0.14,0.08582295564689282,0.05417704435310719,15,18,True,0.35254864361497673
epithelial cells,TIA1,0.28691852799974027,0.1636096772964747,0.12330885070326558,up_in_CKD,1.6780316757906013,4.481793205749092,0.0003008152789613156,0.020971470445679496,0.227546699875467,0.18876142567940618,0.038785274196060815,15,18,True,0.3472821022515233
epithelial cells,TMEM159,0.1436182878852019,0.06766013250472355,0.07595815538047834,up_in_CKD,2.1042295325929126,5.54868093552679,4.694890232839645e-05,0.007439595292038207,0.1273972602739726,0.07784798478620944,0.04954927548776317,15,18,True,0.3401974971564291
epithelial cells,VCAM1,0.3191929483746786,0.1414656140616096,0.177727334313069,up_in_CKD,1.446163931960691,3.80987499631103,0.0016050468626617757,0.04811247992522121,0.15860523038605231,0.07747990920802404,0.08112532117802827,15,18,True,0.33868988446403514
epithelial cells,CDC42,1.0729678939224885,0.8809273020849974,0.19204059183749111,up_in_CKD,1.2659751293728305,3.571568757825124,0.0013126508732919787,0.043264972783703615,0.6202988792029888,0.6506962763020674,-0.030397397099078627,15,18,True,0.3315806184109904
epithelial cells,DGKH,0.11233627801893521,0.044799457885573685,0.06753682013336153,up_in_CKD,2.056231765292805,5.556877769093101,2.0541454154014463e-05,0.004820741266018078,0.08221668742216687,0.0507330838598859,0.03148360356228097,15,18,True,0.32174912250182275
epithelial cells,PAM,0.3053495683514703,0.19752805082188904,0.10782151752958127,up_in_CKD,1.7311743845164567,4.603052043713286,0.0002550152289788892,0.019741053633689377,0.24859277708592778,0.21403594871480278,0.034556828371125003,15,18,True,0.31818250825787087
epithelial cells,YPEL2,0.13624927897326658,0.07217729072983976,0.06407198824342682,up_in_CKD,2.041146541865538,5.558256866504782,1.602726841429107e-05,0.0042445840324071065,0.11960149439601495,0.08146739463836575,0.0381340997576492,15,18,True,0.3102324734475161
epithelial cells,KANSL1,0.2545358268695861,0.1425564486741193,0.1119793781954668,up_in_CKD,1.6407840922495855,4.423026633913632,0.00028460216768704823,0.02070824670008437,0.19484433374844334,0.1606649898779216,0.03417934387052174,15,18,True,0.3093816917479132
epithelial cells,SYTL2,0.2452871977623702,0.12610837770746805,0.11917882005490216,up_in_CKD,1.622894894096841,4.315867391409256,0.0004697546973610981,0.02557783286071882,0.19539227895392278,0.1374762284522422,0.05791605050168058,15,18,True,0.3079425537893283
epithelial cells,TMEM139,0.20969387319510185,0.10705103651662216,0.10264283667847969,up_in_CKD,1.7308474376718468,4.603272101624934,0.00025355991270884203,0.019669459337330258,0.16595267745952677,0.11085209496349917,0.0551005824960276,15,18,True,0.30312328704668995
epithelial cells,CARHSP1,0.34237388272571334,0.2125930538679962,0.12978082885771713,up_in_CKD,1.483647148612105,4.051051956509703,0.0005490101135455616,0.02765936822047476,0.23594022415940225,0.18029568738114227,0.05564453677825998,15,18,True,0.30002164795286085
epithelial cells,XPO1,0.28265084419722236,0.1773530264655578,0.10529781773166455,up_in_CKD,1.6757452405454467,4.4603040328930215,0.0003384333042764178,0.02205466945970048,0.23193026151930263,0.19925157965768972,0.03267868186161291,15,18,True,0.29229316532785793
epithelial cells,DPYSL2,0.19787329127041564,0.09237519590462716,0.10549809536578848,up_in_CKD,1.665562544615827,4.428903403952347,0.0003692851594120961,0.02313022586317656,0.14333748443337485,0.08686583645175143,0.05647164798162342,15,18,True,0.28743596795986626
epithelial cells,SLC40A1,0.27371949073209223,0.18693305728839613,0.0867864334436961,up_in_CKD,1.6329175651301797,4.6349958059441,7.038894756915879e-05,0.009422462728752374,0.22458281444582814,0.20299368136924115,0.021589133076586997,15,18,True,0.28709147358839077
epithelial cells,SEL1L3,0.06019309201822678,0.012059845540945253,0.048133246477281524,up_in_CKD,2.4260661169248827,6.397666925536087,9.571395507086593e-06,0.0035475447022171092,0.05200498132004981,0.012698607447395866,0.03930637387265395,15,18,True,0.28610579618396703
epithelial cells,GALNT3,0.1951889789946138,0.09498970787072968,0.10019927112388412,up_in_CKD,1.6936720275273587,4.5103432605425,0.00030065068480187516,0.020971470445679496,0.16298879202988792,0.11465554260474818,0.04833324942513974,15,18,True,0.2848274714444066
epithelial cells,PLOD2,0.2696444288058238,0.14624730518464174,0.12339712362118205,up_in_CKD,1.5522360502904329,4.1099966089767435,0.0007889975095590025,0.032687319797004066,0.2192029887920299,0.17023495491074167,0.04896803388128823,15,18,True,0.28455796121519666
epithelial cells,ZDHHC2,0.32454898295250023,0.20346651174273195,0.12108247120976828,up_in_CKD,1.5320319774987368,4.118506100219414,0.0005987044381075435,0.029408217421941954,0.2640099626400996,0.23716336421078463,0.026846598429315,15,18,True,0.2841024526883469
epithelial cells,BTBD7,0.26916723770564116,0.1680482622408488,0.10111897546479237,up_in_CKD,1.671564739398795,4.470040391118914,0.0003008851746791125,0.020971470445679496,0.21566625155666252,0.19047911171093798,0.025187139845724543,15,18,True,0.2836898902819725
epithelial cells,RUFY3,0.1710513906805856,0.09125992538864254,0.07979146529194307,up_in_CKD,1.8770541679468327,4.9877334371925315,0.00011522246959698722,0.012869515149259393,0.1457783312577833,0.10870498742408441,0.037073343833698896,15,18,True,0.283136358467928
epithelial cells,MYO6,0.6419587349580519,0.5049203354517764,0.1370383995062755,up_in_CKD,1.3968274563945056,3.818996267541714,0.0009459965781532472,0.03616242589476537,0.4418430884184309,0.4555548739341145,-0.013711785515683583,15,18,True,0.27597689533036807
epithelial cells,PPFIBP1,0.30142512192412024,0.1800473551751653,0.12137776674895495,up_in_CKD,1.4868048924145436,4.018776635251119,0.000689974677442009,0.03103004494961994,0.21942714819427148,0.17563339672412737,0.04379375147014411,15,18,True,0.2721805749574393
epithelial cells,GPC4,0.1667800319080318,0.07862195587090286,0.08815807603712895,up_in_CKD,1.7804538850955083,4.710063673088063,0.0002289001491360392,0.018531916004288936,0.13621419676214197,0.08520949634991719,0.05100470041222478,15,18,True,0.27186963191511654
epithelial cells,FAT1,0.4151994127962992,0.2801826466949931,0.13501676610130608,up_in_CKD,1.395984207595629,3.8137684194508323,0.0009672119463371455,0.036525551247450785,0.3005728518057285,0.27335746273234773,0.02721538907338078,15,18,True,0.27092358923667736
epithelial cells,MARCKS,0.362359743380097,0.2211552036807648,0.14120453969933222,up_in_CKD,1.3946520249687566,3.7565618608078823,0.0013267681439868685,0.04342842345451871,0.27608966376089666,0.23151953867860867,0.044570125082288,15,18,True,0.2682647845045456
epithelial cells,RBBP4,0.418949346608473,0.3121886375349923,0.10676070907348068,up_in_CKD,1.5464965695363138,4.19038798580789,0.00044435546204001764,0.025002580474118137,0.3259277708592777,0.32366112508435063,0.0022666457749270785,15,18,True,0.26450082670904485
epithelial cells,MAP3K21,0.156257316837461,0.04438162732149291,0.11187568951596809,up_in_CKD,1.534901831461313,4.096124502801148,0.0007114071866409231,0.03144097554308156,0.11643835616438356,0.04226734556162199,0.07417101060276157,15,18,True,0.258007281284271
epithelial cells,GPX8,0.07832096796307988,0.021385855302789348,0.05693511266029054,up_in_CKD,2.07690831408798,5.518640849613132,3.877576117695811e-05,0.006757958370281215,0.07414694894146949,0.02607202012146494,0.04807492882000455,15,18,True,0.2566221647050868
epithelial cells,LAMP2,0.5517839500010986,0.42923587200007085,0.12254807800102774,up_in_CKD,1.4217786312030514,3.849091144119454,0.00100133616459095,0.037466745694280955,0.4083935242839352,0.41475983068523403,-0.006366306401298816,15,18,True,0.24852256064860292
epithelial cells,NPDC1,0.12963858675973322,0.01884868453296499,0.11078990222676824,up_in_CKD,1.5730371777328178,4.1080367299951535,0.0010049737202483318,0.03752711535428816,0.10400996264009962,0.01920127599533771,0.08480868664476192,15,18,True,0.24845832448617317
epithelial cells,ARID1B,0.3353030354559114,0.20536223010210927,0.12994080535380212,up_in_CKD,1.3834643998468343,3.7371495185336348,0.001336777064283562,0.043642884305971755,0.2621917808219178,0.21691920741058832,0.04527257341132948,15,18,True,0.24450069036492503
epithelial cells,ENPP5,0.12544918174113928,0.07224422941397869,0.05320495232716059,up_in_CKD,2.050950657567127,5.508715530006256,2.7860175568376786e-05,0.005862448382066464,0.11466998754669988,0.08784737132691246,0.026822616219787418,15,18,True,0.24354884972460358
epithelial cells,PPP1R9A,0.21482697074969279,0.11278942918635369,0.1020375415633391,up_in_CKD,1.5909127358201758,4.190665195680124,0.0007302223814398078,0.03187389374726121,0.17295143212951433,0.1312189436230906,0.04173248850642372,15,18,True,0.2429416037830554
epithelial cells,FAM111A,0.1869291499341462,0.11081734599413565,0.07611180394001055,up_in_CKD,1.7448527990727924,4.700572696485756,0.0001533553355913235,0.014834152902372544,0.155093399750934,0.13532912091282742,0.01976427883810658,15,18,True,0.24286342801668184
epithelial cells,APOL6,0.08881623105365882,0.035514574989921485,0.05330165606373734,up_in_CKD,2.0713746846731427,5.530679961700589,3.2273363336348585e-05,0.006331726521226484,0.07880448318804484,0.039016011287651066,0.03978847190039377,15,18,True,0.24272888531689074
epithelial cells,CTXN1,0.12509369485964345,0.04748533165002305,0.07760836320962039,up_in_CKD,1.7797327107454737,4.716554099125858,0.00021659189713657987,0.018007236649830453,0.10478206724782067,0.053677688485368996,0.05110437876245168,15,18,True,0.24096138833918723
epithelial cells,PCMTD1,0.5311958772266864,0.4064672953547973,0.12472858187188907,up_in_CKD,1.3951148395361803,3.7614248050359915,0.0012956628322551853,0.04296885341310567,0.3789788293897883,0.3958039384086866,-0.016825109018898332,15,18,True,0.23784586396062501
epithelial cells,PARP14,0.19725131140610275,0.10941715263798585,0.0878341587681169,up_in_CKD,1.6796737003027173,4.433542323544502,0.00042531436358998325,0.024655103479252222,0.15843088418430884,0.12459358321575363,0.03383730096855521,15,18,True,0.23724636984317782
epithelial cells,EFHC1,0.16348657620590465,0.07469112488371861,0.08879545132218604,up_in_CKD,1.662236608844181,4.396120673027771,0.0004417355403684326,0.025002580474118137,0.13013698630136986,0.09091466781179068,0.039222318489579175,15,18,True,0.2364559164371525
epithelial cells,GALNT1,0.1476395688135801,0.09878880311284309,0.048850765700737,up_in_CKD,2.0058864987141076,5.520817073988272,1.2648467998664778e-05,0.004024240198786193,0.12485678704856787,0.11342862401079688,0.011428163037770986,15,18,True,0.23471484867675318
epithelial cells,WDFY3,0.21398232675996398,0.13763277243441663,0.07634955432554735,up_in_CKD,1.6952106380407204,4.56655505089065,0.00020812004468204827,0.017538843765478068,0.1687920298879203,0.15262867308754063,0.01616335680037967,15,18,True,0.2272764565089837
epithelial cells,TNFAIP2,0.1182531104907097,0.03503651576478746,0.08321659472592224,up_in_CKD,1.6772809800937127,4.443884621542319,0.00038534142771286326,0.023578317062034605,0.0837359900373599,0.02870989509846022,0.055026094938899685,15,18,True,0.22716077574334095
epithelial cells,CAPRIN1,0.3419183073367644,0.24488532180545708,0.09703298553130735,up_in_CKD,1.5226074211561793,4.098926287785558,0.000611633561786563,0.029723948192720517,0.2734495641344956,0.26274461689466905,0.010704947239826568,15,18,True,0.22558804667795224
epithelial cells,SORBS2,0.24657018818393553,0.14802333367450948,0.09854685450942605,up_in_CKD,1.506406406829373,4.053952023139758,0.0006814123064954459,0.030978091328613247,0.19706102117061022,0.16679958284767807,0.030261438322932155,15,18,True,0.22400537028334588
epithelial cells,TMX1,0.24633053501376273,0.15349188365114974,0.09283865136261299,up_in_CKD,1.5437767745689988,4.153439126943454,0.000545550096281643,0.027597541023360605,0.21023661270236613,0.17968222808416662,0.03055438461819951,15,18,True,0.22345781403545137
epithelial cells,VEZT,0.20525997652318842,0.12605085673345875,0.07920911978972967,up_in_CKD,1.6527576100751897,4.459400357910575,0.0002571331133858817,0.019781111710266582,0.1674719800747198,0.1516471382123796,0.015824841862340205,15,18,True,0.22304374285929535
epithelial cells,DNAJC10,0.3040134680339186,0.19600286763153707,0.10801060040238153,up_in_CKD,1.4806987198135133,3.92073518473913,0.0011783631720927736,0.0409409450196389,0.25148194271481944,0.22231764922397398,0.029164293490845455,15,18,True,0.22195919972607914
epithelial cells,PKD2,0.2557625130942448,0.15128440575537738,0.10447810733886742,up_in_CKD,1.5115672714165458,3.9855758546653792,0.0010985952188478413,0.03951251066983098,0.203013698630137,0.17048033862953194,0.032533360000605055,15,18,True,0.22161164910105044
epithelial cells,FZD1,0.1345723128920592,0.05875426249479977,0.07581805039725943,up_in_CKD,1.7492803585278194,4.6014754708420265,0.00032500997415641,0.021714179894990422,0.10789539227895392,0.06551745291699895,0.04237793936195497,15,18,True,0.22059277279058292
epithelial cells,TRIM22,0.07230720721107688,0.02066329773431856,0.051643909476758315,up_in_CKD,2.094433520921826,5.480187088572701,6.861389651044841e-05,0.009285413440173092,0.06620174346201743,0.026378749769952765,0.03982299369206467,15,18,True,0.2198122400394387
epithelial cells,ATF7IP,0.21426577402410757,0.10620180655054368,0.1080639674735639,up_in_CKD,1.4565272160529832,3.877288318695441,0.0011942836323323362,0.041117954583921104,0.16605230386052303,0.11293785657321637,0.05311444728730666,15,18,True,0.21814882160865492
epithelial cells,SAMD9,0.07415456862932808,0.03144807452317541,0.04270649410615267,up_in_CKD,2.187863185748639,5.824177810163944,1.967205000257369e-05,0.0046758949621502075,0.06754669987546699,0.04312618857738789,0.024420511298079102,15,18,True,0.21771843887480866
epithelial cells,FLOT2,0.18208959316581563,0.1251775023584226,0.05691209080739304,up_in_CKD,1.839448519756735,5.011048732992349,5.718110927951073e-05,0.008515162779454851,0.156612702366127,0.14324274584381327,0.013369956522313736,15,18,True,0.21668160286264618
epithelial cells,CMPK1,0.38442802259058,0.3005711298891182,0.0838568927014618,up_in_CKD,1.4462844889047992,4.208344020230785,0.0002040673285011425,0.01739498055361463,0.2937235367372354,0.3107171339181645,-0.016993597180929132,15,18,True,0.21340300808230184
epithelial cells,NFIB,0.38628378681466574,0.2896926291130852,0.09659115770158055,up_in_CKD,1.3841502523048803,3.9106850851849746,0.0005297592798202802,0.026982794087549437,0.280747198007472,0.267959020918962,0.012788177088509989,15,18,True,0.20975846274679932
epithelial cells,CTSS,0.063850742006577,0.015901961071813575,0.04794878093476343,up_in_CKD,2.0979641992531737,5.516797794616421,5.463705087598169e-05,0.008303040354431973,0.05942714819427148,0.02018281087049874,0.039244337323772735,15,18,True,0.20931397655687597
epithelial cells,PRKD3,0.12054068235052957,0.06435850863469052,0.05618217371583906,up_in_CKD,1.918660476013758,5.089683597986352,9.769126375214598e-05,0.011463266012435356,0.09987546699875467,0.08091528127108766,0.018960185727667014,15,18,True,0.20919591521613431
epithelial cells,PLS1,0.15077819281051935,0.08600122437958417,0.06477696843093518,up_in_CKD,1.7603666089873133,4.723378395904358,0.0001597583630027689,0.015035127157722516,0.12550435865504359,0.0971106067112447,0.02839375194379888,15,18,True,0.20786668658136312
epithelial cells,NHSL1,0.1416271129274852,0.0818751279239293,0.0597519850035559,up_in_CKD,1.6872452348733784,4.7436747129742285,5.919328021932977e-05,0.008709868375129952,0.12186799501867995,0.09048524630390774,0.031382748714772216,15,18,True,0.20768031040607446
epithelial cells,ORC4,0.22676866308346166,0.16491928800602457,0.061849375077437097,up_in_CKD,1.77589492759805,4.795811873708672,0.00011675482481739674,0.012869515149259393,0.19389788293897883,0.19109257100791363,0.002805311931065202,15,18,True,0.20764189255923
epithelial cells,AKAP12,0.18451609609079425,0.09219169006635543,0.09232440602443882,up_in_CKD,1.501446041586074,4.035827402610619,0.0007235621275995433,0.031826433797616925,0.12448318804483188,0.06557879884669653,0.05890438919813536,15,18,True,0.20754370112797643
epithelial cells,FLRT3,0.20475853895001497,0.11361983941240417,0.0911386995376108,up_in_CKD,1.4372616181399147,3.9976540376806486,0.0004913330911774035,0.02607151973245965,0.15327521793275217,0.10189558922765475,0.05137962870509742,15,18,True,0.20746661529804128
epithelial cells,NHLRC3,0.24383096339062577,0.15080483212642337,0.0930261312642024,up_in_CKD,1.4873781715664491,4.006001857064814,0.0007506555093744554,0.03203027190748539,0.20012453300124533,0.1765535856695908,0.023570947331654518,15,18,True,0.20677815939666613
epithelial cells,TPBG,0.08452572834635845,0.026444839092729593,0.05808088925362886,up_in_CKD,1.9140415128919046,5.040491844625243,0.00013172617189468366,0.013807117794168381,0.07257783312577833,0.03263603459910435,0.039941798526673976,15,18,True,0.20676331986779892
epithelial cells,MET,0.26267783660549265,0.14684549329233543,0.11583234331315723,up_in_CKD,1.3544295548885457,3.656610821205462,0.001621224729138966,0.04821777449399034,0.1941469489414695,0.1560026992209067,0.038144249720562795,15,18,True,0.206587347794326
epithelial cells,DDX58,0.03742984263590301,0.015131865174071887,0.022297977461831122,up_in_CKD,2.702750829219562,7.392755414692062,2.1730702154536452e-07,0.0003837021123286722,0.03339975093399751,0.01772897368259616,0.01567077725140135,15,18,True,0.20586858622947526
epithelial cells,DYRK2,0.07485662033416625,0.03489292527106943,0.03996369506309682,up_in_CKD,2.195465257589946,5.847889145396172,1.835482993021358e-05,0.004537313958748798,0.06926525529265255,0.04202196184283173,0.02724329344982082,15,18,True,0.20558990257592766
epithelial cells,TMEM54,0.1932358254025712,0.09613670988355241,0.09709911551901879,up_in_CKD,1.5142872724403538,3.982417712020149,0.0011527624779419227,0.04047768246409705,0.16259028642590287,0.10864364149438685,0.05394664493151602,15,18,True,0.20478937832041624
epithelial cells,EIF2S3,0.42884626757828764,0.32728430195515,0.10156196562313763,up_in_CKD,1.3571973625785765,3.793946395030162,0.0007898554082555459,0.032687319797004066,0.3348692403486924,0.3387522237899515,-0.0038829834412590913,15,18,True,0.20477740875275685
epithelial cells,THBS1,0.3808474702354766,0.2554054014427358,0.12544206879274078,up_in_CKD,1.209243417431883,3.5068626244915633,0.0014090071518744278,0.04486450684762048,0.26037359900373597,0.21599901846512484,0.044374580538611125,15,18,True,0.20449284390125774
epithelial cells,ATP11A,0.17271853396234246,0.09092663278176412,0.08179190118057834,up_in_CKD,1.5825520993145479,4.222018828345532,0.0005426476958928033,0.027488219349323967,0.1478455790784558,0.10073001656340101,0.04711556251505479,15,18,True,0.20203677712406745
epithelial cells,SESTD1,0.17488292637857025,0.10224600732616512,0.07263691905240513,up_in_CKD,1.6490053218017253,4.434416220558049,0.00029093571437512696,0.020774087452292034,0.14082191780821918,0.1180909146678118,0.02273100314040738,15,18,True,0.2015249758699332
epithelial cells,HLA-DPB1,0.12025253459421173,0.04054056554754335,0.07971196904666839,up_in_CKD,1.6413270778865707,4.315994250699456,0.0005834298355656261,0.0289360236622257,0.10221668742216687,0.040856389178578,0.06136029824358887,15,18,True,0.20129520659734118
epithelial cells,PRKACB,0.2396460869015784,0.1553187305832191,0.0843273563183593,up_in_CKD,1.5584500439120688,4.156574823629925,0.0006292651582225815,0.02993292426966894,0.20405977584059776,0.182442794920557,0.021616980920040746,15,18,True,0.20026443668434404
epithelial cells,TP53,0.12368655406565451,0.061346388643556654,0.06234016542209786,up_in_CKD,1.7882875113355243,4.758098944892782,0.00018064849057319732,0.016258364151587757,0.11459526774595268,0.07533280166860928,0.03926246607734339,15,18,True,0.19943298015032931
epithelial cells,ZNF462,0.08721763436518669,0.04668828683507605,0.040529347530110636,up_in_CKD,2.0604195945735033,5.606817910175755,1.4650706625947775e-05,0.0041788323206934114,0.07188044831880448,0.04944481933623704,0.022435628982567443,15,18,True,0.19865966331583526
epithelial cells,ABCC3,0.08366509070286045,0.018471040611043807,0.06519405009181664,up_in_CKD,1.7856342826088545,4.705191889448484,0.0002535325153328273,0.019669459337330258,0.06914072229140722,0.019630697503220662,0.04951002478818656,15,18,True,0.19862428352708592
epithelial cells,CHL1,0.26602693796089416,0.1575234947436181,0.10850344321727606,up_in_CKD,1.3424770977919476,3.6703629071218034,0.0013548383563246847,0.04399072351358959,0.19240348692403486,0.15986749279185325,0.03253599413218161,15,18,True,0.1976126171493932
epithelial cells,ZNF503,0.3506190551032267,0.24589233100832272,0.104726724094904,up_in_CKD,1.3282121334985422,3.696640547715814,0.0010565210292536598,0.0387112645896499,0.2684433374844334,0.2450156432120729,0.023427694272360494,15,18,True,0.19643084285527435
epithelial cells,ARHGEF28,0.2789327714456434,0.18215428055318045,0.09677849089246293,up_in_CKD,1.4600323358221134,3.8799136300161634,0.0012182806200957555,0.041750319217329586,0.20941469489414694,0.1912766087970063,0.018138086097140627,15,18,True,0.19490039242445042
epithelial cells,EPB41L4A,0.11171533091025368,0.0687875892842649,0.04292774162598878,up_in_CKD,1.9048050973062436,5.295528509823003,1.707428523209398e-05,0.004306901336095543,0.09397260273972603,0.08146739463836575,0.012505208101360285,15,18,True,0.1934519236210201
epithelial cells,COL4A1,0.250873954993623,0.1483679173601653,0.10250603763345773,up_in_CKD,1.3835337445444118,3.7396441123211543,0.0013186875353541805,0.04337604147111048,0.18956413449564136,0.14968406846205753,0.03988006603358382,15,18,True,0.1932659829716649
epithelial cells,CAPZA1,0.28377562741871987,0.20686414190750108,0.07691148551121879,up_in_CKD,1.4947169083037932,4.1546439597990785,0.00033038243963047167,0.021788554468867634,0.2352428393524284,0.2331758787804429,0.0020669605719854933,15,18,True,0.19103875300330364
epithelial cells,TMEM63A,0.10782841213767155,0.06501156093608368,0.042816851201587874,up_in_CKD,1.970143735569394,5.364328503636044,2.524985582776378e-05,0.005507439141726358,0.09222914072229141,0.07214281332433593,0.020086327397955475,15,18,True,0.19056298079631276
epithelial cells,NUMB,0.2262501220489776,0.15958362126524267,0.06666650078373493,up_in_CKD,1.648858648335571,4.4663764487639135,0.0002340985547773323,0.01874810887935957,0.18122042341220423,0.18514201582724987,-0.003921592415045638,15,18,True,0.18984279539410517
epithelial cells,MCM7,0.11452606002136949,0.0682236835544769,0.046302376466892586,up_in_CKD,1.9169877192928289,5.186442200337439,4.567502255593796e-05,0.0073700450745286744,0.09755915317559154,0.07674375805165327,0.020815395123938263,15,18,True,0.18928566821122825
epithelial cells,SLC44A4,0.13882721627454037,0.05494108898053762,0.08388612729400274,up_in_CKD,1.538863987782519,4.0709757598743135,0.0008698907581516891,0.03452509908089478,0.11046077210460772,0.052021348383534755,0.05843942372107297,15,18,True,0.18871119712749718
epithelial cells,LAMC1,0.18306390096740505,0.10347362069609231,0.07959028027131274,up_in_CKD,1.578680340508382,4.166348003531701,0.0007422534834331071,0.03190941454516551,0.15778331257783312,0.12134224894178271,0.036441063636050416,15,18,True,0.18797902374795916
epithelial cells,DSC2,0.12374325999361654,0.06217247298310919,0.061570787010507354,up_in_CKD,1.6836707533973592,4.569764176703385,0.0001764780697353928,0.016038742220069523,0.10590286425902865,0.074105883074658,0.031796981184370646,15,18,True,0.18606090047201432
epithelial cells,ORC5,0.04326284252795146,0.026781335163403492,0.01648150736454797,up_in_CKD,2.7178271759822024,7.735127172296971,1.4700934602059012e-08,7.787295072062117e-05,0.040273972602739724,0.03533525550579719,0.004938717096942533,15,18,True,0.1840407696164383
epithelial cells,TRIM38,0.19738900183542699,0.12266694709702926,0.07472205473839773,up_in_CKD,1.53820902253565,4.1601439034541885,0.000492044631096618,0.02607151973245965,0.15798256537982566,0.14207717317955953,0.015905392200266127,15,18,True,0.18204289217727482
epithelial cells,ZNF608,0.097630347561674,0.04790530508254583,0.04972504247912818,up_in_CKD,1.8438305942253579,4.967494730248127,8.38957306584533e-05,0.010545266755306605,0.08443337484433375,0.05398441813385682,0.030448956710476927,15,18,True,0.18125508618806546
epithelial cells,ARNT,0.08982311495406667,0.058632750475490464,0.031190364478576205,up_in_CKD,2.150379539963628,5.968500518587969,3.2137822489679783e-06,0.002157495397189006,0.07631382316313823,0.0711612784491749,0.005152544713963328,15,18,True,0.17881497198354976
epithelial cells,GABBR1,0.06748682199906987,0.024401467130469263,0.04308535486860061,up_in_CKD,2.0164740707642785,5.336947146745723,6.327970455247775e-05,0.00896651865141695,0.058804483188044834,0.03159315379424575,0.027211329393799083,15,18,True,0.17787706494915456
epithelial cells,RSPRY1,0.13381084628367904,0.09599619553210362,0.03781465075157542,up_in_CKD,1.992889680115243,5.445978440881383,1.8715336763753317e-05,0.004564298574643091,0.11785803237858032,0.11643457456597754,0.0014234578126027797,15,18,True,0.17639057189118654
epithelial cells,ADAMTS5,0.05570507813682815,0.01995428216011807,0.03575079597671008,up_in_CKD,2.1300584700576737,5.700525884995908,2.0956521897604927e-05,0.004860132890022303,0.051108343711083436,0.025335868965094165,0.02577247474598927,15,18,True,0.17616471827764238
epithelial cells,MALT1,0.11186237451576371,0.05216692174149991,0.0596954527742638,up_in_CKD,1.743564405147458,4.605005449064509,0.00029489189506928484,0.02086766352696214,0.08179327521793275,0.06238881050242316,0.019404464715509592,15,18,True,0.17491398165069477
epithelial cells,STX7,0.3234628678985099,0.256040643903813,0.06742222399469694,up_in_CKD,1.4646008172201659,4.2283547067079335,0.00019531708291329223,0.017000839047945717,0.2535491905354919,0.2664867186062205,-0.012937528070728566,15,18,True,0.17473511446439305
epithelial cells,B4GALT5,0.17863452889326903,0.10120670457666348,0.07742782431660555,up_in_CKD,1.447286805670854,3.9715538236709342,0.0006215412539951536,0.029889120297743543,0.14899128268991282,0.11888841175388012,0.0301028709360327,15,18,True,0.17083440768033673
epithelial cells,DSEL,0.08754221866225341,0.03967167326473938,0.04787054539751403,up_in_CKD,1.782542940278031,4.863911452224302,7.809214444815165e-05,0.010124673832648473,0.06734744707347447,0.0399975461628121,0.02734990091066237,15,18,True,0.1702034342292324
epithelial cells,CCDC14,0.1879764328153176,0.10451774214851829,0.0834586906667993,up_in_CKD,1.4390684163590846,3.8642424355834617,0.0010835277239575247,0.039350840356851144,0.15075965130759653,0.12060609778541194,0.030153553522184587,15,18,True,0.16874990932372383
epithelial cells,FMNL2,0.09484241529034183,0.055127271999474384,0.03971514329086745,up_in_CKD,1.9794281568487557,5.310152607572417,4.440532183721658e-05,0.0072856165209026135,0.08642590286425902,0.07140666216796515,0.015019240696293873,15,18,True,0.16803851939661918
epithelial cells,LPGAT1,0.16286195488770705,0.10116347684503005,0.061698478042677,up_in_CKD,1.6272056133458543,4.384746316318402,0.0003129421219149835,0.021238599537267897,0.13409713574097135,0.12134224894178271,0.012754886799188639,15,18,True,0.16795005422548828
epithelial cells,SERPINE2,0.13234950427753658,0.056575082221627625,0.07577442205590895,up_in_CKD,1.4750297907488803,3.9817038832392537,0.0007670103096482225,0.032392644967831535,0.1023412204234122,0.05030366235200295,0.05203755807140926,15,18,True,0.16648670441096422
epithelial cells,AGPS,0.14156653031243138,0.08966354488984468,0.0519029854225867,up_in_CKD,1.7304398943597281,4.68723047412496,0.00013995919104152154,0.014179472141583657,0.11922789539227896,0.10514692350162566,0.014080971890653299,15,18,True,0.16600864511665375
epithelial cells,CAPZA2,0.6665016930443722,0.5670831448853496,0.09941854815902262,up_in_CKD,1.2175640940562604,3.5374786341294797,0.0012963601366442863,0.04296885341310567,0.4600996264009963,0.5113183240292006,-0.05121869762820436,15,18,True,0.16545462430773203
epithelial cells,FSTL1,0.10406613364375633,0.04340067705629628,0.06066545658746005,up_in_CKD,1.6846954973045203,4.447710249323115,0.00041131497271344866,0.024385343525795716,0.08523038605230386,0.04625483099196368,0.03897555506034018,15,18,True,0.16483997946802767
epithelial cells,CDC42SE2,0.3145138922239234,0.23532304644789204,0.07919084577603136,up_in_CKD,1.412782822487155,3.8624494182706326,0.0008519570509641338,0.03418759347581065,0.24405977584059776,0.26114962272253234,-0.017089846881934573,15,18,True,0.16403000671839343
epithelial cells,COL27A1,0.13069023192984622,0.06401567923046864,0.06667455269937758,up_in_CKD,1.5712231433447692,4.200783375950254,0.0005471795512807293,0.027642258530639566,0.10565379825653798,0.06766456045641371,0.03798923780012427,15,18,True,0.1632616930558693
epithelial cells,CCNG2,0.29194710667179735,0.20428558650370596,0.0876615201680914,up_in_CKD,1.280931966511072,3.679036011858969,0.0009031697433916297,0.03519616980494649,0.2386799501867995,0.22256303294276425,0.016116917244035245,15,18,True,0.16321176854958191
epithelial cells,MFN1,0.1759424311934918,0.11677665142540936,0.05916577976808243,up_in_CKD,1.6445796951525127,4.414936403419554,0.00031450330934258426,0.021238599537267897,0.14961394769613948,0.13950064413226182,0.010113303563877657,15,18,True,0.1627754033002645
epithelial cells,GFPT1,0.2160908403924186,0.1459379301801821,0.07015291021223649,up_in_CKD,1.5524314351647786,4.108592508472349,0.000797726409580573,0.0328917201036931,0.18336239103362392,0.1669222747070732,0.016440116326550736,15,18,True,0.16150051584717073
epithelial cells,TRIM27,0.11508842741808979,0.0808925910074372,0.03419583641065259,up_in_CKD,1.9768549437019574,5.43270667072889,1.639067183347739e-05,0.004250112668428963,0.09848069738480697,0.09895098460217165,-0.0004702872173646816,15,18,True,0.16032062395884775
epithelial cells,GBP3,0.12221984330497594,0.06088568269826841,0.06133416060670753,up_in_CKD,1.5739108954821688,4.248998797971089,0.00041307609286037695,0.02442880625719741,0.11302615193026153,0.0673578308079259,0.045668321122335626,15,18,True,0.15562305658805006
epithelial cells,PAN3,0.14795661188330872,0.08880423929900913,0.05915237258429959,up_in_CKD,1.5937001577651382,4.299656089788086,0.0003718345244015207,0.02324926716838456,0.12657534246575342,0.10796883626771364,0.018606506198039774,15,18,True,0.15400046959683156
epithelial cells,LTF,0.0808102342274084,0.0037267162341448868,0.07708351799326352,up_in_CKD,1.5033957649912018,3.9160216545084134,0.0015332032473810064,0.047023305552429874,0.050759651307596514,0.003128642414575793,0.04763100889302072,15,18,True,0.15386169120855014
epithelial cells,FAM117B,0.07421472430542535,0.04320593998449379,0.031008784320931557,up_in_CKD,1.958375964301832,5.527563820753574,6.5833470820469185e-06,0.002999644373310034,0.06702366127023661,0.05484326114962272,0.012180400120613888,15,18,True,0.15320962559408366
epithelial cells,EPG5,0.08186291553292696,0.05066628753101993,0.031196628001907034,up_in_CKD,2.019171040486324,5.571607412759522,1.0356298314006778e-05,0.003700870734924115,0.07190535491905355,0.06306361572909637,0.008841739189957176,15,18,True,0.15317576517893824
epithelial cells,SGMS1,0.19879809267373788,0.1325550845742349,0.06624300809950298,up_in_CKD,1.4994351634034648,4.042892513628526,0.0006781124081769681,0.030967308174971776,0.1717310087173101,0.1556346236427213,0.016096385074588798,15,18,True,0.14989417680074907
epithelial cells,RSBN1L,0.20056453214715028,0.14003872990871297,0.060525802238437315,up_in_CKD,1.5174368040286335,4.1659419284513115,0.0003821854709763379,0.023494963577887534,0.1676214196762142,0.16489785902705356,0.002723560649160628,15,18,True,0.1496163228381044
epithelial cells,SLC30A7,0.1498877147489171,0.09609134339278735,0.053796371356129746,up_in_CKD,1.6233835954202673,4.413047582355849,0.00024791065986375403,0.01944271682104179,0.129813200498132,0.11968590883994847,0.010127291658183532,15,18,True,0.14944652910102565
epithelial cells,PHACTR2,0.17492163824091791,0.11224831561390235,0.06267332262701557,up_in_CKD,1.484810287890663,4.087031723226424,0.00044765261809650143,0.025029043662044583,0.14787048567870487,0.1322618244279492,0.015608661250755662,15,18,True,0.14903756516500719
epithelial cells,NREP,0.18975738997307362,0.1318844792735564,0.05787291069951722,up_in_CKD,1.5150387242248922,4.207637899396333,0.0002913302447462745,0.020774087452292034,0.14729763387297634,0.14342678363290595,0.0038708502400703892,15,18,True,0.14751917153054697
epithelial cells,RNF217,0.06416633346151447,0.030012832415649147,0.03415350104586533,up_in_CKD,2.0421129424740747,5.412993350488993,5.185802348427353e-05,0.00801206462832026,0.05327521793275218,0.03846389792037298,0.014811320012379198,15,18,True,0.14620398630296613
epithelial cells,RASGRP1,0.06989657130929247,0.033028868062830376,0.036867703246462095,up_in_CKD,1.7934442808265694,4.998346611740906,3.502799272811126e-05,0.0064512327766056525,0.0660024906600249,0.04410772345254892,0.021894767207475983,15,18,True,0.14482679956441652
epithelial cells,ADSS,0.2421434090004371,0.1752534991182156,0.06688990988222149,up_in_CKD,1.4702913769067043,3.9427984563538296,0.0009257478847554935,0.03575701204868093,0.20555417185554173,0.19912888779829457,0.006425284057247155,15,18,True,0.14227353547165272
epithelial cells,SNX14,0.2567594973674446,0.1853647311922622,0.07139476617518237,up_in_CKD,1.4035923504574457,3.804399348741498,0.0010941252662783109,0.03951251066983098,0.21748443337484433,0.21004846328446108,0.007435970090383243,15,18,True,0.14062002706566973
epithelial cells,ATL3,0.16975402425145114,0.11021353433139928,0.059540489920051856,up_in_CKD,1.5548597958560808,4.144953880510672,0.000651012830646309,0.030402463174263396,0.15006226650062265,0.13379547267038833,0.016266793830234327,15,18,True,0.14044792764994954
epithelial cells,TXNDC9,0.21130707504365678,0.15385960399513332,0.05744747104852346,up_in_CKD,1.5443614990093386,4.169746282683181,0.0004949912383514913,0.026118814230122755,0.1813200498132005,0.17998895773265444,0.001331092080546048,15,18,True,0.1404473550668672
epithelial cells,AIDA,0.15406231760425923,0.1127336827079891,0.04132863489627013,up_in_CKD,1.7055547085632907,4.713184079408654,8.649863407229102e-05,0.010591436817798304,0.12906600249066003,0.1310349058339979,-0.00196890334333788,15,18,True,0.139217469938216
epithelial cells,CCDC51,0.08812422941416975,0.057477683562595056,0.030646545851574697,up_in_CKD,1.9053050664160345,5.298385937158058,1.6836946729670123e-05,0.004276123183124439,0.08273972602739726,0.0652720691982087,0.017467656829188563,15,18,True,0.13832539253004217
epithelial cells,IFT80,0.1378914721133829,0.07728278130092243,0.06060869081246047,up_in_CKD,1.5247184155882645,4.074218132467732,0.0007306582978741109,0.03187389374726121,0.11740971357409713,0.09925771425065946,0.018151999323437668,15,18,True,0.1382993369702335
epithelial cells,CLDN1,0.10126105493900021,0.037292945203067994,0.06396810973593223,up_in_CKD,1.5331643375377693,4.023495399941108,0.0010970347999253206,0.03951251066983098,0.07051058530510586,0.03196122937243114,0.038549355932674716,15,18,True,0.13762332147330286
epithelial cells,F2RL1,0.16844420092317042,0.10674986236542003,0.06169433855775039,up_in_CKD,1.4552131935377446,3.9811749050963434,0.0006326885774337121,0.030000118224094686,0.14246575342465753,0.1253297343721244,0.01713601905253312,15,18,True,0.1367214869994847
epithelial cells,ENAH,0.10416254700813171,0.06239546570461531,0.041767081303516404,up_in_CKD,1.8056292978044153,4.802715552715368,0.00016563198837586503,0.015392566739290915,0.09494396014943961,0.07551683945770198,0.01942712069173763,15,18,True,0.13670550673803905
epithelial cells,HERC4,0.16651143148814782,0.10884643298248264,0.05766499850566517,up_in_CKD,1.52060583084885,4.106254806201803,0.0005717764528244034,0.02856028258978884,0.1386052303860523,0.13005337095883687,0.008551859427215425,15,18,True,0.13540759703517777
epithelial cells,PLEKHH1,0.05815568156074583,0.028193719085311455,0.029961962475434378,up_in_CKD,2.054401794284207,5.492016116347497,3.3630566201139435e-05,0.0063419951933665385,0.05038605230386052,0.03846389792037298,0.011922154383487538,15,18,True,0.13528158746100474
epithelial cells,RASGEF1B,0.06507196589635002,0.02826961688000011,0.036802349016349906,up_in_CKD,1.794999074133799,4.911654065844299,6.520357365277955e-05,0.008987912680464928,0.055840597758405976,0.032942764247592175,0.0228978335108138,15,18,True,0.13518167000590742
epithelial cells,EPHA7,0.07275462254385824,0.027129126778458627,0.045625495765399614,up_in_CKD,1.6417329090400594,4.493901214913493,0.00017917956062459353,0.01616539685635019,0.05462017434620174,0.025335868965094165,0.029284305381107576,15,18,True,0.13418561913725527
epithelial cells,RASAL2,0.1082842885348883,0.049596270177269475,0.05868801835761883,up_in_CKD,1.5267942746960534,4.076116891307653,0.0007384603569245571,0.03190941454516551,0.0950186799501868,0.05649960125145696,0.038519078698729836,15,18,True,0.13405565016472945
epithelial cells,ABI3BP,0.08658450400927778,0.030022316660264645,0.05656218734901314,up_in_CKD,1.5914366783419989,4.180439114512809,0.0007838772586507356,0.03262801804599771,0.061594022415940225,0.02901662474694804,0.03257739766899219,15,18,True,0.1337993411294148
epithelial cells,SATB2,0.04477202890878228,0.01130635585682494,0.033465673051957336,up_in_CKD,1.9103621981920067,5.155559295375235,5.2529038642217184e-05,0.008082061215159392,0.03775840597758406,0.01128765106435188,0.026470754913232176,15,18,True,0.13377536730869935
epithelial cells,SDC3,0.0633039610796222,0.021873373346764764,0.04143058773285744,up_in_CKD,1.7328703872696674,4.701860107891588,0.00013024289302940295,0.013798304210086461,0.06169364881693649,0.024783755597816086,0.0369098932191204,15,18,True,0.1335490523617303
epithelial cells,SGCE,0.18496764619684986,0.1152235869115357,0.06974405928531416,up_in_CKD,1.413895278430231,3.782383645801733,0.0013721181730444998,0.04430983141977271,0.15339975093399752,0.13048279246671984,0.022916958467277676,15,18,True,0.13346970291424134
epithelial cells,UBLCP1,0.1507345078855213,0.1110203583525326,0.03971414953298871,up_in_CKD,1.6760121993768422,4.678470936066628,7.891849164198189e-05,0.010160755798905168,0.13078455790784557,0.13900987669468132,-0.008225318786835745,15,18,True,0.13266179304401512
epithelial cells,SESN3,0.17962049234894634,0.11535419586128198,0.06426629648766435,up_in_CKD,1.3659491486601798,3.8159734804812353,0.0007504997253907984,0.03203027190748539,0.13526774595267746,0.1204834059260168,0.014784340026660653,15,18,True,0.13118860277748776
epithelial cells,AP1G1,0.29257228841588273,0.23104270123919665,0.06152958717668608,up_in_CKD,1.4056640603022519,3.8664972557581945,0.0007816248223357474,0.03262073074301178,0.2380821917808219,0.2539721489479173,-0.015889957167095403,15,18,True,0.12856782610174453
epithelial cells,LRRC19,0.1643236560647459,0.09835584121666897,0.06596781484807691,up_in_CKD,1.290847405318003,3.763142479252846,0.0007025431542023301,0.03131045692045962,0.12326276463262764,0.0953929206797129,0.02786984395291474,15,18,True,0.1280986399670176
epithelial cells,RCAN3,0.09783822199951439,0.05382205402002921,0.04401616797948518,up_in_CKD,1.6338650497795102,4.474674854310964,0.00018602366470614985,0.01655311225229458,0.08789539227895392,0.06919820869885283,0.018697183580101084,15,18,True,0.12809190260257636
epithelial cells,AP1G2,0.12133586965314384,0.06853109947549944,0.0528047701776444,up_in_CKD,1.5696916942388035,4.191121886567482,0.0005722839796173977,0.02856028258978884,0.10764632627646327,0.08336911845899024,0.02427720781747303,15,18,True,0.12799753664045854
epithelial cells,PTBP2,0.15687445323037374,0.10122423109194567,0.055650222138428074,up_in_CKD,1.4959658371499747,4.060053547811244,0.0005884350304323644,0.029014854958021374,0.1342216687422167,0.12490031286424146,0.009321355877975238,15,18,True,0.12798812916526525
epithelial cells,TP53INP1,0.10871640479836356,0.0639785966156006,0.04473780818276296,up_in_CKD,1.6706063143748324,4.496663576067591,0.0002480152388444651,0.01944271682104179,0.09464508094645081,0.07183608367584811,0.022808997270602704,15,18,True,0.1278970474611531
epithelial cells,CSNK1G1,0.07544487483497875,0.04649067481133193,0.02895420002364682,up_in_CKD,1.9914996392954234,5.3801621755960545,3.078682701634485e-05,0.0061375029342261665,0.06724782067247821,0.057726519845408254,0.009521300827069958,15,18,True,0.12754943879502487
epithelial cells,STAT2,0.13012044793639005,0.08494508741587409,0.04517536052051596,up_in_CKD,1.7021449739305707,4.491202248450813,0.00038060124755943123,0.02348202039850867,0.11444582814445828,0.1000552113367278,0.014390616807730475,15,18,True,0.1252823176728228
epithelial cells,UBN2,0.14228267881550102,0.08664154772636648,0.05564113108913454,up_in_CKD,1.5135485313404728,4.043446566851715,0.0007849921271733269,0.03262801804599771,0.1178082191780822,0.10109809214158641,0.016710127036495784,15,18,True,0.12517878057636933
epithelial cells,PDE5A,0.04688887146023488,0.019135446237893476,0.0277534252223414,up_in_CKD,2.0529911845653523,5.478470066394524,3.664431711999785e-05,0.006564112458017006,0.042216687422166874,0.026256057910557636,0.015960629511609238,15,18,True,0.12437193519521204
epithelial cells,EXTL2,0.11663318559699262,0.07291443430514394,0.043718751291848684,up_in_CKD,1.634960198507064,4.442335749706394,0.0002334240766735245,0.018734555764186773,0.10313823163138232,0.09441138580455187,0.008726845826830448,15,18,True,0.12346871762655852
epithelial cells,ERAP1,0.08809780534992447,0.04895146753156263,0.03914633781836183,up_in_CKD,1.697731416053044,4.63091590898973,0.00013769216548724288,0.01398801505826566,0.07950186799501868,0.06410649653395498,0.015395371461063706,15,18,True,0.1232329899883626
epithelial cells,SLC38A9,0.05516843815775409,0.028245489829420285,0.026922948328333803,up_in_CKD,1.9932701726560502,5.407698084715884,2.5447429060969868e-05,0.005518074091115571,0.048742216687422166,0.03576467701368014,0.012977539673742024,15,18,True,0.12118631714805839
epithelial cells,RCBTB2,0.09631080961531129,0.06407355541096918,0.032237254204342106,up_in_CKD,1.913416908604604,5.084161650079128,9.440194471666611e-05,0.01121930804517301,0.08537982565379826,0.08011778418501933,0.005262041468778927,15,18,True,0.12028454196077265
epithelial cells,PHYHIPL,0.13316758990211955,0.0737037593963432,0.05946383050577635,up_in_CKD,1.3731028076009988,3.804407826288144,0.0008404311813454754,0.03390647886605876,0.09280199252801992,0.06913686276915526,0.02366512975886466,15,18,True,0.12000234861520105
epithelial cells,RCOR3,0.19466471414150666,0.13477847816344232,0.059886235978064334,up_in_CKD,1.397376856781131,3.8028153086192886,0.0010426344203785297,0.03839213933230971,0.16144458281444582,0.1575363474633458,0.00390823535110002,15,18,True,0.11847575687755864
epithelial cells,PARP8,0.05921910780734007,0.03057827212301624,0.02864083568432383,up_in_CKD,1.9224684159760945,5.208211184058573,4.186784228406437e-05,0.007146202522701292,0.05300124533001245,0.04183792405373903,0.011163321276273418,15,18,True,0.11815697771706211
epithelial cells,SLFN5,0.06491490247817357,0.024217614345551405,0.04069728813262216,up_in_CKD,1.7245421864465846,4.571711265630323,0.0002910738080059781,0.020774087452292034,0.057285180572851806,0.026440095699650328,0.030845084873201478,15,18,True,0.11808335917912458
epithelial cells,CTTNBP2NL,0.09518698443604573,0.052666910209378553,0.042520074226667176,up_in_CKD,1.6248200656397214,4.4096467819900305,0.00025781950990367127,0.01979285181620731,0.08166874221668742,0.061284583767867,0.020384158448820418,15,18,True,0.11768992631240159
epithelial cells,CREB1,0.1310306403903153,0.08710424363103461,0.0439263967592807,up_in_CKD,1.6344549094949188,4.375163786132424,0.00036363095917135875,0.023009276392617718,0.11586550435865504,0.10790749033801607,0.007958014020638976,15,18,True,0.11760834789380208
epithelial cells,BIVM,0.14034598882461097,0.09193637954817525,0.048409609276435714,up_in_CKD,1.5117781288750325,4.136649830079608,0.00043192021323989116,0.02487733205454757,0.11658779576587795,0.10668057174406478,0.009907224021813169,15,18,True,0.11740243859950578
epithelial cells,CDH2,0.14105226826780193,0.07156473738851227,0.06948753087928966,up_in_CKD,1.2709987396866265,3.5352126041906233,0.0015996531351965618,0.04811247992522121,0.09539227895392279,0.06300226979939881,0.032390009154523974,15,18,True,0.11638110409566861
epithelial cells,FAS,0.06233470909549237,0.02071434183462827,0.0416203672608641,up_in_CKD,1.7023895367571946,4.496996353007595,0.0003670849817712792,0.023059963585670185,0.051432129514321294,0.023986258511747745,0.02744587100257355,15,18,True,0.11599814281268317
epithelial cells,UNC5CL,0.06511990409802255,0.022625211981202778,0.04249469211681978,up_in_CKD,1.6514559878734212,4.410026267786953,0.00035319866015268527,0.022636448169473578,0.0549439601494396,0.0244156800196307,0.0305282801298089,15,18,True,0.11545645140136944
epithelial cells,ATP8B1,0.11698689609463853,0.057039714959302455,0.05994718113533607,up_in_CKD,1.3973990827100358,3.7727393356431187,0.0012399802415680422,0.04214341645952613,0.10224159402241594,0.06619225814367216,0.036049335878743774,15,18,True,0.11520657663285512
epithelial cells,ETV1,0.07079889863544292,0.025191916381074545,0.04560698225436838,up_in_CKD,1.5582947073845301,4.209768971168486,0.00044684157459702736,0.025029043662044583,0.0536239103362391,0.030672964848782285,0.02295094548745682,15,18,True,0.11382115586869009
epithelial cells,UBE2Q2,0.10533746886210811,0.07342943444728618,0.03190803441482193,up_in_CKD,1.7246494379410948,4.797904222529231,6.125477798469372e-05,0.008872371748720482,0.09504358655043586,0.08809275504570271,0.006950831504733149,15,18,True,0.11291972990253439
epithelial cells,XRCC4,0.08914713385379064,0.061222570535939776,0.027924563317850863,up_in_CKD,1.857924435508385,5.100386240002625,3.8042737743103437e-05,0.006708519120453177,0.08184308841843088,0.07318569412919453,0.008657394289236356,15,18,True,0.11275836554003515
epithelial cells,HOXD9,0.19678095649421354,0.12762933251148934,0.0691516239827242,up_in_CKD,1.2197068037406407,3.494947370182487,0.0014908043877063537,0.04651847162121018,0.16455790784557908,0.14950003067296486,0.015057877172614226,15,18,True,0.11237874111177747
epithelial cells,ARHGAP1,0.16264942847752645,0.11043898346549152,0.05221044501203492,up_in_CKD,1.5052634689101643,3.9914189858513756,0.000991294831512266,0.03720365622720123,0.13975093399750935,0.12913318201337343,0.01061775198413592,15,18,True,0.11233835570076564
epithelial cells,ECT2,0.042508374765468517,0.020249434271897696,0.02225894049357082,up_in_CKD,2.069463330062238,5.65993528645442,1.0991192032394032e-05,0.00375064749007202,0.0388293897882939,0.02729893871541623,0.01153045107287767,15,18,True,0.11174651804349751
epithelial cells,FNIP1,0.11561101182865308,0.07731357788168959,0.038297433946963486,up_in_CKD,1.6500793926235664,4.491246912125825,0.00020091795400725742,0.017285470381877274,0.0964134495641345,0.08974909514753696,0.0066643544165975455,15,18,True,0.11136763317445868
epithelial cells,STK38,0.0946426220046649,0.05989599880765178,0.034746623197013125,up_in_CKD,1.6645614105975495,4.607110528952825,0.00011009291697855342,0.012522225035474725,0.08266500622665006,0.0692595546285504,0.013405451598099666,15,18,True,0.11002608433450813
epithelial cells,DAPK1,0.17578071802843756,0.11414143600481709,0.06163928202362047,up_in_CKD,1.3206244680854764,3.632059459110845,0.0013955245224302152,0.044692142344935286,0.13975093399750935,0.1320777866388565,0.007673147358652849,15,18,True,0.10987434639725324
epithelial cells,SYT11,0.03158193646736409,0.009813953240465136,0.021767983226898956,up_in_CKD,2.1137505562293692,5.717089746070242,1.3996709356026544e-05,0.004119031610487812,0.030610211706102116,0.011103613275259187,0.01950659843084293,15,18,True,0.10974825340237229
epithelial cells,WDR19,0.08488606845337815,0.048161848528472946,0.0367242199249052,up_in_CKD,1.7002496342076938,4.566667559424868,0.00022152785002457033,0.018309394392080985,0.07287671232876712,0.05723575240782774,0.015640959920939383,15,18,True,0.10847922999602566
epithelial cells,PTPRK,0.12940591520534264,0.0831566231640199,0.04624929204132275,up_in_CKD,1.522082989632351,4.106018731088465,0.0005817334281637956,0.0289360236622257,0.11225404732254048,0.10103674621188884,0.01121730111065164,15,18,True,0.10830741319204651
epithelial cells,IFI16,0.056196058000872996,0.021135348961563914,0.03506070903930908,up_in_CKD,1.7611825398523295,4.683952557141693,0.00021358624280701734,0.01783733757496442,0.051606475716064755,0.023066069566284278,0.028540406149780477,15,18,True,0.10797741284564885
epithelial cells,DRAM1,0.10103057650664284,0.05085933106709575,0.05017124543954708,up_in_CKD,1.483690406570704,3.9650482585004534,0.0009284952809229944,0.03582581167182584,0.08072229140722291,0.055579412305993496,0.025142879101229414,15,18,True,0.10762361632029875
epithelial cells,CDK10,0.20379209896131284,0.14583532025921542,0.05795677870209742,up_in_CKD,1.3823901467836948,3.7151382754414985,0.0015012248535663808,0.04658193938932335,0.16478206724782068,0.15864057419790198,0.006141493049918706,15,18,True,0.10670091677519918
epithelial cells,PARP4,0.14478026153673523,0.0911645193800587,0.05361574215667653,up_in_CKD,1.4173874264582584,3.825202960185392,0.0011044223856684335,0.03951251066983098,0.12082191780821917,0.09661983927366419,0.024202078534554985,15,18,True,0.1066401400431041
epithelial cells,STAP2,0.1319495043357996,0.09127371261183499,0.04067579172396461,up_in_CKD,1.4947437088984483,4.2377558714933095,0.00021243571404128448,0.017781300850227603,0.11387297633872977,0.1014661677197718,0.012406808618957973,15,18,True,0.10640201399021397
epithelial cells,OSMR,0.0723328024652273,0.03218910003389305,0.04014370243133425,up_in_CKD,1.6189545008590014,4.3417027101263965,0.0003779997049061181,0.023360381763198098,0.0660024906600249,0.04061100545978774,0.025391485200237165,15,18,True,0.10603383942880665
epithelial cells,CASD1,0.13993970410125456,0.09620739715111204,0.04373230695014252,up_in_CKD,1.5291002104001992,4.1385222393470675,0.0005113079519914032,0.026479467681342496,0.12019925280199253,0.11821360652720692,0.0019856462747856185,15,18,True,0.10546176131652876
epithelial cells,PEG10,0.1417360519890544,0.09133494615872885,0.050401105830325546,up_in_CKD,1.3844339228256086,3.853386898820285,0.0007068523350624336,0.031368541467581494,0.1138480697384807,0.0985215630942887,0.015326506644192009,15,18,True,0.1049101164114403
epithelial cells,ACTR6,0.1890561914803594,0.15197765126654264,0.03707854021381676,up_in_CKD,1.4944136565813202,4.435425989035817,0.00011696329194337999,0.012869515149259393,0.16851805728518057,0.18139991411569842,-0.012881856830517846,15,18,True,0.10475043886924516
epithelial cells,LASP1,0.2193875529435239,0.16741818108454995,0.05196937185897396,up_in_CKD,1.3459266247905388,3.795642101880555,0.0007300143633427826,0.03187389374726121,0.17892901618929016,0.18164529783448868,-0.0027162816451985206,15,18,True,0.10468016564252555
epithelial cells,PDCD10,0.3299870793125213,0.26950496508271216,0.06048211422980915,up_in_CKD,1.2825200693136154,3.575242859096491,0.0014190966194534247,0.04489769850625682,0.26545454545454544,0.2984479479786516,-0.03299340252410615,15,18,True,0.10454633842765294
epithelial cells,LMO4,0.20029155956823336,0.14778052233838287,0.05251103722985048,up_in_CKD,1.3527153119404465,3.7716588783163956,0.0008571679745103569,0.03423060803694331,0.16047322540473224,0.15851788233850683,0.0019553430662254123,15,18,True,0.1041041706691467
epithelial cells,ZNF827,0.10266534112315182,0.06493564762950352,0.0377296934936483,up_in_CKD,1.6281949837597467,4.398697515781167,0.0002884831853343218,0.020774087452292034,0.0936986301369863,0.08036316790380958,0.01333546223317672,15,18,True,0.10335680959856026
epithelial cells,TLR3,0.07265073199099523,0.03911371738565906,0.03353701460533617,up_in_CKD,1.6579611443911604,4.542916667331021,0.00015588364207462751,0.014873151927973954,0.06799501867995018,0.05079442978958346,0.01720058889036672,15,18,True,0.10161999785735647
epithelial cells,GUCY1B1,0.07077025851800742,0.01966606913602341,0.05110418938198401,up_in_CKD,1.4420355133588403,3.845773559094498,0.0012456273829065906,0.04221925352666945,0.05589041095890411,0.019323967854732838,0.03656644310417127,15,18,True,0.10129170243424408
epithelial cells,FLCN,0.042833345898309595,0.022758557058592012,0.020074788839717583,up_in_CKD,2.0740571636666028,5.667797994186296,1.1083230035217395e-05,0.00375064749007202,0.037160647571606475,0.027482976504508927,0.009677671067097549,15,18,True,0.10100514201352523
epithelial cells,ETV4,0.052813524211203625,0.015087778111539326,0.037725746099664295,up_in_CKD,1.622791337562648,4.357575880519872,0.00035594778485575397,0.022677910416583087,0.03987546699875467,0.016870130666830255,0.023005336331924413,15,18,True,0.10067164954854825
epithelial cells,RASSF3,0.04364077188020003,0.013121487033052888,0.030519284847147145,up_in_CKD,1.8344139839024167,4.84090460044095,0.00018594579518238722,0.01655311225229458,0.04301369863013699,0.01705416845592295,0.025959530174214037,15,18,True,0.09971602739521192
epithelial cells,ITPRIPL2,0.11270512816677689,0.06542943880871899,0.0472756893580579,up_in_CKD,1.424680403056562,3.8804765928483405,0.0008565884437077343,0.03423060803694331,0.09813200498132005,0.08287835102140972,0.015253653959910324,15,18,True,0.09871120345352077
epithelial cells,MMP2,0.034235528032063124,0.003708957084513415,0.030526570947549708,up_in_CKD,1.8531739184745095,4.850333452678494,0.00022393496469147591,0.018330040818454584,0.03382316313823163,0.004539598797619778,0.029283564340611853,15,18,True,0.09825465981611435
epithelial cells,TMEM67,0.08839457663427494,0.04755140899175282,0.04084316764252212,up_in_CKD,1.5142308773415638,4.121225474564843,0.0004870414315784887,0.025947552130647072,0.0750186799501868,0.0621434267836329,0.012875253166553892,15,18,True,0.09808177158865622
epithelial cells,FIGN,0.04103729249834577,0.01680478059822024,0.02423251190012553,up_in_CKD,1.8348278630053065,5.080271810469287,3.261802829584636e-05,0.006332337639842842,0.033349937733499375,0.01760628182320103,0.015743655910298346,15,18,True,0.09774793150640317
epithelial cells,GATAD1,0.20395233010707628,0.15773839360941733,0.04621393649765895,up_in_CKD,1.4159376518022153,3.8814109516241566,0.0007862889722265648,0.03262801804599771,0.16891656288916562,0.18047972517023494,-0.011563162281069322,15,18,True,0.09726475772912378
epithelial cells,PGM2L1,0.05801107407373185,0.023184819352495552,0.034826254721236294,up_in_CKD,1.636824895203176,4.43382670487348,0.0002525527423620718,0.019669459337330258,0.049165628891656286,0.027912398012391877,0.02125323087926441,15,18,True,0.0972614769834036
epithelial cells,MESP1,0.06952513284985636,0.0375763672627241,0.031948765587132257,up_in_CKD,1.66686139342744,4.553724877422824,0.00016083710002373546,0.015098328275645851,0.06515566625155667,0.0467455984295442,0.018410067822012467,15,18,True,0.09697962080639332
epithelial cells,CMTR2,0.1416861116858792,0.09621823300668504,0.04546787867919415,up_in_CKD,1.388205992318828,3.8906974660330227,0.0005990557027270723,0.029408217421941954,0.11840597758405978,0.11937917919146064,-0.0009732016074008587,15,18,True,0.09666838966490394
epithelial cells,ZMAT3,0.15789788480544759,0.11169600935796423,0.04620187544748336,up_in_CKD,1.4518053440056502,3.9060573617763787,0.000958155383755701,0.03638984874935886,0.134346201743462,0.13637200171768604,-0.0020257999742240296,15,18,True,0.09652387532696752
epithelial cells,RBM43,0.08320016816955653,0.0513817484713695,0.03181841969818703,up_in_CKD,1.6419215546549824,4.513018195768963,0.0001583360495287831,0.014977297746243052,0.07825653798256538,0.06447457211214036,0.013781965870425017,15,18,True,0.09532146658682139
epithelial cells,VPS41,0.1810542784284627,0.1278841351037029,0.053170143324759805,up_in_CKD,1.3480788339515528,3.6584928506156738,0.0015170596759416198,0.04691624085397436,0.14976338729763386,0.14330409177351083,0.0064592955241230265,15,18,True,0.09523629036272195
epithelial cells,LINC02471,0.05076534715291503,0.003346408347971447,0.047418938804943585,up_in_CKD,1.5064868211734395,3.9257209903851176,0.0014943345407438869,0.04651847162121018,0.033424657534246574,0.00282191276608797,0.030602744768158604,15,18,True,0.09517951775854813
epithelial cells,TM4SF18,0.04655069985991285,0.012140080029023649,0.0344106198308892,up_in_CKD,1.7057801876722598,4.4751936088295485,0.00044325709036976095,0.025002580474118137,0.041967621419676214,0.013496104533464205,0.02847151688621201,15,18,True,0.09403340980257983
epithelial cells,MLLT10,0.1291453668030556,0.09314843849982596,0.03599692830322965,up_in_CKD,1.5277183629825843,4.243059023099135,0.00026570195406193587,0.020080120812702065,0.10844333748443337,0.10864364149438685,-0.00020030400995348085,15,18,True,0.0933362574656098
epithelial cells,ZFP14,0.08625271925860185,0.0554148945374657,0.03083782472113615,up_in_CKD,1.6154740408105663,4.497268008182833,0.0001326587968648759,0.013807117794168381,0.07310087173100872,0.06975032206613091,0.003350549664877814,15,18,True,0.09265579916173697
epithelial cells,GPR180,0.06561752706956316,0.03275419702168128,0.032863330047881875,up_in_CKD,1.6784410293228127,4.483109372814134,0.0002996421002667533,0.020971470445679496,0.059227895392278955,0.04251272928041225,0.016715166111866707,15,18,True,0.09257754353530881
epithelial cells,VPS37D,0.09882674489935545,0.055623563028997056,0.04320318187035839,up_in_CKD,1.476130259928822,3.950963065522717,0.0009354786134735798,0.0359456445467361,0.09312577833125778,0.06619225814367216,0.026933520187585616,15,18,True,0.09211152704058743
epithelial cells,KCNIP4,0.06658122267110533,0.031158058861291735,0.0354231638098136,up_in_CKD,1.6082726507123337,4.296909597538114,0.00044820078186617055,0.025029043662044583,0.06560398505603986,0.04177657812404147,0.023827406931998384,15,18,True,0.09124079979618911
epithelial cells,BICD1,0.08770152408436284,0.04344367046275745,0.04425785362160539,up_in_CKD,1.4652590289986098,3.9052827791064084,0.0011032910059755976,0.03951251066983098,0.07459526774595268,0.05171461873504693,0.02288064901090575,15,18,True,0.0910006644201112
epithelial cells,FZD3,0.08473296150241504,0.045279665513019256,0.03945329598939578,up_in_CKD,1.544347557158071,4.102003244128835,0.0007605019137689587,0.03230173077039288,0.07653798256537983,0.057481136126617996,0.019056846438761835,15,18,True,0.09083227803314735
epithelial cells,ENC1,0.03949745319693701,0.014553865327924128,0.024943587869012882,up_in_CKD,1.7879034164241863,4.893053775704506,6.79531919914116e-05,0.009263618967064492,0.03706102117061021,0.01693147659652782,0.020129544574082392,15,18,True,0.09067492470295918
epithelial cells,ARID2,0.14271308090658716,0.09959935632429066,0.043113724582296495,up_in_CKD,1.4104235797366547,3.8742858708803336,0.0007797131397749097,0.03262073074301178,0.12759651307596512,0.12152628673087541,0.006070226345089705,15,18,True,0.09039238833046528
epithelial cells,RAB3D,0.06956069027765611,0.039138796242067106,0.03042189403558901,up_in_CKD,1.7338575467432755,4.609644904414692,0.00025212312886795655,0.019669459337330258,0.06298879202988791,0.05110115943807128,0.011887632591816633,15,18,True,0.08999772447601098
epithelial cells,BMP4,0.052570038311777076,0.020605518527452116,0.03196451978432496,up_in_CKD,1.6743098325495964,4.478021618298232,0.00029477942631061106,0.02086766352696214,0.04784557907845579,0.022329918409913503,0.025515660668542287,15,18,True,0.08993925648559697
epithelial cells,DCUN1D4,0.1277602655155339,0.09263032208997127,0.03512994342556264,up_in_CKD,1.5221058638883787,4.211365314545838,0.00030413703029072404,0.021039927393992627,0.10846824408468245,0.11207901355745047,-0.003610769472768019,15,18,True,0.08966932816273669
epithelial cells,BRD3,0.1497766037647051,0.10577476462734764,0.044001839137357474,up_in_CKD,1.4153656488908286,3.8412840831996986,0.00098624778810175,0.03712697257138365,0.12953922789539227,0.12526838844242685,0.004270839452965414,15,18,True,0.08907786421034919
epithelial cells,STOX2,0.04883593724125684,0.023116046803150624,0.025719890438106213,up_in_CKD,1.816150913957796,4.875162505753809,0.00011298156828107745,0.01273360654061505,0.04328767123287671,0.029998159622109073,0.013289511610767638,15,18,True,0.08851999772074237
epithelial cells,FGD6,0.06012590491880884,0.028992950629248733,0.03113295428956011,up_in_CKD,1.5778596459531726,4.383370509907954,0.0001842130810517817,0.016499084650724798,0.04986301369863014,0.030182197411201768,0.01968081628742837,15,18,True,0.08756449022396574
epithelial cells,SETD1B,0.0645954386271688,0.043378813119628795,0.02121662550754,up_in_CKD,1.7585635480680637,5.058259272208881,1.895636409102039e-05,0.004564298574643091,0.0576587795765878,0.059996319244218145,-0.0023375396676303464,15,18,True,0.08733058992860744
epithelial cells,SLC35B3,0.09840726459971146,0.06665515292835883,0.031752111671352626,up_in_CKD,1.6022820509238143,4.377092571006446,0.00024710256591909747,0.01944271682104179,0.08884184308841843,0.08300104288080486,0.005840800207613572,15,18,True,0.0870609251927714
epithelial cells,SATB1,0.08502371561676503,0.05428804383369862,0.03073567178306641,up_in_CKD,1.6599025230471014,4.4743732322558945,0.0002533012268444585,0.019669459337330258,0.07755915317559153,0.0673578308079259,0.010201322367665633,15,18,True,0.08704767209026726
epithelial cells,AC079630.1,0.04816107607771302,0.011216406810941807,0.036944669266771216,up_in_CKD,1.5715309504590393,4.154655613836205,0.0007376741683290238,0.03190941454516551,0.03549190535491906,0.01061284583767867,0.024879059517240384,15,18,True,0.08686201039744408
epithelial cells,LSM14A,0.27523410493951045,0.22759858442453496,0.04763552051497549,up_in_CKD,1.3292396626057723,3.6631636032074852,0.0012659517054186972,0.042674081124477535,0.22894146948941468,0.24869639899392676,-0.019754929504512075,15,18,True,0.08673666618659445
epithelial cells,CASP1,0.03075592005053845,0.006921902331742903,0.02383401771879555,up_in_CKD,1.9539419026819034,5.118620187144326,0.00013068922367164058,0.013806143628901518,0.030136986301369864,0.008895159806146863,0.021241826495223,15,18,True,0.08661736073936428
epithelial cells,LINC01781,0.05358527796686977,0.008697164347025653,0.04488811361984412,up_in_CKD,1.453876007601175,3.8291083837912696,0.001548399424283869,0.04721599560234035,0.03877957658779577,0.007422857493405313,0.03135671909439045,15,18,True,0.0865312641842758
epithelial cells,STK36,0.05445930572327922,0.028208196113127453,0.026251109610151768,up_in_CKD,1.7820939388019392,4.776568792045239,0.0001456578321065832,0.014557931036420769,0.05053549190535492,0.035948714802772834,0.014586777102582084,15,18,True,0.08593376770284536
epithelial cells,DNAJC16,0.12973153405063528,0.08966491114511208,0.04006662290552321,up_in_CKD,1.4445562884375844,3.923072139791132,0.0008057932521147272,0.03290505060702357,0.11222914072229141,0.10821421998650389,0.004014920735787519,15,18,True,0.08581860699217067
epithelial cells,STARD3NL,0.16743467500197703,0.12325169874032908,0.04418297626164795,up_in_CKD,1.3702683334398784,3.7394200393932335,0.0011723116095011803,0.04087112498671925,0.14774595267745952,0.14606465860990123,0.0016812940675582921,15,18,True,0.08406835715149778
epithelial cells,DCAF6,0.14394132723720818,0.10839905520291149,0.03554227203429669,up_in_CKD,1.5558216682374166,4.145995687375178,0.0006536822713888861,0.030412219100501754,0.12577833125778332,0.13318201337341268,-0.007403682115629362,15,18,True,0.08388355148748713
epithelial cells,STRN3,0.16490924897559828,0.12832887677375615,0.036580372201842126,up_in_CKD,1.4214711433216431,3.9897799250131794,0.00045501778974564285,0.025145491162937163,0.1401494396014944,0.14968406846205753,-0.009534628860563138,15,18,True,0.08317278414287527
epithelial cells,DSE,0.06847018090796748,0.03531392769441574,0.03315625321355174,up_in_CKD,1.6210683753219572,4.279192966410404,0.0005845372927538101,0.0289360236622257,0.0624159402241594,0.0399975461628121,0.022418394061347303,15,18,True,0.08269543627978533
epithelial cells,FAM110B,0.10534771676559648,0.060330931325739,0.04501678543985748,up_in_CKD,1.3047511910495218,3.6515557378472177,0.0011301999676206584,0.04009066331823486,0.09636363636363636,0.07766394699711675,0.018699689366519612,15,18,True,0.08205123923055381
epithelial cells,TFAP4,0.046156703705852446,0.02303478825525932,0.023121915450593125,up_in_CKD,1.7264618408374273,4.771639679704385,7.435227970804139e-05,0.009743531705500153,0.04348692403486924,0.02889393288755291,0.014592991147316332,15,18,True,0.0802886405275958
epithelial cells,LEPROTL1,0.25026792958212324,0.20063088969777484,0.049637039884348394,up_in_CKD,1.2099979350302945,3.476287647418317,0.0015544276349467704,0.04729351377590193,0.21616438356164383,0.23066069566284278,-0.01449631210119895,15,18,True,0.07959236550569726
epithelial cells,VANGL1,0.05416541279524837,0.02785556773599386,0.02630984505925451,up_in_CKD,1.7217771526445176,4.605855228353207,0.00022170760739062464,0.018309394392080985,0.04836861768368618,0.03490583399791424,0.013462783685771938,15,18,True,0.07870033034587674
epithelial cells,CCNO,0.04013258070795387,0.010091475573455362,0.030041105134498508,up_in_CKD,1.635182819535695,4.3478189305779456,0.00044000967370297025,0.025002580474118137,0.03897882938978829,0.010244770259493283,0.02873405913029501,15,18,True,0.07869530879665816
epithelial cells,APOL1,0.06394472666870928,0.025892299526936977,0.0380524271417723,up_in_CKD,1.4413294136841337,3.8751512643496313,0.0010383953192095803,0.03835029724730203,0.05970112079701121,0.027973743942089443,0.03172737685492177,15,18,True,0.07767473683166463
epithelial cells,ZNF626,0.1417201598881757,0.10823513484120079,0.033485025046974926,up_in_CKD,1.4619078589626937,4.036692273333211,0.0004866718604299693,0.025947552130647072,0.13257783312577834,0.13649469357708116,-0.003916860451302823,15,18,True,0.0776331871003354
epithelial cells,TMEM246,0.0622865091407903,0.030457196560069018,0.03182931258072128,up_in_CKD,1.5568857784077728,4.178196091652445,0.0005385375053989529,0.02732985436400094,0.0575840597758406,0.03662352002944605,0.02096053974639455,15,18,True,0.07747181878969336
epithelial cells,IKZF2,0.04394333993625312,0.018565548804998853,0.025377791131254268,up_in_CKD,1.764791335756151,4.6790966297528325,0.00023170541460506932,0.01869153777353358,0.03870485678704857,0.021287037605054904,0.017417819181993664,15,18,True,0.0774069799542824
epithelial cells,GSTCD,0.04471279971630626,0.02829467826077013,0.01641812145553613,up_in_CKD,1.9835269462751277,5.4486245841843735,1.5968716344320806e-05,0.0042445840324071065,0.0399252801992528,0.0351512177167045,0.0047740624825483025,15,18,True,0.07725141406409541
epithelial cells,AR,0.06829916191322696,0.03231466255068115,0.035984499362545816,up_in_CKD,1.4706134993247684,3.942632493202565,0.0009297474099419194,0.035829170432790436,0.054221668742216685,0.03239065088031409,0.021831017861902592,15,18,True,0.0765087653101012
epithelial cells,ZNRF2,0.14903576820621278,0.11795693090643929,0.031078837299773496,up_in_CKD,1.422546439147819,4.165060894478888,0.00023187991844189447,0.01869153777353358,0.12774595267745953,0.13680142322556899,-0.009055470548109457,15,18,True,0.07641245585791052
epithelial cells,PIGM,0.09558620013466865,0.06206748144474869,0.03351871868991996,up_in_CKD,1.5286518016292328,4.073526550695483,0.0007658565114368854,0.03238079754171005,0.0860772104607721,0.07551683945770198,0.010560371003070126,15,18,True,0.07633055690505225
epithelial cells,RUFY2,0.09000364383604259,0.06134173941973867,0.028661904416303924,up_in_CKD,1.5363113511092776,4.282625739402146,0.00022798536788889713,0.018498243854092572,0.0786799501867995,0.07600760689528249,0.0026723432915170126,15,18,True,0.07630449817151622
epithelial cells,LAMC2,0.0638098538898902,0.021205856777386185,0.04260399711250402,up_in_CKD,1.3408261163261241,3.649961143749682,0.001494116261116256,0.04651847162121018,0.053823163138231635,0.02018281087049874,0.03364035226773289,15,18,True,0.07611129996853418
epithelial cells,DNAJC22,0.04579015630478893,0.02345409686984797,0.02233605943494096,up_in_CKD,1.6826878796412457,4.700816638879465,7.342606634649092e-05,0.00970623571954743,0.03721046077210461,0.023863566652352616,0.013346894119751995,15,18,True,0.0756559224140675
epithelial cells,GPM6B,0.05536498976091204,0.02443122857610839,0.03093376118480365,up_in_CKD,1.5794914610398083,4.205627786529191,0.0005825408784456339,0.0289360236622257,0.05267745952677459,0.0311637322863628,0.02151372724041179,15,18,True,0.07517350024388651
epithelial cells,TTC30B,0.043898506118119594,0.025890005869233065,0.01800850024888653,up_in_CKD,1.752974918032827,5.0957326077334875,1.6332049376949675e-05,0.004250112668428963,0.04017434620174346,0.03245199681001166,0.007722349391731803,15,18,True,0.07486772024659011
epithelial cells,IQUB,0.07906523039644418,0.038586325195332616,0.04047890520111157,up_in_CKD,1.39182851734671,3.7272707889703103,0.0015297015903770236,0.046987063983923966,0.06916562889165628,0.04926078154714435,0.019904847344511936,15,18,True,0.07482033652266246
epithelial cells,CEPT1,0.12238120444784241,0.08132109550903856,0.04106010893880385,up_in_CKD,1.3837600620331743,3.7039703619687714,0.0016209602806324585,0.04821777449399034,0.10963885429638855,0.09870560088338139,0.01093325341300716,15,18,True,0.07481666495534624
epithelial cells,NSUN6,0.11708082993436303,0.08077884791566813,0.0363019820186949,up_in_CKD,1.3818038059510414,3.8319080132527765,0.0007764349057187783,0.032568106678792196,0.09561643835616439,0.09895098460217165,-0.003334546246007264,15,18,True,0.07460162461708372
epithelial cells,MSL1,0.14100204458627888,0.10132434813157098,0.039677696454707895,up_in_CKD,1.378347825012057,3.721319512542026,0.001396047212445188,0.044692142344935286,0.1239601494396015,0.12134224894178271,0.0026179004978187925,15,18,True,0.07381840713100755
epithelial cells,WDR5B,0.037994248022105416,0.021292203633827892,0.016702044388277524,up_in_CKD,2.0418659822579275,5.44244482068902,4.098312483913773e-05,0.007068159390861521,0.034097135740971354,0.02754432243420649,0.006552813306764865,15,18,True,0.07334582928876932
epithelial cells,DTX3L,0.0621308080665363,0.033939181194884475,0.028191626871651825,up_in_CKD,1.5567975844798414,4.252094091473581,0.000335675718239866,0.02196621381389556,0.054993773349937734,0.03938408686583645,0.015609686484101284,15,18,True,0.07277813632316144
epithelial cells,ELF2,0.14742926714791507,0.10839177028307866,0.039037496864836416,up_in_CKD,1.3646685403304426,3.709372831945844,0.0013206998603258828,0.04337604147111048,0.12824408468244083,0.13318201337341268,-0.004937928690971843,15,18,True,0.07259811758041622
epithelial cells,LTC4S,0.0785144624000517,0.039670608272587636,0.03884385412746406,up_in_CKD,1.3962453640983075,3.7242819104298746,0.0016228636075647236,0.04821777449399034,0.06251556662515567,0.040120238022207225,0.022395328602948447,15,18,True,0.07141698547645675
epithelial cells,MAP4K4,0.08023192751673104,0.042859678837428895,0.037372248679302146,up_in_CKD,1.424475804592025,3.781330499574123,0.001530754403791266,0.046987063983923966,0.06914072229140722,0.0488313600392614,0.020309362252145823,15,18,True,0.0706983821557588
epithelial cells,ARHGAP26,0.052801908142463695,0.02210954703254197,0.030692361109921726,up_in_CKD,1.5627832188398167,4.118385856287767,0.0008412610721891603,0.03390647886605876,0.03975093399750934,0.023924912582050182,0.01582602141545916,15,18,True,0.0704957356942187
epithelial cells,DOCK11,0.06386619450449617,0.02605159893444952,0.03781459557004665,up_in_CKD,1.4067344125960222,3.745033851076711,0.0015914555835713818,0.04797656344620068,0.04368617683686177,0.024108950371142874,0.019577226465718894,15,18,True,0.07016277760951112
epithelial cells,RNF146,0.1570572572505255,0.12379892626453017,0.03325833098599533,up_in_CKD,1.3968105556283772,3.8754271239188194,0.0006913732731734964,0.031036466064495456,0.1312079701120797,0.1509723329857064,-0.01976436287362668,15,18,True,0.07006096038698054
epithelial cells,PGGT1B,0.13323561474614448,0.09407035999117923,0.039165254754965254,up_in_CKD,1.3097899779838866,3.626381971712143,0.0013250042268399325,0.04342842345451871,0.11892901618929017,0.11054536531501134,0.008383650874278822,15,18,True,0.06987981775074113
epithelial cells,PTPN12,0.10125946332113347,0.06765740995350539,0.03360205336762809,up_in_CKD,1.4411592329163583,3.8901261658758353,0.0009481851615846537,0.03617150801600716,0.09207970112079701,0.08324642659959512,0.00883327452120189,15,18,True,0.06981240776131364
epithelial cells,PTGFRN,0.06458752471299596,0.03653174474832614,0.02805577996466982,up_in_CKD,1.5424303040317437,4.192506854412682,0.0004196305379059306,0.024503780071735287,0.060074719800747196,0.04594810134347586,0.01412661845727134,15,18,True,0.06970446471145415
epithelial cells,FAM76A,0.11556576929973987,0.08630142252673363,0.02926434677300624,up_in_CKD,1.4368892710228558,4.0530412277766805,0.0003668506008992111,0.023059963585670185,0.10276463262764633,0.09876694681307895,0.003997685814567387,15,18,True,0.06884118269655927
epithelial cells,NLN,0.07827701379429859,0.05117703898641551,0.02709997480788308,up_in_CKD,1.543158285258246,4.220483555223619,0.0003546682326516752,0.022644793281772747,0.07168119551681196,0.05784921170480339,0.01383198381200857,15,18,True,0.0687944839781255
epithelial cells,C15orf65,0.07579352325399227,0.04454045317217383,0.03125307008181844,up_in_CKD,1.4843027769989063,3.9898951290935303,0.0008025868711575325,0.0328917201036931,0.07696139476961394,0.05827863321268634,0.018682761556927607,15,18,True,0.06879089811438525
epithelial cells,PRICKLE1,0.04070857812208682,0.014110977291271115,0.026597600830815707,up_in_CKD,1.613515216679023,4.308292906350325,0.0004421828748185022,0.025002580474118137,0.0323785803237858,0.013925526041347157,0.018453054282438645,15,18,True,0.06875149600332285
epithelial cells,RFX7,0.04861595116444133,0.0253607101856142,0.023255240978827134,up_in_CKD,1.6995787375208355,4.561698746244608,0.00022735227941893062,0.01848733008959199,0.04321295143212951,0.03134777007545549,0.011865181356674019,15,18,True,0.06850026031660515
epithelial cells,ELK3,0.040432907950335856,0.018615958434528998,0.021816949515806858,up_in_CKD,1.7418388841577246,4.670108041245913,0.0001829337822077611,0.016424175894101167,0.038854296388542965,0.024906447457211215,0.01394784893133175,15,18,True,0.06781449853351865
epithelial cells,MBTD1,0.07393493016069738,0.04755667286460294,0.026378257296094443,up_in_CKD,1.5179117980298986,4.21272419375217,0.00029024928036950606,0.020774087452292034,0.06570361145703611,0.05791055763450095,0.007793053822535159,15,18,True,0.06736619874820914
epithelial cells,CASP2,0.06641532226665756,0.042738440591954356,0.0236768816747032,up_in_CKD,1.603129930019011,4.412643944830301,0.0001983797954418373,0.017186735549026468,0.06122042341220423,0.05110115943807128,0.010119263974132951,15,18,True,0.0669869719735861
epithelial cells,BGN,0.06673182348339791,0.03197915480509736,0.034752668678300555,up_in_CKD,1.3185418332948873,3.716381147337766,0.0009036341330719811,0.03519616980494649,0.04600249066002491,0.020734924237776824,0.025267566422248085,15,18,True,0.06660371938714192
epithelial cells,MED23,0.1174974635528996,0.08031400932391446,0.03718345422898514,up_in_CKD,1.3585375254031224,3.6651413423966455,0.0016032489060560837,0.04811247992522121,0.10254047322540473,0.10140482179007423,0.0011356514353304953,15,18,True,0.06656590547182475
epithelial cells,RPE,0.12896893701509665,0.09989795405073616,0.02907098296436049,up_in_CKD,1.447309481086817,4.010034438806245,0.0004985844511582018,0.026178677852249026,0.11202988792029887,0.12072878964480707,-0.008698901724508198,15,18,True,0.06656439019900313
epithelial cells,TCTN2,0.08668722321061158,0.05409070742445588,0.032596515786155696,up_in_CKD,1.4670450004322155,3.8981796231369743,0.0011727852477311025,0.04087112498671925,0.07427148194271482,0.06459726397153549,0.00967421797117933,15,18,True,0.06640282995376197
epithelial cells,ACVR2A,0.0812844128003489,0.04905141205479227,0.03223300074555663,up_in_CKD,1.474358813427208,3.913922958456482,0.0011499254732753995,0.04041633796118656,0.07220423412204234,0.06496533954972088,0.007238894572321464,15,18,True,0.06622060573626184
epithelial cells,TNIK,0.06341928061782605,0.03234088083368664,0.031078399784139406,up_in_CKD,1.4122521161820103,3.8948366915251165,0.0007055907754577121,0.031368541467581494,0.05148194271481943,0.031899883442733576,0.019582059272085853,15,18,True,0.06598966970780028
epithelial cells,SAMD9L,0.07130620283838604,0.03749525918888685,0.033810943649499194,up_in_CKD,1.4135114861728526,3.797923586467527,0.001248289003938198,0.042270827640208564,0.06293897882938979,0.04668425249984663,0.016254726329543154,15,18,True,0.06566447641615987
epithelial cells,CASP10,0.03590607252006062,0.01878176925261638,0.017124303267444237,up_in_CKD,1.9274381439076949,5.1320722936280045,8.063328628605985e-05,0.010274509469027832,0.03272727272727273,0.022882031777191583,0.009845240950081147,15,18,True,0.06562388343712425
epithelial cells,EHMT2,0.0932157667877849,0.06205896243192014,0.031156804355864758,up_in_CKD,1.4348742079914432,3.890850611511232,0.0008880362028498207,0.03480801522375407,0.08254047322540473,0.07398319121526287,0.008557282010141859,15,18,True,0.06519582549425812
epithelial cells,ZCCHC7,0.10476163285073899,0.07351258934329437,0.031249043507444618,up_in_CKD,1.4164838378734819,3.8710532540236775,0.0008386018731265458,0.0338729384047193,0.09247820672478206,0.08993313293662965,0.0025450737881524133,15,18,True,0.06507424708545739
epithelial cells,RPGRIP1L,0.06037690466361202,0.034900398661503844,0.025476506002108178,up_in_CKD,1.525956539532847,4.204247425735438,0.0003293565419961281,0.021788554468867634,0.05514321295143213,0.04324888043678302,0.011894332514649109,15,18,True,0.06460310003094176
epithelial cells,IFNAR2,0.05041946180247592,0.02266376179112512,0.027755700011350797,up_in_CKD,1.5673992119929423,4.1336541592368565,0.0008044450071224126,0.0328917201036931,0.050684931506849315,0.03036623520029446,0.020318696306554855,15,18,True,0.0645130541731082
epithelial cells,STXBP5,0.047832767270852235,0.021382622548862463,0.026450144721989772,up_in_CKD,1.5918352017915771,4.2172824932248805,0.0006222288844761068,0.029889120297743543,0.03947696139476961,0.024783755597816086,0.014693205796953525,15,18,True,0.06418740888724155
epithelial cells,TMEM218,0.11906558427032408,0.08531522670236741,0.033750357567956676,up_in_CKD,1.4022115219215028,3.763492419349254,0.0013690773766886707,0.04429440190451432,0.10744707347447073,0.10882767928347954,-0.0013806058090088114,15,18,True,0.06406173090778554
epithelial cells,SLFN12,0.03656279366989664,0.01602631863242525,0.020536475037471393,up_in_CKD,1.6634738113517602,4.575759471093219,0.00013350792133899088,0.013807117794168381,0.034794520547945205,0.01920127599533771,0.015593244552607497,15,18,True,0.06353759272858339
epithelial cells,MAPK15,0.038629287707198784,0.015125701512400542,0.02350358619479824,up_in_CKD,1.6710270400792264,4.420083410121816,0.00041881553774061366,0.024503780071735287,0.03457036114570361,0.019139930065640146,0.015430431080063464,15,18,True,0.06326307684267307
epithelial cells,PARP9,0.07773574870908417,0.050219066987547765,0.027516681721536408,up_in_CKD,1.5262086179088752,4.081787628744833,0.0007081384206761795,0.031368541467581494,0.07016189290161894,0.060793816330286486,0.00936807657133245,15,18,True,0.06314152014783066
epithelial cells,TEX9,0.09433127057909818,0.060962040044454095,0.033369230534644086,up_in_CKD,1.387368367442545,3.744728278553761,0.0013269796055547383,0.04342842345451871,0.07793275217932752,0.07208146739463836,0.005851284784689159,15,18,True,0.0630648148888399
epithelial cells,KIAA0586,0.09417763643168268,0.061558038014084535,0.03261959841759815,up_in_CKD,1.397728480854415,3.7742694817025697,0.0012328652106178832,0.04200095473870587,0.07995018679950187,0.07435126679344825,0.005598920006053623,15,18,True,0.0627702154895751
epithelial cells,ACER3,0.09526990276963396,0.06431705049508772,0.030952852274546236,up_in_CKD,1.3829148667536797,3.810347620310455,0.0008807149222691127,0.03475744481486535,0.08528019925280199,0.08159008649776088,0.0036901127550411084,15,18,True,0.06245067994560115
epithelial cells,CCDC102A,0.03764299989943059,0.018914760255382287,0.0187282396440483,up_in_CKD,1.7747730128311745,4.781976273591195,0.00012706821963672486,0.013720254954744259,0.033848069738480695,0.02539721489479173,0.008450854843688963,15,18,True,0.061911052987666686
epithelial cells,KLF8,0.04192941039293386,0.011073770375808123,0.030855640017125735,up_in_CKD,1.5007530693573723,3.9174413320967503,0.001479493734432366,0.04629504444957985,0.03519302615193026,0.013066683025581253,0.022126343126349007,15,18,True,0.06179468859764634
epithelial cells,NSUN3,0.06416710468068225,0.03988319330969389,0.024283911370988356,up_in_CKD,1.562328914695962,4.23635006287754,0.00039399335146897326,0.02386007685824771,0.057110834371108345,0.052021348383534755,0.00508948598757359,15,18,True,0.061550249363713325
epithelial cells,GOLPH3L,0.10931705450115439,0.08676718827543319,0.022549866225721207,up_in_CKD,1.482085988968616,4.310284273507625,0.0001531787738516836,0.014834152902372544,0.10004981320049813,0.10281577817311821,-0.0027659649726200775,15,18,True,0.061117936433048935
epithelial cells,PIFO,0.06760292864835074,0.04297453650653357,0.024628392141817168,up_in_CKD,1.5295982713886782,4.177965523300587,0.00040155436378322754,0.024093261826993652,0.06323785803237858,0.05171461873504693,0.01152323929733165,15,18,True,0.06095649440514144
epithelial cells,EPHB4,0.08389370762782028,0.05190887650581492,0.03198483112200536,up_in_CKD,1.3825052218718994,3.749697838231238,0.0012335231852872355,0.04200095473870587,0.07536737235367372,0.0593828599472425,0.015984512406431214,15,18,True,0.06087837299413343
epithelial cells,RAB12,0.0857289775456211,0.05790346174914929,0.027825515796471814,up_in_CKD,1.4202163540722952,3.929516609389546,0.0006220257536603683,0.029889120297743543,0.07760896637608966,0.07416722900435556,0.003441737371734102,15,18,True,0.060245057087728586
epithelial cells,PRICKLE2,0.0565995972962889,0.03406789779034498,0.02253169950594392,up_in_CKD,1.6457807019678323,4.379941642201828,0.0004034439820980196,0.024145931128024822,0.04889165628891656,0.04097908103797313,0.00791257525094343,15,18,True,0.05996776238595702
epithelial cells,EFNB1,0.06084678788195581,0.0345836275577546,0.026263160324201215,up_in_CKD,1.4477726671578397,4.000776828776992,0.0005275052069222085,0.026904942328301915,0.05775840597758406,0.03680755781853874,0.02095084815904532,15,18,True,0.05970262989226537
epithelial cells,SPIN3,0.040195066413704024,0.01707694260263871,0.023118123811065313,up_in_CKD,1.6195232257463203,4.306833897729808,0.0004791115586799903,0.025897167049349912,0.03422166874221669,0.021839150972332987,0.012382517769883701,15,18,True,0.059408372483829165
epithelial cells,CASP8,0.06855029612731373,0.04426491679434477,0.024285379332968954,up_in_CKD,1.4510937112005347,4.0945493316958315,0.0003270814254314599,0.021746420021038545,0.05907845579078456,0.05251211582111527,0.006566339969669287,15,18,True,0.05859105549210514
epithelial cells,IFT81,0.10622349860440967,0.07919187523302096,0.027031623371388716,up_in_CKD,1.4194793065316174,3.9262113561139036,0.000629656983018926,0.02993292426966894,0.09429638854296389,0.09619041776578124,-0.0018940292228173533,15,18,True,0.058471422025481834
epithelial cells,VSIG10,0.08645079794880892,0.05470498455292927,0.031745813395879646,up_in_CKD,1.3482157422464642,3.685302748339218,0.001309924538635626,0.043213524815488444,0.07153175591531756,0.06790994417520398,0.003621811740113584,15,18,True,0.0583957573847415
epithelial cells,ALG6,0.06332043713080822,0.04055772748832326,0.02276270964248496,up_in_CKD,1.4925830634260688,4.193858972253735,0.0002616140659769808,0.019960184293058535,0.058206724782067246,0.05312557511809091,0.005081149663976332,15,18,True,0.057752308796050845
epithelial cells,BMP2K,0.09093734853927624,0.06617749559452017,0.024759852944756064,up_in_CKD,1.4534953514326945,4.043016922720484,0.00043680304403172926,0.02499484085292673,0.07760896637608966,0.07428992086375069,0.0033190455123389695,15,18,True,0.057658691237228686
epithelial cells,LYG1,0.04962019618612591,0.019442277384076855,0.030177918802049057,up_in_CKD,1.3918701171445327,3.7552130583569143,0.0013027712696528774,0.04305415212007905,0.03982565379825654,0.017790319612293725,0.022035334185962815,15,18,True,0.057376481678660114
epithelial cells,APPL2,0.10344005672713881,0.08054310106954136,0.022896955657597445,up_in_CKD,1.4778830460173886,4.164825285866985,0.0002741270713843061,0.020451975466660104,0.08919053549190535,0.09864425495368383,-0.009453719461778476,15,18,True,0.05716306756189315
epithelial cells,RASA1,0.09543518014467912,0.06739670699195544,0.02803847315272369,up_in_CKD,1.3961742787983127,3.830400909836326,0.0008818386427559378,0.03475744481486535,0.08523038605230386,0.08122201091957548,0.004008375132728378,15,18,True,0.05711300930522957
epithelial cells,ZNF224,0.058206380523435484,0.0296354936004217,0.028570886923013784,up_in_CKD,1.4286869942378153,3.839183059270626,0.0011349212666018932,0.04009066331823486,0.04929016189290162,0.03686890374823631,0.012421258144665312,15,18,True,0.05702217473615417
epithelial cells,CASC15,0.05982529040280192,0.029743330445357444,0.030081959957444476,up_in_CKD,1.3506860197112471,3.707859307307668,0.0011821393787299198,0.040984162402595586,0.05105853051058531,0.038218514201582725,0.012840016309002583,15,18,True,0.056371189008722754
epithelial cells,MTA3,0.1173498010703718,0.09651745176630368,0.020832349304068118,up_in_CKD,1.5953879431686553,4.346508849942635,0.0002791377208051926,0.020594172780860887,0.10443337484433375,0.1158211152690019,-0.011387740424668155,15,18,True,0.056043851270969225
epithelial cells,ADAMTSL3,0.05272487031860525,0.02211358017506766,0.030611290143537594,up_in_CKD,1.3817927693739522,3.7076450220974912,0.0015583176850234037,0.04735488401179701,0.050859277708592776,0.026930863137230844,0.023928414571361932,15,18,True,0.05603002916636355
epithelial cells,ATG5,0.14488787228530953,0.11617972339858203,0.0287081488867275,up_in_CKD,1.3108527302881117,3.7447720685124244,0.0007723849168682054,0.03249150361482005,0.129439601494396,0.14140236795288633,-0.011962766458490315,15,18,True,0.05600530971635406
epithelial cells,VANGL2,0.03894999409915829,0.02079655380828445,0.01815344029087384,up_in_CKD,1.6471468215280531,4.559439971231409,0.00012411513806356796,0.01349615636186833,0.03813200498132005,0.026010674191767377,0.012121330789552673,15,18,True,0.05590930104201349
epithelial cells,SLFN13,0.037225895096293815,0.01181953258569896,0.025406362510594853,up_in_CKD,1.5378123616175678,4.048747992164275,0.0009873727927640142,0.037131625918549335,0.0313574097135741,0.016686092877737563,0.014671316835836536,15,18,True,0.055880415499614915
epithelial cells,CNOT8,0.10225104401718726,0.0772642756501422,0.024986768367045067,up_in_CKD,1.378142858855954,3.9699889939086157,0.0004037345549993363,0.024145931128024822,0.09387297633872976,0.09876694681307895,-0.004893970474349182,15,18,True,0.0556873123183842
epithelial cells,S100PBP,0.0829660963242183,0.05508121717769849,0.027884879146519805,up_in_CKD,1.4326974068202585,3.83771996556961,0.0011908248823364106,0.041102405088771346,0.07424657534246576,0.07048647322250169,0.0037601021199640677,15,18,True,0.05537682737718432
epithelial cells,BTBD8,0.03664163046292772,0.014790688075601114,0.021850942387326606,up_in_CKD,1.6017853180970483,4.2662569759201565,0.0005079861504577243,0.02641812967597814,0.030560398505603985,0.016563401018342434,0.013996997487261551,15,18,True,0.05523424619661751
epithelial cells,C2CD2,0.035932905127056845,0.018976784871016963,0.016956120256039882,up_in_CKD,1.8002225246586017,4.786021733674204,0.0001735999227060075,0.015863062648297496,0.034196762141967624,0.024906447457211215,0.009290314684756409,15,18,True,0.05493280701197865
epithelial cells,PEAK1,0.051055294443244546,0.027954434433888557,0.02310086000935599,up_in_CKD,1.534984530247594,4.129638065931856,0.0005762625672709597,0.0287201827881817,0.0450560398505604,0.033801607263358076,0.011254432587202323,15,18,True,0.054671853562033676
epithelial cells,CAPN6,0.03556192971875393,0.006930575927892587,0.028631353790861343,up_in_CKD,1.431614731127607,3.7943538205251954,0.0015216004691342943,0.04693619038341811,0.030485678704856786,0.00711612784491749,0.023369550859939296,15,18,True,0.05445365542751661
epithelial cells,PRPF39,0.08374990640394171,0.05433678031173186,0.029413126092209856,up_in_CKD,1.391964760009794,3.7260512731225526,0.0015424684036709684,0.0471184712504771,0.07262764632627647,0.0669897552297405,0.005637891096535966,15,18,True,0.054322252682415494
epithelial cells,ASXL3,0.048134950009924106,0.024391755590089725,0.02374319441983438,up_in_CKD,1.4586954086766903,4.004232387619647,0.0005708007797337142,0.02856028258978884,0.04254047322540473,0.031041040426967672,0.01149943279843706,15,18,True,0.05348325852083906
epithelial cells,TBK1,0.09138174491807835,0.06919342066207305,0.022188324256005296,up_in_CKD,1.4383312408128426,4.089887619420085,0.0003107018788120704,0.021238599537267897,0.08054794520547945,0.08803140911600515,-0.007483463910525706,15,18,True,0.053388372378020924
epithelial cells,KNOP1,0.09896539286382679,0.06604897971201344,0.032916413151813345,up_in_CKD,1.2210570878139004,3.47539026400317,0.0016109339956709924,0.04817212303183903,0.08547945205479453,0.07797067664560456,0.007508775409189969,15,18,True,0.05294215129407722
epithelial cells,ETV6,0.059820331355871594,0.03977877239745296,0.02004155895841863,up_in_CKD,1.6214593675365494,4.341910315292782,0.0003887989628804207,0.023733417415597657,0.05334993773349938,0.048708668179866264,0.004641269553633115,15,18,True,0.05279522417366885
epithelial cells,ANTXR1,0.040039303008017134,0.01843825446661392,0.021601048541403215,up_in_CKD,1.5376704962933414,4.158662015645958,0.0004937953775460095,0.026118814230122755,0.036463262764632624,0.025581252683884424,0.0108820100807482,15,18,True,0.0525813579908403
epithelial cells,SMARCD2,0.09268297830999088,0.06933680524282022,0.023346173067170656,up_in_CKD,1.4750890031994492,4.002676709952334,0.000675634068384226,0.030967308174971776,0.08059775840597759,0.08281700509171216,-0.0022192466857345744,15,18,True,0.051969788635126885
epithelial cells,ZNF532,0.057865281008030005,0.03691362833967357,0.020951652668356434,up_in_CKD,1.5422535009777523,4.1897437748368365,0.0004262114706095112,0.024655103479252222,0.052104607721046074,0.04686829028893933,0.0052363174321067435,15,18,True,0.05196192815547101
epithelial cells,BLOC1S5,0.13657278701082898,0.10643232016293634,0.030140466847892636,up_in_CKD,1.2568280829182144,3.5625693898867006,0.0013068346010616152,0.0431499795257032,0.12141967621419676,0.12244647567633887,-0.0010267994621421112,15,18,True,0.05170882587937403
epithelial cells,RCBTB1,0.05039371166181827,0.03458525274356743,0.01580845891825084,up_in_CKD,1.6367258494359822,4.619132204642612,7.873300298512274e-05,0.010160755798905168,0.042415940224159406,0.043064842647690324,-0.0006489024235309185,15,18,True,0.05156902223730867
epithelial cells,TTC33,0.08101246084834267,0.05468772878667125,0.02632473206167142,up_in_CKD,1.4111943381181007,3.8030614202125137,0.0011847403567296442,0.040984162402595586,0.07277708592777087,0.06999570578492118,0.0027813801428496904,15,18,True,0.051540359872410534
epithelial cells,TRDMT1,0.037968438828487015,0.022108026894931798,0.015860411933555217,up_in_CKD,1.7564221045561108,4.72657149374921,0.00014827271348037292,0.014700406994257295,0.032453300124533,0.02913931660634317,0.003313983518189831,15,18,True,0.051053765533710334
epithelial cells,MINPP1,0.08837446523007687,0.06111735511735149,0.027257110112725386,up_in_CKD,1.338101698864193,3.696300653770118,0.0011379780815942227,0.04014864630400931,0.08119551681195517,0.07471934237163365,0.006476174440321517,15,18,True,0.050928011294674023
epithelial cells,SLC41A2,0.04271991766139371,0.021914954703754177,0.02080496295763953,up_in_CKD,1.5280340848862284,4.155302198509366,0.0004550330250898284,0.025145491162937163,0.03701120797011208,0.02325010735537697,0.013761100614735108,15,18,True,0.050850480424231875
epithelial cells,ASCL2,0.04264769500272846,0.016211562299897175,0.026436132702831287,up_in_CKD,1.3916500912613103,3.765007173182177,0.0012289032610958799,0.04199791052666841,0.039775840597758405,0.017115514385620513,0.022660326212137892,15,18,True,0.05065124215576962
epithelial cells,EFCAB7,0.06032863334026003,0.03823905932974771,0.02208957401051232,up_in_CKD,1.509057789181846,4.059119211580335,0.000678677064515594,0.030967308174971776,0.052303860523038606,0.04748174958591497,0.004822110937123633,15,18,True,0.05030489381225611
epithelial cells,SYNC,0.057568334642006176,0.03182416267679634,0.02574417196520984,up_in_CKD,1.384613407787789,3.758937667311688,0.0011928881424696043,0.04110807836688934,0.05387297633872976,0.039016011287651066,0.014856965051078697,15,18,True,0.04940757165833892
epithelial cells,TMEM181,0.07254413224263276,0.04605477196183746,0.0264893602807953,up_in_CKD,1.396895121044508,3.7380716955496407,0.0015079701167691696,0.04675211699816121,0.06809464508094645,0.06054843261149623,0.007546212469450225,15,18,True,0.04922115448841635
epithelial cells,GDF7,0.05759258720339291,0.030521171445680617,0.02707141575771229,up_in_CKD,1.3011208442529618,3.6178352723100557,0.0013017851043727376,0.04305415212007905,0.045255292652552924,0.030795656708177414,0.01445963594437551,15,18,True,0.04811433863311966
epithelial cells,PLEKHA4,0.04986284625309934,0.027126353519804594,0.02273649273329475,up_in_CKD,1.4262737058392179,3.89232859086947,0.000811426878655521,0.03300055606113994,0.041643835616438356,0.028035089871787006,0.01360874574465135,15,18,True,0.048042076721846516
epithelial cells,AHR,0.07297702498573903,0.04569028779174227,0.02728673719399676,up_in_CKD,1.3064307003906055,3.5982892125910637,0.0014940744724174799,0.04651847162121018,0.06316313823163139,0.05128519722716398,0.011877941004467409,15,18,True,0.04749679643048611
epithelial cells,SAMD4A,0.0569514239446961,0.03506164611887509,0.021889777825821008,up_in_CKD,1.4148694356343126,3.92584352871109,0.0006074290244102242,0.029675188702412536,0.04909090909090909,0.03920004907674376,0.00989086001416533,15,18,True,0.047311772544159844
epithelial cells,FUT8,0.05101797881766246,0.027255525811492386,0.02376245300617007,up_in_CKD,1.437774132788094,3.844575888695719,0.0012023505905445241,0.04131896190675714,0.04328767123287671,0.03282007238819704,0.010467598844679668,15,18,True,0.047279311406133145
epithelial cells,AGO4,0.04457097250219044,0.026834660736369115,0.017736311765821328,up_in_CKD,1.5833910393351511,4.313627806831252,0.00030230133096964583,0.021001325594725815,0.03975093399750934,0.0351512177167045,0.004599716280804841,15,18,True,0.047117213298157636
epithelial cells,GTF2H3,0.11157987473407878,0.08419700802071756,0.027382866713361223,up_in_CKD,1.3087781020916331,3.5837133523281843,0.0016425011499653771,0.048451823898740004,0.09915317559153175,0.10324519968100117,-0.004092024089469418,15,18,True,0.04711598219820002
epithelial cells,CARD8,0.05603227332340704,0.03810628989182784,0.017925983431579195,up_in_CKD,1.470038977433815,4.241442294161417,0.00018864436670671132,0.016575670894513877,0.050012453300124535,0.04729771179682228,0.0027147415033022537,15,18,True,0.04692030906119736
epithelial cells,IFIT2,0.05766108482145579,0.03364600024664937,0.024015084574806417,up_in_CKD,1.337139885395101,3.744283716435865,0.000884871302730121,0.03475744481486535,0.05506849315068493,0.037973130482792467,0.017095362667892466,15,18,True,0.04684918225291262
epithelial cells,RLN2,0.02946604720107664,0.016195716912801576,0.013270330288275064,up_in_CKD,1.7252011004168335,4.789479189113737,6.510909070776824e-05,0.008987912680464928,0.03008717310087173,0.022452610269308632,0.007634562831563097,15,18,True,0.04684891070962375
epithelial cells,NCK1,0.09782465947012312,0.07036309170414061,0.027461567765982506,up_in_CKD,1.282535748513965,3.5560639164070778,0.0015593396272493027,0.04735488401179701,0.08759651307596512,0.08692718238144899,0.0006693306945161348,15,18,True,0.04665423852553863
epithelial cells,NIN,0.0777237496764991,0.05167696248118684,0.02604678719531226,up_in_CKD,1.3439698184895197,3.651364328249754,0.0015230307090957026,0.04693619038341811,0.06722291407222913,0.06330899944788664,0.003913914624342499,15,18,True,0.0465053240128952
epithelial cells,PHF12,0.07290720844011762,0.052981133444147774,0.01992607499596985,up_in_CKD,1.4480188933989735,4.042576228714873,0.0004190867780252423,0.024503780071735287,0.06533001245330013,0.06950493834734066,-0.004174925894040532,15,18,True,0.04647599426328034
epithelial cells,APAF1,0.041851404005046895,0.02329543730505848,0.018555966699988415,up_in_CKD,1.5709817557368833,4.224742324816087,0.0004675374010656678,0.02549453945811024,0.03845579078455791,0.02901662474694804,0.009439166037609869,15,18,True,0.046453794198525696
epithelial cells,EHBP1L1,0.043620128043182396,0.01877268421168582,0.024847443831496577,up_in_CKD,1.3996218521789128,3.7404436867198823,0.0015265654153830163,0.04693619038341811,0.03870485678704857,0.02269799398809889,0.016006862798949677,15,18,True,0.046201005646476945
epithelial cells,CSTF1,0.08136571110740519,0.06154858949547277,0.01981712161193242,up_in_CKD,1.414747557497753,4.027890888498941,0.00036482156572912867,0.023045287320674773,0.0713574097135741,0.07735721734862892,-0.005999807635054824,15,18,True,0.045907014915697125
epithelial cells,ZNF675,0.03866576549614108,0.0195125441023691,0.01915322139377198,up_in_CKD,1.5010068096394678,4.108980216021609,0.00045908715398952426,0.025331773318350535,0.03688667496886675,0.02539721489479173,0.01148946007407502,15,18,True,0.04589320262191873
epithelial cells,FBXW9,0.05970660973508484,0.041874521252539446,0.017832088482545395,up_in_CKD,1.6014238130367813,4.286177577793255,0.0004440438708359196,0.025002580474118137,0.05531755915317559,0.050978467578676155,0.004339091574499437,15,18,True,0.045748316371177856
epithelial cells,FBXO4,0.056619091168544716,0.04125979179493894,0.015359299373605778,up_in_CKD,1.5201546759937419,4.449741512806518,0.00010396260456658273,0.012067741995966975,0.0525280199252802,0.05232807803202257,0.00019994189325762968,15,18,True,0.0447911755998285
epithelial cells,CMTM7,0.05024165058905873,0.025867868970113235,0.024373781618945496,up_in_CKD,1.391972313683949,3.718728569598545,0.0016090055331425036,0.04815328907903473,0.04801992528019925,0.028157781731182135,0.019862143549017115,15,18,True,0.04469537805086562
epithelial cells,PARP12,0.052139356260978514,0.03328525018202885,0.01885410607894966,up_in_CKD,1.4717527920512283,4.065226737524813,0.00045089079063210754,0.025141399273140675,0.04921544209215442,0.041347156616158516,0.007868285475995905,15,18,True,0.04438692666944237
epithelial cells,PRTG,0.04753041781959874,0.022931757781619516,0.024598660037979225,up_in_CKD,1.3311026228392828,3.645047941679497,0.0014153167064291517,0.04486450684762048,0.045529265255292654,0.03239065088031409,0.013138614374978562,15,18,True,0.04414120295933495
epithelial cells,FBXL2,0.052464506973747,0.03217154258942884,0.020292964384318157,up_in_CKD,1.460009442900309,3.9497160358202463,0.0007999947870649904,0.0328917201036931,0.04769613947696139,0.042819458928900066,0.004876680548061327,15,18,True,0.04393563944405377
epithelial cells,KATNAL1,0.042076641077406086,0.024327568903104183,0.017749072174301904,up_in_CKD,1.5610092719645334,4.198456900037837,0.0004951867962183467,0.026118814230122755,0.03711083437110834,0.027360284645113798,0.009750549725994543,15,18,True,0.043860625602933884
epithelial cells,SPAST,0.05172769610310795,0.035179400400056335,0.016548295703051615,up_in_CKD,1.576647107926688,4.29666666114714,0.0003130774074751252,0.021238599537267897,0.045006226650062264,0.0418992699834366,0.0031069566666256654,15,18,True,0.04364666193175582
epithelial cells,KLHL14,0.04447626150297299,0.02174144034713317,0.022734821155839822,up_in_CKD,1.401148446081549,3.7665401326562526,0.0013315527739957776,0.04353966213383018,0.041145703611457037,0.027851052082694314,0.013294651528762722,15,18,True,0.04335812512344321
epithelial cells,CCDC88A,0.05721758004367596,0.0357724209921312,0.02144515905154476,up_in_CKD,1.4402627738353786,3.851208363986449,0.001184871146051307,0.040984162402595586,0.047471980074719804,0.04214465370222686,0.0053273263724929465,15,18,True,0.04285166183859276
epithelial cells,NUP107,0.07602115148356549,0.05500662808722096,0.021014523396344527,up_in_CKD,1.4096692674196403,3.824648992107226,0.0010298426131080032,0.03813961877343295,0.06537982565379825,0.06484264769032574,0.0005371779634725099,15,18,True,0.04202463720294485
epithelial cells,SERTAD4,0.04500083158622888,0.024397490938197583,0.0206033406480313,up_in_CKD,1.3986367676730203,3.832373832909664,0.0008910955781867031,0.03489104967176658,0.04226650062266501,0.03282007238819704,0.009446428234467966,15,18,True,0.041994011824720415
epithelial cells,BBS10,0.05675975792166567,0.03577111111839448,0.020988646803271185,up_in_CKD,1.4023890830154002,3.815218167237037,0.0010165381108034268,0.037768770689971004,0.052552926525529266,0.04441445310103675,0.008138473424492518,15,18,True,0.04188102620682272
epithelial cells,MSL3,0.0720057274342342,0.05115558549291583,0.020850141941318366,up_in_CKD,1.3852452180874082,3.8017713433593103,0.0009419248983601379,0.03608117275949785,0.06595267745952678,0.06398380467455984,0.001968872784966935,15,18,True,0.04166942749433233
epithelial cells,NOXA1,0.06701045525644905,0.044506848990413864,0.02250360626603519,up_in_CKD,1.3276307993108025,3.6497347912982994,0.0013423787371292489,0.04373937045057342,0.057733499377335,0.05281884546960309,0.0049146539077319085,15,18,True,0.04060594579128233
epithelial cells,IRF5,0.03584606687214672,0.017268022710520765,0.018578044161625954,up_in_CKD,1.4453391015683836,3.938211474971908,0.0007422447566234585,0.03190941454516551,0.03123287671232877,0.01895589227654745,0.012276984435781318,15,18,True,0.040172133570232034
epithelial cells,ZBTB6,0.04806299068652339,0.028270234971491354,0.019792755715032032,up_in_CKD,1.436977465738917,3.8641955837909863,0.0010616521226293615,0.03883584671041182,0.04338729763387297,0.037543708974909516,0.005843588658963457,15,18,True,0.04012468009155278
epithelial cells,DOCK5,0.06645326458553255,0.04244758928365896,0.024005675301873593,up_in_CKD,1.2611718983741673,3.5284124510712753,0.0015547678881559991,0.04729351377590193,0.05574097135740971,0.04987424084411999,0.005866730513289724,15,18,True,0.040120757255874016
epithelial cells,USF1,0.0607434756647425,0.04209922756871991,0.018644248096022595,up_in_CKD,1.3354458159304516,3.9765579137316425,0.0004244345499257731,0.024655103479252222,0.052552926525529266,0.05447518557143734,-0.0019222590459080716,15,18,True,0.04003891983390158
epithelial cells,DDX60L,0.034539938447541295,0.019072713413019613,0.015467225034521682,up_in_CKD,1.5894909982372505,4.271852329332735,0.0004249398634624984,0.024655103479252222,0.031008717310087173,0.024108950371142874,0.006899766938944299,15,18,True,0.039534994650596664
epithelial cells,AP3M2,0.059886641911808335,0.041508088144362285,0.01837855376744605,up_in_CKD,1.4394187179201172,3.9082854146369104,0.0008369548939982039,0.0338729384047193,0.05459526774595268,0.053923072204159254,0.0006721955417934231,15,18,True,0.03889191060031885
epithelial cells,TTC39A,0.04932458640854694,0.030164824494503584,0.01915976191404336,up_in_CKD,1.417993671548117,3.8266082574692306,0.0011017537132427177,0.03951251066983098,0.047471980074719804,0.0380958223421876,0.009376157732532205,15,18,True,0.03812450465214933
epithelial cells,C19orf44,0.0351540315648996,0.022530764445743496,0.012623267119156106,up_in_CKD,1.5755764939727817,4.464114634294274,0.00011495505980211342,0.012869515149259393,0.0312826899128269,0.029568738114226122,0.0017139517986007775,15,18,True,0.03759877203558291
epithelial cells,TMEM62,0.03832559413161691,0.023143274046480707,0.015182320085136203,up_in_CKD,1.5704036508952264,4.2056228734846055,0.0005254907452367468,0.026876133563280783,0.03576587795765878,0.029875467762713943,0.005890410194944837,15,18,True,0.03744761950977655
epithelial cells,SHC2,0.04256716290661153,0.022526074437883032,0.020041088468728496,up_in_CKD,1.3734125837883966,3.7108014171933283,0.001416837581406785,0.04486450684762048,0.03427148194271482,0.026440095699650328,0.007831386243064495,15,18,True,0.03710594550574531
epithelial cells,TSPAN13,0.042548189782664496,0.02357483505761639,0.018973354725048106,up_in_CKD,1.3670252570904111,3.7538783286837987,0.0010524188033295334,0.03859909913695262,0.042839352428393526,0.03269738052880192,0.01014197189959161,15,18,True,0.03666002588178256
epithelial cells,SMC6,0.08139194912469845,0.06090009967943103,0.02049184944526742,up_in_CKD,1.3642710600450654,3.6679638767707905,0.0016618427308812789,0.04886687427524014,0.07297633872976339,0.07533280166860928,-0.0023564629388458935,15,18,True,0.03665048205886883
epithelial cells,BTN3A2,0.03853015190192034,0.019329824503924377,0.019200327397995966,up_in_CKD,1.372008347435707,3.7441568943502097,0.001159102263334876,0.04066178990014872,0.039601494396014944,0.02404760444144531,0.015553889954569633,15,18,True,0.03663821340259638
epithelial cells,PTPN6,0.06308700858802116,0.04506866793881811,0.018018340649203046,up_in_CKD,1.4193192764317748,3.84216387291136,0.0010186268954274426,0.0378084937762258,0.0576587795765878,0.05490460707932029,0.002754172497267511,15,18,True,0.03637641382099535
epithelial cells,FCF1,0.07307156497578803,0.055933156785654504,0.01713840819013352,up_in_CKD,1.3864896758566112,3.871361233417179,0.0006533741643257828,0.030412219100501754,0.06189290161892902,0.06772590638611128,-0.005833004767182265,15,18,True,0.03604615365075935
epithelial cells,MTHFD1L,0.045366672474863444,0.02772707579274865,0.017639596682114796,up_in_CKD,1.3606200166236952,3.7806583137384386,0.000866413265199504,0.034470605014589706,0.04286425902864259,0.035089871787006933,0.007774387241635657,15,18,True,0.03510237922914809
epithelial cells,ZBTB14,0.05067853823694484,0.035067370219629274,0.015611168017315567,up_in_CKD,1.4053333744527488,3.946508384454894,0.000507640211938119,0.02641812967597814,0.044931506849315066,0.04269676706950494,0.0022347397798101257,15,18,True,0.034621725514965354
epithelial cells,TMCC1,0.09038370312684324,0.06874576221412397,0.02163794091271927,up_in_CKD,1.1936506112537244,3.4540043701243657,0.0016265162954029234,0.04828760947441185,0.07907845579078455,0.08858352248328323,-0.009505066692498676,15,18,True,0.033994077493043826
epithelial cells,TRPC1,0.03853247592489862,0.021599650470481915,0.016932825454416704,up_in_CKD,1.4413881512598767,3.856388858482696,0.0011618683027692501,0.0407202993068845,0.034794520547945205,0.028525857309367523,0.006268663238577683,15,18,True,0.03393002964747586
epithelial cells,KLHL7,0.07861785060054949,0.05909779182354854,0.01952005877700095,up_in_CKD,1.2792954163971406,3.563568880409469,0.0014708758031701423,0.0461568432260011,0.0699626400996264,0.074105883074658,-0.0041432429750316024,15,18,True,0.0333565915799884
epithelial cells,CAD,0.041139564099006785,0.026703139173865065,0.01443642492514172,up_in_CKD,1.4297424788742217,4.006699968593804,0.00044205245190538146,0.025002580474118137,0.03708592777085928,0.031899883442733576,0.005186044328125701,15,18,True,0.03306618570988153
epithelial cells,PPAT,0.04227995111786187,0.028979058178809875,0.013300892939051994,up_in_CKD,1.4638019228728716,4.147446021353024,0.0002732232664212216,0.020425642578425194,0.037235367372353674,0.036316790380958225,0.0009185769913954492,15,18,True,0.03290066339258809
epithelial cells,BAG2,0.039040787656506745,0.023170253785508976,0.01587053387099777,up_in_CKD,1.3891425651040146,3.808051966544716,0.0009405142192089747,0.03608117275949785,0.031407222914072226,0.02729893871541623,0.004108284198655995,15,18,True,0.03180681722682243
epithelial cells,TTC22,0.04032354673404754,0.027001247221695883,0.013322299512351657,up_in_CKD,1.4175972315942895,4.065923070722884,0.00031502777091416785,0.021238599537267897,0.03347447073474471,0.03048892705968959,0.0029855436750551197,15,18,True,0.03159332340541566
epithelial cells,TTC8,0.05994860827789721,0.045433221793257636,0.014515386484639577,up_in_CKD,1.4148764081231657,3.90675584221793,0.0006750214097103818,0.030967308174971776,0.056861768368617685,0.057481136126617996,-0.000619367758000311,15,18,True,0.030993036907815644
epithelial cells,DBR1,0.056452056038484306,0.043877750722680936,0.01257430531580337,up_in_CKD,1.4142900975911197,4.095161703707279,0.0002815191881727049,0.020629904145146042,0.05048567870485679,0.058953438439359546,-0.008467759734502756,15,18,True,0.029974502077462172
epithelial cells,GEMIN2,0.05560561283263376,0.039743293338153976,0.015862319494479783,up_in_CKD,1.3153110027142128,3.6805510253374987,0.0010499931645388415,0.038575232637420354,0.056114570361145706,0.05607017974357401,4.439061757169349e-05,15,18,True,0.029495093438754335
epithelial cells,ZNF581,0.04998083648224456,0.034724448829967655,0.015256387652276902,up_in_CKD,1.36356476708442,3.7514167165804477,0.001036563511606326,0.038320812572644636,0.04978829389788294,0.04232869149131955,0.00745960240656339,15,18,True,0.02946891068825246
epithelial cells,TMEM144,0.03542006793009575,0.023967850124978197,0.011452217805117553,up_in_CKD,1.529260133770993,4.197421671067011,0.0003548172841615417,0.022644793281772747,0.03389788293897883,0.03177719158333844,0.002120691355640386,15,18,True,0.028810130234388415
epithelial cells,USP45,0.05515911017945556,0.03912343561147728,0.016035674567978282,up_in_CKD,1.307731375792144,3.6279276943094207,0.0012954573236658076,0.04296885341310567,0.04792029887920299,0.05085577571928102,-0.0029354768400780343,15,18,True,0.028663250455183822
epithelial cells,ASAP1,0.03424432112952977,0.024888256712940947,0.009356064416588823,up_in_CKD,1.5944284534294733,4.394207982555707,0.0002034160735442045,0.01737941937101176,0.030560398505603985,0.030918348567572543,-0.000357950061968558,15,18,True,0.02625440652092364
epithelial cells,GORAB,0.035546672553302495,0.023129902282030542,0.012416770271271953,up_in_CKD,1.4192719392976303,3.88028543776506,0.0008156495166094026,0.03312626952450892,0.03389788293897883,0.03048892705968959,0.0034089558792892403,15,18,True,0.026078664485489747
epithelial cells,PARP11,0.03760482308366158,0.025658837795742198,0.011945985287919382,up_in_CKD,1.3813291978155229,3.8863731772093453,0.0005851646750841922,0.0289360236622257,0.03399750933997509,0.03208392123182627,0.001913588108148824,15,18,True,0.025388317977967756
epithelial cells,RAD51D,0.03608921339593414,0.022521426600828637,0.013567786795105504,up_in_CKD,1.3358864099706613,3.6937237455515506,0.0011341762047035336,0.04009066331823486,0.03078455790784558,0.02576529047297712,0.0050192674348684616,15,18,True,0.025319871963606706
epithelial cells,ERMAP,0.03431167288779914,0.02211464443752273,0.012197028450276412,up_in_CKD,1.4074892781226562,3.856971540852439,0.0008382191850871976,0.0338729384047193,0.03138231631382316,0.02889393288755291,0.002488383426270252,15,18,True,0.025238290317125402
epithelial cells,ZNF587,0.05101113996433352,0.03615199706696043,0.014859142897373091,up_in_CKD,1.2614110486413157,3.540677225613383,0.0014713427371395174,0.0461568432260011,0.04356164383561644,0.04355561008527084,6.033750345600664e-06,15,18,True,0.025036873350278946
epithelial cells,ZNF566,0.03814866254943981,0.02642533136795668,0.011723331181483134,up_in_CKD,1.4247153455073795,3.903733951603136,0.0007487593634572083,0.03203027190748539,0.033424657534246574,0.03208392123182627,0.0013407363024203062,15,18,True,0.02496073890706132
epithelial cells,FANCC,0.03858503699621378,0.02569294579092594,0.01289209120528784,up_in_CKD,1.3542321144900844,3.7256272166454982,0.0011050289526595126,0.03951251066983098,0.030684931506849315,0.02686951720753328,0.0038154142993160334,15,18,True,0.024499447289904865
epithelial cells,VHL,0.05841758317722415,0.044156912850720875,0.014260670326503272,up_in_CKD,1.25555327641989,3.5662871375940624,0.0012799974395050352,0.042959377857661796,0.04953922789539228,0.053554996625973864,-0.004015768730581584,15,18,True,0.024475139667023856
epithelial cells,TTLL5,0.04202499375463834,0.028076635094131372,0.01394835866050697,up_in_CKD,1.330398435613337,3.6160023126939724,0.0016475175948210124,0.04856117044194208,0.037235367372353674,0.03533525550579719,0.0019001118665564823,15,18,True,0.02437836750600183
epithelial cells,LCA5,0.03463660916570023,0.022460219477271885,0.012176389688428345,up_in_CKD,1.2970052686663631,3.7726923961208656,0.0006842248327436422,0.030978091328613247,0.030386052303860524,0.02754432243420649,0.002841729869654034,15,18,True,0.023830534772570362
epithelial cells,ZNF75D,0.037560278413737255,0.02496089770036226,0.012599380713374995,up_in_CKD,1.3685995146973624,3.7188248748625146,0.0012967137801851469,0.04296885341310567,0.0323785803237858,0.033004110177289735,-0.0006255298535039339,15,18,True,0.023569221704002153
epithelial cells,PIP4K2A,0.04283174213406815,0.031393452313819604,0.011438289820248547,up_in_CKD,1.3348589987490496,3.7489391326492276,0.0008528458458771534,0.03418759347581065,0.041046077210460774,0.040058892092509665,0.0009871851179511087,15,18,True,0.022385634339000943
epithelial cells,ERI1,0.03918787268871182,0.028044382905622618,0.011143489783089204,up_in_CKD,1.3580235551693005,3.7785815111551377,0.0008592582083432162,0.034259456306845654,0.03613947696139477,0.03686890374823631,-0.0007294267868415347,15,18,True,0.02217334538926154
epithelial cells,ADARB1,0.034802238133118696,0.023835602227278038,0.010966635905840658,up_in_CKD,1.3678916261402732,3.7884839105126615,0.0008786045108732246,0.03473204185839997,0.03235367372353674,0.031899883442733576,0.00045379028080316103,15,18,True,0.021890751766527394
epithelial cells,BBS12,0.04906738467410092,0.03618935375008773,0.012878030924013191,up_in_CKD,1.2152961926114965,3.578576870943514,0.0011787528362587876,0.0409409450196389,0.04293897882938979,0.04177657812404147,0.0011624007053483154,15,18,True,0.02172059261212132
epithelial cells,CPOX,0.03321652264889622,0.02333786660405824,0.00987865604483798,up_in_CKD,1.3067293675565068,3.7840808949371705,0.000665543003953383,0.03080940647514537,0.030759651307596513,0.028157781731182135,0.0026018695764143777,15,18,True,0.01950917876034002
epithelial cells,STOML1,0.03290219908381732,0.02282224195598182,0.0100799571278355,up_in_CKD,1.3349804508192364,3.708005164848717,0.0010461206283050837,0.03848229454122273,0.03160647571606476,0.026808171277835715,0.004798304438229043,15,18,True,0.019037500569505008
epithelial cells,PLCB3,0.032399608109839856,0.021947935256478385,0.01045167285336147,up_in_CKD,1.3456779543504858,3.635178388329264,0.0016910508972371803,0.04934348772946138,0.030535491905354917,0.027728360223299185,0.0028071316820557322,15,18,True,0.018379180917267837
epithelial cells,SPATA5L1,0.03164367256140459,0.02415147999492787,0.007492192566476718,up_in_CKD,1.3810868109736858,4.032427447984186,0.000334320913610121,0.02194091942772263,0.029987546699875467,0.031715845653640884,-0.001728298953765417,15,18,True,0.017163647330810283
epithelial cells,TRIM35,0.037285366604488085,0.02771039947286813,0.009574967131619955,up_in_CKD,1.3146613567164336,3.634038056702979,0.0013200440653126954,0.04337604147111048,0.034122042341220425,0.03367891540396295,0.00044312693725747504,15,18,True,0.017154079042704586
epithelial cells,TADA1,0.02998549154612911,0.022400880383238647,0.007584611162890463,up_in_CKD,1.2493419673027606,3.4919443619711905,0.0017185410342010839,0.049979216900530345,0.027895392278953924,0.030182197411201768,-0.002286805132247844,15,18,True,0.012329975865439515
