cell_class,gene,mean_expr_case,mean_expr_control,diff_mean_log_expr,direction,cohen_d,t_stat,p_value,adj_p_value,pct_expr_case,pct_expr_control,pct_expr_diff,n_case_patients,n_control_patients,passes_expression_filter,rank_score
immune cells,ZFP36L1,0.8544388551198977,0.521518847631611,0.33292000748828665,up_in_CKD,1.6720132934405847,4.750510753944435,4.9921280582326774e-05,0.018147853764634087,0.4408086096567772,0.2919212491513917,0.14888736050538548,14,18,True,0.9692191289805179
immune cells,TNF,0.25039619558016385,0.09035089815075396,0.16004529742940987,up_in_CKD,2.2837882496908795,6.038949891114951,6.255566056040573e-06,0.0036818474501267373,0.13830715532286214,0.05974202308214528,0.07856513224071686,14,18,True,0.8896262455875192
immune cells,HNRNPH1,1.5533318898150728,1.1218258902516893,0.4315059995633834,up_in_CKD,1.5264861621760843,4.171702908426373,0.00032321915438524495,0.0684855213977422,0.7107329842931938,0.5906313645621182,0.12010161973107558,14,18,True,0.7669770465987937
immune cells,MAP3K1,0.24691186746053856,0.10157589464386622,0.14533597281667232,up_in_CKD,2.0484124772833825,5.54637175030882,1.1290661587658215e-05,0.005980824738148094,0.14688772542175685,0.08214528173794976,0.06474244368380709,14,18,True,0.6618760582934463
immune cells,LTB,1.0636920785908595,0.5420073924766601,0.5216846861141994,up_in_CKD,1.3723094125622086,3.6233778980986173,0.0016830570826012166,0.16270727968062762,0.41244909831297266,0.2695179904955872,0.14293110781738544,14,18,True,0.5645638381117024
immune cells,JUN,1.3456877945587296,0.8913440649897727,0.45434372956895686,up_in_CKD,1.2526298560403928,3.648465361979221,0.0009946668657379273,0.1237332694777861,0.5542466550319953,0.44331296673455534,0.11093368829743999,14,18,True,0.5164881920234349
immune cells,SP1,0.11777238334177516,0.04806658864927342,0.06970579469250174,up_in_CKD,2.079418602624777,5.924660653061056,1.8574372941386089e-06,0.0013308902891996813,0.07547993019197208,0.04005431093007468,0.0354256192618974,14,18,True,0.4168484656423887
immune cells,CD180,0.06597246060230627,0.0016328393944419874,0.06433962120786428,up_in_CKD,2.6667702889233014,6.598015658415824,1.5096962799914152e-05,0.0077285331353745546,0.04508435136707388,0.0033944331296673455,0.04168991823740653,14,18,True,0.36235817164957546
immune cells,ZMIZ2,0.095353132534628,0.04074380594538007,0.054609326589247935,up_in_CKD,2.110659817958322,5.96495040210645,1.8067947601148603e-06,0.0013308902891996813,0.05977312390924956,0.03598099117447386,0.0237921327347757,14,18,True,0.33147628505006793
immune cells,MAPK8IP3,0.056791552749442496,0.017920103060610662,0.038871449688831834,up_in_CKD,2.32433484933598,6.437572929562499,7.283953480548539e-07,0.0007299702569155131,0.03664921465968586,0.018329938900203666,0.018319275759482195,14,18,True,0.28340121006582125
immune cells,TLR7,0.058109502438637405,0.003707907989668168,0.054401594448969234,up_in_CKD,2.323782367104982,5.975497792780854,1.5215289074496832e-05,0.0077285331353745546,0.037667248400232695,0.0033944331296673455,0.034272815270565346,14,18,True,0.2669814162732502
immune cells,TP53,0.1323057548033694,0.05598580396140815,0.07631995084196125,up_in_CKD,1.8211472035635519,4.9588018943611365,4.478274264046482e-05,0.016441030664439957,0.08885980221058755,0.05295315682281059,0.03590664538777696,14,18,True,0.24796778206376313
immune cells,IGKC,0.3648072229905691,0.05833467825451824,0.3064725447360509,up_in_CKD,1.3015930535653841,3.297518478653977,0.004730782357295861,0.2437079683243766,0.09613147178592205,0.013577732518669382,0.08255373926725267,14,18,True,0.24457921951557263
immune cells,IER2,1.3350090536821804,1.028107690526057,0.30690136315612326,up_in_CKD,1.164973361386396,3.258075803317988,0.0029617480413407947,0.2084788153157639,0.590023269342641,0.5078071961982349,0.08221607314440615,14,18,True,0.24345709038810712
immune cells,TLR10,0.11374588296386798,0.01177445808217085,0.10197142488169712,up_in_CKD,1.817769450397739,4.587677542496706,0.0003517786411861774,0.0705078487307214,0.06428155904595695,0.010183299389002037,0.05409825965695491,14,18,True,0.21349132671705295
immune cells,DYNLL1,0.9966095390483696,0.8053038000688392,0.1913057389795304,up_in_CKD,1.173106556896465,3.5070740187878515,0.0015409585662726172,0.15400507391448864,0.5203606748109366,0.47182620502376105,0.04853446978717557,14,18,True,0.18233502722986392
immune cells,JCHAIN,0.12771983989706748,0.016486317969834005,0.11123352192723347,up_in_CKD,1.5979383362316304,4.086247230876772,0.0008255011364688117,0.11200679865350031,0.03868528214077952,0.005431093007467753,0.03325418913331177,14,18,True,0.1689913998634005
immune cells,KIF22,0.1561370844276227,0.08296521394245737,0.07317187048516532,up_in_CKD,1.5528777434138492,4.427590214946999,0.00012055118966359771,0.034110325298208496,0.10383944153577661,0.07196198234894773,0.03187745918682888,14,18,True,0.16670373295216204
immune cells,MYO1C,0.06739158909728547,0.022770229491200306,0.04462135960608517,up_in_CKD,1.9316840097977024,5.187117410312843,3.197307890472197e-05,0.013320918716708884,0.04057591623036649,0.021045485403937542,0.01953043082642895,14,18,True,0.16165458904580313
immune cells,SESN3,0.1805455013868258,0.09737982449959766,0.08316567688722813,up_in_CKD,1.6585895728033038,4.328554694078827,0.00037612405229927063,0.07262181009352625,0.112565445026178,0.06856754921928038,0.04399789580689763,14,18,True,0.1571018167955705
immune cells,CCR2,0.08812734542849622,0.030274483353443807,0.057852862075052414,up_in_CKD,1.6634575282956736,4.618838473597028,8.570188170530307e-05,0.026208442909383272,0.05962769051774287,0.028513238289205704,0.03111445222853717,14,18,True,0.15220254120023333
immune cells,FAM199X,0.09401941212309997,0.04665948211592298,0.04735993000717699,up_in_CKD,1.7205556325719653,4.836021818149697,4.250180030317277e-05,0.01575966755241646,0.056719022687609075,0.035302104548540394,0.02141691813906868,14,18,True,0.14687358924256183
immune cells,ARHGAP17,0.07154229831312142,0.026713735450722784,0.04482856286239864,up_in_CKD,1.7412252378167665,4.897689142694474,3.565659365223654e-05,0.014065388219414159,0.04392088423502036,0.02376103190767142,0.02015985232734894,14,18,True,0.14454902652161314
immune cells,SIT1,0.24728530980452504,0.10391657544302554,0.1433687343614995,up_in_CKD,1.342154044763654,3.5226999605646356,0.0022261445536982095,0.18141593209991774,0.13161721931355438,0.07739307535641547,0.05422414395713891,14,18,True,0.14264784446299786
immune cells,JUND,1.8963638752991725,1.6008204000558228,0.2955434752433497,up_in_CKD,0.9950612284302743,2.7810314957206854,0.009642757375499578,0.33015091734397445,0.7821407795229784,0.7542430414120842,0.027897738110894243,14,18,True,0.14153888020802888
immune cells,IGLC2,0.17751258681801815,0.009910484099613908,0.16760210271840426,up_in_CKD,1.339438502646317,3.342738621311613,0.004808011955503288,0.2445021580924249,0.04203025014543339,0.006109979633401222,0.03592027051203217,14,18,True,0.13732607485432388
immune cells,IGHG1,0.144367594180041,0.01569033758443848,0.12867725659560253,up_in_CKD,1.374623647474401,3.4740979335194977,0.0033428935115888073,0.21548541238835675,0.034758580570098896,0.006788866259334691,0.027969714310764206,14,18,True,0.11790691252476064
immune cells,FOSB,0.7251275525406415,0.4915724179409096,0.23355513459973193,up_in_CKD,0.9668271202286155,2.8290560309381187,0.008267208439293006,0.30758102977360563,0.3842350203606748,0.3027834351663272,0.08145158519434759,14,18,True,0.11562254303498383
immune cells,IQCB1,0.08175013423765545,0.04640676941048977,0.035343364827165685,up_in_CKD,1.673309990347202,4.905450577810552,3.101812728034971e-05,0.013165649010056457,0.050319953461314716,0.03801765105227427,0.012302302409040448,14,18,True,0.11121694647183757
immune cells,RABGAP1,0.08696405617435485,0.040144392985865196,0.04681966318848965,up_in_CKD,1.5338456801581752,4.472151917610836,0.00010330326053483386,0.029693681400245267,0.053810354857475276,0.034623217922606926,0.01918713693486835,14,18,True,0.1096843152808772
immune cells,LFNG,0.19166697310041123,0.09914843674350315,0.09251853635690807,up_in_CKD,1.435937145249365,3.734568311103637,0.00148873775357013,0.15123944082843951,0.11489237929028505,0.06720977596741344,0.04768260332287161,14,18,True,0.10898215509299441
immune cells,ID3,0.18268217007272475,0.06497885686981274,0.11770331320291201,up_in_CKD,1.3091017231951703,3.4441397890240193,0.0026181452880493306,0.19691851375429853,0.08740546829552065,0.05295315682281059,0.03445231147271006,14,18,True,0.10874028763978291
immune cells,SPTBN1,0.1488905221866679,0.06328786554606017,0.08560265664060773,up_in_CKD,1.426531977357985,3.747041601938553,0.0013214909889585835,0.144120252560542,0.08493310063990692,0.04752206381534284,0.03741103682456408,14,18,True,0.1027322334761684
immune cells,SYNGR2,0.29061426498713155,0.21816604661277336,0.07244821837435819,up_in_CKD,1.3718355128411261,3.7979642573803023,0.0007711971847566324,0.10750372786005988,0.17670157068062828,0.1500339443312967,0.02666762634933159,14,18,True,0.09626394777357919
immune cells,SH2D3C,0.09995891062749143,0.041593404995361245,0.05836550563213019,up_in_CKD,1.4402774265512144,3.976690591436607,0.0004925833070443237,0.08302267738728873,0.055991855730075625,0.03054989816700611,0.025441957563069516,14,18,True,0.09085504637068258
immune cells,GPR174,0.22104764408355762,0.07960731166952045,0.14144033241403717,up_in_CKD,1.1368978307060968,3.028053310143275,0.006342215111551605,0.274499832962311,0.11532867946480511,0.04684317718940937,0.06848550227539574,14,18,True,0.09028423346002182
immune cells,PPP3CA,0.23475684488984078,0.15582688277060494,0.07892996211923584,up_in_CKD,1.251856416439321,3.6469217184616163,0.0009989246963303905,0.1237332694777861,0.14325189063408958,0.11541072640868975,0.027841164225399825,14,18,True,0.08967048395977165
immune cells,WDR6,0.12099102945432347,0.06493481852789,0.05605621092643347,up_in_CKD,1.4164948392256225,3.9992068372028604,0.00040697654417565725,0.07621560736380491,0.07693426410703898,0.05295315682281059,0.023981107284228385,14,18,True,0.08876943984692567
immune cells,S100A6,2.4509618309750794,2.171310507772942,0.27965132320213737,up_in_CKD,0.9355553564953104,2.4603715845204563,0.02331057072526932,0.4637102803073961,0.847585805700989,0.7997284453496266,0.047857360351362344,14,18,True,0.0873196337159428
immune cells,CCNG2,0.12176296728645468,0.06297974367887048,0.0587832236075842,up_in_CKD,1.3384681538442358,3.98201287869991,0.0004268437651877948,0.07777935308898863,0.07489819662594532,0.051595383570943655,0.02330281305500167,14,18,True,0.08726621001672227
immune cells,IGHA1,0.09870900434156446,0.0050372529008992795,0.09367175144066518,up_in_CKD,1.4074899304606356,3.5085205305808866,0.003488470818920224,0.2180475431898868,0.033595113438045374,0.0033944331296673455,0.03020068030837803,14,18,True,0.08720676402827808
immune cells,SEL1L,0.17908518533671752,0.11561732934037067,0.06346785599634686,up_in_CKD,1.3419399404372638,3.8241138868656406,0.0006324776361906491,0.09511765888935934,0.11343804537521815,0.08961303462321792,0.023825010752000234,14,18,True,0.0870215496395881
immune cells,KCNN4,0.06481135756171029,0.017279766287287186,0.04753159127442311,up_in_CKD,1.4695221146117237,4.169467738105935,0.00025060983375022495,0.057650619381507694,0.04159394997091332,0.01493550577053632,0.026658444200377,14,18,True,0.08655626159618625
immune cells,TAB2,0.13052298876092225,0.08010963253010946,0.05041335623081279,up_in_CKD,1.4500362674348466,4.070523307205727,0.0003453931578921989,0.0705078487307214,0.08013379872018615,0.06042090970807875,0.019712889012107403,14,18,True,0.08419521761325859
immune cells,TIFA,0.08415893609026977,0.03619287954356318,0.04796605654670659,up_in_CKD,1.4965368934195542,4.11750484698767,0.00035053255087994677,0.0705078487307214,0.051919720767888304,0.025797691785471828,0.026122028982416477,14,18,True,0.08267693930991346
immune cells,RBM6,0.31207173059548243,0.22442620477705338,0.08764552581842905,up_in_CKD,1.179597805728469,3.4592254353909118,0.0016581678352684673,0.16164074950470741,0.19051774287376383,0.1493550577053632,0.04116268516840063,14,18,True,0.08182513318107977
immune cells,RASSF7,0.1605812154016278,0.08072687169479235,0.07985434370683546,up_in_CKD,1.34475038298034,3.549049199946206,0.002007568073937071,0.17392669201305277,0.09569517161140198,0.058384249830278345,0.037310921781123635,14,18,True,0.08157263300204441
immune cells,CD24,0.18792457077652064,0.052764607871669006,0.13515996290485163,up_in_CKD,1.1308618754965725,2.9774303937171616,0.007517901906851977,0.2945029605019988,0.10456660849331006,0.019008825526137134,0.08555778296717292,14,18,True,0.08114818426042487
immune cells,CENPX,0.17719610706516264,0.06994673774998258,0.10724936931518006,up_in_CKD,1.182172094795607,3.186455397521633,0.004128799310423725,0.23231544526633036,0.12332751599767307,0.04752206381534284,0.07580545218233023,14,18,True,0.08037319204319686
immune cells,TNFSF14,0.07750383925470909,0.01948316370366366,0.05802067555104543,up_in_CKD,1.3741383355143257,3.831427479071936,0.0006782039766721602,0.0982336072461082,0.04435718440954043,0.013577732518669382,0.03077945189087105,14,18,True,0.08034552526653174
immune cells,PIK3CG,0.08461399236156979,0.033402823226863415,0.05121116913470637,up_in_CKD,1.3884656286013517,3.990104412809556,0.00039524103257174267,0.07444142518318039,0.056282722513089,0.025797691785471828,0.030485030727617175,14,18,True,0.08021955873814214
immune cells,TRIM13,0.13229538712174455,0.07707725385762315,0.055218133264121394,up_in_CKD,1.3026315001432147,3.846869153913387,0.0005972059118701765,0.09134057506456461,0.08464223385689354,0.054989816700611,0.029652417156282543,14,18,True,0.07475829277550161
immune cells,CEBPA,0.12184594910588384,0.05738416588077493,0.0644617832251089,up_in_CKD,1.2936529618509327,3.6220768311410296,0.0011527086292902626,0.13295801719319664,0.0780977312390925,0.03326544467073999,0.04483228656835251,14,18,True,0.07307447656514614
immune cells,PPP4R3A,0.16153348518478544,0.06606001783662324,0.0954734673481622,up_in_CKD,1.1844611628815886,3.176122881566717,0.004344685801106866,0.23725024706881517,0.10180337405468295,0.04344874405974202,0.05835462999494093,14,18,True,0.07065451227171941
immune cells,ITGAV,0.0789145891291168,0.032387393791831205,0.04652719533728559,up_in_CKD,1.3995104752228638,3.9388058154419068,0.0004858965631169404,0.08246986127981978,0.052646887725421754,0.026476578411405296,0.026170309314016458,14,18,True,0.07056575602053004
immune cells,ACADM,0.1717803887738321,0.11367525846303776,0.058105130310794326,up_in_CKD,1.2677009329472952,3.715466348580693,0.0008364226533025055,0.11237156516107574,0.1067481093659104,0.08010862186014936,0.026639487505761048,14,18,True,0.0699285789258419
immune cells,SPTAN1,0.19728794869195715,0.12755124246964392,0.06973670622231323,up_in_CKD,1.190572122501585,3.5262850938307704,0.0014186315499306163,0.14775206641777952,0.11663757998836533,0.09300746775288526,0.02363011223548006,14,18,True,0.06895078665051703
immune cells,AC243960.1,0.16037484478020186,0.0583051110784694,0.10206973370173247,up_in_CKD,1.1545972532053024,3.0750507706457384,0.005692835952905247,0.2641931879020358,0.08551483420593368,0.03326544467073999,0.052249389535193695,14,18,True,0.06812621053630237
immune cells,OGT,0.33179064714485296,0.24913842827239835,0.08265221887245461,up_in_CKD,1.1468044183838855,3.2989551498428256,0.0025144433975618765,0.192617059443636,0.19575334496800464,0.16361167684996605,0.03214166811803859,14,18,True,0.06780087334957621
immune cells,ANAPC13,0.1836813448592367,0.1112481915681105,0.0724331532911262,up_in_CKD,1.2497544022628806,3.410954219758905,0.002240486997505821,0.18143483514400546,0.11823734729493891,0.08078750848608282,0.03744983880885609,14,18,True,0.06710331184605352
immune cells,SPP1,0.3032235678771936,0.1303467606527217,0.17287680722447193,up_in_CKD,1.0393988955856706,2.632435544825975,0.0185356073810932,0.4234752444183216,0.16579406631762653,0.05974202308214528,0.10605204323548124,14,18,True,0.06705451142734702
immune cells,GLS,0.3360376803443838,0.2352761293351664,0.10076155100921741,up_in_CKD,1.0795059396914588,3.0573263971534117,0.004767775654708671,0.24418386916657117,0.19575334496800464,0.15207060420909707,0.04368274075890757,14,18,True,0.0665996738265902
immune cells,CSK,0.42500913003459384,0.31057745934422426,0.11443167069036958,up_in_CKD,1.090062860727225,2.9302201387064164,0.007633679297066839,0.29608454846782256,0.24898196625945318,0.20095044127630685,0.048031524983146334,14,18,True,0.06593439193954216
immune cells,PDS5B,0.16290888421570507,0.10139441309751338,0.061514471118191694,up_in_CKD,1.2231447883796933,3.5750914070019313,0.0012142331965668295,0.13706905574631081,0.10136707388016289,0.07196198234894773,0.029405091531215163,14,18,True,0.06493763143877618
immune cells,GSE1,0.07259539346419748,0.03571610476066785,0.036879288703529634,up_in_CKD,1.4087534218175515,4.169790336604978,0.0002499766729156783,0.057650619381507694,0.0477021524141943,0.02987101154107264,0.01783114087312166,14,18,True,0.06438097224225382
immune cells,ZNF683,0.07245435514742779,0.02088167981821006,0.051572675329217735,up_in_CKD,1.3846058639966699,3.7213768686118756,0.0011545976681825597,0.13295801719319664,0.03781268179173938,0.01697216564833673,0.020840516143402654,14,18,True,0.06257364273029643
immune cells,IGHM,0.17089185980986785,0.022637841598312287,0.14825401821155557,up_in_CKD,1.0642432257964471,2.6918771069260705,0.016529047549186767,0.4044036659121808,0.0535194880744619,0.010183299389002037,0.04333618868545986,14,18,True,0.06203606125814694
immune cells,CISH,0.14217777111467675,0.06287617676555912,0.07930159434911763,up_in_CKD,1.1604012271563726,3.2294736306729996,0.003235949189458745,0.21345850768144914,0.070826061663758,0.03801765105227427,0.032808410611483735,14,18,True,0.0617176928945277
immune cells,PAX8,0.05885318803336294,0.007340487400876135,0.0515127006324868,up_in_CKD,1.5389168373643387,3.821581264340487,0.001951319204126054,0.17155185626580327,0.033595113438045374,0.008825526137135099,0.024769587300910275,14,18,True,0.06069235538980978
immune cells,CLCN3,0.10864460819622311,0.06313581929152122,0.04550878890470189,up_in_CKD,1.3678332313884651,3.8000648276515734,0.0007514845880653889,0.1070764102674039,0.0693717277486911,0.05363204344874406,0.015739684299947043,14,18,True,0.060400041050957545
immune cells,COBLL1,0.1311371587814195,0.037477757341970196,0.09365940143944929,up_in_CKD,1.214364795385692,3.074232793784965,0.007543474288434702,0.2945029605019988,0.060791157649796396,0.031907671418873046,0.02888348623092335,14,18,True,0.06038397881952434
immune cells,CD1E,0.06390905365216332,0.010207088345595527,0.05370196530656779,up_in_CKD,1.3634484890672705,3.63288267410091,0.00153038953787903,0.1537854852697952,0.0477021524141943,0.005431093007467753,0.04227105940672655,14,18,True,0.05953394724261904
immune cells,CD1C,0.1336557429263972,0.04938683528331475,0.08426890764308245,up_in_CKD,1.111341412584539,3.1052134093467294,0.004363922350536823,0.23725024706881517,0.07344386271087842,0.034623217922606926,0.0388206447882715,14,18,True,0.058512849009232135
immune cells,AL034397.3,0.14440355283244227,0.053788725434013994,0.09061482739842827,up_in_CKD,1.135737662739464,3.0252931881874594,0.006379290044210073,0.2750512498131506,0.08987783595113438,0.026476578411405296,0.06340125753972908,14,18,True,0.05769256330461399
immune cells,TBC1D4,0.0933173777015194,0.04602659763888575,0.04729078006263365,up_in_CKD,1.3044251043524624,3.6936057119843446,0.0009148186898683337,0.11737535301148032,0.05715532286212915,0.031228784792939578,0.02592653806918957,14,18,True,0.057395270250878434
immune cells,ACTB,3.24204798839692,3.0619290974197826,0.18011889097713762,up_in_CKD,0.8476364759269517,2.499502679998601,0.01825553375220649,0.422016952326569,0.960587550901687,0.9497623896809233,0.010825161220763713,14,18,True,0.05720288613793221
immune cells,LRPPRC,0.1431644015099207,0.0879937426528398,0.05517065885708092,up_in_CKD,1.2308697303139586,3.531247360741722,0.0013688976987057018,0.14621985150272795,0.08856893542757417,0.06653088934147998,0.022038046086094193,14,18,True,0.05670266104567596
immune cells,TSPYL1,0.20440631803966655,0.13690394881096934,0.0675023692286972,up_in_CKD,1.2057462015875982,3.2689859749187757,0.0032870768038324558,0.21345850768144914,0.1257998836532868,0.10386965376782077,0.021930229885466015,14,18,True,0.054587663213332166
immune cells,EMP3,1.2454099507210772,1.024096583565815,0.22131336715526229,up_in_CKD,0.8473936634953254,2.291103048891819,0.031324695355338904,0.5137632838798646,0.5890052356020943,0.5030549898167006,0.08595024578539368,14,18,True,0.05424336333692016
immune cells,LGALS2,0.3096294798248013,0.1754156086034878,0.13421387122131354,up_in_CKD,0.9861533645007997,2.6350726316177506,0.015231405609453472,0.39150529744450097,0.16797556719022688,0.08486082824168364,0.08311473894854324,14,18,True,0.05390339689220052
immune cells,ERBIN,0.18920847186504094,0.08660689334934528,0.10260157851569567,up_in_CKD,1.0596589313242335,2.8541008519293425,0.0090332455914544,0.3205289440489274,0.11532867946480511,0.0461642905634759,0.06916438890132921,14,18,True,0.05372343607760704
immune cells,NFKBIE,0.06670310775693553,0.028276996201405186,0.03842611155553034,up_in_CKD,1.309476997356548,3.924994915124186,0.0005184509660799333,0.0858221509921604,0.046829552065154156,0.026476578411405296,0.02035297365374886,14,18,True,0.053659262060975425
immune cells,TBL1XR1,0.3003379156510939,0.23219909885703358,0.06813881679406034,up_in_CKD,1.1613737812339542,3.2476132586799147,0.003042589813410108,0.2100916765013907,0.1778650378126818,0.1500339443312967,0.0278310934813851,14,18,True,0.05362092880581674
immune cells,POLD2,0.10800362583420911,0.057323027003561275,0.050680598830647836,up_in_CKD,1.2532196588943876,3.5350005124117696,0.0014090590832852256,0.14767487448652036,0.0635543920884235,0.051595383570943655,0.01195900851747985,14,18,True,0.05276059579956278
immune cells,MANEA,0.06494512203856441,0.030649003317308663,0.03429611872125575,up_in_CKD,1.3804741605318556,3.9716801341755343,0.00041500515520671134,0.07732859876917013,0.04086678301337987,0.024439918533604887,0.016426864479774983,14,18,True,0.052631431213821564
immune cells,FBXO44,0.08309943595553361,0.041593791673935364,0.041505644281598246,up_in_CKD,1.2747624945848193,3.722283919275818,0.0008170898780954644,0.1117159648423531,0.0447934845840605,0.026476578411405296,0.018316906172655207,14,18,True,0.05036406902281139
immune cells,SLC9A3R1,0.22631414776146372,0.1481006802118322,0.07821346754963152,up_in_CKD,1.0748664232783904,3.019850016839751,0.005322692716320133,0.2576616921629484,0.127108784176847,0.0835030549898167,0.04360572918703032,14,18,True,0.04951246750754439
immune cells,PIK3CD,0.11312779695477773,0.05660391589050898,0.056523881064268755,up_in_CKD,1.240734979292943,3.3527610449823912,0.0027312829509954285,0.20015014194251085,0.06762652705061083,0.04276985743380855,0.024856669616802274,14,18,True,0.048996718475599464
immune cells,SLC25A1,0.09327325729653924,0.05122073575784582,0.04205252153869342,up_in_CKD,1.2341774765628044,3.7322963795327038,0.000912053382632873,0.11737535301148032,0.062245491564863295,0.03937542430414121,0.022870067260722084,14,18,True,0.048289214084428655
immune cells,SEC61G,0.9431762035803389,0.8012050449028356,0.14197115867750332,up_in_CKD,0.8773558281817839,2.5075837261715317,0.017881597106992657,0.41772122577201204,0.5126527050610821,0.4860828241683639,0.026569880892718167,14,18,True,0.047222077730081045
immune cells,MGST3,0.613411729690238,0.4810222347362211,0.13238949495401697,up_in_CKD,1.01477800571905,2.5609829354359643,0.021668302502313223,0.4480756662162941,0.349912739965096,0.29463679565512557,0.055275944309970404,14,18,True,0.04683953205280051
immune cells,RAB3GAP1,0.12971596100391405,0.079992187790927,0.04972377321298706,up_in_CKD,1.2645078370070784,3.4333160142429775,0.0021829726980198394,0.1809596240987236,0.08580570098894706,0.05974202308214528,0.02606367790680178,14,18,True,0.04668036886639871
immune cells,SEC22B,0.17794720668371058,0.08055926292951017,0.09738794375420042,up_in_CKD,1.0483466256308314,2.781124434861488,0.01128448969630157,0.35162090583097666,0.11532867946480511,0.04752206381534284,0.06780661564946228,14,18,True,0.046344104872489376
immune cells,EVA1B,0.09380192147354091,0.05327485856648536,0.04052706290705555,up_in_CKD,1.2999417180697526,3.6234606638432623,0.001171627218153514,0.13367972844480136,0.06617219313554393,0.03937542430414121,0.026796768831402716,14,18,True,0.046041330886300885
immune cells,CBFA2T3,0.0546172924000863,0.023186247763059924,0.03143104463702638,up_in_CKD,1.360681613989892,3.9005560086465474,0.0005070610849181653,0.08469290553498005,0.03606748109365911,0.019687712152070606,0.0163797689415885,14,18,True,0.04585345702004769
immune cells,CXCR3,0.13382111868021215,0.055943627231695374,0.07787749144851677,up_in_CKD,1.0971174290002867,2.9433683408281577,0.007465065054616787,0.294160055499671,0.08289703315881326,0.04548540393754243,0.03741162922127083,14,18,True,0.045404609034632976
immune cells,RAP2C,0.12920989553150097,0.08033882665887597,0.048871068872625004,up_in_CKD,1.1820623959655083,3.4233813011293317,0.0018088806843768821,0.16602300934825442,0.08478766724840023,0.062457569585879155,0.022330097662521073,14,18,True,0.04504982775204118
immune cells,MARCKS,0.5832659330673883,0.4016020906998932,0.18166384236749505,up_in_CKD,0.8738063788627113,2.2988500715452846,0.03263494202515099,0.5219941843149905,0.28853984874927285,0.21656483367277665,0.0719750150764962,14,18,True,0.04481747694591293
immune cells,ING2,0.06733930111294309,0.035403746653648864,0.031935554459294226,up_in_CKD,1.3296297348391242,3.860292814994611,0.0005598170996044837,0.08833199171631599,0.04450261780104712,0.031228784792939578,0.013273833008107541,14,18,True,0.04475042424982713
immune cells,PTMS,0.35011627501261866,0.2298153108898005,0.12030096412281815,up_in_CKD,0.9846594153652918,2.5783778694718436,0.018386392098598575,0.42303789642710254,0.1909540430482839,0.15207060420909707,0.038883438839186824,14,18,True,0.04425742132431836
immune cells,ANTXR2,0.07387968171980745,0.03384447836214313,0.04003520335766432,up_in_CKD,1.2267259680335065,3.6558822798835497,0.0010292032841778991,0.1259500256677112,0.04610238510762071,0.03054989816700611,0.015552486940614597,14,18,True,0.04419126422875444
immune cells,SPRED1,0.08543156151450858,0.04352515759089104,0.04190640392361754,up_in_CKD,1.269127979528052,3.5489478236369116,0.001402520214109243,0.14767487448652036,0.05410122164048865,0.0373387644263408,0.016762457214147854,14,18,True,0.044180087125818106
immune cells,DNAJC10,0.14397860487836459,0.08606829044243053,0.05791031443593406,up_in_CKD,1.1778443400138021,3.1961342632355314,0.00390362303832699,0.2286672073636095,0.09773123909249563,0.06313645621181263,0.034594782880683,14,18,True,0.04370827737313425
immune cells,DBP,0.1268031602724931,0.08064486861388831,0.0461582916586048,up_in_CKD,1.20194371760826,3.4312186331794514,0.0017966494358380395,0.16602300934825442,0.08027923211169284,0.06177868295994569,0.018500549151747155,14,18,True,0.04326480535558083
immune cells,GRAP2,0.07057684061101059,0.029770402668671148,0.040806437942339444,up_in_CKD,1.2367122996221755,3.561367430452825,0.0012581735923807831,0.14002735719106849,0.04363001745200698,0.02987101154107264,0.01375900591093434,14,18,True,0.04308706966437212
immune cells,NFE2L1,0.08433578444789278,0.04959062022028429,0.03474516422760848,up_in_CKD,1.332796190979756,3.7115880160964982,0.000935140992130385,0.11915817178073772,0.06137289121582315,0.03665987780040733,0.02471301341541582,14,18,True,0.042783063217114746
immune cells,CLPTM1,0.10980889098643394,0.07298204609344017,0.036826844892993774,up_in_CKD,1.357368848218315,3.6676332416081645,0.001265079953047679,0.14002735719106849,0.07620709714950552,0.05770536320434488,0.018501733945160644,14,18,True,0.04267877870476257
immune cells,SREK1,0.1662018307214044,0.11674413132117183,0.04945769940023258,up_in_CKD,1.196557307349175,3.3395150603341452,0.002424204208020842,0.1902563099896469,0.10165794066317627,0.08078750848608282,0.020870432177093445,14,18,True,0.04264797276252845
immune cells,EPS8,0.11155525982378779,0.056460060465284054,0.05509519935850374,up_in_CKD,1.1594791639961952,3.2132417051261446,0.0034218292456350743,0.2172506363980365,0.07053519488074463,0.03598099117447386,0.03455420370627076,14,18,True,0.042356078490507876
immune cells,SRSF6,0.29138966736092,0.21746849950499966,0.07392116785592032,up_in_CKD,1.0113010302926606,2.949454011675079,0.006125779337442528,0.2717032270722117,0.18731820826061663,0.16429056347589951,0.02302764478471711,14,18,True,0.04230512244791239
immune cells,UBE2J1,0.21595393673517696,0.14321669190197134,0.07273724483320562,up_in_CKD,1.0913529534756437,2.9372101846842504,0.00747459197925252,0.29422279255911193,0.12318208260616638,0.10319076714188731,0.01999131546427907,14,18,True,0.04217754061320888
immune cells,ATAD1,0.16045981250430283,0.09972601724350266,0.060733795260800166,up_in_CKD,1.0642626987365953,3.1542246493001813,0.003726571758369171,0.22358757439034252,0.09598603839441536,0.06992532247114731,0.026060715923268044,14,18,True,0.042049564503252146
immune cells,SLC12A1,0.1394136461159562,0.029978421084467924,0.10943522503148827,up_in_CKD,1.0402038182267874,2.613710026246561,0.019838361818261135,0.4362292864225312,0.06399069226294357,0.012898845892735914,0.05109184637020766,14,18,True,0.04101304160361711
immune cells,TSC22D4,0.20674520748837524,0.14692792745521233,0.05981728003316292,up_in_CKD,1.1474391498912255,3.093788294894327,0.005137239572430384,0.25279372808103767,0.12943571844095406,0.0943652410047522,0.035070477436201855,14,18,True,0.040992144060148526
immune cells,OGA,0.2494713473477416,0.12979965847556876,0.11967168887217283,up_in_CKD,0.9093952104771384,2.504755332860698,0.01889936565808837,0.42704965179885235,0.15386852821407795,0.06788866259334692,0.08597986562073104,14,18,True,0.04021461776529827
immune cells,RPN1,0.18451121932455491,0.13561557557430834,0.048895643750246576,up_in_CKD,1.1186539201735846,3.360867028551489,0.0022944072829517476,0.18414853257976366,0.12172774869109948,0.10047522063815342,0.021252528052946057,14,18,True,0.04019331461463693
immune cells,LAMTOR3,0.16002176499041298,0.10951972829233324,0.05050203669807975,up_in_CKD,1.1459535344745406,3.2625850991343737,0.0028002920419817564,0.20299500734907489,0.09729493891797557,0.08282416836388323,0.014470770554092335,14,18,True,0.04007789126827749
immune cells,GABARAP,0.4822411785000697,0.27835238639041715,0.20388879210965255,up_in_CKD,0.8350837182879783,2.156026484961409,0.045352759923271584,0.5819586289483695,0.3484584060500291,0.16768499660556688,0.1807734094444622,14,18,True,0.040030458956644206
immune cells,CDC42,1.3454055457339202,1.1688277586621563,0.17657778707176397,up_in_CKD,0.8054813271369521,2.23914174487539,0.03358062822188366,0.5257345367420333,0.6415066899360093,0.604887983706721,0.03661870622928831,14,18,True,0.03971541038983305
immune cells,PEA15,0.15334447826870518,0.08758235679217445,0.06576212147653072,up_in_CKD,1.1338007019107113,2.9862076125598906,0.007359187491457174,0.2939295271572752,0.1026759744037231,0.07399864222674814,0.028677332176974962,14,18,True,0.03964839174573889
immune cells,CLSTN1,0.11088971404214198,0.07120004223898092,0.03968967180316106,up_in_CKD,1.1813217234840276,3.578759333571728,0.0013711411729442748,0.14621985150272795,0.07591623036649214,0.05091649694501019,0.024999733421481957,14,18,True,0.039149739512593346
immune cells,PRDX1,0.8877736234420599,0.7378302545959006,0.14994336884615933,up_in_CKD,0.8542313703940276,2.3320607259433106,0.02817982764556217,0.4948961131971246,0.4509889470622455,0.4215885947046843,0.02940035235756122,14,18,True,0.039128574934364994
immune cells,GNG11,0.05225627686123062,0.018260984663924732,0.03399529219730589,up_in_CKD,1.3692962717654178,3.6689204520544987,0.001343596508476045,0.14524944179093804,0.03519488074461896,0.01493550577053632,0.02025937497408264,14,18,True,0.03900325868140376
immune cells,SNHG25,0.2396296115443873,0.12279021346232982,0.11683939808205748,up_in_CKD,0.9131664980574196,2.498071636428098,0.01945245630734368,0.4329514284971811,0.15241419429901104,0.07875084860828242,0.07366334569072862,14,18,True,0.03878969446538876
immune cells,GPR18,0.0579002447788428,0.016562734424370305,0.041337510354472494,up_in_CKD,1.189450415971651,3.4258384431469393,0.0018018248375581134,0.16602300934825442,0.035485747527632346,0.012898845892735914,0.022586901634896434,14,18,True,0.038343482504195496
immune cells,MS4A1,0.23121439587578968,0.07870784274000338,0.15250655313578632,up_in_CKD,0.8872896049269434,2.312185848466357,0.03248367332451415,0.5215103881559804,0.08013379872018615,0.06381534283774609,0.01631845588244006,14,18,True,0.03825926304879345
immune cells,BCL11A,0.12140602113649104,0.04183576301481165,0.0795702581216794,up_in_CKD,1.0374755529771198,2.773991011568515,0.011137631178745375,0.3494265800409363,0.06588132635253054,0.027155465037338764,0.038725861315191776,14,18,True,0.037696970843683536
immune cells,NSUN6,0.18871725847825846,0.11977585145002001,0.06894140702823845,up_in_CKD,1.0039824519051472,2.899548084455176,0.006931711269370646,0.2864901334052821,0.10936591041303083,0.07671418873048201,0.03265172168254882,14,18,True,0.03757667694587144
immune cells,F11R,0.054339577172961825,0.023605451796408043,0.030734125376553782,up_in_CKD,1.3411959163697467,3.702277769722719,0.0010055311536604598,0.1237332694777861,0.03868528214077952,0.021045485403937542,0.01763979673684198,14,18,True,0.03740814567162585
immune cells,MOCS2,0.17235321262074965,0.10731514050034281,0.06503807212040684,up_in_CKD,1.0702137704911965,2.9135162183746814,0.0075657424046073046,0.29499235369383686,0.10631180919139034,0.07807196198234895,0.028239847209041394,14,18,True,0.0369036314541665
immune cells,LINS1,0.07462028296732448,0.023581599845356776,0.0510386831219677,up_in_CKD,1.1767424408403748,3.1380817923962847,0.004887371250441447,0.24622788854126204,0.04421175101803374,0.021045485403937542,0.0231662656140962,14,18,True,0.036555910710615314
immune cells,PHYKPL,0.1411562492827277,0.09504772649306059,0.04610852278966712,up_in_CKD,1.111585285262245,3.3050387926948934,0.002553134039645264,0.19359961184058566,0.08769633507853403,0.0726408689748812,0.015055466103652826,14,18,True,0.03654868066698249
immune cells,ARMH1,0.07624897810482291,0.022471108732784753,0.053777869372038156,up_in_CKD,1.1641103207934522,3.087975898116724,0.005639110271331856,0.2626861920364136,0.04319371727748691,0.011541072640868975,0.03165264463661793,14,18,True,0.0363451865703868
immune cells,UFM1,0.36305810825643076,0.28268825310674095,0.0803698551496898,up_in_CKD,0.9286853494417383,2.7784873211596772,0.009635516435732938,0.33015091734397445,0.22193135543920883,0.208418194161575,0.013513161277633828,14,18,True,0.03592248356585891
immune cells,GOLPH3L,0.04613574866839832,0.02185460914201423,0.02428113952638409,up_in_CKD,1.3334331347062796,4.010498529030499,0.0004224265341856791,0.07777935308898863,0.032140779522978474,0.02308214528173795,0.009058634241240524,14,18,True,0.03591079180843854
immune cells,HCFC1R1,0.14410803832774674,0.09125411922673357,0.05285391910101317,up_in_CKD,1.1163714343788378,3.0755748748628227,0.004912903021854543,0.2467758438390477,0.08769633507853403,0.0658520027155465,0.021844332362987523,14,18,True,0.03585694264524724
immune cells,APP,0.20561201315372074,0.10676498743323683,0.09884702572048391,up_in_CKD,0.9589652729182392,2.5462581518653766,0.018865700354770233,0.4268667599949422,0.1172193135543921,0.07739307535641547,0.03982623819797662,14,18,True,0.03504490910354407
immune cells,CIITA,0.1430482112555214,0.07536187272342171,0.06768633853209968,up_in_CKD,1.095099815883537,2.857415738874674,0.010216231590513575,0.3388353017676595,0.09860383944153578,0.054989816700611,0.04361402274092478,14,18,True,0.034838790732417364
immune cells,KCNQ1OT1,0.08404106427968537,0.04442545894274298,0.03961560533694239,up_in_CKD,1.1765519413986618,3.3504749453528477,0.0022289542297686,0.18141593209991774,0.05075625363583479,0.0373387644263408,0.01341748920949399,14,18,True,0.03455300307482413
immune cells,RAB32,0.22861780668311452,0.14777297088934002,0.0808448357937745,up_in_CKD,0.976317859991127,2.686815885927101,0.012469103335288159,0.3661242434634761,0.14412449098312974,0.09775967413441955,0.04636481684871019,14,18,True,0.034442915677655936
immune cells,SLC38A2,0.3299199318500496,0.2533770105293915,0.0765429213206581,up_in_CKD,0.9575011181802076,2.7267156374906016,0.01067903670972191,0.3433652819130918,0.19342641070389763,0.18601493550577053,0.007411475198127099,14,18,True,0.03402438361807766
immune cells,ALAS1,0.049661116354570635,0.021549109989583898,0.028112006364986737,up_in_CKD,1.2842863074048874,3.6914532451843254,0.0008897116201912345,0.11679292082441245,0.034758580570098896,0.017651052274270197,0.0171075282958287,14,18,True,0.033669867933911836
immune cells,UQCRC1,0.20776038828855495,0.15123225422720823,0.05652813406134671,up_in_CKD,1.0328373259520534,2.957533559093581,0.00603090531997827,0.26975388331097017,0.13976148923792903,0.10862186014935506,0.03113962908857397,14,18,True,0.033222590223352604
immune cells,YWHAE,0.625065368035299,0.49121493728256904,0.13385043075272995,up_in_CKD,0.9018616238094526,2.3006715773273103,0.03509419752478231,0.5344344898069227,0.3454043048283886,0.3170400543109301,0.0283642505174585,14,18,True,0.03284710026405088
immune cells,SIGIRR,0.43352523904001034,0.3383228606383996,0.09520237840161072,up_in_CKD,0.9492406899216378,2.5245190058981004,0.019684679006579324,0.4351888971844627,0.24112856311809192,0.22471147318397827,0.016417089934113643,14,18,True,0.03265267624667037
immune cells,ARMT1,0.0700250933138346,0.025526300594793563,0.04449879271904103,up_in_CKD,1.1728911829526454,3.158876389493434,0.004426531127875872,0.23740649197582678,0.04566608493310064,0.018329938900203666,0.027336146032896975,14,18,True,0.03259444160530705
immune cells,OMA1,0.10950536566157965,0.06584659477819876,0.04365877088338088,up_in_CKD,1.1220372615411944,3.1864254736877844,0.003420549914408953,0.2172506363980365,0.07053519488074463,0.04684317718940937,0.023692017691335256,14,18,True,0.03248013467754157
immune cells,DNPH1,0.22536663851467015,0.16246064106608948,0.06290599744858066,up_in_CKD,0.9845360063693094,2.8464116829885007,0.007902469278684638,0.2993090509230096,0.1474694589877836,0.12016293279022404,0.027306526197559564,14,18,True,0.03244558433409004
immune cells,BICC1,0.060154607560081265,0.0075137659284196,0.05264084163166166,up_in_CKD,1.2305463966108463,3.053505066096015,0.008844365453396386,0.3174724791983911,0.03257707969749855,0.006788866259334691,0.025788213438163857,14,18,True,0.032277984025714114
immune cells,IBTK,0.11030643893061616,0.0706286342163412,0.039677804714274956,up_in_CKD,1.130350381992218,3.2905027346629874,0.002563893638409538,0.19401872675964424,0.06820826061663758,0.059063136456211814,0.009145124160425767,14,18,True,0.03194008532119874
immune cells,DBT,0.046706856018879105,0.021774959613508137,0.024931896405370968,up_in_CKD,1.280790754676601,3.791218421477482,0.0006992020209669147,0.10088097641032373,0.030541012216404886,0.021045485403937542,0.009495526812467344,14,18,True,0.031810902511593867
immune cells,IFIT5,0.06484336260546143,0.03367312539668283,0.031170237208778602,up_in_CKD,1.2554224891163297,3.5123799026410523,0.0015392520579901728,0.15400507391448864,0.039848749272833044,0.02308214528173795,0.016766603991095093,14,18,True,0.03179323036754906
immune cells,ATP6V0A1,0.09396061915478823,0.05505913553324893,0.0389014836215393,up_in_CKD,1.1161751711832095,3.32440188138317,0.002441188628284693,0.1902563099896469,0.060791157649796396,0.03937542430414121,0.021415733345655184,14,18,True,0.03129172468401422
immune cells,TRAK2,0.06832528774432979,0.0385646198933865,0.029760667850943293,up_in_CKD,1.2104020975664742,3.5894882815828093,0.0012050168767296099,0.1366422807007154,0.03955788248981966,0.028513238289205704,0.011044644200613955,14,18,True,0.03113827742310183
immune cells,LAT,0.286341034333894,0.19102098661263814,0.09532004772125588,up_in_CKD,0.9151703784590134,2.4742867552538512,0.02105350939213322,0.44306411793498623,0.15808609656777195,0.1120162932790224,0.046069803288749545,14,18,True,0.0308401641433624
immune cells,RREB1,0.10509985184643299,0.06622051856050164,0.03887933328593135,up_in_CKD,1.1748185135093447,3.2364268774276863,0.0033058032120177783,0.21392527591905622,0.06835369400814427,0.05295315682281059,0.015400537185333678,14,18,True,0.030591055801206003
immune cells,RGS14,0.1612505541471704,0.10951886514710278,0.051731689000067624,up_in_CKD,1.028430667373702,2.961445350651417,0.0059483017689397595,0.2683248535185965,0.10093077370564281,0.07128309572301425,0.02964767798262856,14,18,True,0.03039664296006735
immune cells,TP53INP1,0.09137540915771249,0.052977212781086594,0.03839819637662589,up_in_CKD,1.1468562772936612,3.244328477957426,0.002972927502978343,0.2084788153157639,0.055846422338568937,0.04073319755600815,0.015113224782560788,14,18,True,0.02998661450127076
immune cells,CPSF6,0.136804087045251,0.09902438766478387,0.037779699380467116,up_in_CKD,1.1609781024524917,3.2481296091405567,0.0030338220537759752,0.20987709282465142,0.08129726585223968,0.07060420909708079,0.010693056755158886,14,18,True,0.02973956511031156
immune cells,POU2F2,0.29817888727775615,0.20270510355538093,0.09547378372237522,up_in_CKD,0.8655825914394226,2.4591491088474524,0.02008547536829827,0.43689104445776944,0.16928446771378708,0.12219959266802444,0.04708487504576264,14,18,True,0.029719723585460305
immune cells,CD6,0.12427878561986923,0.07194766610292974,0.05233111951693949,up_in_CKD,1.0334067546037884,2.919805286968312,0.0067418628854623765,0.282472628014627,0.07038976148923792,0.048879837067209775,0.021509924422028148,14,18,True,0.029690831348836603
immune cells,PDK1,0.057782925446246046,0.024319490995775912,0.033463434450470134,up_in_CKD,1.234278998210534,3.368328716962372,0.0024913703115719554,0.19205823524550544,0.032140779522978474,0.01493550577053632,0.017205273752442154,14,18,True,0.029596523124567016
immune cells,CX3CR1,0.25871030753904706,0.1461327946153083,0.11257751292373877,up_in_CKD,0.8553287322323734,2.331238786341964,0.028312472434348118,0.49528284682543894,0.1445607911576498,0.06449422946367957,0.08006656169397024,14,18,True,0.029382815411203016
immune cells,SLC3A1,0.0648170868345939,0.016076158154218825,0.04874092868037508,up_in_CKD,1.171520286781982,3.000875933191738,0.008226589671146011,0.30758102977360563,0.03883071553228621,0.012219959266802444,0.026610756265483766,14,18,True,0.02923801514235992
immune cells,TLE3,0.11622645137685453,0.07853552202046526,0.03769092935638926,up_in_CKD,1.115909446104169,3.255961996901759,0.0028078432506238693,0.20299500734907489,0.07257126236183828,0.058384249830278345,0.014187012531559934,14,18,True,0.02912693328676551
immune cells,PSD4,0.08919312836399021,0.04585102969105138,0.04334209867293883,up_in_CKD,1.0742570430877485,3.088849326448043,0.00431806683278609,0.23725024706881517,0.06195462478184991,0.03598099117447386,0.025973633607376048,14,18,True,0.029090723899371188
immune cells,CD79A,0.19538437949221726,0.06636687420243335,0.1290175052897839,up_in_CKD,0.8502770143323838,2.2398045968787006,0.0367432090102797,0.5443001028555735,0.07446189645142524,0.05363204344874406,0.020829853002681184,14,18,True,0.028978689289935054
immune cells,LARP4B,0.10994338907332632,0.07533460370409556,0.03460878536923076,up_in_CKD,1.1603300659514248,3.3164546079630086,0.0024203203876082082,0.1902563099896469,0.06777196044211752,0.05702647657841141,0.010745483863706107,14,18,True,0.02894002362822083
immune cells,NREP,0.04507923184174859,0.01520402150748861,0.02987521033425998,up_in_CKD,1.2899260892558848,3.4645638545229125,0.002163372001281746,0.1809596240987236,0.030977312390924956,0.012898845892735914,0.01807846649818904,14,18,True,0.028610435928450174
immune cells,GTF2I,0.2811572904230717,0.21085833753732686,0.07029895288574484,up_in_CKD,0.9022475785408683,2.7008069366494003,0.011611695042565134,0.35442482463630326,0.17321116928446773,0.14120841819416158,0.03200275109030615,14,18,True,0.02857235984205454
immune cells,SULF2,0.08679369949166717,0.04636362295144417,0.040430076540223,up_in_CKD,1.137815263530881,3.107064688369982,0.004707650107105373,0.2437079683243766,0.05511925538103549,0.04005431093007468,0.015064944450960807,14,18,True,0.028205193084506364
immune cells,AL365361.1,0.04599031358641378,0.011254108837260884,0.03473620474915289,up_in_CKD,1.1963169999558065,3.267557053090491,0.0031798089238813643,0.21293519540316014,0.030541012216404886,0.00746775288526816,0.023073259331136728,14,18,True,0.02791502130041407
immune cells,TRIM33,0.11868597084906342,0.07044609571840478,0.04823987513065864,up_in_CKD,0.995467835618115,2.9960474829394403,0.005767009770877253,0.2659710476419509,0.07431646305991856,0.058384249830278345,0.01593221322964021,14,18,True,0.027620169399192446
immune cells,PPIP5K2,0.17890702622074967,0.12657957231884073,0.05232745390190893,up_in_CKD,1.0360133020969917,2.848029337508141,0.008561218071835804,0.31397702300953495,0.10311227457824317,0.09640190088255261,0.006710373695690552,14,18,True,0.02727414177715385
immune cells,CDC25B,0.0917382860284003,0.04445337056430832,0.04728491546409198,up_in_CKD,1.0145370717858566,2.937325726072898,0.006306803629906016,0.274499832962311,0.055264688772542175,0.038696537678207736,0.01656815109433444,14,18,True,0.026934427376513116
immune cells,SLC39A10,0.22297272570987398,0.16679764368817498,0.05617508202169899,up_in_CKD,1.0092543380325842,2.783202563161867,0.009895730418085823,0.33509115756056324,0.13074461896451425,0.10590631364562118,0.02483830531889307,14,18,True,0.026920859531503784
immune cells,TPM1,0.1544696317776971,0.08526468525398687,0.06920494652371023,up_in_CKD,0.9692955744449195,2.606310167290735,0.015936253846964375,0.3985581615376801,0.08900523560209424,0.05634758995247793,0.032657645649616304,14,18,True,0.02679903563601809
immune cells,OGDH,0.11074902722768928,0.07352715690498252,0.03722187032270677,up_in_CKD,1.0659629375242312,3.2537720978440103,0.0032486771536525162,0.21345850768144914,0.07460732984293193,0.06313645621181263,0.011470873631119302,14,18,True,0.026610919520785453
immune cells,SHLD2,0.0750129587739695,0.03035569883980606,0.044657259934163446,up_in_CKD,1.07871592275691,2.9473828659610772,0.006892967820732394,0.2861563659453627,0.04726585223967423,0.020366598778004074,0.026899253461670155,14,18,True,0.02617677070754159
immune cells,RHOF,0.2000792648727717,0.14341937035849675,0.056659894514274944,up_in_CKD,0.986936690977172,2.7371270035180384,0.010883025170073737,0.34579483573807557,0.12100058173356602,0.0923285811269518,0.02867200060661422,14,18,True,0.025789144239580338
immune cells,IRF2BP2,0.22622877533777982,0.16682409804306972,0.059404677294710106,up_in_CKD,0.9266072184323071,2.7292785300525693,0.010593082071111912,0.34248751439527964,0.1417975567190227,0.1120162932790224,0.02978126344000029,14,18,True,0.025615388314156096
immune cells,RAP2A,0.1078234619245004,0.06578201952978509,0.042041442394715314,up_in_CKD,1.0143564522933606,3.0211888399226927,0.005266404507250886,0.25627070751819275,0.06951716114019779,0.04344874405974202,0.02606841708045577,14,18,True,0.0252160374549534
immune cells,CFL2,0.053159141825871024,0.024941429815798284,0.02821771201007274,up_in_CKD,1.1840445971746218,3.3813044900536924,0.002046538951609309,0.1760688267417011,0.035485747527632346,0.025118805159538356,0.01036694236809399,14,18,True,0.02520252520080492
immune cells,MDM4,0.5365310740779108,0.4197644288109324,0.11676664526697839,up_in_CKD,0.7630183038868611,2.2398184315856926,0.032745833859700424,0.5224679515996953,0.31777196044211753,0.24304141208418195,0.07473054835793558,14,18,True,0.025119499670998528
immune cells,MFHAS1,0.064195908191196,0.03129681480427589,0.03289909338692011,up_in_CKD,1.1319100204556132,3.2199078193928092,0.0031299468053988706,0.2125688753141178,0.04130308318789994,0.028513238289205704,0.012789844898694239,14,18,True,0.02504311417039364
immune cells,MRPS6,0.32265259796702483,0.21586432927662422,0.10678826869040062,up_in_CKD,0.8748827350049954,2.2596876766699783,0.036901829069890583,0.5452784422180977,0.17975567190226877,0.14663951120162932,0.03311616070063944,14,18,True,0.024607015455844622
immune cells,AC020656.1,0.102091679265352,0.022393055303798395,0.0796986239615536,up_in_CKD,0.9560502557742961,2.4606996190758568,0.024826311248569755,0.4776673369169628,0.06777196044211752,0.017651052274270197,0.05012090816784732,14,18,True,0.024449314615053737
immune cells,NMT2,0.06349827739518737,0.030384258157913197,0.03311401923727418,up_in_CKD,1.0771905740426668,3.2366131412927963,0.003147901231920818,0.2125688753141178,0.04217568353694008,0.02240325865580448,0.019772424881135602,14,18,True,0.023988160168017136
immune cells,MACO1,0.05336212466144306,0.017446786141852924,0.03591533851959013,up_in_CKD,1.1211044290182104,3.063407612893337,0.005217843224477815,0.2542412966670662,0.036940081442699245,0.014256619144602852,0.022683462298096393,14,18,True,0.02394767385465057
immune cells,MCRIP2,0.1089595398821414,0.0533803249295095,0.0555792149526319,up_in_CKD,0.9908018909908591,2.684864060301391,0.01305385605998245,0.37304408006748296,0.07489819662594532,0.03326544467073999,0.041632751955205334,14,18,True,0.02358230818846207
immune cells,RAD21,0.2479931996856079,0.1953784103921612,0.052614789293446707,up_in_CKD,0.9260363830040701,2.772315318932159,0.00979245746046809,0.33314709290709354,0.14805119255381036,0.1364562118126273,0.011594980741183064,14,18,True,0.023258704662763263
immune cells,RNF41,0.06183150474530495,0.03294917490507368,0.02888232984023127,up_in_CKD,1.117432134424623,3.323581697862282,0.002436399346956447,0.1902563099896469,0.04159394997091332,0.03326544467073999,0.00832850530017333,14,18,True,0.023258642209689772
immune cells,TCF7,0.1241772689854213,0.061442617285062284,0.06273465170035901,up_in_CKD,0.9813223501868147,2.572887765498783,0.018526169699009606,0.4234752444183216,0.06980802792321117,0.031228784792939578,0.03857924313027159,14,18,True,0.02297355474759823
immune cells,ASH1L,0.25388443498785634,0.19274307954700656,0.06114135544084978,up_in_CKD,0.9296272068286746,2.5804628420635614,0.0156636469435729,0.3958011366199955,0.1505235602094241,0.13374066530889342,0.01678289490053067,14,18,True,0.022878868845207866
immune cells,FTX,0.1509008072911801,0.07974852354047637,0.07115228375070373,up_in_CKD,0.8830858107975317,2.4760869417688647,0.019594827048523524,0.433970152679912,0.09904013961605584,0.04412763068567549,0.054912508930380355,14,18,True,0.022779691999673883
immune cells,LPCAT4,0.0673095739598892,0.036519074277007985,0.03079049968288121,up_in_CKD,1.1000446654220088,3.2053629543843565,0.00319775689537738,0.21316250070740378,0.041157649796393254,0.031907671418873046,0.009249978377520209,14,18,True,0.0227371858736311
immune cells,AC087239.1,0.06495093588189359,0.02738020559159115,0.03757073029030244,up_in_CKD,1.0858503452821746,2.9715505991232116,0.006470506007581271,0.2771824746765605,0.04203025014543339,0.021045485403937542,0.02098476474149585,14,18,True,0.022733033866017712
immune cells,CXorf21,0.09640058513564462,0.05424755252619554,0.042153032609449075,up_in_CKD,1.0241749656574093,2.864746787319292,0.007866923156057762,0.2988046982894009,0.06399069226294357,0.048879837067209775,0.015110855195733797,14,18,True,0.022648616572220052
immune cells,CRIP1,0.7810462504667054,0.5615633137877791,0.21948293667892627,up_in_CKD,0.6974593334996215,1.8439255802200378,0.07986446430392691,0.7126063726882241,0.43557300756253636,0.3143245078071962,0.12124849975534019,14,18,True,0.0225258298478591
immune cells,MAL,0.26537047511602535,0.08337546772768561,0.18199500738833974,up_in_CKD,0.7810651756476108,1.9353019823053972,0.07423653127458012,0.6951732997140361,0.11082024432809773,0.04752206381534284,0.06329818051275489,14,18,True,0.022446462268669903
immune cells,CLU,0.20882647830156678,0.03909722863019695,0.16972924967136982,up_in_CKD,0.7936013623112658,1.965606760841698,0.07036053214097018,0.6826186634712649,0.08755090168702734,0.02308214528173795,0.06446875640528939,14,18,True,0.02233576495199483
immune cells,AKTIP,0.07020710093601959,0.033030647781905814,0.037176453154113775,up_in_CKD,1.0889670891464107,2.963360145215403,0.006733998929645086,0.28246230804438893,0.04144851657940663,0.02987101154107264,0.01157750503833399,14,18,True,0.02222727872729325
immune cells,RAP2B,0.25262020220679504,0.19023571211284165,0.06238449009395339,up_in_CKD,0.9284186983601124,2.5452666793297007,0.017408804319346972,0.4142574994424902,0.15692262943571844,0.13238289205702647,0.024539737378691973,14,18,True,0.022167288994457364
immune cells,COL18A1,0.09673127645346878,0.03358363585189123,0.06314764060157754,up_in_CKD,1.0083449939696065,2.548554848284772,0.02209172255060805,0.4508316302567675,0.059336823734729496,0.026476578411405296,0.0328602453233242,14,18,True,0.022030498576843565
immune cells,RPS26,2.7113321429780037,2.3185170134059896,0.39281512957201414,up_in_CKD,0.5719709884178082,1.619551398739043,0.11617521931352245,0.7992165365761432,0.9070680628272252,0.8343516632722335,0.07271639955499165,14,18,True,0.021869237672862408
immune cells,MOB1A,0.5439632404433103,0.46490463695891,0.07905860348440036,up_in_CKD,0.8984029508335621,2.3730493965070054,0.027696754529296153,0.4923028164490481,0.3091913903432228,0.3048200950441276,0.00437129529909519,14,18,True,0.02185965576064423
immune cells,CLCN5,0.05597255402102626,0.024601236930625523,0.03137131709040074,up_in_CKD,1.1114711402134227,3.111349983639047,0.004275392342411454,0.23696793431482316,0.03504944735311227,0.02172437202987101,0.013325075323241262,14,18,True,0.021803519711251308
immune cells,THOC6,0.0768219726776377,0.047720050454516605,0.029101922223121093,up_in_CKD,1.1562079701704264,3.1782631879863454,0.0038510642266204004,0.226235332650619,0.053810354857475276,0.03801765105227427,0.015792703805201008,14,18,True,0.02171766951419667
immune cells,SCRN1,0.05139732766059057,0.029403242379467905,0.021994085281122663,up_in_CKD,1.2619164070421864,3.4695384086219256,0.0018611213167575233,0.16750091850817708,0.035631180919139034,0.025797691785471828,0.009833489133667207,14,18,True,0.021537167746435416
immune cells,RIC3,0.07428346425525967,0.03522303054318479,0.03906043371207488,up_in_CKD,1.0257685609129321,2.8733223685993603,0.007681134803248874,0.2963751077049617,0.04421175101803374,0.029192124915139173,0.015019626102894569,14,18,True,0.021161699061695474
immune cells,ZBTB20,0.24031636531160325,0.15908459267308425,0.081231772638519,up_in_CKD,0.8506019099576739,2.329263290396812,0.028202724448543753,0.4948961131971246,0.12507271669575334,0.09368635437881874,0.031386362316934605,14,18,True,0.02110782743003696
immune cells,AC004687.1,0.1706570862744558,0.08478948866078469,0.08586759761367112,up_in_CKD,0.8416710813022814,2.2896501025769047,0.03107677064003126,0.5136452467357373,0.10005817335660268,0.042090970807875085,0.057967202548727594,14,18,True,0.020911023097332008
immune cells,TNFSF10,0.26151047651338527,0.1931339978773717,0.06837647863601357,up_in_CKD,0.8519153996666108,2.448159233458583,0.020458583198755858,0.43846992443711064,0.15517742873763815,0.12355736591989137,0.03162006281774678,14,18,True,0.020857355246393743
immune cells,ATP1B1,0.4529678884284048,0.18673542779009514,0.26623246063830963,up_in_CKD,0.6995686714175884,1.7359533116344854,0.10518137083812706,0.7753728092798712,0.2111692844677138,0.10726408689748812,0.10390519757022568,14,18,True,0.02057842360432886
immune cells,ZNF736,0.04813159153483585,0.02360111266474842,0.02453047887008743,up_in_CKD,1.1536452847252576,3.310969599525944,0.0024423409804496202,0.1902563099896469,0.030250145433391506,0.02172437202987101,0.008525773403520495,14,18,True,0.02039432330920607
immune cells,CEPT1,0.12060998654721868,0.07758358150266867,0.043026405044550006,up_in_CKD,0.9419256420008779,2.828117480714149,0.008620586364856247,0.31492743094469916,0.07722513089005235,0.051595383570943655,0.0256297473191087,14,18,True,0.02033636175976858
immune cells,CBL,0.13210082035466028,0.09530940334034167,0.03679141701431861,up_in_CKD,0.9966591717438604,2.922257796868251,0.006577341580876414,0.2796878736455246,0.07998836532867946,0.06653088934147998,0.013457475987199485,14,18,True,0.020289649510319075
immune cells,CLTC,0.2683581582920355,0.20425797649723723,0.06410018179479829,up_in_CKD,0.8689114574521736,2.457136418305474,0.02026377666160237,0.43689104445776944,0.17088423502036068,0.13441955193482688,0.0364646830855338,14,18,True,0.02003027459945116
immune cells,ITGB2-AS1,0.1497883475151485,0.09779779099162128,0.051990556523527215,up_in_CKD,0.9053731595248138,2.6221719910426335,0.013593913871468674,0.37616591518959586,0.09787667248400232,0.07060420909708079,0.027272463386921533,14,18,True,0.019987252514247465
immune cells,DAXX,0.09514758989949754,0.057498171379381485,0.03764941852011605,up_in_CKD,1.0330961044242568,2.8596922761977486,0.008167109763073175,0.3065146052780904,0.05715532286212915,0.04005431093007468,0.017101011932054468,14,18,True,0.01997472175439674
immune cells,NR2F2,0.06005505483077173,0.013188983514369906,0.04686607131640183,up_in_CKD,1.0623906859430452,2.6998570699836306,0.015951528627612507,0.3985581615376801,0.03388598022105876,0.010183299389002037,0.02370268083205672,14,18,True,0.019891548937037543
immune cells,PSMA3-AS1,0.18024584082808257,0.0963564241693608,0.08388941665872177,up_in_CKD,0.8155810009815332,2.272559337935152,0.031137130027482196,0.5136452467357373,0.1127108784176847,0.05634758995247793,0.05636328846520677,14,18,True,0.019796017924101898
immune cells,TGFBR1,0.1478893927068033,0.1038792572727881,0.04401013543401519,up_in_CKD,0.9685448940236064,2.730798604402318,0.01070867198907446,0.3433652819130918,0.08624200116346713,0.07399864222674814,0.01224335893671899,14,18,True,0.019788751922447452
immune cells,DDX23,0.08706306517347613,0.05127641205892221,0.035786653114553924,up_in_CKD,1.029191574433163,2.8927325221550744,0.007275258712851954,0.291986070659278,0.054537521815008726,0.042090970807875085,0.012446551007133641,14,18,True,0.019691419333354887
immune cells,TCF3,0.09745699193019607,0.05025670948400221,0.047200282446193856,up_in_CKD,0.9359650496193719,2.679200950705941,0.011917055912176872,0.35931057984117465,0.051774287376381616,0.03326544467073999,0.018508842705641626,14,18,True,0.01963836374307672
immune cells,CUL4B,0.07502282496479581,0.04466361752188744,0.030359207442908376,up_in_CKD,1.0328599243962937,3.1159143398542573,0.004324671758823967,0.23725024706881517,0.04697498545666085,0.03598099117447386,0.010993994282186989,14,18,True,0.019591524822892042
immune cells,DNMT3A,0.05727538663708626,0.031064727190441437,0.026210659446644826,up_in_CKD,1.1217723090977307,3.1807944006304067,0.0034801653796750014,0.2180475431898868,0.03941244909831297,0.025118805159538356,0.014293643938774615,14,18,True,0.01944817695346069
immune cells,GMFB,0.11826769041333811,0.0770124867391621,0.04125520367417601,up_in_CKD,0.9572698515628808,2.7741732402525323,0.009429236481338503,0.32706837112070314,0.07460732984293193,0.05363204344874406,0.020975286394187873,14,18,True,0.019168070499223887
immune cells,PARP14,0.31685548556669546,0.238758724188878,0.07809676137781746,up_in_CKD,0.8145222446332424,2.2980349244916294,0.029064416631395213,0.5007939445595421,0.17801047120418848,0.14867617107942974,0.02933430012475874,14,18,True,0.019105151969337635
immune cells,BCAM,0.09012575286730524,0.023437366523208762,0.06668838634409649,up_in_CKD,0.9687385082179326,2.416479647784965,0.029885867852843747,0.5064838077575602,0.04741128563118092,0.020366598778004074,0.027044686853176843,14,18,True,0.019086130363302697
immune cells,TLR1,0.13254299331098401,0.07573600755087484,0.056806985760109174,up_in_CKD,0.9285919281593021,2.493853072362171,0.020499527178966647,0.43846992443711064,0.0824607329842932,0.05363204344874406,0.028828689535549137,14,18,True,0.018887857097635748
immune cells,ZNF260,0.04844266437485296,0.02444430054978796,0.023998363825064997,up_in_CKD,1.1227409341659909,3.267668447559522,0.002720416136288541,0.19974857491797843,0.03155904595695171,0.019687712152070606,0.011871333804881107,14,18,True,0.01884772928805893
immune cells,TLR6,0.053227620087024606,0.018653465063292986,0.03457415502373162,up_in_CKD,1.025123028220966,2.8860395548960716,0.007372018885012567,0.2939295271572752,0.03374054682955206,0.012898845892735914,0.02084170093681615,14,18,True,0.01884692940080304
immune cells,TRAFD1,0.0650546030607051,0.03332023960548661,0.03173436345521849,up_in_CKD,1.05018677140129,2.9492450045071172,0.006344292255898073,0.274499832962311,0.038394415357766144,0.025118805159538356,0.013275610198227789,14,18,True,0.018711712833917375
immune cells,PLAGL2,0.05508208625946569,0.026913593306744765,0.028168492952720923,up_in_CKD,1.0829191564115568,3.0545259046780906,0.00483975109317751,0.2445021580924249,0.03170447934845841,0.016293279022403257,0.015411200326055152,14,18,True,0.018659947344078654
immune cells,CBX5,0.14027168711845753,0.10037306749094793,0.039898619627509596,up_in_CKD,0.9649608929432928,2.771914285348872,0.009506849981317138,0.3288376840552607,0.0897324025596277,0.0726408689748812,0.017091533584746493,14,18,True,0.018596502628979123
immune cells,MUC1,0.10599370711937077,0.023357904996410113,0.08263580212296065,up_in_CKD,0.8983973729901259,2.248417135483302,0.04080237673805602,0.5634745979503036,0.053810354857475276,0.01697216564833673,0.03683818920913855,14,18,True,0.018495035894926952
immune cells,ZBED5,0.07563654382385267,0.04360370040884512,0.03203284341500755,up_in_CKD,1.0615239694526435,2.9287481941344975,0.006982777093270009,0.2865489001225409,0.051774287376381616,0.03326544467073999,0.018508842705641626,14,18,True,0.018457213604941364
immune cells,PTGER3,0.05126094825991435,0.012349133550823253,0.038911814709091094,up_in_CKD,1.1202550695437785,2.8038340487010776,0.013838430959531458,0.3781348710238957,0.032140779522978474,0.012898845892735914,0.019241933630242562,14,18,True,0.018410868030153953
immune cells,HCFC1,0.07088513337551175,0.0442028438296536,0.02668228954585815,up_in_CKD,1.0635949385840144,3.146590295674567,0.003785895417755515,0.22479548398597954,0.04493891797556719,0.03665987780040733,0.00827904017515986,14,18,True,0.018395716210468253
immune cells,CASP2,0.10029956792496941,0.05924690005143439,0.04105266787353502,up_in_CKD,0.9224402654109253,2.8093810012328886,0.009408177606505197,0.3269496022954196,0.06137289121582315,0.04412763068567549,0.01724526053014766,14,18,True,0.01838594830333644
immune cells,ST14,0.06032793346516783,0.027050302488136627,0.0332776309770312,up_in_CKD,1.0292158004735452,2.8931532658311014,0.007266031528313513,0.291986070659278,0.04290285049447353,0.02240325865580448,0.020499591838669052,14,18,True,0.018311273997963593
immune cells,CAPZA2,0.44119508843721783,0.34972496698595434,0.09147012145126349,up_in_CKD,0.7791607456108758,2.1671165041391274,0.03918890142186361,0.5535942193988638,0.2515997673065736,0.2287847929395791,0.022814974366994478,14,18,True,0.018302719992112252
immune cells,BACH1,0.17686576312426494,0.11799704089107332,0.05886872223319162,up_in_CKD,0.9532437204730757,2.4643419935666557,0.024310257993094695,0.4721971536846261,0.11227457824316463,0.08757637474541752,0.02469820349774711,14,18,True,0.018286971400533394
immune cells,CAPS,0.07027356987511471,0.01968317389223848,0.050590395982876235,up_in_CKD,1.0258922772402206,2.5780194255240376,0.02127921012076761,0.44477627467760034,0.04028504944735311,0.012219959266802444,0.028065090180550666,14,18,True,0.018261554626341134
immune cells,RC3H2,0.11087853706388992,0.07037030940017977,0.04050822766371015,up_in_CKD,0.9684441596725977,2.736295758574604,0.010535802153735348,0.34248751439527964,0.06617219313554393,0.048879837067209775,0.017292356068334153,14,18,True,0.01825586646427096
immune cells,CD2AP,0.122206595704609,0.07511985895482252,0.04708673674978647,up_in_CKD,0.9830169539332178,2.601058670347693,0.016928091479164385,0.4090603370884895,0.07126236183827807,0.05702647657841141,0.01423588525986666,14,18,True,0.01796922141556242
immune cells,LAT2,0.1572108236528444,0.10949536027250209,0.0477154633803423,up_in_CKD,0.9097016251422271,2.5900675673172584,0.01478756762177275,0.38641508626873394,0.09845840605002909,0.08214528173794976,0.016313124312079333,14,18,True,0.017924675516961513
immune cells,C6orf62,0.4559849987511662,0.3643355500560657,0.0916494486951005,up_in_CKD,0.7856714101428792,2.1432615939010082,0.042207005279528795,0.5684837470995016,0.26570680628272253,0.22810590631364563,0.037600899969076895,14,18,True,0.017661858132888186
immune cells,INSIG2,0.08650566303662661,0.05478488458049447,0.031720778456132144,up_in_CKD,0.9868393942289208,2.9582029570172588,0.0062548714069806865,0.27422420852306884,0.06122745782431646,0.04684317718940937,0.014384280634907091,14,18,True,0.017589150723309712
immune cells,SENP1,0.060351864822349166,0.036487438309560326,0.02386442651278884,up_in_CKD,1.0973947071357866,3.1990395525483626,0.003250984154680645,0.21345850768144914,0.036794648051192556,0.025797691785471828,0.010996956265720729,14,18,True,0.01756440523462299
immune cells,FLT3LG,0.14130759182038524,0.08363865282459373,0.05766893899579151,up_in_CKD,0.946937417266318,2.4487296050739076,0.02508121797646985,0.4776975352641852,0.08798720186154742,0.055668703326544465,0.03231849853500295,14,18,True,0.017521094058722562
immune cells,CCDC92,0.0511927756612653,0.025370040604814553,0.02582273505645075,up_in_CKD,1.0570992741274245,3.1355789782844745,0.003914105307134424,0.22891959745827198,0.03432228039557882,0.018329938900203666,0.015992341495375158,14,18,True,0.017478858402371966
immune cells,PPP1R1A,0.04155506595310584,0.013282232025446292,0.028272833927659547,up_in_CKD,1.144901585886935,3.007315056456605,0.007113932026115984,0.2886234010509152,0.030250145433391506,0.010862186014935505,0.019387959418456002,14,18,True,0.017468858876134915
immune cells,SPIB,0.05936887407821815,0.01751933721555063,0.04184953686266752,up_in_CKD,1.0034647245380899,2.6609049538633514,0.014747796748482415,0.38593059974273486,0.030104712041884817,0.015614392396469789,0.014490319645415028,14,18,True,0.017364352847763175
immune cells,POU2F1,0.0646003442757825,0.03706272817662404,0.02753761609915846,up_in_CKD,1.029447457765976,3.0506960920632866,0.004839929450912618,0.2445021580924249,0.039848749272833044,0.026476578411405296,0.013372170861427748,14,18,True,0.017341285640915596
immune cells,KDM7A,0.0786677177062288,0.04463034815378439,0.03403736955244441,up_in_CKD,0.9555723100081065,2.9162408974171417,0.007359075712669522,0.2939295271572752,0.052065154159395,0.0373387644263408,0.0147263897330542,14,18,True,0.017295478654698337
immune cells,ABHD10,0.06988762938416294,0.04228294724643689,0.02760468213772605,up_in_CKD,1.0204689057110365,3.045461994847335,0.004981067250157841,0.2483928552043079,0.04842931937172775,0.038696537678207736,0.009732781693520015,14,18,True,0.017038762066367036
immune cells,CD28,0.05930220283998402,0.022607649990404963,0.03669455284957905,up_in_CKD,0.9761040166341375,2.759485925886526,0.009956349950211486,0.33592489185972874,0.03432228039557882,0.019008825526137134,0.01531345486944169,14,18,True,0.016968915454841204
immune cells,MGST1,0.10297084730022317,0.050645722651681054,0.052325124648542116,up_in_CKD,0.9220982321993776,2.467167236206548,0.021934969289562754,0.4496328313222872,0.06573589296102385,0.03937542430414121,0.026360468656882637,14,18,True,0.01674922063115766
immune cells,MAP1S,0.0669196902035789,0.036871454256073494,0.0300482359475054,up_in_CKD,1.0053878722156213,2.9158257394302,0.006653135603280909,0.2815077221040807,0.042611983711460154,0.038696537678207736,0.003915446033252418,14,18,True,0.016630970325815835
immune cells,ABI2,0.08944448261663089,0.05430551167843102,0.03513897093819987,up_in_CKD,0.9486433198786476,2.8059113768784005,0.008840917516517274,0.3174724791983911,0.056137289121582314,0.03598099117447386,0.02015629794710845,14,18,True,0.016610303839857083
immune cells,PTH1R,0.09355063231899419,0.030576340179411084,0.06297429213958311,up_in_CKD,0.9115969100815258,2.341244715655424,0.0318018082204479,0.5175391482559344,0.055264688772542175,0.024439918533604887,0.030824770238937288,14,18,True,0.016421710996986704
immune cells,LNPEP,0.3157603640645902,0.23341485816723065,0.08234550589735953,up_in_CKD,0.7752059071116003,2.1618237930731796,0.039527802222928225,0.555005536670032,0.1835369400814427,0.13713509843856075,0.04640184164288194,14,18,True,0.01632270992469791
immune cells,CAPRIN1,0.1789053860094894,0.12866348596968272,0.05024190003980669,up_in_CKD,0.8570364096360178,2.5044026496610057,0.01795550524343511,0.4182098834337775,0.10907504363001745,0.09640190088255261,0.012673142747464838,14,18,True,0.016302435278916255
immune cells,SCAMP3,0.07665771228421481,0.04929010392544822,0.027367608358766587,up_in_CKD,1.0423526146201376,2.964938556259211,0.005965997842514312,0.26879611178667157,0.04930191972076789,0.041412084181941616,0.007889835538826273,14,18,True,0.01627667834501295
immune cells,DYRK2,0.14433399125573823,0.09983304575522337,0.044500945500514866,up_in_CKD,0.9095532237575998,2.568013284520263,0.015708101471205715,0.3964328188591278,0.08231529959278651,0.06720977596741344,0.015105523625373068,14,18,True,0.016264478584595288
immune cells,EPS8L2,0.08516799458616861,0.043715539345813015,0.041452455240355596,up_in_CKD,1.0069979735564203,2.622927043893269,0.01703040464460537,0.41005675598829033,0.05279232111692845,0.028513238289205704,0.024279082827722745,14,18,True,0.016160875391752986
immune cells,FXYD2,0.5010512329557313,0.18046336919803502,0.32058786375769627,up_in_CKD,0.6406474730075651,1.5947383001563518,0.13333697751276846,0.8343072994065107,0.2673065735892961,0.0923285811269518,0.1749779924623443,14,18,True,0.01615835657136686
immune cells,AC020916.1,0.14484168370004227,0.06681220818619976,0.07802947551384251,up_in_CKD,0.8003204565607293,2.180709554996316,0.039080607294113195,0.5535942193988638,0.1055846422338569,0.03665987780040733,0.06892476443344957,14,18,True,0.016037324651621818
immune cells,TTLL3,0.044822284959625945,0.020884086991862467,0.02393819796776348,up_in_CKD,1.0713107825347628,3.082778693649724,0.004382859202862416,0.23725024706881517,0.03170447934845841,0.019008825526137134,0.012695653822321275,14,18,True,0.016022980808234378
immune cells,AP5M1,0.0821804147261265,0.05324371030204995,0.028936704424076552,up_in_CKD,0.9827175391593808,2.9551011781583094,0.006358972754545418,0.2748143470146202,0.051192553810354854,0.0373387644263408,0.013853789384014055,14,18,True,0.015951816051415713
immune cells,ISYNA1,0.04351453987143825,0.021397455992771312,0.02211708387866694,up_in_CKD,1.0916745231132565,3.164811045264762,0.0035454074706714545,0.2191061816874959,0.030395578824898198,0.01697216564833673,0.013423413176561469,14,18,True,0.015919667786660374
immune cells,MED21,0.1286796682721945,0.09139143435010905,0.03728823392208544,up_in_CKD,0.9123329396384565,2.7534194423143163,0.010443899965088217,0.3414989512393925,0.07780686445607912,0.07196198234894773,0.005844882107131397,14,18,True,0.01587375942557205
immune cells,JKAMP,0.1406656864793573,0.1046511757424915,0.03601451073686579,up_in_CKD,0.9347997958638694,2.7352676174965804,0.010388928730838772,0.3412059143839696,0.09613147178592205,0.08078750848608282,0.015343963299839225,14,18,True,0.015721631656346963
immune cells,UBR5,0.11934403928625378,0.0834850468592533,0.03585899242700048,up_in_CKD,0.9287906498966151,2.7461023229768102,0.010214308774178584,0.3388353017676595,0.07897033158813263,0.06177868295994569,0.017191648628186944,14,18,True,0.015653961509523542
immune cells,SPINT1,0.08267057806515088,0.038917135050326006,0.04375344301482487,up_in_CKD,0.9940196112932114,2.5571663826588336,0.020405284444372496,0.43846992443711064,0.051774287376381616,0.03394433129667346,0.017829956079708158,14,18,True,0.015572675179031365
immune cells,FBH1,0.04623263827486162,0.016689443223807846,0.029543195051053774,up_in_CKD,1.0162138164210777,2.851774652555115,0.008063855294382197,0.30386966902001206,0.03301337987201861,0.012898845892735914,0.0201145339792827,14,18,True,0.015530865304251263
immune cells,RHNO1,0.05558164470794397,0.02909731611481461,0.026484328593129356,up_in_CKD,1.0224147791094218,2.9659605233130364,0.005870716615947942,0.26729889478363017,0.03388598022105876,0.027834351663272233,0.006051628557786525,14,18,True,0.015515753037538493
immune cells,TMEM223,0.10731312820729373,0.07658169494190456,0.03073143326538917,up_in_CKD,0.9599930624053464,2.860324240945468,0.007837219149280364,0.2983614846563818,0.06835369400814427,0.05634758995247793,0.012006104055666336,14,18,True,0.015496119532796403
immune cells,SYTL2,0.0643035157077374,0.03172382314841769,0.03257969255931971,up_in_CKD,1.001698911154564,2.770774625593952,0.010112912480757134,0.3366490712892722,0.03868528214077952,0.02376103190767142,0.014924250233108102,14,18,True,0.015430584999231322
immune cells,TMEM65,0.07505383768368099,0.043738640034485986,0.031315197649195,up_in_CKD,0.9795242067217196,2.810533032073125,0.008658416087240387,0.31537727751952216,0.0491564863292612,0.02987101154107264,0.01928547478818856,14,18,True,0.015372873376722704
immune cells,EP300,0.15467376436974742,0.10925519599483023,0.04541856837491719,up_in_CKD,0.872842601853613,2.522480306524601,0.017195934442727816,0.41190261572115466,0.1012216404886562,0.07535641547861507,0.025865225010041126,14,18,True,0.015270800348959685
immune cells,TMED5,0.20527453811592464,0.15510220092004345,0.050172337195881184,up_in_CKD,0.8437131748035209,2.4612418054033793,0.01983256169898885,0.4362292864225312,0.13045375218150088,0.11405295315682282,0.01640079902467806,14,18,True,0.01525125431016804
immune cells,STAM2,0.08385879245628398,0.05043402202682805,0.033424770429455936,up_in_CKD,0.9761950038003012,2.7402257537481773,0.010545232849977255,0.34248751439527964,0.052501454333915065,0.04480651731160896,0.007694937022306107,14,18,True,0.015184120355293157
immune cells,TUBA1A,0.5218660137993548,0.42538676810473997,0.09647924569461486,up_in_CKD,0.7434787737365277,2.040007802253383,0.05190835586003309,0.614472162423929,0.28650378126817916,0.2769857433808554,0.00951803788732375,14,18,True,0.015170793656464203
immune cells,C12orf49,0.061774887452869756,0.03821937331684186,0.023555514136027897,up_in_CKD,1.0257218874884624,3.1091828590815935,0.00448252375083487,0.23803303564482373,0.04435718440954043,0.032586558044806514,0.011770626364733916,14,18,True,0.015061321107203906
immune cells,ZBTB10,0.054963596471637226,0.028096972729128675,0.02686662374250855,up_in_CKD,1.0049666480161266,2.927202464146773,0.006472106964294852,0.2771824746765605,0.031995346131471786,0.027834351663272233,0.004160994468199553,14,18,True,0.015045358152159904
immune cells,FPR3,0.08823276737933494,0.043848222008231325,0.04438454537110362,up_in_CKD,0.9066199134005515,2.5093768646423276,0.018531903501655633,0.4234752444183216,0.06137289121582315,0.03326544467073999,0.02810744654508316,14,18,True,0.01501640759413253
immune cells,FHOD1,0.058049708598112204,0.027938082797359376,0.030111625800752828,up_in_CKD,0.9944935114077043,2.8170448237059444,0.008636689596717494,0.31520516756524086,0.04363001745200698,0.025118805159538356,0.018511212292468625,14,18,True,0.01501503215521265
immune cells,THOC1,0.08728882849122199,0.06040579687877011,0.026883031612451883,up_in_CKD,0.9883407308954503,2.953391902685457,0.006278412201531978,0.274499832962311,0.052501454333915065,0.05363204344874406,-0.0011305891148289948,14,18,True,0.014917709487276205
immune cells,ATXN2,0.08006008778794924,0.0496177546091071,0.030442333178842138,up_in_CKD,0.9552047509271575,2.838864477857161,0.00821945297607198,0.30758102977360563,0.04988365328679465,0.04005431093007468,0.00982934235671997,14,18,True,0.014889450906725651
immune cells,DCLRE1C,0.06421539747060218,0.03673430281494632,0.027481094655655854,up_in_CKD,1.015317999219494,2.865647382149281,0.007714314870700013,0.2967290408771333,0.04275741710296684,0.031228784792939578,0.011528632310027265,14,18,True,0.014722236210825817
immune cells,TRAPPC6B,0.08993214674638288,0.05743014308423706,0.03250200366214582,up_in_CKD,0.9566767567357792,2.737978433238534,0.010347337912471222,0.3410482575950515,0.056137289121582314,0.04480651731160896,0.011330771809973356,14,18,True,0.014526583055422494
immune cells,KHDC4,0.06148505715364226,0.027544749745306338,0.033940307408335924,up_in_CKD,0.9674873891842758,2.6902758951323973,0.012085429758371674,0.36145611183670484,0.03999418266433973,0.016293279022403257,0.023700903641936475,14,18,True,0.014512049348494082
immune cells,CLEC2D,0.31852830836487794,0.22387268939877492,0.09465561896610303,up_in_CKD,0.7319745449430444,2.0280313124291864,0.05268215251964715,0.6176676087344996,0.17873763816172192,0.12763068567549218,0.051106952486229734,14,18,True,0.014497657192086637
immune cells,CHD4,0.18334475379861145,0.14508083360344684,0.038263920195164614,up_in_CKD,0.9034089612516871,2.6012378011818384,0.01430338508498806,0.38296474021364485,0.11372891215823153,0.09504412763068568,0.01868478452754585,14,18,True,0.01440935377161515
immune cells,C4orf48,0.5278199359444729,0.44025989535323573,0.08756004059123712,up_in_CKD,0.7221129059037021,2.0689671486645347,0.04734444565972112,0.5918590227920184,0.3006108202443281,0.26272912423625255,0.03788169600807556,14,18,True,0.014402236659828063
immune cells,FAM89B,0.3185908269938264,0.2429747334716471,0.0756160935221793,up_in_CKD,0.8048504619218667,2.1298865657598984,0.045539121246695444,0.5820719116950938,0.18993600930773705,0.17040054310930075,0.019535466198436297,14,18,True,0.014303438756555572
immune cells,CPT1A,0.08780515195470966,0.049974744103498385,0.03783040785121127,up_in_CKD,0.9261084091129025,2.5884861965986836,0.015191422773297955,0.39117913641242236,0.053810354857475276,0.04073319755600815,0.013077157301467128,14,18,True,0.01428114190667447
immune cells,PDIA4,0.15289332851122772,0.11425856520520594,0.03863476330602178,up_in_CKD,0.8891859074241472,2.5880345972890084,0.014743577517065825,0.38593059974273486,0.10340314136125654,0.07671418873048201,0.02668895263077453,14,18,True,0.014204850357224082
immune cells,HDAC7,0.08247963074775257,0.05223416255860551,0.030245468189147057,up_in_CKD,0.9377740506497785,2.818774127335182,0.008841308766413772,0.3174724791983911,0.052065154159395,0.034623217922606926,0.017441936236788073,14,18,True,0.014133317254478767
immune cells,LAPTM4B,0.06398582408298005,0.010278007366080082,0.05370781671689997,up_in_CKD,0.9517618670433989,2.3576245805724403,0.03414559516923484,0.5291386757611033,0.034031413612565446,0.012219959266802444,0.021811454345763003,14,18,True,0.014130311906635686
immune cells,TMEM191B,0.054837665148207926,0.02082389358927147,0.03401377155893645,up_in_CKD,0.9799612039062486,2.6596142310515583,0.01376549332321615,0.3779762580183361,0.035631180919139034,0.012219959266802444,0.02341122165233659,14,18,True,0.014084027168914222
immune cells,TMEM120B,0.09197801368453443,0.05579642289967249,0.03618159078486194,up_in_CKD,0.9052983546458716,2.6336867209856387,0.013229808817680992,0.37391344428255496,0.059482257126236185,0.041412084181941616,0.01807017294429457,14,18,True,0.013993940757481154
immune cells,WFDC2,0.2543445073271492,0.040790809641731395,0.2135536976854178,up_in_CKD,0.6767479870539509,1.6756852945921172,0.116944357976819,0.8012373972247688,0.11169284467713787,0.021045485403937542,0.09064735927320033,14,18,True,0.013908625563200426
immune cells,OSBPL3,0.05700714511280097,0.03302336475611668,0.02398378035668429,up_in_CKD,0.9993137440312103,3.0018482339308985,0.005651597207352078,0.26293754635961736,0.039121582315299594,0.03054989816700611,0.008571684148293485,14,18,True,0.013904579020630583
immune cells,SLC12A9,0.08258379662595401,0.04949364990631027,0.03309014671964374,up_in_CKD,0.9416402550071828,2.6704343332055887,0.012274206871706819,0.3636014373330393,0.056137289121582314,0.04005431093007468,0.016082978191507634,14,18,True,0.013690473436518405
immune cells,CD36,0.13871451105066265,0.08694586836755967,0.05176864268310298,up_in_CKD,0.8730049139500566,2.3405533660939137,0.02866666147104667,0.49801374603864196,0.07475276323443862,0.058384249830278345,0.016368513404160276,14,18,True,0.013682959929017937
immune cells,RUFY3,0.08092835644421045,0.04864288185869375,0.032285474585516706,up_in_CKD,0.9269617934118509,2.704910505727063,0.011164562850388792,0.3496469514294057,0.060063990692262946,0.03394433129667346,0.026119659395589488,14,18,True,0.013657975789528062
immune cells,ANXA2R,0.18858006086624376,0.1324537535062749,0.056126307359968874,up_in_CKD,0.7982286082282657,2.3023304603988266,0.0284471440161682,0.4959191820025937,0.10442117510180338,0.0943652410047522,0.010055934097051175,14,18,True,0.013646086082996651
immune cells,SAV1,0.05776513801460239,0.032474484060824205,0.025290653953778185,up_in_CKD,1.0075523560978004,2.869877935837724,0.007535415063644764,0.2945029605019988,0.03519488074461896,0.02308214528173795,0.01211273546288101,14,18,True,0.013528475576040255
immune cells,GPX4,1.1880569871147277,1.060778274933535,0.1272787121811927,up_in_CKD,0.656770073796708,1.8632276320650936,0.07255211677223486,0.6891070691546525,0.5852239674229203,0.548540393754243,0.03668357366867725,14,18,True,0.013518075071592115
immune cells,NFIC,0.12914815237350932,0.08414010797264747,0.045008044400861855,up_in_CKD,0.882863451661778,2.426522089113919,0.02261684450633465,0.45723785802287914,0.07649796393251891,0.06177868295994569,0.014719280972573225,14,18,True,0.013504575805486262
immune cells,MZB1,0.15285853624947912,0.07382039828197821,0.07903813796750091,up_in_CKD,0.7773558959794332,2.0723230306317766,0.05051896421965517,0.6067888853694382,0.04799301919720768,0.04005431093007468,0.007938708267132999,14,18,True,0.013330334247758318
immune cells,ZNF276,0.1240959453645192,0.08774633387191352,0.03634961149260568,up_in_CKD,0.8963192784169935,2.580397908655183,0.015025877265980743,0.38985436265139073,0.07562536358347877,0.055668703326544465,0.0199566602569343,14,18,True,0.013328750674646814
immune cells,C9orf72,0.18032848335920135,0.11744954446985517,0.06287893888934618,up_in_CKD,0.8247995324587476,2.197622962359316,0.03916964327890282,0.5535942193988638,0.10296684118673648,0.08961303462321792,0.013353806563518561,14,18,True,0.013318733396261375
immune cells,RIPOR1,0.05597765323258778,0.02324503720201608,0.0327326160305717,up_in_CKD,0.9709659135221483,2.6432778746728736,0.01416905727296124,0.38154585597777974,0.03941244909831297,0.018329938900203666,0.021082510198109305,14,18,True,0.013299387943482373
immune cells,RNF38,0.08289254217612395,0.05380722093657367,0.02908532123955028,up_in_CKD,0.9624444477345331,2.749120136448255,0.010088243056520703,0.3366490712892722,0.0549738219895288,0.04344874405974202,0.011525077929786777,14,18,True,0.01323572526916841
immune cells,MSMO1,0.0958173170219607,0.057799732690821025,0.03801758433113967,up_in_CKD,0.916398388651899,2.531373324145536,0.017692142844521776,0.41731848388986476,0.05831878999418266,0.03801765105227427,0.020301138941908395,14,18,True,0.01322262458429432
immune cells,CDH16,0.11502070538353364,0.026925763763619708,0.08809494161991394,up_in_CKD,0.8123851935502654,2.028184848478708,0.06187925179676531,0.6541213284677501,0.057300756253635836,0.019687712152070606,0.03761304410156523,14,18,True,0.01319278655106117
immune cells,CELF1,0.23317948391097626,0.18823465151024002,0.04494483240073624,up_in_CKD,0.8184001245097401,2.4599422403685547,0.020471316939555072,0.43846992443711064,0.14528795811518325,0.12152070604209098,0.02376725207309227,14,18,True,0.0131704765791548
immune cells,EYA3,0.06383636472617746,0.035524265839311,0.028312098886866456,up_in_CKD,0.968058751482448,2.7633140369768268,0.009753234784965481,0.33270464197471944,0.036794648051192556,0.029192124915139173,0.007602523136053384,14,18,True,0.013099303268294706
immune cells,LY9,0.07017274776877581,0.03185952613309453,0.03831322163568129,up_in_CKD,0.8722882250872913,2.535222890023877,0.01668894977780688,0.40685487032286594,0.04435718440954043,0.031228784792939578,0.013128399616600853,14,18,True,0.013052598484470893
immune cells,BAD,0.12937601854772493,0.09226963281520278,0.037106385732522146,up_in_CKD,0.871241577371814,2.5480263481762635,0.0162224173843223,0.40054267886453804,0.08871436881908086,0.06856754921928038,0.020146819599800483,14,18,True,0.012845818411481396
immune cells,MARF1,0.10344759279307462,0.054780281424285954,0.04866731136878867,up_in_CKD,0.8458519669755551,2.3413598521875763,0.02700188523897115,0.48759163965338437,0.06617219313554393,0.032586558044806514,0.03358563509073741,14,18,True,0.012841270835865221
immune cells,TNPO3,0.05018137934645329,0.02437565935578228,0.02580571999067101,up_in_CKD,0.9970694511814507,2.811965133282661,0.008802625037292913,0.3174724791983911,0.032140779522978474,0.017651052274270197,0.014489727248708277,14,18,True,0.01282114984394915
immune cells,EPM2AIP1,0.13721117767534216,0.087871178695993,0.04933999897934917,up_in_CKD,0.8362866925232239,2.3328384525437253,0.027230468035868167,0.4891913539850165,0.07824316463059919,0.06177868295994569,0.0164644816706535,14,18,True,0.012812846294761438
immune cells,C5orf15,0.10641877927246986,0.07265915574715948,0.03375962352531038,up_in_CKD,0.8969424809634776,2.611420360634601,0.013950650151510228,0.37938425531880543,0.0679173938336242,0.058384249830278345,0.009533144003345859,14,18,True,0.012745664099572564
immune cells,NCK1-DT,0.050091148636020745,0.019085987588887146,0.0310051610471336,up_in_CKD,0.960652533522729,2.654995642574358,0.013295691663651544,0.3740527189120961,0.03577661431064572,0.012219959266802444,0.02355665504384328,14,18,True,0.012720275732022956
immune cells,IST1,0.21369866359789258,0.1618011978527399,0.05189746574515269,up_in_CKD,0.8060523864570428,2.295934299146377,0.028997132063550406,0.5007939445595421,0.12827225130890052,0.11337406653088934,0.014898184778011178,14,18,True,0.012563884690883246
immune cells,TMEM60,0.11328533861340533,0.07628386059688713,0.037001478016518194,up_in_CKD,0.8495261585786661,2.5769491271948035,0.015970515550866524,0.3985581615376801,0.07024432809773123,0.059063136456211814,0.011181191641519421,14,18,True,0.012558033214001845
immune cells,NSD1,0.21545401455373628,0.17267196579089014,0.04278204876284614,up_in_CKD,0.8235667928683827,2.4450659139689526,0.02082231591040373,0.4419559307215811,0.1303083187899942,0.11948404616429056,0.010824272625703624,14,18,True,0.012494673068577208
immune cells,N4BP2L2,1.0492263242767317,0.93646232293156,0.11276400134517173,up_in_CKD,0.655847167105615,1.8725327103169194,0.071063359357808,0.6857179047248341,0.5504653868528214,0.5410726408689749,0.00939274598384654,14,18,True,0.01211801612674334
immune cells,LIMA1,0.07560125040674912,0.04460622782344254,0.030995022583306574,up_in_CKD,0.9238768592731016,2.6153971962273483,0.014012014925848219,0.37938425531880543,0.04842931937172775,0.03054989816700611,0.017879421204721642,14,18,True,0.012053310013167175
immune cells,MTRNR2L12,0.4755450219948254,0.15600473610971202,0.3195402858851134,up_in_CKD,0.5099340192395311,1.290072644811052,0.21619235276077234,0.8436241225337233,0.12158231529959279,0.11133740665308893,0.010244908646503861,14,18,True,0.0120336132063754
immune cells,HDAC5,0.06497197301743449,0.040779506477378574,0.024192466540055912,up_in_CKD,0.9723554365993804,2.8044044596062148,0.008766408736143445,0.3171301814011697,0.04217568353694008,0.03326544467073999,0.008910238866200092,14,18,True,0.011732725845969367
immune cells,KIF12,0.06506419871200628,0.008370838614622188,0.056693360097384085,up_in_CKD,0.8881958620534236,2.1985677271972364,0.046053021404600075,0.5851198356661761,0.03257707969749855,0.00746775288526816,0.02510932681223039,14,18,True,0.01172034231231628
immune cells,INPP4B,0.09432853015379737,0.059178319785004235,0.035150210368793136,up_in_CKD,0.9050519283785311,2.498821314666333,0.01906753640412312,0.42911708643608015,0.055991855730075625,0.04073319755600815,0.015258658174067477,14,18,True,0.011688779741252611
immune cells,CRYZ,0.08443575927162547,0.0293780668602364,0.05505769241138907,up_in_CKD,0.8791852083440791,2.207910470863574,0.04368486325183417,0.574499866373161,0.05002908667830134,0.025797691785471828,0.02423139489282951,14,18,True,0.01165178959208131
immune cells,STARD10,0.0751389735489146,0.032180604994686675,0.04295836855422793,up_in_CKD,0.8935172787141623,2.3577060948994624,0.028674739692354383,0.49801374603864196,0.03883071553228621,0.025118805159538356,0.013711910372747854,14,18,True,0.01162110227504207
immune cells,ATXN7L3B,0.14484741312869165,0.10781606801881823,0.03703134510987342,up_in_CKD,0.84181407849175,2.49208745756344,0.018635868507026844,0.4248414579804346,0.09060500290866783,0.07603530210454854,0.01456970080411929,14,18,True,0.011589471873554014
immune cells,MT1G,0.366379057030755,0.17297556192102334,0.19340349510973168,up_in_CKD,0.6544042646513825,1.6413640774841414,0.12222950697112678,0.8110590441185644,0.1447062245491565,0.08961303462321792,0.05509318992593858,14,18,True,0.011510689548225386
immune cells,TNFRSF25,0.1136455923713839,0.06527781469499633,0.04836777767638757,up_in_CKD,0.8437393731256932,2.2700154266493793,0.03306446839175382,0.5246172391811005,0.07475276323443862,0.04005431093007468,0.03469845230436394,14,18,True,0.011433168748331059
immune cells,ATP5F1E,2.1452733763083693,1.695163421830941,0.4501099544774283,up_in_CKD,0.34386188787912886,0.9857518293324447,0.332206767542303,0.8436241225337233,0.7486910994764397,0.4792939579090292,0.26939714156741057,14,18,True,0.011430338806093291
immune cells,GIGYF1,0.1684301426056962,0.11705025465261593,0.05137988795308027,up_in_CKD,0.7829098641250812,2.245049075915848,0.03235455035109834,0.5208036843810179,0.10078534031413612,0.08010862186014936,0.02067671845398676,14,18,True,0.011397019059044371
immune cells,TCF4,0.1696705101851162,0.10911237403505067,0.06055813615006553,up_in_CKD,0.7815115543321222,2.115661932590874,0.045185780830994074,0.5811615515828166,0.09874927283304247,0.07535641547861507,0.023392857354427393,14,18,True,0.011155094265748254
immune cells,RNASEK,0.29268726726225486,0.07514625445114537,0.2175410128111095,up_in_CKD,0.648940454638521,1.6040805141167214,0.1322120017195993,0.8337450720684935,0.2625072716695753,0.05227427019687712,0.2102330014726982,14,18,True,0.011147823761490191
immune cells,C3orf38,0.0918673118616469,0.0631489843461223,0.028718327515524597,up_in_CKD,0.8888689948161965,2.66253232711035,0.01272851007853705,0.36858312728187437,0.058027923211169286,0.0461642905634759,0.011863632647693384,14,18,True,0.011064976260320472
immune cells,MRPL42,0.19260541409459112,0.14805326410217076,0.04455214999242035,up_in_CKD,0.7736442416210302,2.385049764849024,0.025575622781946795,0.47993122102964936,0.12114601512507271,0.11269517990495587,0.008450835220116845,14,18,True,0.010988967268806328
immune cells,C11orf68,0.0828931753912626,0.05624489053970848,0.026648284851554127,up_in_CKD,0.8991154336063935,2.737555857620174,0.011126022188203187,0.3494265800409363,0.0533740546829552,0.04412763068567549,0.009246423997279714,14,18,True,0.010941138849772884
immune cells,BANK1,0.10994088419467415,0.04074420503388209,0.06919667916079206,up_in_CKD,0.7856268981287253,2.046584377195188,0.05523209236309862,0.6295745419070694,0.04784758580570099,0.03394433129667346,0.013903254509027532,14,18,True,0.01092435360667182
immune cells,UBXN2A,0.07422269802389399,0.048908664189581,0.025314033834312986,up_in_CKD,0.923922498139389,2.736194441141788,0.010483015367687119,0.34165691016138583,0.0462478184991274,0.03665987780040733,0.009587940698720071,14,18,True,0.010908487983599724
immune cells,DYNLL2,0.12159914741520528,0.08490469530025517,0.03669445211495011,up_in_CKD,0.8223087689555862,2.465988173752837,0.020115741838391314,0.43689104445776944,0.07867946480511925,0.06381534283774609,0.014864121967373162,14,18,True,0.010851441843966088
immune cells,MFSD8,0.07203831660990655,0.044982393108732414,0.027055923501174133,up_in_CKD,0.9183526584503637,2.651267278270927,0.012689831580879003,0.3682677811566762,0.04552065154159395,0.034623217922606926,0.010897433618987026,14,18,True,0.010779477545695634
immune cells,SLC35F5,0.07803318597366318,0.04098252201916897,0.03705066395449421,up_in_CKD,0.8745068094256226,2.405085930598939,0.02369382616476144,0.46688217557700445,0.05148342059336824,0.035302104548540394,0.016181316044827844,14,18,True,0.010718033629110614
immune cells,EEF1G,0.26365455259608434,0.03653224921757908,0.22712230337850525,up_in_CKD,0.6382838980620147,1.5730738407736469,0.13963162501692303,0.8436241225337233,0.2456369982547993,0.028513238289205704,0.21712375996559358,14,18,True,0.010706070900121685
immune cells,ZBTB7A,0.21199105971484752,0.1657860317243124,0.046205027990535136,up_in_CKD,0.771566200314816,2.2980977454237594,0.029082193733055865,0.500867507488022,0.1284176847004072,0.1079429735234216,0.020474711176985613,14,18,True,0.01070495151262827
immune cells,RNF167,0.19153692119513996,0.15351361164082952,0.038023309554310436,up_in_CKD,0.8041534870185529,2.4502876512661658,0.021504493249255227,0.4469655883869864,0.12085514834205933,0.10183299389002037,0.01902215445203896,14,18,True,0.010693421254696052
immune cells,TRAF3IP3,0.45277633492930286,0.3533493666649117,0.09942696826439118,up_in_CKD,0.6955357104860262,1.8593796788138162,0.07656011805379763,0.7015264238015448,0.25392670157068065,0.21384928716904278,0.04007741440163787,14,18,True,0.01064682591711756
immune cells,LRBA,0.10197320710800331,0.06775293408615662,0.03422027302184669,up_in_CKD,0.8576316695849483,2.4671677523581,0.019574548645276454,0.433970152679912,0.05991855730075625,0.04412763068567549,0.01579092661508076,14,18,True,0.01063996935102351
immune cells,CRIP2,0.09038317792659753,0.03863628269857487,0.05174689522802266,up_in_CKD,0.8421757254727626,2.179040497061877,0.04314422580411982,0.5721220233193267,0.05279232111692845,0.02172437202987101,0.03106794908705744,14,18,True,0.01056863885625212
immune cells,ZBTB41,0.06229669877917201,0.037614049444299386,0.024682649334872624,up_in_CKD,0.9688800134228844,2.6905884741820967,0.012109554312833386,0.36160902067902767,0.039703315881326355,0.024439918533604887,0.015263397347721468,14,18,True,0.0105644986339887
immune cells,DNAJC16,0.053044904563351813,0.030835937600236223,0.02220896696311559,up_in_CKD,0.9625098481181066,2.7841773142794204,0.009203727883939325,0.32350144499331224,0.034758580570098896,0.02376103190767142,0.010997548662427477,14,18,True,0.010477057075189828
immune cells,COPS7B,0.06302500288249624,0.04040488581218802,0.02262011707030822,up_in_CKD,0.9384469014628102,2.7997013334573437,0.009102722187505456,0.32206959800830376,0.04173938336242001,0.027834351663272233,0.013905031699147776,14,18,True,0.010445134252143568
immune cells,SLC39A13,0.05911736660581103,0.036679353898299655,0.022438012707511376,up_in_CKD,0.9341644366877326,2.802468501863054,0.009151070249924988,0.323163509397351,0.04072134962187318,0.028513238289205704,0.012208111332667478,14,18,True,0.010282897536750914
immune cells,NUDT4,0.15818333739041182,0.09832974409970141,0.05985359329071041,up_in_CKD,0.7726404132422868,2.0784858049900876,0.04921403060524365,0.6004791888260727,0.09482257126236183,0.08010862186014936,0.014713949402212476,14,18,True,0.010243429391853642
immune cells,PIKFYVE,0.08290315384515674,0.04732112839586912,0.035582025449287624,up_in_CKD,0.9081673444028322,2.383210281045994,0.027567215262886812,0.4917781914640261,0.05221058755090169,0.03937542430414121,0.012835163246760477,14,18,True,0.009960301591940411
immune cells,PCYT2,0.05284529375883821,0.027887349975690992,0.024957943783147217,up_in_CKD,0.9039891213395879,2.672580433919741,0.012182856324932025,0.36255241775961433,0.033304246655032,0.028513238289205704,0.004791008365826292,14,18,True,0.009941347955249062
immune cells,MT-ND4L,3.7177719472806685,3.3724564461988327,0.34531550108183584,up_in_CKD,0.3880853487910006,1.0224045817697105,0.3189100802706963,0.8436241225337233,0.9701861547411286,0.9572301425661914,0.012956012174937137,14,18,True,0.009896913259277421
immune cells,TMEM161A,0.05339354040029929,0.03013611635169111,0.02325742404860818,up_in_CKD,0.9090847183907411,2.7520136743686043,0.010567474694405362,0.34248751439527964,0.03388598022105876,0.02308214528173795,0.010803834939320807,14,18,True,0.009838991662501592
immune cells,ELK3,0.10889766035102622,0.06553682383341138,0.04336083651761484,up_in_CKD,0.782571594324436,2.2636644594455246,0.030991207027281815,0.5136452467357373,0.0722803955788249,0.05227427019687712,0.02000612538194778,14,18,True,0.009818051266830507
immune cells,SLC5A3,0.10012750744444777,0.0481656351036511,0.051961872340796675,up_in_CKD,0.8032375209037675,2.1281236471415443,0.04560624440744649,0.5827289947030034,0.059336823734729496,0.025118805159538356,0.03421801857519114,14,18,True,0.009788889517992635
immune cells,POM121C,0.07589149474645694,0.05069943112556305,0.025192063620893893,up_in_CKD,0.9063152526499513,2.6386991218216167,0.01307480375434995,0.37304408006748296,0.04552065154159395,0.034623217922606926,0.010897433618987026,14,18,True,0.009777551431931389
immune cells,EXOC5,0.10294004488359332,0.06798117390992767,0.03495887097366565,up_in_CKD,0.8440396200466525,2.3873117596673143,0.02374746658996526,0.46688217557700445,0.06428155904595695,0.051595383570943655,0.012686175475013294,14,18,True,0.009760591935132694
immune cells,FDX2,0.04179973387365986,0.016592804227216696,0.025206929646443162,up_in_CKD,0.9163715782494409,2.6175469520198105,0.013822432736592874,0.3779762580183361,0.030104712041884817,0.012898845892735914,0.017205866149148902,14,18,True,0.009760110646382799
immune cells,BEX3,0.10254181204734236,0.049726408440279646,0.052815403607062716,up_in_CKD,0.7769780707266364,2.1155928503049894,0.044826668133918876,0.5795853973039002,0.0679173938336242,0.020366598778004074,0.047550795055620126,14,18,True,0.009720810159678643
immune cells,TMBIM4,0.5774519488811517,0.3884293348376117,0.18902261404353998,up_in_CKD,0.5636975953167377,1.5915685222342872,0.1224402183103943,0.8110590441185644,0.33158813263525305,0.1975560081466395,0.13403212448861354,14,18,True,0.009690604043396334
immune cells,MYO6,0.07640961006633751,0.03007830119464641,0.046331308871691096,up_in_CKD,0.8513047978376268,2.185683424076658,0.04330902331848547,0.5722768084062085,0.04159394997091332,0.020366598778004074,0.021227351192909246,14,18,True,0.009560514257462092
immune cells,SREBF1,0.052931573090510206,0.028143067340699737,0.02478850574981047,up_in_CKD,0.9109119569288505,2.6107632236373584,0.014014723036572588,0.37938425531880543,0.033304246655032,0.02376103190767142,0.009543214747360577,14,18,True,0.009504450901470922
immune cells,SOX4,0.16953587348212368,0.10832802077958406,0.06120785270253962,up_in_CKD,0.7533083860683114,2.031780602401153,0.05390563166161948,0.6232311310845737,0.09482257126236183,0.06381534283774609,0.031007228424615743,14,18,True,0.009468397339867634
immune cells,GOLPH3,0.11758502037854358,0.07779286766394077,0.03979215271460282,up_in_CKD,0.7894018169018302,2.2894027714100638,0.02926522064628131,0.5023652125679618,0.070826061663758,0.06109979633401222,0.009726265329745784,14,18,True,0.009391572940259206
immune cells,RBM4,0.10839625676880295,0.05690339416441538,0.05149286260438757,up_in_CKD,0.8110299733495696,2.1137551914062205,0.048371200250604915,0.5960797957103458,0.08769633507853403,0.03937542430414121,0.048320910774392815,14,18,True,0.009383794876753363
immune cells,TCF12,0.08339316792635335,0.05633955943489899,0.027053608491454356,up_in_CKD,0.8736249938847781,2.542807900242759,0.016398622558230897,0.4032234247076934,0.055991855730075625,0.04276985743380855,0.013221998296267072,14,18,True,0.009322811143837484
immune cells,DMXL2,0.13202015414464524,0.08160853948478836,0.050411614659856885,up_in_CKD,0.7672829627586624,2.119352225569967,0.04369173741025658,0.574499866373161,0.07489819662594532,0.05023761031907671,0.024660586306868612,14,18,True,0.009310658943644908
immune cells,CCL2,0.08779280585907094,0.04633582274165757,0.041456983117413373,up_in_CKD,0.78393696536612,2.2511286039473024,0.03190877360363529,0.5180027970535602,0.04653868528214078,0.031228784792939578,0.015309900489201202,14,18,True,0.00928410990615276
immune cells,ZNF512,0.04392823477557628,0.02590636438939865,0.01802187038617763,up_in_CKD,0.9616895182963825,2.9080651929590036,0.007255033855394927,0.291986070659278,0.030395578824898198,0.02172437202987101,0.008671206795027187,14,18,True,0.009266046159976102
immune cells,NFAT5,0.1515241547027944,0.108969062893379,0.0425550918094154,up_in_CKD,0.8112431397033028,2.216559920410278,0.03607695717646863,0.5392098678671202,0.08420593368237347,0.07060420909708079,0.013601724585292685,14,18,True,0.009260397315739608
immune cells,EMX2,0.0806769640923324,0.01952918182216404,0.06114778227016836,up_in_CKD,0.817384196625666,2.0352059609248383,0.06140956552563457,0.6530159706597447,0.03737638161721931,0.015614392396469789,0.021761989220749522,14,18,True,0.009250336141614626
immune cells,POLR2H,0.1550755803205166,0.1229896617425285,0.03208591857798811,up_in_CKD,0.8540651144944016,2.40412183119432,0.022970507660564517,0.45984407797603033,0.10354857475276323,0.09097080787508487,0.012577766877678365,14,18,True,0.009245638242146659
immune cells,PFKL,0.1959595057583333,0.14972905448343873,0.04623045127489456,up_in_CKD,0.7547455456277934,2.1846213933259,0.03686631451899853,0.5452067538639888,0.12187318208260617,0.10590631364562118,0.015966868436984985,14,18,True,0.009191965509589308
immune cells,RAB29,0.11842838242857637,0.0650250497809068,0.05340333264766957,up_in_CKD,0.7354875984805854,2.0815338658789044,0.04635089107674932,0.5859696331988604,0.07678883071553229,0.031907671418873046,0.04488115929665924,14,18,True,0.009117282782322543
immune cells,UBXN11,0.1579937342381226,0.11375017984542102,0.044243554392701584,up_in_CKD,0.7693617817675524,2.1940959100062183,0.0362580612532995,0.5403584571542227,0.09802210587550901,0.0835030549898167,0.014519050885692317,14,18,True,0.00909931915417903
immune cells,MARCKSL1,0.17152140718336753,0.12626390523321446,0.04525750195015307,up_in_CKD,0.7724120128794852,2.1783806914346533,0.037773964321908216,0.549349121947215,0.10442117510180338,0.09029192124915139,0.014129253852651985,14,18,True,0.00909423226129555
immune cells,ANO6,0.10097333521070329,0.06355758431803468,0.0374157508926686,up_in_CKD,0.8468674449971532,2.286974757930762,0.031671463671009877,0.5164450468007937,0.06268179173938336,0.048200950441276307,0.014480841298107054,14,18,True,0.00909316989138293
immune cells,SNRNP27,0.15514080179105627,0.11688121150051331,0.03825959029054296,up_in_CKD,0.7856278694978839,2.2960181329942673,0.028867639902557054,0.4997429445736126,0.09845840605002909,0.09368635437881874,0.0047720516712103506,14,18,True,0.00905501242277828
immune cells,XPOT,0.07190988121164951,0.04847497080764982,0.02343491040399969,up_in_CKD,0.8996170072499556,2.6396639452502586,0.013088736466229647,0.37304408006748296,0.0462478184991274,0.03394433129667346,0.012303487202453944,14,18,True,0.009028342588630974
immune cells,ABLIM1,0.08545212869561593,0.05606640052785534,0.02938572816776059,up_in_CKD,0.8520227352778222,2.461545910066889,0.019809135846605923,0.43617740925899506,0.053083187899941826,0.042090970807875085,0.010992217092066742,14,18,True,0.0090218644085126
immune cells,BRWD1,0.15153049033123994,0.11461163364776523,0.03691885668347471,up_in_CKD,0.7954949008131887,2.3071949879944706,0.028125392119281098,0.4948961131971246,0.09205933682373472,0.07875084860828242,0.013308488215452302,14,18,True,0.008971744438219617
immune cells,CBR1,0.13740507024474738,0.10109713680375597,0.03630793344099141,up_in_CKD,0.800905792627816,2.3117105281290167,0.027853128000740822,0.4926968074256565,0.09075043630017451,0.08214528173794976,0.008605154562224757,14,18,True,0.008939545504974741
immune cells,FBXW4,0.07987402353711212,0.053987557122298545,0.025886466414813576,up_in_CKD,0.858919628873323,2.5704263206997258,0.01576500893272022,0.39712657346216834,0.051774287376381616,0.04344874405974202,0.008325543316639594,14,18,True,0.008917571830089479
immune cells,SOAT1,0.11616979820313356,0.0809291073662878,0.03524069083684575,up_in_CKD,0.7837051874143376,2.358523320914878,0.02576398170161113,0.48091141291916834,0.07213496218731821,0.06042090970807875,0.011714052479239463,14,18,True,0.008780825780014495
immune cells,NFX1,0.0674632794492004,0.04275798501511185,0.024705294434088552,up_in_CKD,0.8713069605450661,2.5809243121532237,0.015164482067342671,0.39117913641242236,0.04392088423502036,0.035302104548540394,0.008618779686479963,14,18,True,0.008774478235746251
immune cells,EPS15,0.21774772328630768,0.17061589328474625,0.04713183000156143,up_in_CKD,0.7671709678947053,2.1208232831684275,0.04351611605200333,0.5730741779095718,0.13059918557300756,0.12355736591989137,0.007041819653116191,14,18,True,0.008742653945733276
immune cells,TTC3,0.2994446131838712,0.24376019123204282,0.055684421951828406,up_in_CKD,0.7312550325679841,2.0406656545194624,0.05099995856070406,0.610029833701863,0.18484584060500292,0.1670061099796334,0.017839730625369532,14,18,True,0.008740399867651315
immune cells,PPTC7,0.07701380775784096,0.052618859531862204,0.024394948225978756,up_in_CKD,0.8716593981875058,2.5843198657902193,0.015059931035581665,0.3899578633499718,0.04872018615474113,0.04005431093007468,0.008665875224666449,14,18,True,0.008696635134114339
immune cells,TBC1D10C,0.46836730795296455,0.3732867042809414,0.09508060367202315,up_in_CKD,0.6769102944272647,1.7993986883435145,0.08635366989643076,0.7327085347361211,0.26105293775450844,0.2240325865580448,0.03702035119646363,14,18,True,0.008693165123510756
immune cells,DEGS1,0.19582734976711852,0.15738605395327024,0.03844129581384828,up_in_CKD,0.8075871824642569,2.242150593001967,0.033412720889804806,0.525209795669267,0.1255090168702734,0.11337406653088934,0.012134950339384068,14,18,True,0.008682183158617596
immune cells,AL133453.1,0.0875145641177688,0.04547210168349923,0.04204246243426957,up_in_CKD,0.7926488319128135,2.18820926432692,0.03778588645539526,0.549349121947215,0.05366492146596859,0.03054989816700611,0.023115023298962478,14,18,True,0.008669527172089056
immune cells,AK2,0.14999878696519633,0.10973055172197081,0.04026823524322552,up_in_CKD,0.7889247098591993,2.2132469278475657,0.03518273433083938,0.5344628699455611,0.09162303664921466,0.08418194161575017,0.00744109503346449,14,18,True,0.008643680437205713
immune cells,PHF23,0.10274036273137442,0.06468096542551278,0.038059397305861636,up_in_CKD,0.8395393217756747,2.240644236789764,0.03571425851317319,0.5372351747133719,0.059482257126236185,0.04548540393754243,0.013996853188693752,14,18,True,0.008621883124347031
immune cells,MYL6B,0.0858720376721016,0.04532245669421324,0.040549580977888355,up_in_CKD,0.8261138096584205,2.202346714553251,0.03874950564647016,0.5529098610558687,0.056573589296102386,0.035302104548540394,0.02127148474756199,14,18,True,0.0086207114506048
immune cells,ORC4,0.10100238851110832,0.06780282323024128,0.03319956528086704,up_in_CKD,0.8029830165272133,2.367051435213354,0.02471072444983772,0.47697744018739335,0.060936591041303084,0.05363204344874406,0.007304547592559024,14,18,True,0.00857082551767343
immune cells,SNHG29,0.1938342387761825,0.0,0.1938342387761825,up_in_CKD,0.5974940463592905,1.4716639409087617,0.16490226717415282,0.8436241225337233,0.20869691681210006,0.0,0.20869691681210006,14,18,True,0.008553040288078722
immune cells,SAMD1,0.11838022491150857,0.07450940754627579,0.04387081736523278,up_in_CKD,0.7538748875969472,2.1640240744335153,0.038607676700056444,0.5529098610558687,0.06922629435718441,0.05091649694501019,0.018309797412174228,14,18,True,0.008511220826660826
immune cells,JUP,0.06453815441867064,0.028496821234380076,0.036041333184290564,up_in_CKD,0.8800881375680653,2.270462961814516,0.036218831699392426,0.5402938606413256,0.04319371727748691,0.02308214528173795,0.020111571995748957,14,18,True,0.008480854992816854
immune cells,RAB11FIP1,0.1730853407332576,0.13162184623333573,0.04146349449992187,up_in_CKD,0.7775730712667711,2.18681526032645,0.03717408649057453,0.5461878244975276,0.11358347876672484,0.08757637474541752,0.02600710402130732,14,18,True,0.00846832898785747
immune cells,HVCN1,0.11681071032022018,0.07334714320779573,0.04346356711242445,up_in_CKD,0.7855559876019724,2.1481571824285304,0.0416380169169826,0.5658077659356595,0.07489819662594532,0.04752206381534284,0.027376132810602485,14,18,True,0.008444641782265566
immune cells,KIAA1191,0.05937326824777563,0.035053474511331194,0.02431979373644444,up_in_CKD,0.8775012665955033,2.5412591061984418,0.01645341675426922,0.4040348961909289,0.036794648051192556,0.026476578411405296,0.01031806963978726,14,18,True,0.008399276929011748
immune cells,CLN3,0.030016493152275302,0.0010291105989044156,0.028987382553370886,up_in_CKD,0.9821071893564132,2.4224232609490004,0.030625369117174835,0.5117229508275083,0.03155904595695171,0.0013577732518669382,0.030201272705084777,14,18,True,0.008283403158770552
immune cells,RMC1,0.060743335546741814,0.02831224943285003,0.03243108611389178,up_in_CKD,0.8194207371868205,2.3249080554659,0.027253308178677205,0.4891913539850165,0.04144851657940663,0.02240325865580448,0.019045257923602153,14,18,True,0.00825200985455234
immune cells,LIMD2,0.9282137996121499,0.7932945361348241,0.13491926347732575,up_in_CKD,0.6062484929851907,1.6491369105497182,0.1120745183584645,0.7927251677922568,0.4799301919720768,0.4019008825526137,0.07802930941946312,14,18,True,0.00825122278737482
immune cells,SMCO4,0.1643176429974273,0.12172998870423972,0.042587654293187574,up_in_CKD,0.7527458328420913,2.15766881058524,0.03915918402309117,0.5535942193988638,0.11358347876672484,0.09097080787508487,0.02261267089163997,14,18,True,0.008232683040787439
immune cells,CCDC88A,0.21100783246423455,0.15645129639110752,0.05455653607312702,up_in_CKD,0.718012228259385,2.0217309425976815,0.05270497071294381,0.6176676087344996,0.13219895287958114,0.10726408689748812,0.02493486598209302,14,18,True,0.008196606327720372
immune cells,ADCK5,0.05261116536333353,0.027660485370589266,0.024950679992744265,up_in_CKD,0.8638633851026474,2.51190203362142,0.01762377670154709,0.416766352100361,0.031268179173938336,0.019687712152070606,0.01158046702186773,14,18,True,0.008192825822539827
immune cells,KLF16,0.0520106577430402,0.029511643184003282,0.02249901455903692,up_in_CKD,0.8940263412906745,2.5739211780246904,0.015256669138844065,0.39150529744450097,0.03461314717859221,0.025797691785471828,0.00881545539312038,14,18,True,0.008191964887508672
immune cells,CD52,1.4598833323652245,1.2680963103499392,0.1917870220152853,up_in_CKD,0.5502387496768427,1.5381572628508162,0.13536870535102385,0.8379752244433998,0.5952588714368819,0.5675492192803802,0.027709652156501785,14,18,True,0.008101310189142208
immune cells,RASGRP1,0.1117192806760691,0.07607593898468852,0.03564334169138057,up_in_CKD,0.7845470855616443,2.262647901145269,0.031073135941467815,0.5136452467357373,0.062390924956369984,0.0461642905634759,0.016226634392894082,14,18,True,0.008090977453778778
immune cells,GM2A,0.060671508659559045,0.03820273842627349,0.022468770233285557,up_in_CKD,0.8763127302431888,2.5837226215060265,0.014995687161668613,0.38938380949206736,0.04522978475858057,0.027834351663272233,0.017395433095308336,14,18,True,0.008065323926473834
immune cells,FOS,1.9649335719949588,1.7565089790146595,0.20842459298029925,up_in_CKD,0.5226452526007779,1.4179336915947194,0.16918712052900767,0.8436241225337233,0.6893542757417103,0.6177868295994569,0.07156744614225341,14,18,True,0.008044747443994546
immune cells,LMAN1,0.23928625507950207,0.1927993856912721,0.04648686938822996,up_in_CKD,0.739011006431306,2.087269804987958,0.045848100106627675,0.5842087807401217,0.14092495636998253,0.13441955193482688,0.006505404435155654,14,18,True,0.00801939210097127
immune cells,ORMDL3,0.050314637278782395,0.02959662257499265,0.020718014703789745,up_in_CKD,0.9302589253158039,2.608458276859138,0.014426496695298057,0.38410098753516525,0.030977312390924956,0.025797691785471828,0.005179620605453128,14,18,True,0.008009032422148402
immune cells,CLOCK,0.062449353969491514,0.037044549968056666,0.02540480400143485,up_in_CKD,0.8747439017496548,2.458901760711371,0.02031470099279592,0.4374385091828529,0.04392088423502036,0.026476578411405296,0.017444305823615062,14,18,True,0.00797979255746392
immune cells,C12orf75,0.3970304372124808,0.30337406859985594,0.09365636861262489,up_in_CKD,0.641841441532157,1.7687053955757472,0.08872148455257652,0.737456320827065,0.20157068062827224,0.1629327902240326,0.03863789040423965,14,18,True,0.007950706634637624
immune cells,CCDC117,0.06859727941111506,0.04216184969074307,0.026435429720371988,up_in_CKD,0.8559003942307353,2.425371413330855,0.021746585294867435,0.4480756662162941,0.04639325189063409,0.03394433129667346,0.012448920593960633,14,18,True,0.0078885571707587
immune cells,ARID1B,0.2118197236666937,0.15483002458506728,0.056989699081626405,up_in_CKD,0.6907213471723459,1.991657872285884,0.05560063156782011,0.6304169627211608,0.13263525305410123,0.09164969450101833,0.040985558553082904,14,18,True,0.007887448073223741
immune cells,SPIN1,0.08737904905556004,0.051644504355053286,0.03573454470050676,up_in_CKD,0.8350767191850976,2.222390220173557,0.03729972266860572,0.5465388423076067,0.05162885398487493,0.04005431093007468,0.011574543054800247,14,18,True,0.007829673424829287
immune cells,RNF24,0.046542154387938704,0.025872473429478474,0.02066968095846023,up_in_CKD,0.8937091991338453,2.61620385155029,0.013820053665137385,0.3779762580183361,0.030395578824898198,0.021045485403937542,0.009350093420960656,14,18,True,0.007805364385827976
immune cells,NGRN,0.041283761380461505,0.008808153131455177,0.032475608249006326,up_in_CKD,0.8825315945934342,2.2802756409558076,0.03538149963328737,0.5352034745725858,0.04072134962187318,0.006788866259334691,0.03393248336253849,14,18,True,0.007780851332758371
immune cells,PAQR7,0.05852429180910183,0.030200849895086604,0.02832344191401523,up_in_CKD,0.8643287223050513,2.3679530172249392,0.025892999109332356,0.48126217533377125,0.03374054682955206,0.02240325865580448,0.011337288173747583,14,18,True,0.007775538030311264
immune cells,RALGPS2,0.1073495616418306,0.05356143646473272,0.05378812517709788,up_in_CKD,0.7632837062352475,1.9981838395776055,0.06019423137136578,0.6469238045713436,0.055264688772542175,0.04073319755600815,0.014531491216534027,14,18,True,0.007765538067118235
immune cells,VPREB3,0.09032137747632031,0.02436215494067094,0.06595922253564937,up_in_CKD,0.7624889806646606,1.9100594952108476,0.0762668027530937,0.7013822038900581,0.039121582315299594,0.01493550577053632,0.024186076544763273,14,18,True,0.007747425925121873
immune cells,SLC7A6,0.07216840134695741,0.042458561487399855,0.02970983985955756,up_in_CKD,0.8106764552449555,2.356520014008666,0.025175371301683642,0.4776975352641852,0.04668411867364747,0.024439918533604887,0.02224420014004258,14,18,True,0.0077276216925920545
immune cells,EPCAM,0.15031612974223968,0.04024238034200845,0.11007374940023124,up_in_CKD,0.686709170587262,1.7042900815817772,0.11105668249089858,0.7906752433441149,0.062245491564863295,0.025797691785471828,0.03644779977939147,14,18,True,0.007710183147605045
immune cells,UBAP2L,0.0976300350017993,0.07637168636535734,0.021258348636441965,up_in_CKD,0.8725291903867721,2.6068898032039787,0.0144400425195259,0.38410098753516525,0.06195462478184991,0.059063136456211814,0.0028914883256380974,14,18,True,0.0077079264098002
immune cells,RCC2,0.10070452025210588,0.07018139294111768,0.030523127310988205,up_in_CKD,0.8109529439725184,2.3128798199460023,0.027901575396337735,0.49313175200009685,0.06908086096567773,0.06042090970807875,0.008659951257598976,14,18,True,0.007600032396731294
immune cells,METTL26,0.2868165153103484,0.1852103410723942,0.1016061742379542,up_in_CKD,0.6109113524083357,1.7182229205243231,0.09667125043411913,0.7544535068635887,0.18033740546829552,0.10251188051595383,0.07782552495234168,14,18,True,0.0075956413066511266
immune cells,OGFOD1,0.047744714314767726,0.02874800478555402,0.018996709529213708,up_in_CKD,0.8873643527694782,2.7328160333912352,0.011722306735574924,0.3556981454624535,0.03170447934845841,0.020366598778004074,0.011337880570454335,14,18,True,0.007567418736327364
immune cells,KCNJ16,0.10133107055775599,0.02797726816724862,0.07335380239050737,up_in_CKD,0.7397917696701619,1.857065478621571,0.08362961479281222,0.725501393044444,0.05075625363583479,0.01697216564833673,0.03378408798749806,14,18,True,0.007562679844554809
immune cells,YY1AP1,0.07553168444166174,0.0490959747643025,0.02643570967735924,up_in_CKD,0.8176703848924594,2.4285677399993,0.021630455769739657,0.4480756662162941,0.050465386852821405,0.03665987780040733,0.013805509052414074,14,18,True,0.007536283346740214
immune cells,MIF,0.7562827926954683,0.5710258332828116,0.18525695941265663,up_in_CKD,0.5500959072114671,1.432572643758139,0.16875630900264163,0.8436241225337233,0.46364165212332753,0.3591310251188052,0.10451062700452235,14,18,True,0.0075260896631512775
immune cells,LYPLAL1,0.1608376287181667,0.11965562985744284,0.041181998860723865,up_in_CKD,0.7387835554599645,2.1334257807830492,0.04119416766847643,0.5658077659356595,0.10078534031413612,0.08418194161575017,0.01660339869838595,14,18,True,0.007524945591332238
immune cells,GRSF1,0.1405728504939147,0.11085092296349211,0.029721927530422604,up_in_CKD,0.8182929365869389,2.321749423871803,0.027445934057086455,0.49116565387874794,0.08696916812100058,0.07807196198234895,0.008897206138651637,14,18,True,0.007509719199194702
immune cells,CDC16,0.06532463733327783,0.041325406537456234,0.023999230795821593,up_in_CKD,0.8741513583669568,2.452637364174382,0.020654355101844202,0.43964608907943914,0.04348458406050029,0.031907671418873046,0.011576912641627246,14,18,True,0.007487323464853265
immune cells,ATP6V1A,0.11134199774368833,0.07885942060655908,0.03248257713712925,up_in_CKD,0.8117921113651559,2.2513143232973345,0.03280003642535397,0.5228827818796755,0.07388016288539849,0.062457569585879155,0.011422593299519335,14,18,True,0.007425424054702107
immune cells,IPO5,0.08914712693774693,0.061385791509454495,0.027761335428292434,up_in_CKD,0.7907555001062898,2.427886238006223,0.023035253788294026,0.45996080262247846,0.059336823734729496,0.04684317718940937,0.012493646545320126,14,18,True,0.007404097075387919
immune cells,S100A10,1.5553536179030716,1.4073444067157694,0.14800921118730215,up_in_CKD,0.5885212845947096,1.5847796374405456,0.12682776174787427,0.822450752992511,0.6768470040721349,0.6625933469110659,0.014253657161069078,14,18,True,0.007394485308635138
immune cells,CAMK2N1,0.12628390076642054,0.0544159282265706,0.07186797253984994,up_in_CKD,0.7412744803524786,1.8545522811627244,0.08443202353123319,0.72648673860692,0.06268179173938336,0.034623217922606926,0.028058573816776435,14,18,True,0.007392941277848081
immune cells,TUBB,0.454195481380311,0.38831858310162937,0.06587689827868165,up_in_CKD,0.6372349275183402,1.9130258309946366,0.06617051442462371,0.6675744702905382,0.26207097149505526,0.24236252545824846,0.019708446036806798,14,18,True,0.007367336879283724
immune cells,SNRNP25,0.1229392118844439,0.0943183196889065,0.0286208921955374,up_in_CKD,0.8178529196329561,2.336608000986021,0.02643271866378494,0.48531231142860287,0.08144269924374636,0.0746775288526816,0.006765170391064765,14,18,True,0.0073495128104967295
immune cells,MFSD14C,0.06557829214399698,0.03218737246383309,0.03339091968016389,up_in_CKD,0.7856803310853766,2.2289415713570446,0.033701344687162564,0.5260533625596105,0.04246655031995346,0.019008825526137134,0.023457724793816324,14,18,True,0.0073186684670344376
immune cells,AIF1L,0.08830316092279736,0.023578685039143333,0.06472447588365403,up_in_CKD,0.7535899073033425,1.8931460496380377,0.07827572620504585,0.707895555495356,0.04392088423502036,0.01493550577053632,0.028985378464484037,14,18,True,0.007317859760028079
immune cells,CCND2,0.25027080526415474,0.198878130322198,0.051392674941956734,up_in_CKD,0.7196062651499606,1.9897302951131604,0.05709622482963043,0.635965159712435,0.15255962769051773,0.11812627291242363,0.0344333547780941,14,18,True,0.007269525293203555
immune cells,ACTN4,0.35645052146151607,0.2965402961699991,0.05991022529151696,up_in_CKD,0.6552798153873295,1.947427669290272,0.06130236290063047,0.6529996025151904,0.21087841768470042,0.1894093686354379,0.02146904904926253,14,18,True,0.007266141557524771
immune cells,CNOT11,0.09142064834280979,0.06218514701737025,0.02923550132543954,up_in_CKD,0.7896890601045466,2.3403693265753884,0.026345762264480457,0.48531231142860287,0.05570098894706225,0.048200950441276307,0.0075000385057859414,14,18,True,0.007248812094797997
immune cells,NDUFA11,0.6668498421081235,0.6014450972200337,0.06540474488808978,up_in_CKD,0.6473761655507417,1.8896459770961285,0.06853235979690527,0.6771547279128737,0.3915066899360093,0.3788187372708758,0.012687952665133506,14,18,True,0.007168923065029002
immune cells,NOSIP,0.29596398282934155,0.23445372634812356,0.061510256481217995,up_in_CKD,0.7178362970610187,1.894701959187944,0.07264114176788514,0.6892358077669347,0.17699243746364166,0.1561439239646979,0.02084851349894376,14,18,True,0.00713675437712592
immune cells,DENND4A,0.09593421903493023,0.06384882783660409,0.03208539119832614,up_in_CKD,0.7657550398559707,2.2700366625418607,0.030814041535343485,0.5130279764007307,0.05715532286212915,0.04548540393754243,0.011669918924586714,14,18,True,0.007121704002258039
immune cells,SUSD3,0.1259786636530904,0.07534615659035437,0.05063250706273603,up_in_CKD,0.7412592737597475,1.982868120044825,0.06010609755047043,0.6469238045713436,0.07882489819662594,0.05634758995247793,0.02247730824414801,14,18,True,0.007099025336731042
immune cells,ARHGAP45,0.22712375564931678,0.14272949972849736,0.08439425592081942,up_in_CKD,0.6270969198695638,1.769365364822426,0.08748507287991951,0.7350048216110933,0.13845258871436883,0.07807196198234895,0.06038062673201988,14,18,True,0.007076374912298087
immune cells,SYPL1,0.3331309541851268,0.25699986934372754,0.07613108484139924,up_in_CKD,0.6527800575172226,1.8080708778612915,0.08193309720155369,0.7206742716485206,0.18150087260034903,0.18058384249830278,0.0009170301020462457,14,18,True,0.007069923251277581
immune cells,DYNC2LI1,0.047378895712347345,0.02176525612210525,0.025613639590242095,up_in_CKD,0.9043925535509565,2.3691201750297703,0.02851618090529444,0.4961895767096752,0.030104712041884817,0.017651052274270197,0.01245365976761462,14,18,True,0.0070502570283159476
immune cells,ACTL6A,0.09243662424250375,0.06447017187742635,0.0279664523650774,up_in_CKD,0.8186407191099951,2.3150065333895524,0.027934071455946074,0.49314147708350786,0.05570098894706225,0.05091649694501019,0.004784492002052061,14,18,True,0.00702925610711858
immune cells,STX16,0.20410941961904797,0.15758087696279707,0.04652854265625089,up_in_CKD,0.6806234563592857,2.060703737212172,0.0493156717592317,0.6010416921114577,0.12870855148342059,0.10658520027155464,0.02212335121186594,14,18,True,0.007001741486852126
immune cells,C16orf87,0.09031138916288074,0.06261518012021222,0.02769620904266852,up_in_CKD,0.8560556363518528,2.312482506610373,0.029975289918880415,0.5071936702413116,0.06137289121582315,0.048879837067209775,0.012493054148613375,14,18,True,0.006990179976272612
immune cells,SDC1,0.038736797293545074,0.019010590373895388,0.019726206919649686,up_in_CKD,0.9073768377631594,2.544913839904022,0.01671931173142759,0.40732725295751315,0.030104712041884817,0.014256619144602852,0.015848092897281965,14,18,True,0.006981662136391006
immune cells,PIAS1,0.1668691526265107,0.12023683804780196,0.04663231457870874,up_in_CKD,0.6939511810264196,2.0335453931524703,0.05099420099096818,0.610029833701863,0.10471204188481675,0.08621860149355058,0.018493440391266172,14,18,True,0.006946157227011646
immune cells,RAB12,0.04442525344767221,0.024812312137560688,0.01961294131011152,up_in_CKD,0.8898462525032106,2.5491419321343893,0.0162076438819665,0.40054267886453804,0.031995346131471786,0.02376103190767142,0.008234314223800367,14,18,True,0.0069347727752737875
immune cells,MED14,0.06148046979200509,0.03734568698717662,0.024134782804828468,up_in_CKD,0.8182337099816207,2.4253392605374176,0.021745923796780916,0.4480756662162941,0.03868528214077952,0.031228784792939578,0.007456497347839944,14,18,True,0.006885076009404096
immune cells,HMGA1,0.1583603351719791,0.1148376772259717,0.04352265794600739,up_in_CKD,0.7427820404282336,2.0430829191684037,0.05144426326029576,0.6127909002810688,0.10660267597440372,0.08418194161575017,0.02242073435865355,14,18,True,0.006875735536037769
immune cells,ZNF518A,0.12140261179476095,0.0705679460863532,0.05083466570840775,up_in_CKD,0.7028443372328568,1.9699989546182783,0.05881487982372987,0.6421258408829497,0.0795520651541594,0.038696537678207736,0.04085552747595166,14,18,True,0.006873512227487091
immune cells,ATP2B1,0.31463640790417935,0.26164485260841397,0.05299155529576538,up_in_CKD,0.7118151949736756,1.94382128011777,0.06340574092938564,0.6587527725847365,0.18993600930773705,0.17515274949083504,0.014783259816902011,14,18,True,0.006837824171746821
immune cells,ACAT1,0.12384752125734524,0.08888517517534279,0.03496234608200245,up_in_CKD,0.7990055759113824,2.149411594327394,0.04255285304461497,0.5710653066703837,0.07751599767306573,0.06109979633401222,0.016416201339053513,14,18,True,0.006797009461779437
immune cells,C16orf72,0.14055937990764936,0.09623575193648978,0.044323627971159574,up_in_CKD,0.771988566086041,2.0253949680623373,0.0568842953803151,0.635130886089155,0.07867946480511925,0.07331975560081466,0.005359709204304591,14,18,True,0.006745494608207369
immune cells,PKP4,0.05633901880074072,0.026129267594856367,0.030209751205884355,up_in_CKD,0.8657813853842884,2.2316551861095344,0.03920545901136506,0.5535942193988638,0.03228621291448516,0.02172437202987101,0.010561840884614152,14,18,True,0.006716835435702301
immune cells,STMN1,0.23290687195466075,0.17549556873351632,0.05741130322114443,up_in_CKD,0.643471270979861,1.9278732162420482,0.06412061167676199,0.6611543150043132,0.12216404886561955,0.10590631364562118,0.016257735219998362,14,18,True,0.006638466813593617
immune cells,PIK3CB,0.08158955178046139,0.05520196098434885,0.02638759079611254,up_in_CKD,0.7945953387352965,2.33718653423281,0.02639526334204847,0.48531231142860287,0.053955788248981965,0.0373387644263408,0.016617023822641165,14,18,True,0.006583334598754665
immune cells,RBBP5,0.05359549513705154,0.036163421592583844,0.017432073544467692,up_in_CKD,0.8862540176767597,2.6296041352422512,0.013549948403956893,0.37579064085169905,0.037521815008726006,0.029192124915139173,0.008329690093586833,14,18,True,0.006566764098316694
immune cells,NME2,0.1919690057527115,0.044054037908023,0.1479149678446885,up_in_CKD,0.5998723719355771,1.480643627894282,0.16223775685276404,0.8436241225337233,0.1903723094822571,0.027834351663272233,0.1625379578189849,14,18,True,0.006552807745115265
immune cells,DEFB1,0.38842184914932637,0.21547608340784913,0.17294576574147724,up_in_CKD,0.5124932270189144,1.2958105924224936,0.21432491978416282,0.8436241225337233,0.2008435136707388,0.109979633401222,0.0908638802695168,14,18,True,0.00654567602527617
immune cells,BCL11B,0.15879408382977803,0.10159988511740309,0.05719419871237494,up_in_CKD,0.7238621890003605,1.889897598446819,0.07437647214726009,0.6951732997140361,0.10485747527632344,0.06720977596741344,0.03764769930891,14,18,True,0.0065374597078494984
immune cells,VPS50,0.0448748805531913,0.020533346251142746,0.02434153430204855,up_in_CKD,0.8309351240031276,2.359721688567386,0.025189221560819652,0.4776975352641852,0.030395578824898198,0.014256619144602852,0.016138959680295346,14,18,True,0.006489527075285969
immune cells,LAMP2,0.2275812344902399,0.1848862950942195,0.0426949393960204,up_in_CKD,0.7159592615699507,2.0293862339958313,0.05167564936711503,0.6136128937660849,0.15081442699243747,0.1296673455532926,0.02114708143914487,14,18,True,0.0064836071196758705
immune cells,TACSTD2,0.10230785930007676,0.015516287727934779,0.08679157157214198,up_in_CKD,0.6988958522212539,1.7250198143164812,0.10791349061270976,0.782599693314938,0.04217568353694008,0.01493550577053632,0.02724017776640376,14,18,True,0.006457699170747564
immune cells,PAFAH1B2,0.13947706415738145,0.10345616841016166,0.0360208957472198,up_in_CKD,0.737666015600529,2.116863876844842,0.04273708856343968,0.571884245374357,0.08435136707388016,0.07739307535641547,0.00695829171746469,14,18,True,0.006448660417652576
immune cells,VEZT,0.10050721830017366,0.0735718752019363,0.026935343098237363,up_in_CKD,0.8045333931231395,2.2885881763953924,0.029497914912384484,0.5042940740536007,0.06588132635253054,0.05431093007467753,0.011570396277853008,14,18,True,0.00644295451511986
immune cells,ING3,0.08572665379258333,0.061780494210419756,0.023946159582163576,up_in_CKD,0.807021656391999,2.392228441437359,0.023445547942705855,0.46450575775561787,0.051774287376381616,0.048200950441276307,0.003573336935105309,14,18,True,0.006435420061778095
immune cells,IRF7,0.1957874492957886,0.15426445874360595,0.04152299055218264,up_in_CKD,0.7088400595878805,2.0422139088925126,0.050031376982654516,0.6055553292416653,0.1156195462478185,0.10658520027155464,0.00903434597626386,14,18,True,0.006411900964781295
immune cells,MT1H,0.14354012249769263,0.047385120081986205,0.09615500241570643,up_in_CKD,0.670179326515965,1.6820946303011526,0.11386566598520836,0.7961605236065289,0.047556719022687606,0.025118805159538356,0.02243791386314925,14,18,True,0.006379627141600716
immune cells,VIRMA,0.06991609837564264,0.0356402787997231,0.03427581957591954,up_in_CKD,0.7517968491135906,2.1317989625464873,0.04160327307274755,0.5658077659356595,0.04450261780104712,0.019687712152070606,0.024814905648976513,14,18,True,0.006373339761122911
immune cells,ITM2C,0.2823828502291396,0.17559657225565234,0.10678627797348728,up_in_CKD,0.6388716633584638,1.640556811402992,0.11946999621940155,0.8066182556109631,0.13859802210587552,0.12016293279022404,0.01843508931565148,14,18,True,0.00636736036267376
immune cells,WDFY3,0.05417870190278257,0.02913144637117406,0.025047255531608508,up_in_CKD,0.8081152742534888,2.3331064780949795,0.026546469561442788,0.4853630403361261,0.036212914485165795,0.02240325865580448,0.013809655829361316,14,18,True,0.00635434578116585
immune cells,PHC3,0.151314028281646,0.10704907223582905,0.044264956045816956,up_in_CKD,0.7000365570494175,2.0040542674847486,0.054265750062431395,0.625014081060937,0.0882780686445608,0.07535641547861507,0.01292165316594572,14,18,True,0.006324780557949898
immune cells,MAP4K1,0.09268441832046295,0.05983694331380543,0.03284747500665752,up_in_CKD,0.7760728229069497,2.143263076128362,0.04155183973187278,0.5658077659356595,0.05293775450843514,0.042090970807875085,0.010846783700560053,14,18,True,0.00630497237487427
immune cells,SEC23IP,0.07307732560603016,0.052967379698257766,0.02010994590777239,up_in_CKD,0.8685515605566092,2.4584934781748666,0.020181883918171148,0.43689104445776944,0.04712041884816754,0.04412763068567549,0.0029927881624920508,14,18,True,0.006281431461840704
immune cells,RGL2,0.11864913317391289,0.08996495498363,0.02868417819028289,up_in_CKD,0.7662213179449389,2.250097913541761,0.032017622360345804,0.5184404710435387,0.0737347294938918,0.05702647657841141,0.016708252915480393,14,18,True,0.006270469993909289
immune cells,LTBP4,0.04927154888464904,0.029087887950409824,0.020183660934239216,up_in_CKD,0.8557624312649553,2.4542944148466863,0.0201885600535151,0.43689104445776944,0.030250145433391506,0.021045485403937542,0.009204660029453963,14,18,True,0.006211625677813533
immune cells,CASD1,0.0877591125608473,0.05920545982527833,0.028553652735568973,up_in_CKD,0.7609808609042522,2.2543798016457592,0.031879874238186966,0.5180027970535602,0.0506108202443281,0.04276985743380855,0.007840962810519547,14,18,True,0.006207215773482974
immune cells,NRIP1,0.11353675248927429,0.07877616426054636,0.034760588228727934,up_in_CKD,0.7214621843492102,2.1321842750081412,0.0415086501970941,0.5658077659356595,0.07242582897033159,0.055668703326544465,0.016757125643787125,14,18,True,0.006202680502261543
immune cells,DMKN,0.06701239774563962,0.017648364807334824,0.0493640329383048,up_in_CKD,0.7762800841485915,1.9397567945899605,0.07258107052074562,0.6891775622005988,0.036794648051192556,0.016293279022403257,0.0205013690287893,14,18,True,0.006195202146253172
immune cells,RBP5,0.05745802143222649,0.01391769856652249,0.043540322865704,up_in_CKD,0.8013645026238281,2.0002692023674555,0.06514665983001994,0.6651857520440909,0.032140779522978474,0.011541072640868975,0.0205997068821095,14,18,True,0.00617781642339354
immune cells,TMEM263,0.06737519543495488,0.03411791906039307,0.03325727637456181,up_in_CKD,0.7504530090665531,2.134700157055125,0.04127513331944011,0.5658077659356595,0.04581151832460733,0.02376103190767142,0.02205048641693591,14,18,True,0.006172895213762057
immune cells,CXCL14,0.10553973442254612,0.043026727230912484,0.06251300719163363,up_in_CKD,0.6869847875113468,1.8293877391243243,0.081430913181851,0.7185705961997343,0.05570098894706225,0.019687712152070606,0.03601327679499164,14,18,True,0.006163989421601686
immune cells,TRAC,0.47273794851182827,0.30738207918808946,0.1653558693237388,up_in_CKD,0.5041066980078615,1.3805350327848187,0.17961120382781906,0.8436241225337233,0.22324025596276906,0.13917175831636117,0.08406849764640789,14,18,True,0.00615599878240504
immune cells,NPEPPS,0.15532596267749682,0.11500933674815801,0.04031662592933881,up_in_CKD,0.7030707569189666,2.037269399340556,0.0505291158169286,0.6067888853694382,0.09918557300756253,0.07331975560081466,0.02586581740674787,14,18,True,0.00614989435879863
immune cells,RAB1B,0.2682854203649263,0.22258218088762247,0.04570323947730384,up_in_CKD,0.6950549991177856,1.970897023089338,0.05832665251453867,0.6415974781024602,0.1591041303083188,0.14663951120162932,0.012464619106689473,14,18,True,0.006122545806471973
immune cells,ARID2,0.11934322522045689,0.09157199716738669,0.027771228053070196,up_in_CKD,0.7520011485532637,2.29903282642759,0.030208720262060347,0.5092771193929759,0.07751599767306573,0.06381534283774609,0.01370065483531964,14,18,True,0.0061199678721789805
immune cells,MT-ND4,5.21218513838802,4.997432719433991,0.21475241895402863,up_in_CKD,0.3800098288655414,1.041310526119503,0.30764097182293715,0.8436241225337233,0.9995636998254799,1.0,-0.00043630017452012115,14,18,True,0.006026835484017639
immune cells,TRPS1,0.12411041280399285,0.08411294259831552,0.03999747020567733,up_in_CKD,0.7195954815700328,2.0170713144574925,0.05337812435988773,0.6207424427134396,0.07475276323443862,0.06177868295994569,0.012974080274492934,14,18,True,0.005960422666592789
immune cells,MKNK2,0.18079892313673637,0.14623702933070334,0.03456189380603303,up_in_CKD,0.7484997635871844,2.083702935444422,0.04671549551384818,0.5883867437681694,0.11242001163467132,0.10658520027155464,0.005834811363116671,14,18,True,0.005958722108422523
immune cells,ADAM28,0.1380459950128918,0.09498472229969337,0.04306127271319843,up_in_CKD,0.6938557216299036,1.9882553789650725,0.056061461242118554,0.6320609702499842,0.08580570098894706,0.07060420909708079,0.015201491891866273,14,18,True,0.005952985245231992
immune cells,ZNRF2,0.11315365866677485,0.08382421447208087,0.02932944419469398,up_in_CKD,0.7385703167709851,2.226081763007384,0.034529598778496325,0.531489216565647,0.07068062827225131,0.062457569585879155,0.008223058686372159,14,18,True,0.0059462997768745685
immune cells,ZMAT3,0.08089632543751876,0.051480388478986644,0.02941593695853212,up_in_CKD,0.7851659442392174,2.169813184426539,0.039246520254512585,0.5538637211000229,0.049592786503781267,0.0373387644263408,0.012254022077440467,14,18,True,0.005926466744444256
immune cells,TM9SF3,0.26313078744510066,0.22202247020667798,0.041108317238422676,up_in_CKD,0.7286533735974909,1.9967460465539109,0.056784149717733955,0.6347772901819642,0.16346713205351948,0.15207060420909707,0.01139652784442241,14,18,True,0.005912222710166146
immune cells,MICA,0.05110814771346062,0.028298326486574273,0.022809821226886344,up_in_CKD,0.8085666550657294,2.352615996607183,0.025401039546753497,0.4785927573138311,0.036794648051192556,0.017651052274270197,0.01914359577692236,14,18,True,0.005902468293086361
immune cells,GIPC1,0.08088743550875088,0.051534611192327426,0.029352824316423456,up_in_CKD,0.7828328002864876,2.1693441355883345,0.039160021954084905,0.5535942193988638,0.04813845258871437,0.04073319755600815,0.007405255032706219,14,18,True,0.0059010354642287325
immune cells,RNPC3,0.10767024079722891,0.07980273749783741,0.0278675032993915,up_in_CKD,0.7826816113404197,2.20566402600063,0.03562809906594711,0.5365759975491736,0.06573589296102385,0.05702647657841141,0.00870941638261244,14,18,True,0.005897116373929223
immune cells,S1PR1,0.06380876220358332,0.03590642958066924,0.027902332622914083,up_in_CKD,0.8237346118746744,2.192555176179243,0.039655771907370754,0.5555940484850218,0.036940081442699245,0.019008825526137134,0.01793125591656211,14,18,True,0.005866521565308741
immune cells,PLCG2,0.18470607685382726,0.0720136133641111,0.11269246348971615,up_in_CKD,0.6435374189049279,1.6040594119994906,0.13108391266731076,0.8303083144815736,0.07489819662594532,0.04548540393754243,0.02941279268840289,14,18,True,0.005856906414341216
immune cells,ZNF506,0.09644216909297862,0.06413060026711573,0.03231156882586289,up_in_CKD,0.753887262637575,2.111406281957158,0.043833240959965714,0.5749333479998332,0.05511925538103549,0.04480651731160896,0.010312738069426529,14,18,True,0.005855544669612803
immune cells,PURA,0.20307343384939583,0.15589885876101106,0.04717457508838477,up_in_CKD,0.65451960607726,1.958349656589271,0.06020952804853431,0.6469238045713436,0.12027341477603258,0.1120162932790224,0.008257121497010175,14,18,True,0.005840228130951838
immune cells,TLE5,0.13215158362281781,0.0,0.13215158362281781,up_in_CKD,0.5938805331505047,1.4627636395220434,0.1672855349601793,0.8436241225337233,0.14994182664339734,0.0,0.14994182664339734,14,18,True,0.0057959936910603705
immune cells,DDX17,0.8858268374842366,0.7825745012155427,0.1032523362686939,up_in_CKD,0.5468970615997601,1.6494195405322294,0.11066463390018146,0.7904042904535336,0.4781849912739965,0.42973523421588594,0.048449757058110554,14,18,True,0.00576828713768766
immune cells,RNF44,0.12073541059891679,0.0920928976579643,0.02864251294095249,up_in_CKD,0.7473530133213417,2.1983105825982356,0.035894240173340274,0.5385795218226166,0.07024432809773123,0.07128309572301425,-0.0010387676252830158,14,18,True,0.00575288437263715
immune cells,S100A4,2.669819611952753,2.4963443488657027,0.1734752630870502,up_in_CKD,0.4486474220021269,1.1594413630272278,0.261846337424602,0.8436241225337233,0.8356602675974404,0.8228105906313645,0.012849676966075863,14,18,True,0.0057477672550069695
immune cells,CA12,0.10908619942953089,0.04637281133566847,0.06271338809386243,up_in_CKD,0.7111976091405072,1.7952515962252835,0.09267414096777586,0.7442457394498447,0.05686445607911576,0.03054989816700611,0.026314557912109654,14,18,True,0.005721657222908465
immune cells,KDM1A,0.08136542420645616,0.05732314640243782,0.024042277804018346,up_in_CKD,0.799602110912964,2.287234251474568,0.02949875530264994,0.5042940740536007,0.049592786503781267,0.04548540393754243,0.004107382566238833,14,18,True,0.0057156815206496955
immune cells,S100A11,1.9982506509220748,1.8527144535795865,0.14553619734248824,up_in_CKD,0.5293630867186725,1.4092319153961472,0.1732819399998104,0.8436241225337233,0.7636707388016288,0.7026476578411406,0.06102308096048825,14,18,True,0.005689591940394422
immune cells,ADA2,0.18238788007258594,0.1093512663561897,0.07303661371639623,up_in_CKD,0.6284193702666212,1.7245335492319154,0.09678995415762087,0.7544535068635887,0.1169284467713787,0.05431093007467753,0.06261751669670118,14,18,True,0.005616378203458265
immune cells,TENT5A,0.08497855544094889,0.042486183428379724,0.04249237201256916,up_in_CKD,0.6854806237322233,1.967401775539334,0.05850933242612164,0.641871611349287,0.055264688772542175,0.017651052274270197,0.03761363649827198,14,18,True,0.005608591543711075
immune cells,RASSF3,0.2389234628030014,0.1837316319036881,0.05519183089931329,up_in_CKD,0.6908075276523785,1.8355243142737996,0.08068218040475084,0.716104493912249,0.15779522978475857,0.12559402579769177,0.0322012039870668,14,18,True,0.005529305004317727
immune cells,CTNND1,0.11244839606527635,0.08251344519125758,0.029934950874018762,up_in_CKD,0.7399766800101355,2.1387511753721884,0.04072097636329614,0.5629879953583224,0.07693426410703898,0.05702647657841141,0.01990778752862757,14,18,True,0.00552673498113611
immune cells,TMED8,0.04525373917167586,0.0288676829035504,0.016386056268125462,up_in_CKD,0.8676696479258525,2.527918105828634,0.016983217567097936,0.40945234550584625,0.030977312390924956,0.018329938900203666,0.01264737349072129,14,18,True,0.005513569910528565
immune cells,RBPMS,0.04636594687005717,0.017402651213768727,0.028963295656288444,up_in_CKD,0.8044968203734215,2.133051708780307,0.04509431601166243,0.5805893186501538,0.030541012216404886,0.012219959266802444,0.018321052949602443,14,18,True,0.005502058950356286
immune cells,FUNDC1,0.0651508637191747,0.04106139645406602,0.024089467265108674,up_in_CKD,0.8179285426681911,2.244515057541839,0.033766876182879206,0.5260533625596105,0.04246655031995346,0.03598099117447386,0.0064855591454795955,14,18,True,0.005496678953742687
immune cells,CRYAB,0.14170378625125132,0.04896257776763838,0.09274120848361295,up_in_CKD,0.6237857266831696,1.6341404614887427,0.11859450819147714,0.8049964364218714,0.06573589296102385,0.02240325865580448,0.04333263430521937,14,18,True,0.0054498800320160945
immune cells,GNL3L,0.05690098632840764,0.03339433306366989,0.023506653264737755,up_in_CKD,0.8011514747613698,2.2645235387533442,0.031249905502979312,0.5136452467357373,0.04159394997091332,0.025118805159538356,0.016475144811374964,14,18,True,0.005448902054160633
immune cells,NUP50,0.154158256887072,0.10974028476553405,0.044417972121537946,up_in_CKD,0.6434884351800861,1.9803137821945087,0.05941960817558314,0.6452020601072586,0.0924956369982548,0.07060420909708079,0.021891427901174015,14,18,True,0.005439362103267302
immune cells,PPP1R35,0.33172272474320474,0.2668794345533895,0.06484329018981522,up_in_CKD,0.621708518541664,1.772982972971863,0.08657079727297008,0.7331809916156607,0.1909540430482839,0.17990495587236932,0.011049087175914574,14,18,True,0.005433825378880066
immune cells,AMFR,0.11835147060564101,0.07999304102450569,0.03835842958113532,up_in_CKD,0.7185575404352285,1.9878130666682317,0.05729452122256133,0.6368347862507716,0.07417102966841187,0.055668703326544465,0.018502326341867402,14,18,True,0.0054015587289735914
immune cells,C18orf32,0.17889730850513683,0.11408295470777394,0.06481435379736289,up_in_CKD,0.690215740569925,1.756144102108287,0.09836401257374985,0.7581703490044134,0.15430482838859802,0.08010862186014936,0.07419620652844866,14,18,True,0.0053787390630521134
immune cells,IGFBP7,0.368701858792796,0.21551894233572397,0.15318291645707202,up_in_CKD,0.47491791890187357,1.1991945594941704,0.24891818196947338,0.8436241225337233,0.17568353694008143,0.11405295315682282,0.06163058378325861,14,18,True,0.005372610201479793
immune cells,NIPSNAP3A,0.0916057318776937,0.0668704294661841,0.024735302411509605,up_in_CKD,0.8065806217744743,2.216093029475394,0.03582460503062173,0.5382709222836787,0.06050029086678301,0.05431093007467753,0.006189360792105483,14,18,True,0.005366804849090915
immune cells,RSPRY1,0.06405461790385,0.04341294344938988,0.02064167445446012,up_in_CKD,0.787115022508386,2.4080393711198336,0.023845776151408683,0.46765700169483115,0.04130308318789994,0.04073319755600815,0.000569885631891795,14,18,True,0.005362811671706072
immune cells,PIGR,0.15137708551953707,0.02992312222921084,0.12145396329032623,up_in_CKD,0.5975768717631995,1.4792035643130907,0.16222813717524598,0.8436241225337233,0.06297265852239674,0.018329938900203666,0.04464271962219307,14,18,True,0.005359964512091415
immune cells,FAM126B,0.07401491947648563,0.049944705249029026,0.0240702142274566,up_in_CKD,0.7923322610085423,2.240604098700981,0.03292489241836239,0.5236455616562422,0.049011052937754505,0.03937542430414121,0.009635628633613294,14,18,True,0.00535840785002926
immune cells,UXS1,0.09805279646250963,0.06899024879865318,0.02906254766385645,up_in_CKD,0.7186108728550114,2.1643393330975678,0.03939358338845195,0.5543506914777223,0.06122745782431646,0.05091649694501019,0.010310960879306275,14,18,True,0.005350972352744339
immune cells,UQCC3,0.1187650305143882,0.07036279508583598,0.04840223542855222,up_in_CKD,0.6746958526464123,1.874136937398817,0.07180418504410169,0.6879854296665406,0.08173356602675974,0.0461642905634759,0.03556927546328384,14,18,True,0.0053041402214037015
immune cells,PFN1,2.3850328319640606,2.2660281184793085,0.11900471348475206,up_in_CKD,0.5633218993899578,1.553121570627281,0.13249932356218322,0.8341430643718614,0.8737638161721931,0.8710115410726409,0.002752275099552226,14,18,True,0.005279873416645553
immune cells,IL32,1.1127854248715114,0.965887896539364,0.14689752833214742,up_in_CKD,0.482542211713296,1.3286193342697648,0.19561168137562177,0.8436241225337233,0.43251890634089585,0.41887304820095045,0.0136458581399454,14,18,True,0.005234874102561497
immune cells,CTNNB1,0.40930825240296614,0.32473920184603045,0.0845690505569357,up_in_CKD,0.6247567334969186,1.650144432406181,0.11441971521388931,0.7962072812478791,0.2530541012216405,0.21860149355057706,0.03445260767106345,14,18,True,0.005229291928843738
immune cells,ROMO1,0.5030520835570006,0.43503470134659233,0.06801738221040826,up_in_CKD,0.5975959167961443,1.7394570286384596,0.09221677259697139,0.7442457394498447,0.2929028504944735,0.2939579090291921,-0.0010550585347186003,14,18,True,0.005214333670431236
immune cells,IARS2,0.11627005699982905,0.08569448245515793,0.030575574544671122,up_in_CKD,0.7034598519809208,2.1194636516087715,0.043352900615238395,0.5722768084062085,0.07460732984293193,0.06517311608961303,0.009434213753318904,14,18,True,0.005213574046857414
immune cells,MICOS10,0.11753682229739307,0.0,0.11753682229739307,up_in_CKD,0.5935584663310964,1.4619703694843345,0.16749934966627364,0.8436241225337233,0.14223385689354276,0.0,0.14223385689354276,14,18,True,0.005152213978298549
immune cells,PHACTR2,0.14505721806469687,0.11172029744384737,0.0333369206208495,up_in_CKD,0.6781520398665962,2.0937748676939845,0.0474695470512523,0.5922512801683834,0.08900523560209424,0.07671418873048201,0.012291046871612227,14,18,True,0.005143070585293655
immune cells,FMNL3,0.07775123985620382,0.047963039694318955,0.02978820016188486,up_in_CKD,0.7097437283672907,2.118017223076308,0.04307433085838231,0.5721220233193267,0.053228621291448515,0.03054989816700611,0.022678723124442406,14,18,True,0.005127171775477338
immune cells,CNOT7,0.20381402210247795,0.16164434399147637,0.042169678111001585,up_in_CKD,0.6522007266018023,1.9449299472146626,0.06174082714930839,0.6541213284677501,0.12376381617219313,0.11065852002715547,0.013105296145037665,14,18,True,0.005069966955501334
immune cells,EFHD1,0.06282053057685634,0.021245240440210447,0.04157529013664589,up_in_CKD,0.7566865883986165,1.92069705469893,0.07322234190221373,0.6914315743985854,0.03606748109365911,0.016293279022403257,0.01977420207125585,14,18,True,0.005041404100277271
immune cells,TMEM168,0.08893018833940596,0.06538356956932091,0.023546618770085043,up_in_CKD,0.7466995826589241,2.272152762171452,0.03172669141950862,0.5168830043213443,0.052065154159395,0.041412084181941616,0.010653069977453383,14,18,True,0.005039209188685405
immune cells,NR2F6,0.04421920482459705,0.018652629790288106,0.025566575034308942,up_in_CKD,0.8230903972698244,2.1548170527633066,0.044195943191464936,0.5770371737815211,0.030250145433391506,0.01493550577053632,0.015314639662855185,14,18,True,0.005025132454207707
immune cells,MRPL28,0.1702014375819579,0.1432127237373726,0.026988713844585316,up_in_CKD,0.7473683295344273,2.13776379431581,0.04090546649748944,0.5643460227156863,0.1114019778941245,0.1079429735234216,0.0034590043707029006,14,18,True,0.005011454604579574
immune cells,MARCH6,0.18969645931051832,0.14799200693849723,0.041704452372021084,up_in_CKD,0.6686811550192308,1.9177393671724612,0.06478568244262105,0.6639530447609104,0.1227457824316463,0.10522742701968771,0.01751835541195859,14,18,True,0.004960051939564688
immune cells,IFIT2,0.057373984003271,0.036447448187518806,0.02092653581575219,up_in_CKD,0.7878473924605676,2.2929783258450263,0.02903962760021444,0.5007939445595421,0.036358347876672484,0.03598099117447386,0.000377356702198621,14,18,True,0.004951695905604687
immune cells,ELK4,0.14276668595150702,0.10065527733573704,0.04211140861576998,up_in_CKD,0.6513086808199111,1.9256038313928325,0.06393115114261318,0.6608773583407016,0.08478766724840023,0.06313645621181263,0.021651211036587598,14,18,True,0.004933639426024267
immune cells,ATP2A3,0.10917677998620809,0.07004680447235077,0.039129975513857315,up_in_CKD,0.709458825090754,1.9305259825481451,0.06534765343693694,0.665581126711262,0.06777196044211752,0.05702647657841141,0.010745483863706107,14,18,True,0.004908135899999123
immune cells,BLNK,0.07298294834708043,0.04515346809218182,0.027829480254898606,up_in_CKD,0.7431074995528504,2.0991452327239712,0.04470503747184885,0.5793997865977474,0.04741128563118092,0.03054989816700611,0.016861387464174808,14,18,True,0.004901678153380643
immune cells,SLC25A39,0.19259762446053968,0.15024480248544445,0.04235282197509524,up_in_CKD,0.6930587633869786,1.8929188144092026,0.07014509937428932,0.6813109816883945,0.11896451425247237,0.109979633401222,0.008984880851250376,14,18,True,0.004891811862810628
immune cells,DAPP1,0.12157636396735635,0.08478872570694143,0.03678763826041492,up_in_CKD,0.6771328050713891,1.9773090126562756,0.057290226226989996,0.6368347862507716,0.08129726585223968,0.06381534283774609,0.017481923014493583,14,18,True,0.00488171582424507
immune cells,ITGA5,0.06193151202766334,0.0406868392880749,0.02124467273958844,up_in_CKD,0.7861848637054664,2.2705465425882823,0.030527014804930346,0.5115259522920568,0.04246655031995346,0.03326544467073999,0.009201105649213469,14,18,True,0.004862562046120754
immune cells,LRRC14,0.055824588240662935,0.03439402936282503,0.02143055887783791,up_in_CKD,0.7911776876401704,2.2523475035216305,0.03194488001833825,0.5181126990542435,0.03795811518324607,0.025118805159538356,0.012839310023707716,14,18,True,0.004842045584366133
immune cells,ATF6,0.1280275355566461,0.10017957591373569,0.027847959642910397,up_in_CKD,0.7239765401253595,2.102672404723364,0.04399219287071822,0.5755929822322624,0.08202443280977312,0.07196198234894773,0.010062450460825392,14,18,True,0.004836376242695925
immune cells,TMEM41B,0.0880824373969502,0.06460560243203471,0.023476834964915483,up_in_CKD,0.7517211663288927,2.214993402561798,0.03463956103992981,0.5325827793382596,0.055410122164048864,0.04684317718940937,0.008566944974639494,14,18,True,0.004828729348313419
immune cells,EBLN3P,0.1353034014061206,0.07967384184016627,0.055629559565954334,up_in_CKD,0.6225411860074231,1.7843364805004593,0.08457747528685859,0.72648673860692,0.08915066899360093,0.048879837067209775,0.04027083192639115,14,18,True,0.004805919860795307
immune cells,FBXL15,0.21503265591620332,0.18010692808299836,0.03492572783320497,up_in_CKD,0.6685422478710604,2.010689271659434,0.054309158648565586,0.625014081060937,0.13685282140779523,0.12016293279022404,0.01668988861757119,14,18,True,0.004765835271747125
immune cells,CYS1,0.06623164092455751,0.023236796674505372,0.042994844250052136,up_in_CKD,0.7500389876595044,1.8836163319032355,0.0796750509491664,0.7119264544903232,0.03519488074461896,0.016293279022403257,0.018901601722215704,14,18,True,0.00475864377161404
immune cells,RSRP1,0.5794951524447302,0.42465842955272476,0.1548367228920054,up_in_CKD,0.41458221779868404,1.1866424470860888,0.2447840847124226,0.8436241225337233,0.31675392670157065,0.1975560081466395,0.11919791855493114,14,18,True,0.004740684834074214
immune cells,WRNIP1,0.04524524437752276,0.030200490889646922,0.015044753487875838,up_in_CKD,0.8294320212310837,2.543202770260183,0.017756204298063526,0.41754350588179395,0.03228621291448516,0.02308214528173795,0.009204067632747212,14,18,True,0.004733111460944682
immune cells,WDR20,0.05689719780649628,0.03633924746767746,0.020557950338818826,up_in_CKD,0.7710895787716245,2.2870038590849013,0.029691260391484953,0.5059521761563704,0.03374054682955206,0.03054989816700611,0.003190648662545953,14,18,True,0.0046904630028854295
immune cells,BNIP3,0.09204941429082428,0.057774123009188924,0.03427529128163535,up_in_CKD,0.6689204508734211,2.0126077728445337,0.054114341530843345,0.6247072801879424,0.06428155904595695,0.03801765105227427,0.02626390799368268,14,18,True,0.004684613921367152
immune cells,GEMIN7,0.06774988975010093,0.04746765526674117,0.020282234483359765,up_in_CKD,0.768829253661066,2.3023944048591107,0.028981495774671545,0.5007613529006621,0.04668411867364747,0.03598099117447386,0.010703127499173605,14,18,True,0.004683829644329967
immune cells,TOMM6,0.10604256084012577,0.0,0.10604256084012577,up_in_CKD,0.5972180096949151,1.4709840459243595,0.16508331198098142,0.8436241225337233,0.13205351948807445,0.0,0.13205351948807445,14,18,True,0.004677023428111144
immune cells,SET,0.8061596765580549,0.7420480203885637,0.06411165616949122,up_in_CKD,0.5820945141190277,1.7237507012181394,0.09536375507428015,0.7507650008549889,0.4283013379872019,0.42973523421588594,-0.0014338962286840617,14,18,True,0.004646070930491907
immune cells,SEPTIN7,0.10534087608227102,0.0,0.10534087608227102,up_in_CKD,0.595313129248528,1.466292210278847,0.1663372349674545,0.8436241225337233,0.12667248400232695,0.0,0.12667248400232695,14,18,True,0.0046312564392562315
immune cells,CEP350,0.22363637031503505,0.1828659169535097,0.04077045336152535,up_in_CKD,0.6687115719088257,1.8937584031376136,0.06828735773779121,0.6771547279128737,0.13408958696916812,0.12695179904955872,0.007137787919609395,14,18,True,0.004616069480206536
immune cells,LMBRD1,0.18790231812726313,0.14498827244827597,0.042914045678987156,up_in_CKD,0.6317613561853523,1.8968638846561763,0.0683622894062444,0.6771547279128737,0.12332751599767307,0.11065852002715547,0.0126689959705176,14,18,True,0.004590293703462702
immune cells,CXCL12,0.047106342048914444,0.023263930174636804,0.02384241187427764,up_in_CKD,0.8099520164439266,2.1391597392057897,0.044854180361207974,0.5795853973039002,0.03228621291448516,0.01697216564833673,0.015314047266148434,14,18,True,0.004574488860030472
immune cells,CASP8AP2,0.07149224255486486,0.03750304846443786,0.033989194090427,up_in_CKD,0.7244663910901588,1.9654331818626891,0.061154185887951955,0.6521706105048198,0.04101221640488656,0.01697216564833673,0.02404005075654983,14,18,True,0.004571174567308491
immune cells,IGSF8,0.07687704989589204,0.05565531623298909,0.021221733662902954,up_in_CKD,0.7853377404973572,2.2167259378852555,0.03473708472573073,0.5326016540957134,0.049738219895287955,0.03598099117447386,0.013757228720814092,14,18,True,0.004559838233410423
immune cells,MGLL,0.05582687733258485,0.030345332024988497,0.025481545307596356,up_in_CKD,0.8034100612385234,2.102958835632809,0.049019044862791385,0.5996705727660638,0.03519488074461896,0.025797691785471828,0.009397188959147134,14,18,True,0.0045465992813571885
immune cells,PCED1B-AS1,0.10465276576292737,0.0,0.10465276576292737,up_in_CKD,0.5832283975465671,1.4365267858537834,0.174479875414933,0.8436241225337233,0.11198371146015125,0.0,0.11198371146015125,14,18,True,0.004507604612412299
immune cells,TRIM28,0.17665025708628587,0.14261443496038295,0.03403582212590292,up_in_CKD,0.65605122272242,2.0112098616020413,0.055509335055007256,0.6304169627211608,0.10863874345549739,0.09640190088255261,0.012236842572944773,14,18,True,0.004474157473033802
immune cells,CAMK2G,0.057456442835576674,0.03818660465948804,0.019269838176088634,up_in_CKD,0.783779400203019,2.2815700345913994,0.02978768842708821,0.5062895582976692,0.038248981966259456,0.034623217922606926,0.0036257640436525296,14,18,True,0.0044645516799035456
immune cells,XIAP,0.1594470323009823,0.12362599756436556,0.035821034736616755,up_in_CKD,0.654580060944813,1.9657797885237578,0.05947404902045498,0.6452020601072586,0.10587550901687028,0.08282416836388323,0.023051340652987043,14,18,True,0.0044622037503137466
immune cells,SGPP1,0.07493086609985013,0.04691587494053535,0.02801499115931478,up_in_CKD,0.715880431089619,2.0492104856874405,0.049373597469565815,0.6010416921114577,0.04842931937172775,0.03665987780040733,0.01176944157132042,14,18,True,0.004434153166206255
immune cells,CCND1,0.064727541818179,0.03914275031754186,0.02558479150063714,up_in_CKD,0.7370569684127041,2.090104483282246,0.045467023846862895,0.5819586289483695,0.03999418266433973,0.024439918533604887,0.015554264130734845,14,18,True,0.0044335349739780434
immune cells,ACADVL,0.2907739402135929,0.2348152631029809,0.055958677110611976,up_in_CKD,0.6021595342326012,1.7548147108141863,0.08951765485044816,0.7389449781081094,0.17408376963350786,0.1561439239646979,0.01793984566880996,14,18,True,0.004427253304493508
immune cells,EMC10,0.15945306334962123,0.12149995371785864,0.037953109631762585,up_in_CKD,0.6404234869062339,1.9347917219896966,0.06367024896735521,0.6589398993117541,0.09933100639906922,0.08621860149355058,0.01311240490551864,14,18,True,0.0044031452368642615
immune cells,HPS3,0.11028830321640266,0.0821337307703094,0.028154572446093262,up_in_CKD,0.705826420415523,2.047747413683798,0.049427068038821714,0.6012977962203114,0.06762652705061083,0.05634758995247793,0.011278937098132893,14,18,True,0.00438998448634126
immune cells,C15orf40,0.11806961314512088,0.08788716221952338,0.0301824509255975,up_in_CKD,0.6663199122968047,2.078394144377318,0.05000811761462853,0.6055553292416653,0.07358929610238511,0.06720977596741344,0.006379520134971672,14,18,True,0.004381140924080754
immune cells,S100A12,0.08531549162568398,0.04026354094347114,0.04505195068221284,up_in_CKD,0.6638300830941444,1.821952141158949,0.08027731621656632,0.7138328262134962,0.037667248400232695,0.025797691785471828,0.011869556614760867,14,18,True,0.004378465611058336
immune cells,MBNL1,0.7364405188166783,0.6365818910887203,0.09985862772795795,up_in_CKD,0.5922714014451469,1.5429724972512762,0.13982660994760868,0.8436241225337233,0.40706806282722513,0.38357094365241007,0.023497119174815062,14,18,True,0.004367800551867502
immune cells,ZBTB44,0.18346549458517686,0.14801435417013714,0.03545114041503972,up_in_CKD,0.6831707642246876,1.9277788381864862,0.06385194500562924,0.6602836750947247,0.1067481093659104,0.09708078750848609,0.009667321857424319,14,18,True,0.0043659785038082715
immune cells,SLC39A7,0.07586932690339578,0.05378671193428036,0.022082614969115413,up_in_CKD,0.7439847249256503,2.1902439477839377,0.036544511618514505,0.5428968312558164,0.048283885980221056,0.04344874405974202,0.004835141920479034,14,18,True,0.004358363382010498
immune cells,PLAAT4,0.09869353253430989,0.0,0.09869353253430989,up_in_CKD,0.5945780904312513,1.4644817652557616,0.16682322444483144,0.8436241225337233,0.11169284467713787,0.0,0.11169284467713787,14,18,True,0.004333652045555038
immune cells,HADH,0.07520621672293902,0.053292140769574364,0.021914075953364656,up_in_CKD,0.7350589052772561,2.2046345509642062,0.035949665600803885,0.5385913537284073,0.05235602094240838,0.04480651731160896,0.007549503630799419,14,18,True,0.004328910683830455
immune cells,SNRPD3,0.4691454577381541,0.41067673900601576,0.058468718732138325,up_in_CKD,0.5904204500064104,1.7245840008022988,0.09493030746448192,0.7494178839222886,0.26948807446189643,0.27155465037338766,-0.0020665759114912308,14,18,True,0.004324666912329546
immune cells,HSPB1,0.39534629621187883,0.28877789192934106,0.10656840428253778,up_in_CKD,0.5479142369250859,1.501352328102299,0.14572145695692315,0.8436241225337233,0.2222222222222222,0.18058384249830278,0.04163837972391943,14,18,True,0.0043121860529937266
immune cells,MT1F,0.1641468777455642,0.11395284826130547,0.05019402948425872,up_in_CKD,0.6783228663743757,1.765479011559799,0.09414010882716033,0.7470784228693718,0.09278650378126818,0.08282416836388323,0.009962335417384949,14,18,True,0.004311597199727002
immune cells,SLC35A5,0.050403569207710185,0.031779162978160795,0.01862440622954939,up_in_CKD,0.7668567632616404,2.302827119433134,0.0290564107014665,0.5007939445595421,0.031995346131471786,0.027155465037338764,0.0048398810941330216,14,18,True,0.004289544827731693
immune cells,SDC4,0.12342440299250464,0.031841030419777774,0.09158337257272686,up_in_CKD,0.6341911982673166,1.5733770419888011,0.13865228877477642,0.8436241225337233,0.056282722513089,0.02172437202987101,0.034558350483217995,14,18,True,0.004289367780474401
immune cells,S100A13,0.12836379851792065,0.06104537735816805,0.0673184211597526,up_in_CKD,0.6563259124002488,1.6630328015452676,0.11646229051115117,0.7996898551402106,0.06777196044211752,0.03801765105227427,0.029754309389843248,14,18,True,0.004289198471999287
immune cells,DEAF1,0.05402480184052892,0.033876370056425326,0.020148431784103596,up_in_CKD,0.750706876972658,2.247709730098673,0.032673875991478876,0.5219941843149905,0.035631180919139034,0.02987101154107264,0.005760169378066393,14,18,True,0.004270466711561715
immune cells,FZD1,0.05722790520331583,0.036627597732094036,0.020600307471221796,up_in_CKD,0.7490163738761655,2.2229259686248017,0.034202889221703725,0.529316833197318,0.041157649796393254,0.025797691785471828,0.015359958010921427,14,18,True,0.004263057712812978
immune cells,SLC17A5,0.053407496236236966,0.03369496903907889,0.019712527197158075,up_in_CKD,0.762329793722636,2.2459777450954603,0.03236061728192732,0.5208036843810179,0.03432228039557882,0.020366598778004074,0.01395568161757475,14,18,True,0.0042576656692119045
immune cells,PPP1R12C,0.10833955309833866,0.07347174909203556,0.0348678040063031,up_in_CKD,0.6923192734816732,1.9148643449832439,0.06641295029613589,0.6675744702905382,0.06428155904595695,0.05227427019687712,0.012007288849079825,14,18,True,0.004236515818820741
immune cells,ATR,0.07685417449525997,0.04970299812457968,0.02715117637068029,up_in_CKD,0.6887147838930079,2.070754382760561,0.047923508657940796,0.5947134206949279,0.053810354857475276,0.04005431093007468,0.013756043927400596,14,18,True,0.0042203136008257215
immune cells,TSPAN33,0.11694889167391471,0.08081436850735936,0.036134523166555355,up_in_CKD,0.6406445626183601,1.9412970984310243,0.0630266234453832,0.657596074602563,0.08347876672484002,0.06449422946367957,0.01898453726116045,14,18,True,0.004214132428523499
immune cells,GXYLT1,0.07543732994210976,0.05262593935974894,0.02281139058236082,up_in_CKD,0.7451208758527471,2.125815017879962,0.04201116007018113,0.5675650970596112,0.04450261780104712,0.03937542430414121,0.005127193496905907,14,18,True,0.004181055337921285
immune cells,MTAP,0.06360448112439378,0.04253753483412738,0.021066946290266397,up_in_CKD,0.7548548827818019,2.1816313712522852,0.037111299196377984,0.5461878244975276,0.04173938336242001,0.034623217922606926,0.0071161654398130825,14,18,True,0.0041769152680706636
immune cells,METTL8,0.07717899050385639,0.048783566951184826,0.028395423552671564,up_in_CKD,0.7016184435439149,2.0152785153407953,0.05296674532727416,0.6185848556646696,0.04348458406050029,0.03937542430414121,0.004109159756359081,14,18,True,0.004155900528718883
immune cells,LBR,0.23879494936453918,0.19656036221522566,0.042234587149313524,up_in_CKD,0.6383590357009471,1.8341996858288148,0.07661644518981828,0.7015264238015448,0.14514252472367656,0.13509843856076034,0.010044086162916216,14,18,True,0.004150780680355288
immune cells,SELENOW,0.4482301627786937,0.32586474039148794,0.12236542238720577,up_in_CKD,0.45404459135711683,1.2891590611067416,0.20747545006305235,0.8436241225337233,0.26657940663176266,0.17447386286490157,0.09210554376686109,14,18,True,0.0041031147498008114
immune cells,CEBPZOS,0.1527078145727566,0.09516459967095177,0.05754321490180482,up_in_CKD,0.5979192806686285,1.7039360242042048,0.09893506679186594,0.7599742805022454,0.09554973821989529,0.04412763068567549,0.0514221075342198,14,18,True,0.004101256784237843
immune cells,MARCH9,0.08907839849602928,0.059323776663995714,0.029754621832033562,up_in_CKD,0.6806822127481844,1.9977297242744727,0.05497610581023578,0.6287888307945741,0.05511925538103549,0.031228784792939578,0.02389047058809591,14,18,True,0.00408097093296993
immune cells,IFT80,0.04800932774202489,0.030406080216090998,0.017603247525933893,up_in_CKD,0.799511359097003,2.263867405922963,0.03125337554494143,0.5136452467357373,0.03170447934845841,0.024439918533604887,0.007264560814853521,14,18,True,0.004072124033621031
immune cells,HBS1L,0.09991644644956922,0.07003725478669856,0.02987919166287066,up_in_CKD,0.6753529563571803,1.9969368973859472,0.055220750551911446,0.6295745419070694,0.060209424083769635,0.055668703326544465,0.0045407207572251695,14,18,True,0.004055027480732055
immune cells,SLC44A1,0.0996926581134289,0.07031202469546906,0.029380633417959837,up_in_CKD,0.675295090716123,2.0073513772427427,0.054195027497205076,0.625014081060937,0.07068062827225131,0.058384249830278345,0.012296378441972969,14,18,True,0.004049668290875229
immune cells,SNHG6,0.09212663965945118,0.0,0.09212663965945118,up_in_CKD,0.5951888220843041,1.465986034221864,0.16641934007859946,0.8436241225337233,0.1127108784176847,0.0,0.1127108784176847,14,18,True,0.004049453714691901
immune cells,LGALS1,1.2529606340540045,1.1373048728113653,0.11565576124263921,up_in_CKD,0.4712054784199808,1.268645196623931,0.21741653700321692,0.8436241225337233,0.5322862129144852,0.4989816700610998,0.03330454285338541,14,18,True,0.00402470492405643
immune cells,ANPEP,0.08663285853449762,0.05024816611952721,0.03638469241497041,up_in_CKD,0.7084090864243404,1.8727771502266197,0.07560194178796352,0.6992957594621723,0.05759162303664921,0.029192124915139173,0.02839949812151004,14,18,True,0.004003903763846806
immune cells,ATP6V0C,0.10378248757888356,0.012045191756927661,0.0917372958219559,up_in_CKD,0.5887546021939769,1.4523854326739654,0.1698900100773166,0.8436241225337233,0.1273996509598604,0.008146639511201629,0.11925301144865876,14,18,True,0.003988748846192187
immune cells,COPRS,0.11285056951279536,0.07994651394757586,0.0329040555652195,up_in_CKD,0.6864921454506547,1.9133046803289393,0.06624100176076683,0.6675744702905382,0.07533449680046539,0.059063136456211814,0.016271360344253576,14,18,True,0.00396426626392267
immune cells,ITCH,0.14384978815964425,0.10868966825936907,0.03516011990027518,up_in_CKD,0.6769590222524989,1.8807176964643124,0.07086268887095115,0.6846244146260732,0.08158813263525305,0.0726408689748812,0.008947263660371851,14,18,True,0.003916555871559431
immune cells,HEATR1,0.062168392337413995,0.04049600952951618,0.021672382807897815,up_in_CKD,0.7382452162485895,2.1212045673092828,0.0423276845015174,0.5692252054154809,0.03606748109365911,0.028513238289205704,0.007554242804453402,14,18,True,0.003915339741331644
immune cells,SF3B1,0.6820810589487282,0.5958872913493162,0.086193767599412,up_in_CKD,0.5751710783855175,1.5584466897229654,0.13244140481161643,0.8340712898103952,0.3795811518324607,0.3645621181262729,0.01501903370618779,14,18,True,0.003906444316733191
immune cells,CANT1,0.04968960816681469,0.03250651441137043,0.01718309375544426,up_in_CKD,0.7586829257899004,2.309540572746975,0.029275039902593825,0.5023652125679618,0.03388598022105876,0.024439918533604887,0.00944606168745387,14,18,True,0.003897664464569642
immune cells,UBTF,0.153469032778719,0.11541050178266112,0.038058530996057896,up_in_CKD,0.6464129785908407,1.8485881369138712,0.0745212219707493,0.6953163494493009,0.0939499709133217,0.0746775288526816,0.019272442060640105,14,18,True,0.0038825531478281117
immune cells,BIRC6,0.2321225843505836,0.1892026978164007,0.04291988653418291,up_in_CKD,0.6475268352769847,1.7939518573387578,0.0842008829622263,0.7262861155699597,0.1460151250727167,0.13034623217922606,0.015668892893490632,14,18,True,0.003860062846576972
immune cells,CADM1,0.04638352664809396,0.0279193983413425,0.01846412830675146,up_in_CKD,0.774987150385157,2.2007127567824885,0.035821961993253396,0.5382709222836787,0.03315881326352531,0.029192124915139173,0.003966688348386135,14,18,True,0.0038492321676186743
immune cells,CPSF1,0.05558119583895268,0.03333962880010793,0.02224156703884475,up_in_CKD,0.7323038947876613,2.0891718408829028,0.04542742363955548,0.5819586289483695,0.03534031413612566,0.031228784792939578,0.004111529343186079,14,18,True,0.0038293399840707626
immune cells,DCTN1,0.09689041267880445,0.06685282363132297,0.03003758904748148,up_in_CKD,0.654378627407661,1.9820299652187041,0.058005592476277845,0.6395706534084763,0.06471785922047703,0.04412763068567549,0.02059022853480154,14,18,True,0.00381544660926983
immune cells,DCAF12,0.05852187952880881,0.038664673892442276,0.01985720563636653,up_in_CKD,0.7440744594428363,2.1613270086499328,0.03877878406686081,0.5529098610558687,0.03853984874927283,0.028513238289205704,0.010026610460067129,14,18,True,0.003802343838969293
immune cells,TSPAN1,0.10217731152299736,0.0168107151679805,0.08536659635501687,up_in_CKD,0.602860186631041,1.4881924264051873,0.1602468023329675,0.8436241225337233,0.04435718440954043,0.010862186014935505,0.03349499839460492,14,18,True,0.0038006774331796264
immune cells,PCSK1N,0.16569479551295677,0.0670018118121359,0.09869298370082087,up_in_CKD,0.5185689656701965,1.3020453818567295,0.2130784192617575,0.8436241225337233,0.07737056428155904,0.0373387644263408,0.04003179985521824,14,18,True,0.0037796296194083224
immune cells,TSPAN3,0.10916007601259677,0.08050599467657166,0.02865408133602511,up_in_CKD,0.6873069228610991,1.962824553721084,0.05914191012417829,0.6440611675305247,0.07213496218731821,0.06177868295994569,0.010356279227372527,14,18,True,0.0037630177665077774
immune cells,LIME1,0.08718905361912442,0.0009540755045913359,0.08623497811453308,up_in_CKD,0.5903704895509289,1.454246415842299,0.16958120357399692,0.8436241225337233,0.09569517161140198,0.0006788866259334691,0.0950162849854685,14,18,True,0.0037597982427977493
immune cells,PHKG1,0.0687553320414951,0.036005163762495095,0.03275016827900001,up_in_CKD,0.7051441197685153,1.88857225432803,0.07220909241101713,0.688483709591287,0.04522978475858057,0.025118805159538356,0.020110979599042213,14,18,True,0.0037436169206613167
immune cells,CITED4,0.07625522139562714,0.03719738664524557,0.03905783475038157,up_in_CKD,0.7071304637849741,1.8204400831675236,0.08625954280419258,0.732557138856051,0.04072134962187318,0.03054989816700611,0.010171451454867073,14,18,True,0.0037329404202797343
immune cells,PRH1,0.0675525888729855,0.03711602827925106,0.030436560593734438,up_in_CKD,0.7059040108711293,1.917488522315557,0.06718212249874947,0.6705553438098601,0.04552065154159395,0.020366598778004074,0.02515405276358988,14,18,True,0.0037291023892688214
immune cells,KLHL36,0.10547318669292703,0.0782233306174006,0.027249856075526435,up_in_CKD,0.6930072247874046,1.9818003283867816,0.05684768424177623,0.6349132926762237,0.06384525887143688,0.04955872369314324,0.01428653517829364,14,18,True,0.0037256093840344695
immune cells,SCIN,0.059934051527028395,0.019222987183941876,0.04071106434308652,up_in_CKD,0.710380910562193,1.7964425665639754,0.092252237225733,0.7442457394498447,0.033449680046538685,0.01493550577053632,0.018514174276002365,14,18,True,0.0037100095130921536
immune cells,TAP2,0.08271297779903573,0.04827546221456913,0.0344375155844666,up_in_CKD,0.6617741731474859,1.8688460889126264,0.07187772803382549,0.6883352641293919,0.055264688772542175,0.027155465037338764,0.02810922373520341,14,18,True,0.003696514588714226
immune cells,FARP1,0.05013133565371127,0.023142984687657596,0.026988350966053676,up_in_CKD,0.7488008285349946,1.9700363074559464,0.06309622612781066,0.6576895308849573,0.0318499127399651,0.019687712152070606,0.012162200587894492,14,18,True,0.0036775967725398324
immune cells,SLC22A18,0.056405993263122116,0.03698469940030148,0.019421293862820634,up_in_CKD,0.7215181249920687,2.1901395434034847,0.03768433868996454,0.5488355375584781,0.03664921465968586,0.031907671418873046,0.004741543240812815,14,18,True,0.003651148043180013
immune cells,FAM168B,0.06592126734855083,0.046310621728010475,0.019610645620540358,up_in_CKD,0.7213076269915751,2.1677256771361257,0.039009106285778264,0.5535942193988638,0.0447934845840605,0.03598099117447386,0.00881249340958664,14,18,True,0.0036326347362762627
immune cells,SCNM1,0.14662591000643008,0.11645754896756684,0.030168361038863237,up_in_CKD,0.7066016193520691,1.9097686995508996,0.06857894261181255,0.6771547279128737,0.0911867364746946,0.08689748811948404,0.004289248355210551,14,18,True,0.0036092278754768113
immune cells,ZNF44,0.05122054228188477,0.032171573455336694,0.01904896882654808,up_in_CKD,0.7501737439498867,2.1466024952428953,0.040129099002666854,0.5593169971789318,0.031995346131471786,0.02987101154107264,0.002124334590399145,14,18,True,0.003605976082354265
immune cells,CISD3,0.2156035383587255,0.17718733244188445,0.038416205916841056,up_in_CKD,0.6133419789368225,1.8326201408191218,0.07744158204044434,0.7036348596078598,0.1303083187899942,0.12423625254582485,0.0060720662441693385,14,18,True,0.0035968432898323657
immune cells,INTS6,0.13431399795804747,0.09654929994146191,0.03776469801658555,up_in_CKD,0.6221122936084772,1.8296056694934903,0.07740089079212219,0.7036099609149034,0.08304246655031995,0.07196198234894773,0.011080484201372226,14,18,True,0.0035867646061603577
immune cells,PATJ,0.04879567392774584,0.024070070469970898,0.024725603457774945,up_in_CKD,0.706249277709595,2.00856416732014,0.05388411513960365,0.6232311310845737,0.033595113438045374,0.011541072640868975,0.022054040797176398,14,18,True,0.003585927008831503
immune cells,EPN1,0.1545948520457516,0.12347565726199888,0.03111919478375272,up_in_CKD,0.6495504703270446,1.91198680674874,0.0656205539504451,0.6660947957994692,0.09947643979057591,0.09775967413441955,0.0017167656561563605,14,18,True,0.003566952058081852
immune cells,AC118549.1,0.0688696230923848,0.038161001692466334,0.030708621399918465,up_in_CKD,0.6920157400109765,1.8943692205544147,0.06979719358283497,0.6796579985267154,0.04101221640488656,0.017651052274270197,0.02336116413061636,14,18,True,0.0035639707611356567
immune cells,SELENOF,0.3099807964419455,0.21685906603020058,0.0931217304117449,up_in_CKD,0.5173740415444513,1.4629715165203458,0.15429372393367352,0.8436241225337233,0.19648051192553811,0.1208418194161575,0.07563869250938061,14,18,True,0.003558050558336168
immune cells,TRAPPC5,0.10645177397000286,0.023977716092438053,0.0824740578775648,up_in_CKD,0.582891089827776,1.4437889671093909,0.17170335448882895,0.8436241225337233,0.12347294938917976,0.016293279022403257,0.1071796703667765,14,18,True,0.00355026868977382
immune cells,OTUD4,0.06991291173240487,0.043151069686204996,0.02676184204619987,up_in_CKD,0.6615846625635879,2.003553864432791,0.055501269044368785,0.6304169627211608,0.04653868528214078,0.031907671418873046,0.014631013863267733,14,18,True,0.003547633134266354
immune cells,HSD11B2,0.12996353872959102,0.033728666050701336,0.09623487267888968,up_in_CKD,0.49904175403575324,1.2368081411644398,0.23726481666641192,0.8436241225337233,0.04784758580570099,0.018329938900203666,0.029517646905497325,14,18,True,0.0035467110046543903
immune cells,ICAM1,0.046303654986749265,0.029358313453176688,0.016945341533572578,up_in_CKD,0.7463195295675804,2.240089517912508,0.033317611689728306,0.525209795669267,0.033304246655032,0.026476578411405296,0.006827668243626701,14,18,True,0.0035368499871429445
immune cells,TLK1,0.1816415271020182,0.14448447713989052,0.03715704996212768,up_in_CKD,0.6385241219770449,1.8224640022044205,0.0785310752306395,0.7097080842193791,0.10936591041303083,0.10590631364562118,0.003459596767409645,14,18,True,0.0035332330564983323
immune cells,MAP3K11,0.12359008441114629,0.09337501987221969,0.030215064538926598,up_in_CKD,0.6607833886488815,1.907323620174528,0.0661072756687738,0.667397199434993,0.08275159976730657,0.07060420909708079,0.012147390670225786,14,18,True,0.003506273460712993
immune cells,S100A2,0.10999954958340495,0.03371798453562046,0.0762815650477845,up_in_CKD,0.620911324151141,1.540156158780634,0.14653777032969453,0.8436241225337233,0.05439208842350204,0.026476578411405296,0.02791551001209674,14,18,True,0.003497885731029702
immune cells,BBIP1,0.10756603854668732,0.07964426666326824,0.027921771883419086,up_in_CKD,0.661601847526147,1.9533796785659554,0.06037105512144965,0.647549867502008,0.0679173938336242,0.05770536320434488,0.010212030629279327,14,18,True,0.0034863679203568014
immune cells,TMEM106C,0.08607512628787979,0.05560564274268229,0.030469483545197504,up_in_CKD,0.7049072310011706,1.8867303236192836,0.07252076356171629,0.6891070691546525,0.04886561954624782,0.04548540393754243,0.0033802156087053836,14,18,True,0.0034733039045495915
immune cells,RPP21,0.09811088299585476,0.05414321428036384,0.04396766871549092,up_in_CKD,0.6571358687250093,1.732307193361185,0.0986941156824465,0.7592485081960823,0.08493310063990692,0.03665987780040733,0.048273222839499585,14,18,True,0.003456034575595241
immune cells,VASP,0.339585693920549,0.2847495545074974,0.0548361394130516,up_in_CKD,0.6085944755868614,1.6583554570684562,0.11006055748041134,0.787998739404065,0.19560791157649796,0.17990495587236932,0.015702955704128635,14,18,True,0.0034532507818609407
immune cells,ATP2B1-AS1,0.15252502139471472,0.09634369273670837,0.056181328658006346,up_in_CKD,0.6012877537182301,1.6511457463789643,0.11100633140966441,0.7906752433441149,0.1055846422338569,0.04752206381534284,0.05806257841851406,14,18,True,0.0034457395828781947
immune cells,EIF4G1,0.14344981272456467,0.1020648101498041,0.04138500257476056,up_in_CKD,0.5983790597044316,1.7896272750604507,0.08430626427437923,0.726365546820482,0.09176847004072135,0.06924643584521385,0.022522034195507495,14,18,True,0.003438340468651705
immune cells,MSI2,0.12883324508937702,0.09264244542661734,0.036190799662759676,up_in_CKD,0.6615739959323692,1.8154838344516024,0.08130246414156102,0.7184688680574552,0.07722513089005235,0.07060420909708079,0.006620921792971565,14,18,True,0.0034380088305303335
immune cells,IMPA1,0.08415516818737293,0.0598268099960007,0.024328358191372225,up_in_CKD,0.6918782209698358,2.0033263290089725,0.054249347897508016,0.625014081060937,0.055846422338568937,0.048200950441276307,0.00764547189729263,14,18,True,0.0034356361672565508
immune cells,RPS6KA4,0.08941414130354365,0.061011814522538024,0.028402326781005627,up_in_CKD,0.6666666886931817,1.9268079888942673,0.06352953509284982,0.658930115032971,0.058900523560209424,0.05363204344874406,0.005268480111465364,14,18,True,0.003430255977152017
immune cells,ECHDC2,0.10706465686293794,0.06888655105580546,0.038178105807132476,up_in_CKD,0.6584134018308375,1.7921348929882686,0.08561188406862753,0.7307018694227718,0.0679173938336242,0.05227427019687712,0.01564312363674708,14,18,True,0.0034251589296160237
immune cells,NUFIP2,0.2206352088339001,0.1783739567664198,0.0422612520674803,up_in_CKD,0.6288365150302068,1.7429685617376045,0.09286892081560615,0.744396797199022,0.13452588714368818,0.13238289205702647,0.0021429950866617142,14,18,True,0.0034068491677869566
immune cells,MAPKAPK5,0.06587739382070516,0.04073749911147873,0.02513989470922643,up_in_CKD,0.6759714699175562,1.9895304140187253,0.05596937846273774,0.6317639431958342,0.041157649796393254,0.03054989816700611,0.010607751629387145,14,18,True,0.003389341520653093
immune cells,NBEAL2,0.1574321032792086,0.12000679657752711,0.03742530670168148,up_in_CKD,0.6235020109937727,1.8077728120291912,0.08067856110717375,0.716104493912249,0.10165794066317627,0.07331975560081466,0.028338185062361604,14,18,True,0.003384090048681001
immune cells,GPR137,0.054361141528467175,0.03478203405982075,0.019579107468646426,up_in_CKD,0.7335518702936652,2.0913739184334914,0.0452275211054756,0.5814966999275434,0.034904013961605584,0.027155465037338764,0.00774854892426682,14,18,True,0.0033816408261758443
immune cells,ARNT,0.059695204399764064,0.03916353696058336,0.020531667439180702,up_in_CKD,0.7210888833260938,2.06708678637732,0.047526179429114995,0.5923599103299443,0.039121582315299594,0.02987101154107264,0.009250570774226953,14,18,True,0.003366905060195394
immune cells,NCSTN,0.09398299522717525,0.07033033470844846,0.02365266051872679,up_in_CKD,0.6728719953439055,2.034445122317132,0.05199009807618456,0.6145338975661215,0.0635543920884235,0.054989816700611,0.00856457538781251,14,18,True,0.003365337915053485
immune cells,LINC01578,0.07641998059245662,0.0,0.07641998059245662,up_in_CKD,0.59581352918195,1.4675247255524928,0.16600706427213277,0.8436241225337233,0.09656777196044211,0.0,0.09656777196044211,14,18,True,0.003362588521351248
immune cells,MGAT4B,0.09778971613434546,0.06745502597691544,0.030334690157430025,up_in_CKD,0.6577039551044318,1.8833523130510421,0.06948167920657809,0.6794252808491338,0.06253635834787667,0.051595383570943655,0.010940974776933017,14,18,True,0.003348982133686962
immune cells,PPP1R14B,0.3731483521933697,0.3180461318959998,0.05510222029736994,up_in_CKD,0.5793912939695409,1.652116956520928,0.1091322620517505,0.7855997431331603,0.21771378708551484,0.1934826883910387,0.02423109869447615,14,18,True,0.003345775706184311
immune cells,SAP25,0.08647062809096515,0.05195748635330071,0.034513141737664434,up_in_CKD,0.6485050731732538,1.82368441943086,0.07877512586534809,0.7101827539720659,0.05555555555555555,0.027155465037338764,0.02840009051821679,14,18,True,0.003326626133852497
immune cells,CGGBP1,0.22033267389253242,0.18526529810979497,0.03506737578273744,up_in_CKD,0.6082845563277804,1.8534433664365602,0.07548491266061472,0.6990460942696288,0.13510762070971494,0.13441955193482688,0.0006880687748880565,14,18,True,0.0033168376465382518
immune cells,TARS,0.09553085090696677,0.07157500058507532,0.023955850321891445,up_in_CKD,0.702714856861217,1.9822646364299057,0.05712812819679946,0.6360866313064281,0.05759162303664921,0.048200950441276307,0.009390672595372906,14,18,True,0.0033076330655006
immune cells,MON2,0.10644061336175765,0.07275475871467098,0.03368585464708668,up_in_CKD,0.636676800973564,1.836491551854954,0.07623097507037283,0.7012266325004773,0.06573589296102385,0.05634758995247793,0.009388303008545915,14,18,True,0.0033058751835493318
immune cells,CIAO2B,0.07490133145653487,0.0,0.07490133145653487,up_in_CKD,0.5975596768673331,1.4718255928159205,0.1648592465393006,0.8436241225337233,0.09874927283304247,0.0,0.09874927283304247,14,18,True,0.003305424669878157
immune cells,TMEM50B,0.18526928392956682,0.15280631281450915,0.032462971115057665,up_in_CKD,0.6252833974111516,1.8650480795225997,0.07254187467556496,0.6891070691546525,0.11518324607329843,0.11541072640868975,-0.00022748033539132795,14,18,True,0.0032825465126607232
immune cells,OGDHL,0.054362748298351846,0.013833029729594125,0.04052971856875772,up_in_CKD,0.7013189647661091,1.7494730825011322,0.10204956240813287,0.7670974027175452,0.0318499127399651,0.013577732518669382,0.018272180221295717,14,18,True,0.003273039008520319
immune cells,TBK1,0.09054322554666697,0.06602478781743665,0.02451843772923032,up_in_CKD,0.6800932111357965,1.977809063558633,0.057205076988260425,0.6366039179846028,0.05846422338568935,0.04752206381534284,0.010942159570346513,14,18,True,0.0032704445972099043
immune cells,SLC12A2,0.05914347616564232,0.03544057971254011,0.02370289645310221,up_in_CKD,0.7142380568239934,1.9780904447462424,0.05838380237047563,0.6417128513137306,0.03781268179173938,0.019008825526137134,0.01880385626560225,14,18,True,0.0032616270583298323
immune cells,HNRNPC,0.5204375060754673,0.465789069342904,0.054648436732563366,up_in_CKD,0.5728324733223802,1.6486964154905783,0.10968337858167146,0.7869803850939548,0.31282722513089006,0.29463679565512557,0.01819042947576449,14,18,True,0.00325678735199914
immune cells,ACAP1,0.3419547939759355,0.26222858252564135,0.07972621145029413,up_in_CKD,0.5530519035706538,1.496148295976309,0.14799615227356777,0.8436241225337233,0.183391506689936,0.16632722335369993,0.01706428333623608,14,18,True,0.003256292891215376
immune cells,GALNT11,0.07932532457717892,0.05498181850480494,0.024343506072373976,up_in_CKD,0.71258371322354,1.9617621731853436,0.06067644979474502,0.6490606153320001,0.04799301919720768,0.04480651731160896,0.0031865018855987207,14,18,True,0.0032562474636509834
immune cells,CSNK1G3,0.12254119036562394,0.09109682673370072,0.031444363631923225,up_in_CKD,0.6639267053316179,1.8495107097101067,0.0752527212894704,0.6983838947247268,0.06835369400814427,0.06109979633401222,0.007253897674132051,14,18,True,0.0032548065118721534
immune cells,RFX1,0.09032725320135826,0.06203601124551831,0.02829124195583995,up_in_CKD,0.6296661319033188,1.9558858387346796,0.06332104344384032,0.6587527725847365,0.054537521815008726,0.04955872369314324,0.0049787981218654825,14,18,True,0.003229284854190984
immune cells,NME3,0.5582953243149463,0.486138476452268,0.07215684786267834,up_in_CKD,0.5271439214208272,1.5696031049497166,0.1275150990078625,0.8227482678001865,0.3219895287958115,0.29599456890699255,0.025994959888818947,14,18,True,0.003222993716830307
immune cells,MBD5,0.06906164881795189,0.044031478787586446,0.025030170030365444,up_in_CKD,0.6951338438914121,1.9481927359195534,0.06149646866121305,0.6533779535695644,0.04522978475858057,0.028513238289205704,0.016716546469374864,14,18,True,0.0032160121108238075
immune cells,WASL,0.0705532030922685,0.046223884777403676,0.024329318314864817,up_in_CKD,0.6861314459068686,1.9677180513718875,0.058481525297037255,0.6417564243900982,0.0447934845840605,0.03937542430414121,0.0054180602799192915,14,18,True,0.003215590092587715
immune cells,GDAP2,0.062481133645614605,0.04185157761259228,0.02062955603302232,up_in_CKD,0.7053003764723575,2.047243616710295,0.04948000197578408,0.6015470404137947,0.04028504944735311,0.04073319755600815,-0.00044814810865503873,14,18,True,0.0032116348257316815
immune cells,MOGS,0.10571845282745944,0.07793016294390966,0.027788289883549783,up_in_CKD,0.6309206357865645,1.9612255182534215,0.06273765150866839,0.6567792540771948,0.066608493310064,0.06313645621181263,0.0034720370982513626,14,18,True,0.003201040145503611
immune cells,SNHG5,0.07236328647895172,0.0,0.07236328647895172,up_in_CKD,0.5971344816424651,1.470778311283832,0.16513812867494385,0.8436241225337233,0.09380453752181502,0.0,0.09380453752181502,14,18,True,0.0031911474787241797
immune cells,SLC12A7,0.06773380944935965,0.04461273602519088,0.023121073424168775,up_in_CKD,0.6825467172121144,1.9987891035021579,0.05482418145795189,0.6282078641720816,0.04610238510762071,0.03054989816700611,0.015552486940614597,14,18,True,0.0031861736936547582
immune cells,LUC7L,0.13179090620776618,0.10249453220782472,0.029296373999941464,up_in_CKD,0.6477003757908655,1.8805011174831852,0.06978084162117565,0.6796579985267154,0.08158813263525305,0.07331975560081466,0.00826837703443839,14,18,True,0.003182334740535912
immune cells,ANXA4,0.2084348455413514,0.13288737393562078,0.07554747160573061,up_in_CKD,0.5694007464401619,1.4621408599039312,0.16215237041472708,0.8436241225337233,0.1214368819080861,0.08282416836388323,0.03861271354420287,14,18,True,0.003176833170893664
immune cells,LATS1,0.08020108823745052,0.05666684755040652,0.023534240687044003,up_in_CKD,0.6594802097793055,2.020782010325031,0.0544030836835239,0.6253931020671706,0.04872018615474113,0.04344874405974202,0.005271442094999107,14,18,True,0.0031637786982775876
immune cells,BRD3,0.08120084409233151,0.06162480471279727,0.01957603937953424,up_in_CKD,0.7016273173924543,2.0767298655263464,0.04674915932061353,0.5886108073373003,0.05162885398487493,0.04684317718940937,0.004785676795465557,14,18,True,0.0031614285693711292
immune cells,RAB3IP,0.060351916499317385,0.03443765979413628,0.025914256705181105,up_in_CKD,0.7212343735494723,1.9171839109959674,0.06893245694616341,0.6778403903775013,0.03592204770215241,0.026476578411405296,0.009445469290747115,14,18,True,0.0031562707549283022
immune cells,ASB1,0.05138295016077517,0.034809302387719926,0.01657364777305524,up_in_CKD,0.7353050135612162,2.1687297141718362,0.03832592654178882,0.5512511079012914,0.030831878999418267,0.025797691785471828,0.005034187213946439,14,18,True,0.0031520928057497933
immune cells,KLF11,0.05428359960005167,0.03389906423810096,0.020384535361950708,up_in_CKD,0.7306280585903054,2.0336049372078584,0.051865904753661256,0.614472162423929,0.03461314717859221,0.03054989816700611,0.004063249011586098,14,18,True,0.003149945149336721
immune cells,TAF6,0.058229026917006474,0.04316612286857557,0.015062904048430907,up_in_CKD,0.746305981009173,2.2390078641888795,0.03337747628674204,0.525209795669267,0.03853984874927283,0.03326544467073999,0.005274404078532843,14,18,True,0.003143888527412468
immune cells,RESF1,0.0723252512925084,0.0,0.0723252512925084,up_in_CKD,0.5884540163913801,1.4493978008366173,0.170918848645476,0.8436241225337233,0.08216986620127982,0.0,0.08216986620127982,14,18,True,0.003143105258218974
immune cells,STRBP,0.06609709939359831,0.03949766425297055,0.026599435140627764,up_in_CKD,0.7113180550618371,1.90197745856563,0.07048788392153989,0.6831668240788458,0.04013961605584642,0.02987101154107264,0.01026860451477378,14,18,True,0.003130862508575602
immune cells,SELENOH,0.5172954293277702,0.3976930748286055,0.11960235449916468,up_in_CKD,0.354083703895032,1.0158459953733807,0.31788672568384835,0.8436241225337233,0.3183536940081443,0.19144602851323828,0.126907665494906,14,18,True,0.0031275345160281165
immune cells,USP33,0.15368186348343538,0.11890313819681114,0.034778725286624235,up_in_CKD,0.6105125858577708,1.8146545352784067,0.08002232738500364,0.712745843665263,0.09496800465386852,0.07807196198234895,0.016896042671519576,14,18,True,0.0031226155222582675
immune cells,PTTG1IP,0.21344958041318005,0.17878327948371295,0.0346663009294671,up_in_CKD,0.6658807943255468,1.7934536091834,0.08619728987864349,0.732557138856051,0.14077952297847585,0.12219959266802444,0.01857993031045141,14,18,True,0.0031199478797899315
immune cells,MT1E,0.21102492376059961,0.13185635001607854,0.07916857374452108,up_in_CKD,0.5318820514761047,1.3348783707816976,0.20242414483572208,0.8436241225337233,0.10500290866783013,0.08282416836388323,0.022178740303946898,14,18,True,0.003109743714533468
immune cells,KPNA1,0.09044584659867448,0.06366259644256614,0.026783250156108343,up_in_CKD,0.6587468432786789,1.9100192268204073,0.06573253729103458,0.6666613656925906,0.05846422338568935,0.051595383570943655,0.006868839814745696,14,18,True,0.0031069061888186265
immune cells,ADIRF,0.1457033046153155,0.06639234804208277,0.07931095657323273,up_in_CKD,0.5299845545142575,1.3226871222289924,0.2070455220522255,0.8436241225337233,0.06326352530541013,0.038696537678207736,0.024566987627202393,14,18,True,0.0031042225075162315
immune cells,SYNE2,0.3702987609919385,0.2956854057294836,0.07461335526245488,up_in_CKD,0.562983777856068,1.4773040443272085,0.15571310518954962,0.8436241225337233,0.18426410703897614,0.16021724372029872,0.02404686331867742,14,18,True,0.0031021935718661725
immune cells,GTF2H5,0.31234061684073516,0.27219285672031457,0.040147760120420595,up_in_CKD,0.5782247907208267,1.7822308908095312,0.08771251956060443,0.7351673203678146,0.19837114601512507,0.19416157501697218,0.0042095709981528895,14,18,True,0.0031017683824040776
immune cells,HDAC2,0.11871979454319258,0.09228719139696029,0.02643260314623229,up_in_CKD,0.6470848905405273,1.933855134998815,0.0632368662463871,0.6586581461842791,0.08071553228621292,0.059063136456211814,0.021652395830001107,14,18,True,0.0031016632513001636
immune cells,PKM,0.5909737615357441,0.49882965411293284,0.09214410742281126,up_in_CKD,0.455635111888725,1.308994715528811,0.20053133714833826,0.8436241225337233,0.3136998254799302,0.2803801765105227,0.03331964896940748,14,18,True,0.003100567525581502
immune cells,NPAT,0.13309997131904633,0.0967821205406562,0.03631785077839013,up_in_CKD,0.6469537088123052,1.7668452887208004,0.08961800341294952,0.7389449781081094,0.07344386271087842,0.054989816700611,0.018454046010267428,14,18,True,0.003087085880716794
immune cells,UBE2V1,0.12274888877593673,0.0730620618866492,0.049686826889287536,up_in_CKD,0.6318651326785432,1.6499203453953455,0.11564290340038005,0.7978072378057018,0.10296684118673648,0.06042090970807875,0.04254593147865773,14,18,True,0.0030799498078163587
immune cells,RNF19B,0.04519201359542822,0.028284888594175002,0.016907125001253215,up_in_CKD,0.7400907528850028,2.1232877973680395,0.042155880280191335,0.5682751679968593,0.036212914485165795,0.03054989816700611,0.005663016318159686,14,18,True,0.0030711598475358904
immune cells,ACTN1,0.06727809492903833,0.04345018652351598,0.023827908405522347,up_in_CKD,0.6776629583656826,1.9580780765900037,0.059585739668472866,0.6454686610888034,0.04872018615474113,0.032586558044806514,0.016133628109934614,14,18,True,0.0030700010802359235
immune cells,MICOS13,0.07017908068334591,0.0,0.07017908068334591,up_in_CKD,0.5920899168032536,1.4583532432573303,0.16847720573447109,0.8436241225337233,0.09205933682373472,0.0,0.09205933682373472,14,18,True,0.0030686812696786446
immune cells,TMEM213,0.0979409959817166,0.02131852953437009,0.07662246644734651,up_in_CKD,0.5409075196514196,1.3391626261184881,0.20278910311925608,0.8436241225337233,0.038976148923792905,0.016293279022403257,0.02268286990138965,14,18,True,0.003060804485762308
immune cells,C1orf56,0.5996288965664949,0.50753951488601,0.09208938168048486,up_in_CKD,0.4499231820047807,1.226580977665525,0.23166548696471476,0.8436241225337233,0.3394415357766143,0.30074677528852684,0.038694760488087454,14,18,True,0.003059879823766213
immune cells,MAP4K2,0.06303553986115809,0.03802135412863253,0.025014185732525562,up_in_CKD,0.6569025411299833,1.9477182195348226,0.0611912565717715,0.6521908001383406,0.03868528214077952,0.029192124915139173,0.009493157225640349,14,18,True,0.003050173578361992
immune cells,GGA2,0.12231923179850591,0.09409342219052122,0.028225809607984695,up_in_CKD,0.6371483481027758,1.888686167500634,0.06896904850711817,0.6778403903775013,0.07853403141361257,0.06517311608961303,0.013360915323999537,14,18,True,0.0030370087784470996
immune cells,RBIS,0.06885834557003802,0.0,0.06885834557003802,up_in_CKD,0.5950156650080692,1.4655595378797486,0.1665337674233535,0.8436241225337233,0.0910413030831879,0.0,0.0910413030831879,14,18,True,0.0030258084123579478
immune cells,PIGX,0.07492381359159864,0.053078677002837554,0.021845136588761083,up_in_CKD,0.6691058877784669,2.0193299807434606,0.05353122625343241,0.6208751546691504,0.04697498545666085,0.048879837067209775,-0.001904851610548923,14,18,True,0.0030255962918026434
immune cells,GALT,0.06034648543820897,0.041451377905750576,0.01889510753245839,up_in_CKD,0.6942010566997182,2.0827169276092268,0.046636108746420914,0.5879860293496387,0.03941244909831297,0.03598099117447386,0.0034314579238391082,14,18,True,0.0030252137992766407
immune cells,DGLUCY,0.051725586437524056,0.028760081855616806,0.02296550458190725,up_in_CKD,0.6924251639394899,1.9593150078711246,0.0597898712744082,0.6459706893872013,0.03504944735311227,0.016293279022403257,0.018756168330709016,14,18,True,0.0030179756000208954
immune cells,SEPTIN1,0.0699450975447319,0.0,0.0699450975447319,up_in_CKD,0.5842418295194491,1.439022930041566,0.17378446288827676,0.8436241225337233,0.07795229784758581,0.0,0.07795229784758581,14,18,True,0.0030179105987948687
immune cells,IL2RG,0.4466032358726384,0.36964932074028367,0.07695391513235472,up_in_CKD,0.5291845183476968,1.4851616093903612,0.1486336291635575,0.8436241225337233,0.2569808027923211,0.2152070604209097,0.041773742371411404,14,18,True,0.0030074214481027417
immune cells,SPN,0.30443502667544353,0.24640793056391422,0.058027096111529314,up_in_CKD,0.5404249063420662,1.6154216513039128,0.11737671597464022,0.802272558219292,0.17597440372309484,0.131704005431093,0.04427039829200183,14,18,True,0.003000395918953212
immune cells,CPEB4,0.1479701644124223,0.11393116745384708,0.03403899695857522,up_in_CKD,0.6317529106560558,1.7907381018099742,0.083769091159367,0.725501393044444,0.09525887143688191,0.07942973523421588,0.01582913620266603,14,18,True,0.0029968678639837295
immune cells,KRT19,0.10722996369696088,0.02587535859901195,0.08135460509794892,up_in_CKD,0.497391599436169,1.247273041244254,0.23209621179882992,0.8436241225337233,0.04013961605584642,0.009504412763068567,0.030635203292777854,14,18,True,0.0029883883172898552
immune cells,ATXN2L,0.170525333230619,0.14514562035777528,0.025379712872843713,up_in_CKD,0.6646663784264417,1.9145916828803773,0.06515266553061146,0.6651857520440909,0.11489237929028505,0.10251188051595383,0.012380498774331214,14,18,True,0.00298678298251199
immune cells,HIGD1A,0.21401229035860378,0.15937135125774107,0.05464093910086271,up_in_CKD,0.605851310542236,1.60720278009398,0.12314813795597236,0.8126593620586324,0.12827225130890052,0.1208418194161575,0.00743043189274302,14,18,True,0.002982413232118446
immune cells,MTIF3,0.2624930907416288,0.22023635839937986,0.04225673234224894,up_in_CKD,0.6287255736689428,1.6926381859247428,0.10420417426958827,0.7731744505928035,0.15430482838859802,0.15682281059063136,-0.0025179822020333364,14,18,True,0.002968231047173348
immune cells,BLOC1S6,0.17265381476771188,0.13650671268268944,0.03614710208502245,up_in_CKD,0.5914693193411931,1.792693461273337,0.08456742560848238,0.72648673860692,0.1154741128563118,0.10522742701968771,0.010246685836624095,14,18,True,0.0029669383474933623
immune cells,QTRT1,0.10963095002834522,0.07929808065678742,0.030332869371557797,up_in_CKD,0.6912265444395279,1.8269252334781556,0.08250334590111554,0.7225298723956839,0.0636998254799302,0.05974202308214528,0.0039578023977849125,14,18,True,0.002959353982262589
immune cells,ATP5MPL,0.634510609890592,0.4984442919684366,0.13606631792215546,up_in_CKD,0.3339703153272799,0.9566469878181203,0.3464666616278773,0.8608271115760983,0.3611111111111111,0.2505091649694501,0.11060194614166102,14,18,True,0.0029575572420413405
immune cells,MVP,0.14387535033648935,0.11895231324746673,0.024923037089022618,up_in_CKD,0.6414185653007219,1.9517847019967758,0.0619898152167118,0.6541213284677501,0.09569517161140198,0.0835030549898167,0.012192116621585286,14,18,True,0.0029469044480043686
immune cells,KLF4,0.23028089352567083,0.17778911940957273,0.052491774116098094,up_in_CKD,0.5716738488468697,1.6219869004708418,0.11559001627583865,0.7977066449856871,0.13743455497382198,0.131704005431093,0.005730549542728974,14,18,True,0.002945506093140621
immune cells,REX1BD,0.5123438181070854,0.3996352806716411,0.11270853743544429,up_in_CKD,0.3506331699873274,1.0068034224126894,0.32213248792240706,0.8436241225337233,0.30133798720186156,0.20366598778004075,0.09767199942182081,14,18,True,0.002918544064828902
immune cells,KNG1,0.11648140105838213,0.04903006606860331,0.06745133498977882,up_in_CKD,0.5841024074039708,1.4894253336235113,0.15573642226152815,0.8436241225337233,0.0462478184991274,0.020366598778004074,0.025881219721123328,14,18,True,0.0029096180908336857
immune cells,RPL17,0.8902752690337298,0.6770480002662946,0.21322726876743514,up_in_CKD,0.3498465484226963,0.8890254746547526,0.38738580650229837,0.9157521856721188,0.5378126817917394,0.395112016293279,0.14270066549846033,14,18,True,0.00285124250088687
immune cells,BLCAP,0.10386083344241288,0.0791925224210877,0.02466831102132519,up_in_CKD,0.6372960432661623,1.9412378364754093,0.06339372882361252,0.6587527725847365,0.07271669575334497,0.05974202308214528,0.012974672671199686,14,18,True,0.0028498673508072945
immune cells,CNIH1,0.1340263877415376,0.10722664083565274,0.026799746905884866,up_in_CKD,0.6278690577618002,1.892639159734849,0.06915688015583975,0.6785769226245854,0.09511343804537521,0.08418194161575017,0.010931496429625043,14,18,True,0.002833637023493447
immune cells,NME4,0.13880283532077636,0.10261112085951289,0.03619171446126347,up_in_CKD,0.5969765252754186,1.753280708319305,0.08988214535008011,0.7396426874347471,0.08755090168702734,0.0726408689748812,0.014910032712146137,14,18,True,0.0028298594866776805
immune cells,WTAP,0.43874413985904587,0.3804664140986669,0.058277725760378984,up_in_CKD,0.588411216608688,1.574781683181674,0.12964675555319038,0.8277034600399965,0.2728330424665503,0.2545824847250509,0.018250557741499418,14,18,True,0.0028161782084382045
immune cells,CETN3,0.07217361208759532,0.04677845738458971,0.025395154703005608,up_in_CKD,0.6579397151804348,1.8852826785701633,0.06920146951095262,0.6786539247463959,0.04639325189063409,0.03801765105227427,0.008375600838359823,14,18,True,0.0028129000695213562
immune cells,C12orf57,0.6013307886786093,0.5233903365115693,0.07794045216704004,up_in_CKD,0.4877466228775332,1.3904524345047617,0.1748138191932233,0.8436241225337233,0.325043630017452,0.3292600135777325,-0.004216383560280479,14,18,True,0.0028074603704562762
immune cells,PCNX3,0.05514053081199009,0.03115637877295548,0.023984152039034614,up_in_CKD,0.6666893578622443,1.9047668577799246,0.06657741076414267,0.6675744702905382,0.03781268179173938,0.01493550577053632,0.022877176021203063,14,18,True,0.002806245780799766
immune cells,DCUN1D1,0.13964783810447584,0.11193704985309354,0.027710788251382304,up_in_CKD,0.6211243989013537,1.8761110566196288,0.07159408397711386,0.6876148424002764,0.08769633507853403,0.07807196198234895,0.00962437309618508,14,18,True,0.0027995887502423825
immune cells,CNN3,0.08915231966803923,0.03215905712687695,0.05699326254116228,up_in_CKD,0.6365341933253332,1.5869053883036162,0.13489916940677343,0.8372943295063069,0.0462478184991274,0.025118805159538356,0.021129013339589046,14,18,True,0.0027978388443299666
immune cells,OPA1,0.11029507514719196,0.07788272011530349,0.03241235503188847,up_in_CKD,0.6148094698542488,1.7907540644701958,0.08344268821477821,0.725501393044444,0.06573589296102385,0.05023761031907671,0.015498282641947136,14,18,True,0.0027771205030030378
immune cells,DHX38,0.05887811092824565,0.0398647602009325,0.019013350727313152,up_in_CKD,0.6879816773456672,2.0281157792972695,0.051680503431269766,0.6136128937660849,0.037667248400232695,0.032586558044806514,0.00508069035542618,14,18,True,0.0027745177598255295
immune cells,CD59,0.20325543413070182,0.13260179362079316,0.07065364050990866,up_in_CKD,0.5312981372336683,1.4172405209662877,0.1707759362468167,0.8436241225337233,0.122891215823153,0.09572301425661914,0.027168201566533864,14,18,True,0.0027722301344451222
immune cells,WDR36,0.07872898322762213,0.05294140521511873,0.0257875780125034,up_in_CKD,0.6351621721922918,1.883118988494314,0.06975095941282415,0.6796579985267154,0.04552065154159395,0.032586558044806514,0.012934093496787438,14,18,True,0.002746964328000185
immune cells,MITD1,0.17838755362982364,0.14763737666008522,0.03075017696973842,up_in_CKD,0.6005395879583022,1.8330521966262279,0.07869525809243896,0.7100511457776922,0.11503781268179174,0.09708078750848609,0.01795702517330565,14,18,True,0.0027461895352074196
immune cells,KIF2A,0.19895234557914693,0.15330302050490272,0.04564932507424421,up_in_CKD,0.5833468480690712,1.6461041671402628,0.11067365361474504,0.7904042904535336,0.10834787667248401,0.10454854039375425,0.003799336278729762,14,18,True,0.002720211111290844
immune cells,COPG1,0.08518190173285643,0.05980574008165829,0.025376161651198145,up_in_CKD,0.6536056222167512,1.8718099425233232,0.0711125187462152,0.6857179047248341,0.05235602094240838,0.04480651731160896,0.007549503630799419,14,18,True,0.00271769122762469
immune cells,ARIH1,0.10253179266563303,0.07788470450517365,0.02464708816045938,up_in_CKD,0.6877850606621032,1.87276579443156,0.07319369313249637,0.6914315743985854,0.0693717277486911,0.05295315682281059,0.01641857092588051,14,18,True,0.0027165552476847467
immune cells,LYPLA1,0.21872020761929617,0.1861203615218778,0.03259984609741837,up_in_CKD,0.59443547311742,1.8024317569749193,0.08301342700130358,0.7241787551346475,0.13685282140779523,0.1364562118126273,0.0003966095951679349,14,18,True,0.0027159792445997106
immune cells,GTF2H3,0.08639420966971452,0.05991350180208673,0.026480707867627788,up_in_CKD,0.6657922831481766,1.8431226443035893,0.07652744355373273,0.7015264238015448,0.05511925538103549,0.04752206381534284,0.007597191565692649,14,18,True,0.0027143439005104463
immune cells,CBLL1,0.1046130421963295,0.07804504665171152,0.026567995544617973,up_in_CKD,0.6294610344709632,1.8667826445339417,0.07208325140491814,0.688483709591287,0.06108202443280977,0.05363204344874406,0.007449980984065713,14,18,True,0.002710988141992127
immune cells,PCBP1,0.6770074040604722,0.6056220697569441,0.07138533430352811,up_in_CKD,0.5136875738477701,1.4742963355476721,0.15089204067378295,0.8436241225337233,0.3933973240255963,0.3652410047522064,0.028156319273389907,14,18,True,0.002708098773171516
immune cells,GAS5,0.06126398611630031,0.0,0.06126398611630031,up_in_CKD,0.597439627139565,1.4715299030821922,0.1649379460028668,0.8436241225337233,0.08129726585223968,0.0,0.08129726585223968,14,18,True,0.0027030602019919546
immune cells,SKA2,0.16414332120721462,0.12874517345464723,0.03539814775256739,up_in_CKD,0.5825815183888855,1.752273261040579,0.09093384859132185,0.7411335160719345,0.09904013961605584,0.09979633401221996,-0.0007561943961641171,14,18,True,0.002683035230365916
immune cells,CHERP,0.05880630045399614,0.03918286951395084,0.019623430940045296,up_in_CKD,0.7219934981273063,1.9712365967687924,0.060023757177652196,0.6466243219486761,0.034031413612565446,0.02987101154107264,0.004160402071492805,14,18,True,0.0026826799749827407
immune cells,C1GALT1C1,0.08766208982627209,0.061890590617526824,0.025771499208745267,up_in_CKD,0.6161363985943008,1.9031452465741072,0.06962256912885434,0.6796579985267154,0.06122745782431646,0.048879837067209775,0.012347620757106686,14,18,True,0.0026630197596050438
immune cells,CPSF2,0.09872054799177275,0.07257056834847296,0.026149979643299792,up_in_CKD,0.6456682770840294,1.8468927304204261,0.0747695190645207,0.6963229437274737,0.06195462478184991,0.05770536320434488,0.004249261577505034,14,18,True,0.002654017422589629
immune cells,MAML2,0.14175980081598014,0.10831002590273653,0.03344977491324361,up_in_CKD,0.6333283252258244,1.7347121706112094,0.09506462550680587,0.7498214071191462,0.08551483420593368,0.08282416836388323,0.002690665842050452,14,18,True,0.002648979488696319
immune cells,MAST3,0.07294993547018193,0.05163778920206516,0.02131214626811677,up_in_CKD,0.6693498855398998,1.9451652513129813,0.06118300287014409,0.6521908001383406,0.04101221640488656,0.03801765105227427,0.002994565352612291,14,18,True,0.0026479978262830485
immune cells,THUMPD3-AS1,0.19559393321383486,0.12629887236260678,0.06929506085122808,up_in_CKD,0.5159069234643622,1.4632570391885078,0.15412306642455917,0.8436241225337233,0.11881908086096568,0.06449422946367957,0.054324851397286114,14,18,True,0.0026401589797801677
immune cells,RAB2B,0.059421680602270065,0.04050545885612807,0.018916221746141992,up_in_CKD,0.7071779541295146,1.9849082597607142,0.05699058745043024,0.6354088062311881,0.03577661431064572,0.028513238289205704,0.007263376021440018,14,18,True,0.002634583535819378
immune cells,PHPT1,0.47638038478798944,0.41011113970338237,0.06626924508460708,up_in_CKD,0.5379256352897783,1.5270698699441356,0.13752303206661795,0.8436241225337233,0.2824316463059919,0.26883910386965376,0.013592542436338118,14,18,True,0.002632635342150304
immune cells,TMEM63A,0.07175595456507665,0.04508659456742947,0.026669359997647177,up_in_CKD,0.6159581345333879,1.8655098268730819,0.07328640881961698,0.691817728877647,0.04712041884816754,0.027834351663272233,0.019286067184895308,14,18,True,0.002628490032206335
immune cells,ARHGAP29,0.06307135669589965,0.03163049545032723,0.031440861245572424,up_in_CKD,0.6809666318391155,1.758168559240128,0.0962937929792147,0.7539218419909799,0.034176847004072135,0.02308214528173795,0.011094701722334184,14,18,True,0.002626465131245708
immune cells,EEF1E1,0.17921794439966737,0.14356689037904993,0.03565105402061744,up_in_CKD,0.6113881659409748,1.7094094492951597,0.09856109227987914,0.7586973846248534,0.11212914485165794,0.11269517990495587,-0.000566035053297928,14,18,True,0.0026141009387927083
immune cells,LYSMD2,0.26242240342418055,0.21330979266405384,0.04911261076012671,up_in_CKD,0.5720625879293466,1.6050625205731073,0.11967244680011165,0.8072501959883827,0.1573589296102385,0.14188730482009504,0.015471624790143468,14,18,True,0.0026126510759428155
immune cells,ADD3,0.2633450602691266,0.22038987560067855,0.042955184668448027,up_in_CKD,0.6050621891099136,1.6456705986783389,0.11280254851631642,0.7943017664323765,0.15866783013379873,0.14120841819416158,0.017459411939637154,14,18,True,0.0025994319326618108
immune cells,HECTD1,0.1432456752418137,0.11131389288485341,0.03193178235696029,up_in_CKD,0.5962038945379061,1.7811329350977985,0.08566237935223271,0.7307018694227718,0.089586969168121,0.07942973523421588,0.010157233933905122,14,18,True,0.0025940936912024243
immune cells,UQCR10,1.0661025643471205,0.998936759901551,0.06716580444556952,up_in_CKD,0.5226529031686603,1.4532856715304816,0.1576509354706927,0.8436241225337233,0.5542466550319953,0.5682281059063137,-0.013981450874318346,14,18,True,0.0025924956137822934
immune cells,TBC1D9,0.09373757451148364,0.06723011229562043,0.02650746221586321,up_in_CKD,0.6299939887461635,1.839791870648062,0.07574675883471053,0.6995014800601839,0.06428155904595695,0.051595383570943655,0.012686175475013294,14,18,True,0.002591958640054567
immune cells,MARCH1,0.2522969201701993,0.20179780726535473,0.050499112904844545,up_in_CKD,0.5741991229177352,1.590174868232551,0.12363789035848881,0.8140595765479145,0.1474694589877836,0.1296673455532926,0.017802113434491007,14,18,True,0.0025906619359828973
immune cells,SEPTIN9,0.058657793193804174,0.0,0.058657793193804174,up_in_CKD,0.5971350454719238,1.470779700029859,0.16513775860100371,0.8436241225337233,0.07431646305991856,0.0,0.07431646305991856,14,18,True,0.002586751579584701
immune cells,ATP5MC1,0.36703279016599494,0.2775840518889729,0.08944873827702204,up_in_CKD,0.3898487123109854,1.1134291744477476,0.2744985528955314,0.8436241225337233,0.2280395578824898,0.14052953156822812,0.08751002631426169,14,18,True,0.0025752937008338824
immune cells,PPP4R3B,0.14573397327618648,0.0923485095978367,0.05338546367834977,up_in_CKD,0.5443308989597266,1.5816467185830594,0.12422012556545821,0.8157293754131085,0.09307737056428156,0.048200950441276307,0.04487642012300525,14,18,True,0.0025704134366620448
immune cells,SLF2,0.08147686722988053,0.05022763092350446,0.031249236306376063,up_in_CKD,0.6257351325900928,1.7574784296140582,0.0896961957661393,0.7392609333203923,0.05293775450843514,0.024439918533604887,0.02849783597483025,14,18,True,0.002565495220680098
immune cells,TSC22D1,0.12345612042040924,0.06534681190606777,0.05810930851434147,up_in_CKD,0.5961444424187832,1.5361530357742925,0.14270913893364934,0.8436241225337233,0.0621000581733566,0.04344874405974202,0.018651314113614578,14,18,True,0.0025583128343346713
immune cells,GINM1,0.14152176424969806,0.11446577741902494,0.027055986830673118,up_in_CKD,0.6129323849315778,1.8392108333222368,0.07664069333901365,0.7015264238015448,0.09205933682373472,0.08689748811948404,0.005161848704250682,14,18,True,0.0025531273070131563
immune cells,AFTPH,0.15723504756683848,0.12040168264320454,0.03683336492363394,up_in_CKD,0.6139789325632439,1.688040941173151,0.1035545240312768,0.771473288083212,0.09816753926701571,0.08282416836388323,0.01534337090313248,14,18,True,0.0025482278633128285
immune cells,PDLIM7,0.045927503992763075,0.026482053672795845,0.01944545031996723,up_in_CKD,0.6714018420374143,1.9739944598608712,0.05777668535048088,0.6389381129722133,0.037667248400232695,0.020366598778004074,0.01730064962222862,14,18,True,0.0025398737848115103
immune cells,UMOD,0.15057142961916764,0.07851923547578915,0.07205219414337849,up_in_CKD,0.4725693355917918,1.2114405990892216,0.24266640829263306,0.8436241225337233,0.1096567771960442,0.04073319755600815,0.06892357964003606,14,18,True,0.0025146016168757154
immune cells,CD9,0.36996863153935605,0.2779235082222351,0.09204512331712095,up_in_CKD,0.3826069383674263,0.9842133215403269,0.33881585535569797,0.8486417128201351,0.17611983711460152,0.1581805838424983,0.017939253272103217,14,18,True,0.0025101210287888907
immune cells,USF1,0.09793540311693512,0.07453469475291138,0.023400708364023734,up_in_CKD,0.6374861160620887,1.8821614974081629,0.0697681751460939,0.6796579985267154,0.0651541593949971,0.05091649694501019,0.014237662449986907,14,18,True,0.0025018287238428947
immune cells,PRRC1,0.059626197004642854,0.0448249619003194,0.014801235104323456,up_in_CKD,0.7014965272570336,2.1130979759700694,0.0439291099518759,0.5751735158953243,0.04013961605584642,0.03598099117447386,0.004158624881372558,14,18,True,0.0024940118320724096
immune cells,HINT1,1.3346842163255395,1.248158803863484,0.08652541246205536,up_in_CKD,0.38821147021632524,1.0544893892703635,0.3021864856895751,0.8436241225337233,0.6464514252472368,0.6693822131704006,-0.02293078792316383,14,18,True,0.0024806670825940165
immune cells,RIPOR2,0.34385294785041837,0.254272241049122,0.08958070680129637,up_in_CKD,0.3730565322742177,1.0585375807556376,0.2985148168995629,0.8436241225337233,0.18121000581733565,0.09979633401221996,0.08141367180511569,14,18,True,0.002468002391623704
immune cells,TATDN2,0.047646027355990495,0.030800967461122195,0.0168450598948683,up_in_CKD,0.6908491648671324,2.0226689922732035,0.05215800729672371,0.614754898462338,0.030104712041884817,0.02987101154107264,0.00023370050081217633,14,18,True,0.0024589584309970517
immune cells,CD82,0.09448581981026276,0.061507532870643145,0.032978286939619614,up_in_CKD,0.6246848908113543,1.7119629290460971,0.09920509527925235,0.7603400026776928,0.0548283885980221,0.04684317718940937,0.007985211408612733,14,18,True,0.002451361959405356
immune cells,CD79B,0.2341558374649538,0.16803177045356713,0.06612406701138668,up_in_CKD,0.5012821114903414,1.3351036638861722,0.19597620141986657,0.8436241225337233,0.11067481093659104,0.10047522063815342,0.010199590298437616,14,18,True,0.0024479255582246714
immune cells,TRGC2,0.14022115890885775,0.08512867999353976,0.05509247891531799,up_in_CKD,0.5604282866722728,1.5518541357680231,0.13254784909283396,0.8341430643718614,0.06471785922047703,0.03937542430414121,0.025342434916335817,14,18,True,0.002431728440383665
immune cells,MRPS24,0.05967435352188647,0.004863278594915482,0.05481107492697099,up_in_CKD,0.5978123977881543,1.4740540836239944,0.16411781887052282,0.8436241225337233,0.08158813263525305,0.004073319755600814,0.07751481287965224,14,18,True,0.002419856871384955
immune cells,CLDN4,0.08236838817471578,0.017611205444386175,0.06475718273032961,up_in_CKD,0.5058053621222005,1.25887455148829,0.22890853905508068,0.8436241225337233,0.035485747527632346,0.010183299389002037,0.025302448138630307,14,18,True,0.0024189551604042463
immune cells,APOBEC3C,0.19952175664577718,0.16679222987384135,0.03272952677193583,up_in_CKD,0.6333951909952557,1.7111076064905637,0.1004119515750515,0.7644548928172819,0.12783595113438045,0.11065852002715547,0.017177431107224986,14,18,True,0.002418200399228098
immune cells,KMT5A,0.05834661269128567,0.03260369406616076,0.025742918625124907,up_in_CKD,0.6340227835017929,1.8153787952025062,0.07958047713580854,0.7119264544903232,0.04013961605584642,0.018329938900203666,0.021809677155642755,14,18,True,0.002408494308510655
immune cells,PLAU,0.05675269633440474,0.038638322083378654,0.018114374251026084,up_in_CKD,0.6687395344466022,1.986690771139888,0.05654220511679383,0.6334093552056541,0.04057591623036649,0.027155465037338764,0.013420451193027729,14,18,True,0.002402354269341356
immune cells,ZNF592,0.05069710642570197,0.03557285625444954,0.015124250171252435,up_in_CKD,0.717441034224722,2.0500320398697855,0.04931681106738526,0.6010416921114577,0.035485747527632346,0.03394433129667346,0.0015414162309588877,14,18,True,0.0023990526268665886
immune cells,ECI1,0.16349104244298948,0.12771635620215452,0.03577468624083496,up_in_CKD,0.6006250205055113,1.6767114202882607,0.1049268595815713,0.7750374408933592,0.10500290866783013,0.08893414799728445,0.016068760670545676,14,18,True,0.002378142506195582
immune cells,AP3D1,0.08757674248097962,0.06743379465418835,0.02014294782679127,up_in_CKD,0.6655170265003353,1.911830562577539,0.06554730222269829,0.6660639778754069,0.053955788248981965,0.04752206381534284,0.006433724433639126,14,18,True,0.002365852518407839
immune cells,LCOR,0.1096800563947429,0.08822210294010846,0.021457953454634443,up_in_CKD,0.672669535635999,1.877901753519367,0.0710308574332023,0.6857131459575999,0.07111692844677138,0.059063136456211814,0.012053791990559566,14,18,True,0.002365137792839588
immune cells,SLC30A9,0.05642059708990392,0.03795086685760592,0.018469730232298004,up_in_CKD,0.6784814169488042,1.9510733155282334,0.06048628759190417,0.6478427336533237,0.03926701570680628,0.02987101154107264,0.009396004165733642,14,18,True,0.0023625440612504755
immune cells,LMO7,0.04650623244268265,0.027696128684999318,0.01881010375768333,up_in_CKD,0.714834709774904,1.9297232678475287,0.06602180552473726,0.667397199434993,0.030977312390924956,0.019008825526137134,0.011968486864787822,14,18,True,0.002361347834080902
immune cells,CD151,0.1729124048134662,0.11715355312906794,0.05575885168439826,up_in_CKD,0.571654583484462,1.4916302636947787,0.15253744156461244,0.8436241225337233,0.09787667248400232,0.07807196198234895,0.019804710501653375,14,18,True,0.0023539864231476044
immune cells,MKLN1,0.13332944764313448,0.10276893653086143,0.03056051111227305,up_in_CKD,0.600230537546188,1.7364077644839129,0.0927562681360597,0.7442457394498447,0.0824607329842932,0.07671418873048201,0.005746544253811187,14,18,True,0.002353152018444703
immune cells,KIF1C,0.04167365536157112,0.026354875810869295,0.015318779550701822,up_in_CKD,0.7270951521084318,2.0277635362723125,0.0524111283940147,0.6158617681198946,0.030250145433391506,0.021045485403937542,0.009204660029453963,14,18,True,0.0023447799044082323
immune cells,SNRNP70,0.3506567716941854,0.2961177077213532,0.0545390639728322,up_in_CKD,0.5312401062113489,1.552447419174607,0.1310848131870316,0.8303083144815736,0.21902268760907503,0.18669382213170402,0.032328865477371016,14,18,True,0.0023399045529418267
immune cells,SELENOM,0.22215435689890844,0.15184568362373907,0.07030867327516938,up_in_CKD,0.4473436153159736,1.2607110968127446,0.2176295763694978,0.8436241225337233,0.13496218731820825,0.09572301425661914,0.03923917306158911,14,18,True,0.0023227720347978134
immune cells,SLC39A4,0.09216483879642488,0.06539889535361691,0.02676594344280797,up_in_CKD,0.6224199166793313,1.7892947890431443,0.08371919793190961,0.725501393044444,0.060063990692262946,0.04412763068567549,0.015936360006587456,14,18,True,0.0023217188434829757
immune cells,CD27,0.21625787615977338,0.15509969905027673,0.06115817710949664,up_in_CKD,0.513747779956305,1.3820970407962145,0.18044831815717635,0.8436241225337233,0.11794648051192554,0.109979633401222,0.007966847110703543,14,18,True,0.002320389721219196
immune cells,KRT18,0.11713193894499861,0.05036797462528886,0.06676396431970975,up_in_CKD,0.4700493614960732,1.1851173538499629,0.25444250051206074,0.8436241225337233,0.054537521815008726,0.03326544467073999,0.021272077144268736,14,18,True,0.002317618911301679
immune cells,SEPTIN6,0.05325309867792648,0.0,0.05325309867792648,up_in_CKD,0.5892819778164222,1.451437119857656,0.1703602504682502,0.8436241225337233,0.06471785922047703,0.0,0.06471785922047703,14,18,True,0.002317525306205949
immune cells,PRKX,0.1088027895041984,0.08245260681165907,0.02635018269253933,up_in_CKD,0.6099294695496881,1.8051848663702386,0.08138677162603845,0.718528926641311,0.07344386271087842,0.058384249830278345,0.015059612880600079,14,18,True,0.002307192440991158
immune cells,RCHY1,0.08461372727622372,0.06114348051125034,0.023470246764973383,up_in_CKD,0.6163726792392332,1.8632367493217306,0.07349481362550023,0.6927269164294735,0.056719022687609075,0.051595383570943655,0.00512363911666542,14,18,True,0.0023064959849600857
immune cells,SCOC,0.17011560939609552,0.12359825947496463,0.04651734992113089,up_in_CKD,0.5599774936813746,1.5828879419622353,0.1243693245093168,0.8157293754131085,0.10078534031413612,0.08825526137135098,0.012530078942785142,14,18,True,0.0023041063109849615
immune cells,SMAD4,0.1082934642094917,0.08403409449192062,0.024259369717571075,up_in_CKD,0.6173872274632864,1.8351572286575595,0.07684727527829875,0.7021095953850127,0.06835369400814427,0.062457569585879155,0.005896124422265114,14,18,True,0.0023004589668819673
immune cells,HEATR5B,0.09919983073343756,0.07554894954530054,0.02365088118813702,up_in_CKD,0.6346718172332076,1.8300282144692874,0.07721996001884014,0.7030931595806995,0.061663757998836534,0.05295315682281059,0.008710601176025942,14,18,True,0.002296420578543996
immune cells,DCTPP1,0.10688365734208106,0.07886268348607933,0.028020973856001732,up_in_CKD,0.6137090274513958,1.7641144844806123,0.08794651202965982,0.7359640410877424,0.06966259453170448,0.06313645621181263,0.00652613831989185,14,18,True,0.002289630463013568
immune cells,SPPL2B,0.05505804971838158,0.030505704939023486,0.024552344779358096,up_in_CKD,0.6272969567532682,1.8155528183965979,0.07944958983748832,0.711837854047532,0.03737638161721931,0.016293279022403257,0.021083102594816053,14,18,True,0.0022735692189179897
immune cells,CBWD5,0.09569176256492559,0.07168823534667555,0.02400352721825004,up_in_CKD,0.6438391274673074,1.81502617525497,0.08003974360901173,0.712745843665263,0.05904595695171611,0.05702647657841141,0.0020194803733047037,14,18,True,0.002272807547551743
immune cells,POLK,0.1315973413957959,0.10659866262140172,0.024998678774394184,up_in_CKD,0.6109272012871515,1.824253394730551,0.0787030800740646,0.7100511457776922,0.08115183246073299,0.0746775288526816,0.006474303608051388,14,18,True,0.0022711601795773373
immune cells,SFT2D2,0.19119099420852217,0.15097484783996748,0.040216146368554695,up_in_CKD,0.5657257844368333,1.6251162354303987,0.1146602460541047,0.7962072812478791,0.11780104712041885,0.09300746775288526,0.024793579367533583,14,18,True,0.002251784954520864
immune cells,GBP3,0.07770023593379483,0.05630654953466842,0.021393686399126408,up_in_CKD,0.6295402439664637,1.8837123280330001,0.07002025623944987,0.6807979997978002,0.05293775450843514,0.03801765105227427,0.01492010345616087,14,18,True,0.0022489410759757595
immune cells,CA2,0.10799286938526245,0.05418951090713226,0.05380335847813019,up_in_CKD,0.5613904462009842,1.426256112581933,0.17337271048326916,0.8436241225337233,0.05846422338568935,0.03665987780040733,0.02180434558528202,14,18,True,0.002230646985452278
immune cells,GAMT,0.07181841650451333,0.047464637081359354,0.024353779423153976,up_in_CKD,0.6567167153081901,1.8021013725910462,0.08344055886534725,0.725501393044444,0.05002908667830134,0.04073319755600815,0.009295889122293191,14,18,True,0.002228886880144283
immune cells,GRK2,0.3083875868050661,0.22844619384427706,0.07994139296078906,up_in_CKD,0.37622155991779316,1.0987511602717341,0.2806465693286365,0.8436241225337233,0.18688190808609656,0.09979633401221996,0.0870855740738766,14,18,True,0.0022211190337058364
immune cells,SELENOS,0.20156319433848968,0.13768269232566993,0.06388050201281975,up_in_CKD,0.4686585047786139,1.3497287620548135,0.18723179841880255,0.8436241225337233,0.12929028504944734,0.07535641547861507,0.053933869570832266,14,18,True,0.002210961934681458
immune cells,ECE1,0.06041623165789822,0.04130363930102667,0.01911259235687155,up_in_CKD,0.6544016784298605,1.912181692129812,0.06548270639440787,0.6660111459875562,0.03883071553228621,0.027834351663272233,0.010996363869013977,14,18,True,0.0022077720778985836
immune cells,DSTN,0.5129230909819976,0.44041422661446616,0.07250886436753146,up_in_CKD,0.4116672958893836,1.091917022104359,0.2874195252390009,0.8436241225337233,0.27356020942408377,0.2756279701289885,-0.0020677607049047197,14,18,True,0.0022044178167604104
immune cells,MYCBP2,0.3357326664401547,0.28207324577118187,0.053659420668972835,up_in_CKD,0.5456891723832137,1.5331948896286278,0.1363644368272028,0.8409567865212229,0.19895287958115182,0.19008825526137135,0.008864624319780467,14,18,True,0.002202729332103601
immune cells,TTC14,0.2417548888792122,0.20425894834393055,0.03749594053528166,up_in_CKD,0.573959154248811,1.642794572678578,0.11098396246065227,0.7906752433441149,0.1503781268179174,0.13306177868295996,0.017316348134957443,14,18,True,0.0021951961180449913
immune cells,TMEM35B,0.04852730321317656,0.0,0.04852730321317656,up_in_CKD,0.6087630156604366,1.4994200932466077,0.15765283042846942,0.8436241225337233,0.0621000581733566,0.0,0.0621000581733566,14,18,True,0.002181679040663727
immune cells,DUSP7,0.05033663956275196,0.028804554038863766,0.021532085523888193,up_in_CKD,0.6229869688165347,1.8687577968536477,0.07226291062340127,0.6885423437261873,0.037667248400232695,0.014256619144602852,0.023410629255629842,14,18,True,0.002174032036687231
immune cells,SPINT2,0.30325067696694197,0.23970580830985425,0.06354486865708772,up_in_CKD,0.4613688714326276,1.1848517210825789,0.2525522577073427,0.8436241225337233,0.17859220477021523,0.16157501697216564,0.017017187798049588,14,18,True,0.002165136184748173
immune cells,MTMR12,0.07605916318390751,0.05077808643681922,0.025281076747088294,up_in_CKD,0.6112263033120455,1.7932723513852813,0.08311236198816638,0.7244997489299262,0.04857475276323444,0.03598099117447386,0.012593761588760577,14,18,True,0.002162753380435937
immune cells,KRT8,0.0900657329082503,0.03415374387138453,0.05591198903686578,up_in_CKD,0.5171486289266525,1.3141574460347631,0.2076404139973774,0.8436241225337233,0.041884816753926704,0.019008825526137134,0.02287599122778957,14,18,True,0.0021353878259217397
immune cells,TRIM56,0.09529217724354769,0.06520796852284516,0.030084208720702527,up_in_CKD,0.60793105415246,1.6963304934161116,0.10113299366486775,0.7645967538098541,0.06471785922047703,0.042090970807875085,0.022626888412601943,14,18,True,0.0021319184633622995
immune cells,FAM174C,0.04826500300098275,0.0,0.04826500300098275,up_in_CKD,0.5954511854204532,1.4666322509726082,0.16624608852482806,0.8436241225337233,0.06471785922047703,0.0,0.06471785922047703,14,18,True,0.0021224376657372687
immune cells,EFCAB14,0.16756528582833563,0.13612919224781128,0.03143609358052435,up_in_CKD,0.5774793422535732,1.6923552106530264,0.10102019888901513,0.7644548928172819,0.10980221058755091,0.09640190088255261,0.013400309704998295,14,18,True,0.0021175946297063877
immune cells,YLPM1,0.08401213066523348,0.06464480236197541,0.019367328303258075,up_in_CKD,0.6703688095430607,1.872673110296475,0.07174650215024896,0.6879854296665406,0.0533740546829552,0.042090970807875085,0.011283083875080119,14,18,True,0.0021087497805793785
immune cells,APEH,0.07000278578216208,0.05184364503694276,0.01815914074521932,up_in_CKD,0.6385353283431134,1.936904555671759,0.06365463050500854,0.6589398993117541,0.05090168702734148,0.03937542430414121,0.011526262723200266,14,18,True,0.002100528702217244
immune cells,LYRM7,0.06316208540591313,0.043783156245798344,0.019378929160114786,up_in_CKD,0.6362441221481288,1.8826110925762685,0.06976348881329199,0.6796579985267154,0.04057591623036649,0.035302104548540394,0.005273811681826099,14,18,True,0.002067813650583692
immune cells,MFSD5,0.04346007300338226,0.026275952820017056,0.017184120183365206,up_in_CKD,0.7070118068746749,1.9123058249507485,0.06818206182992478,0.6768917945525063,0.030250145433391506,0.021045485403937542,0.009204660029453963,14,18,True,0.002059085338859207
immune cells,PKIG,0.062336421805580466,0.034858202281991414,0.027478219523589052,up_in_CKD,0.6195251054971241,1.7141340654446886,0.09821255051955924,0.7576761868303371,0.032867946480511924,0.026476578411405296,0.006391368069106628,14,18,True,0.00205160388419129
immune cells,SLC6A6,0.09166832825158606,0.06659027613438288,0.02507805211720318,up_in_CKD,0.5957637413619767,1.7849904505239682,0.08515699231861092,0.729242788723809,0.06180919139034322,0.05227427019687712,0.009534921193466099,14,18,True,0.0020487716558596613
immune cells,NFYB,0.12376719016608793,0.10187116977721475,0.021896020388873186,up_in_CKD,0.606946105939413,1.8421029095281554,0.07689101102696441,0.7021095953850127,0.08187899941826643,0.06924643584521385,0.012632563573052577,14,18,True,0.0020412333514096053
immune cells,LINC01089,0.04943666875036951,0.02794733763756275,0.021489331112806764,up_in_CKD,0.6427577847909577,1.8187948626560395,0.07932430637160279,0.7116727512118189,0.03257707969749855,0.014256619144602852,0.018320460552895695,14,18,True,0.002040368213206802
immune cells,NEDD4L,0.05465495816391604,0.02982673431280999,0.024828223851106047,up_in_CKD,0.6478495758642314,1.7461322279295068,0.09421308119664375,0.7470784228693718,0.033449680046538685,0.019008825526137134,0.014440854520401551,14,18,True,0.002036898992671749
immune cells,CKB,0.19549239446616867,0.13084855650307564,0.06464383796309303,up_in_CKD,0.42549599783605596,1.0694953330314174,0.30210655297077893,0.8436241225337233,0.10093077370564281,0.07739307535641547,0.023537698349227337,14,18,True,0.0020313233232020053
immune cells,ATOX1,0.4276704434283735,0.3695426717389912,0.058127771689382324,up_in_CKD,0.4684789706567079,1.3123888475145185,0.2000816540026221,0.8436241225337233,0.24607329842931938,0.2328581126951799,0.01321518573413949,14,18,True,0.0020110840335108436
immune cells,PRR14,0.05945881804235488,0.04068429606131943,0.01877452198103545,up_in_CKD,0.672713259619603,1.861942008753359,0.07374951653950707,0.6937341332956294,0.03737638161721931,0.029192124915139173,0.008184256702080138,14,18,True,0.002005710946502101
immune cells,CLDN7,0.07725475481476564,0.026549979298869708,0.05070477551589593,up_in_CKD,0.5343003221597801,1.3311511959828173,0.20453572854767274,0.8436241225337233,0.041157649796393254,0.019687712152070606,0.02146993764432265,14,18,True,0.0020007404052556554
immune cells,MIGA1,0.06317873546174528,0.03532546273132439,0.02785327273042089,up_in_CKD,0.5883311087937302,1.711513864995595,0.09731520309653657,0.7558420098123576,0.04275741710296684,0.02376103190767142,0.018996385195295423,14,18,True,0.001992144306371376
immune cells,AGO3,0.10148371500378849,0.07620994466908335,0.02527377033470514,up_in_CKD,0.5886806546986464,1.7711273571101211,0.08770148124274611,0.7351673203678146,0.06631762652705062,0.06177868295994569,0.004538943567104929,14,18,True,0.001987930218193176
immune cells,PRKRA,0.10825169778873256,0.07926657380746363,0.02898512398126893,up_in_CKD,0.6011862520303497,1.6867635603887987,0.10273264732398522,0.7695609217723984,0.06588132635253054,0.06720977596741344,-0.001328449614882904,14,18,True,0.001982267724180626
immune cells,DANCR,0.04601470583071037,0.0,0.04601470583071037,up_in_CKD,0.5794623450649922,1.4272507710207067,0.17708450415853083,0.8436241225337233,0.058027923211169286,0.0,0.058027923211169286,14,18,True,0.001969147788895385
immune cells,TOB2,0.0758010215675443,0.05203978720407591,0.023761234363468386,up_in_CKD,0.6409123088343672,1.7526277802648738,0.09199062116813135,0.743706403981176,0.04668411867364747,0.041412084181941616,0.0052720344917058515,14,18,True,0.0019584092046636367
immune cells,SEPTIN2,0.045502816055872995,0.0,0.045502816055872995,up_in_CKD,0.581170620361481,1.4314583563017764,0.17589906035613373,0.8436241225337233,0.059336823734729496,0.0,0.059336823734729496,14,18,True,0.0019529825771761322
immune cells,SMIM24,0.04301152468229175,0.01714145612194932,0.02587006856034243,up_in_CKD,0.6073828815357133,1.7193172740989933,0.09624470985879567,0.7536966930441696,0.03155904595695171,0.006109979633401222,0.02544906632355049,14,18,True,0.0019296141887377872
immune cells,METTL16,0.06134911171594366,0.04426804039489619,0.017081071321047477,up_in_CKD,0.6425517836579154,1.9105952025977377,0.06608663463012021,0.667397199434993,0.038248981966259456,0.035302104548540394,0.0029468774177190613,14,18,True,0.0019274644692507837
immune cells,AMZ2,0.08233866058113917,0.06283594466138875,0.01950271591975042,up_in_CKD,0.6257029199430384,1.8514133485351503,0.0742598440557134,0.6951732997140361,0.0506108202443281,0.055668703326544465,-0.005057883082216365,14,18,True,0.001926923307840829
immune cells,MTREX,0.10797303330555397,0.06603126830163726,0.041941765003916706,up_in_CKD,0.5506380484741977,1.564005573826581,0.12859437450717834,0.8252473878030759,0.0651541593949971,0.035302104548540394,0.0298520548464567,14,18,True,0.0019264664776212734
immune cells,PTAR1,0.12115197131864754,0.09260110154891087,0.02855086976973667,up_in_CKD,0.5765952197945465,1.6929162671026639,0.1009431047369379,0.7644548928172819,0.07315299592786503,0.06042090970807875,0.012732086219786283,14,18,True,0.0019202960186573447
immune cells,FRY,0.05206431609580391,0.030831541849288338,0.021232774246515575,up_in_CKD,0.6112179648100621,1.8195832429927379,0.0793065419443991,0.7116727512118189,0.03374054682955206,0.019008825526137134,0.014731721303414928,14,18,True,0.0019170840714934103
immune cells,INF2,0.04646037251486492,0.03121600757173019,0.01524436494313473,up_in_CKD,0.6572036112163835,1.9638824239393164,0.059478325795090055,0.6452020601072586,0.03228621291448516,0.02308214528173795,0.009204067632747212,14,18,True,0.0019065920421552924
immune cells,NPTN,0.1571864349218036,0.12822766120580173,0.028958773716001862,up_in_CKD,0.5667959696801078,1.6937425238094834,0.10134224340147721,0.7654553815227979,0.10034904013961606,0.0814663951120163,0.01888264502759976,14,18,True,0.001905306138037595
immune cells,SSBP4,0.3279951696954764,0.2728191797908421,0.05517598990463429,up_in_CKD,0.46666407804555243,1.3477550808910879,0.18783855957855988,0.8436241225337233,0.18571844095404305,0.17040054310930075,0.015317897844742301,14,18,True,0.0019015640048328218
immune cells,CFAP97,0.16715553798365623,0.11647885229559717,0.05067668568805907,up_in_CKD,0.5080926270917696,1.4361068415226854,0.1617498351708157,0.8436241225337233,0.10238510762070971,0.06042090970807875,0.04196419791263096,14,18,True,0.0019015490798724407
immune cells,HDAC9,0.10852509086287492,0.07910817895860296,0.029416911904271953,up_in_CKD,0.6118947240680924,1.6625030278099486,0.10943341978985151,0.7862412721968017,0.066608493310064,0.06381534283774609,0.0027931504723179013,14,18,True,0.0018800004802731738
immune cells,ITGA6,0.0748385268059761,0.051854414923402134,0.02298411188257396,up_in_CKD,0.6034384536903714,1.7748122710693899,0.0862189113668817,0.732557138856051,0.04784758580570099,0.03326544467073999,0.014582141134961,14,18,True,0.001874580332533228
immune cells,TNFRSF4,0.11441238200013602,0.07272128282364446,0.04169109917649157,up_in_CKD,0.5511114656519776,1.5548475828301103,0.1309710614924441,0.8302062968006008,0.0621000581733566,0.04073319755600815,0.02136686061734845,14,18,True,0.0018568177173734657
immune cells,NOTCH1,0.047782828670096096,0.031708254091592614,0.016074574578503482,up_in_CKD,0.641911598128238,1.9303378568702132,0.0639846894032435,0.6610506663954652,0.030395578824898198,0.02308214528173795,0.007313433543160247,14,18,True,0.0018548998238528752
immune cells,LENG8,0.2731089412238906,0.23224606641267773,0.040862874811212896,up_in_CKD,0.5336319076550131,1.5717837533538022,0.12666614438657908,0.8221215882818751,0.16681210005817335,0.15274949083503056,0.014062609223142786,14,18,True,0.0018548817963120517
immune cells,CYB5A,0.2695141203374178,0.20952185558021325,0.05999226475720454,up_in_CKD,0.416642605300214,1.0755464147620468,0.2968322537739458,0.8436241225337233,0.156195462478185,0.131704005431093,0.02449145704709199,14,18,True,0.0018459306374129108
immune cells,SPG7,0.13566945438135097,0.1026913193200315,0.03297813506131947,up_in_CKD,0.546035796013302,1.650161669755871,0.11064069292777577,0.7904042904535336,0.08507853403141362,0.06856754921928038,0.016510984812133242,14,18,True,0.001839452596635468
immune cells,PIP4P2,0.05826201050576251,0.03294863064856302,0.02531337985719949,up_in_CKD,0.5927312833454316,1.715815915683781,0.09650967530693626,0.7541114325616386,0.04406631762652705,0.017651052274270197,0.026415265352256856,14,18,True,0.0018389613225775776
immune cells,RPL39,3.8951419368195848,3.788603026440964,0.10653891037862095,up_in_CKD,0.33995056519859645,0.9179116502172697,0.3681455020889656,0.8900590218073186,0.9883653286794648,0.9938900203665988,-0.005524691687133987,14,18,True,0.0018319477794464393
immune cells,TIAM1,0.0556217210038139,0.03665866811041338,0.01896305289340052,up_in_CKD,0.6533064241004864,1.8232871057681688,0.07915546660527845,0.7116727512118189,0.03446771378708551,0.025118805159538356,0.009348908627547156,14,18,True,0.0018300522573378884
immune cells,EIF4G2,0.548903577341065,0.4960499536800914,0.05285362366097357,up_in_CKD,0.4664922011731958,1.340863464124088,0.19008126211326365,0.8436241225337233,0.32242582897033156,0.319755600814664,0.0026702281556675866,14,18,True,0.0018208559857228043
immune cells,PNRC2,0.23441061373663236,0.17650977760322653,0.057900836133405825,up_in_CKD,0.4257806475416962,1.2302865532661809,0.22815809764334025,0.8436241225337233,0.15488656195462477,0.09572301425661914,0.059163547698005636,14,18,True,0.0018206530623839491
immune cells,PRMT9,0.13257814903964446,0.08484055362436872,0.04773759541527574,up_in_CKD,0.5156920322508535,1.441480538117468,0.16067514202985755,0.8436241225337233,0.08464223385689354,0.042090970807875085,0.042551263049018455,14,18,True,0.001818056615377203
immune cells,LSM7,0.6800026363009647,0.6310277533315592,0.04897488296940544,up_in_CKD,0.5015023511940137,1.447689908524184,0.15808845527908738,0.8436241225337233,0.39281559045956954,0.3998642226748133,-0.007048632215243766,14,18,True,0.0018138560706389899
immune cells,ZMYM5,0.10378575125234432,0.08049357753493969,0.023292173717404635,up_in_CKD,0.5824825401188685,1.7755411393653104,0.08784057296795952,0.7352434414564196,0.0650087260034904,0.048879837067209775,0.01612888893628063,14,18,True,0.0018121664652087659
immune cells,FXYD4,0.06560718829395314,0.02457138280938815,0.04103580548456499,up_in_CKD,0.597418441308213,1.5285237253822956,0.14541719115386803,0.8436241225337233,0.03461314717859221,0.013577732518669382,0.021035414659922827,14,18,True,0.001810497916881469
immune cells,ECPAS,0.0600909883225601,0.033279399037447636,0.026811589285112465,up_in_CKD,0.5777267342169288,1.6967520095246278,0.1002129241027535,0.7642729793768203,0.037521815008726006,0.015614392396469789,0.021907422612256217,14,18,True,0.0018084540205103162
immune cells,ITGB1,0.5786447656028868,0.5202118645650047,0.05843290103788212,up_in_CKD,0.4168161941437334,1.1577761966369364,0.2571266828271453,0.8436241225337233,0.320826061663758,0.3095723014256619,0.0112537602380961,14,18,True,0.0017986989235546933
immune cells,SNX13,0.10440860358067924,0.0813939430254874,0.023014660555191843,up_in_CKD,0.6086923135546861,1.7394649747737572,0.09234891207208153,0.7442457394498447,0.06399069226294357,0.06042090970807875,0.0035697825548648213,14,18,True,0.0017971059227397017
immune cells,CD300LF,0.07776105324286012,0.05169836489281739,0.026062688350042724,up_in_CKD,0.570726797618373,1.713927070652297,0.09776988124744451,0.7573234168905876,0.0506108202443281,0.038696537678207736,0.011914282566120364,14,18,True,0.0017956501133969088
immune cells,TUT4,0.17837222949451453,0.12280453603521588,0.055567693459298656,up_in_CKD,0.4363301326684108,1.2331383213660951,0.22750173191522474,0.8436241225337233,0.10020360674810937,0.05702647657841141,0.04317713016969796,14,18,True,0.001790581193575634
immune cells,KNOP1,0.06763923663324327,0.05390145882575847,0.013737777807484801,up_in_CKD,0.6647671482769509,1.9757017115841278,0.057851060445893714,0.6392670221761007,0.04275741710296684,0.041412084181941616,0.001345332921025226,14,18,True,0.0017745914960211125
immune cells,RAB21,0.16219681359618796,0.13595501046653796,0.026241803129649993,up_in_CKD,0.5775629582059448,1.6929113567808631,0.10091597526506685,0.7644548928172819,0.10573007562536359,0.1120162932790224,-0.006286217653658818,14,18,True,0.001767953368903384
immune cells,LY96,0.32796727556188726,0.2672849670937954,0.06068230846809186,up_in_CKD,0.3940138014563992,1.0784221813784636,0.2911472613608057,0.8436241225337233,0.2020069808027923,0.18805159538357094,0.013955385419221367,14,18,True,0.001765753073264193
immune cells,LAGE3,0.18947561035734625,0.15367202712316458,0.035803583234181674,up_in_CKD,0.5377462225368006,1.5957224204072036,0.12142394869982473,0.8101930856885396,0.11460151250727167,0.12830957230142567,-0.013708059794154001,14,18,True,0.0017599670716737913
immune cells,SMIM15,0.13408366571037983,0.11000093621441735,0.024082729495962477,up_in_CKD,0.582760600506614,1.7259847647250264,0.09496009488295941,0.7494934691911739,0.0911867364746946,0.07671418873048201,0.014472547744212583,14,18,True,0.0017575662981512837
immune cells,BCLAF1,0.34152557355765456,0.29254722085567025,0.04897835270198431,up_in_CKD,0.4827607596594172,1.3306119269389234,0.19490238780976415,0.8436241225337233,0.20986038394415357,0.1955193482688391,0.014341035675314473,14,18,True,0.0017461943506973958
immune cells,PAM16,0.030563896060413327,0.010148451637234797,0.020415444423178532,up_in_CKD,0.706329679709479,1.7709106925919327,0.09763975307449918,0.7569724981807538,0.034031413612565446,0.008825526137135099,0.025205887475430348,14,18,True,0.0017436690894410429
immune cells,ST6GALNAC4,0.054887108117168834,0.03502324095806417,0.019863867159104667,up_in_CKD,0.6251186099572165,1.7937091426074232,0.08302003399552474,0.7241787551346475,0.03534031413612566,0.025118805159538356,0.010221508976587301,14,18,True,0.0017403332157250656
immune cells,PRKAR1A,0.3196896079185233,0.27124433765949896,0.04844527025902434,up_in_CKD,0.4841012291273765,1.3722158712525265,0.18050668223227578,0.8436241225337233,0.19269924374636416,0.18601493550577053,0.006684308240593628,14,18,True,0.001731984538953131
immune cells,SETX,0.29205881175819975,0.24594657074253576,0.046112241015663996,up_in_CKD,0.5038537109560566,1.389762597108063,0.17637753097788544,0.8436241225337233,0.18004653868528214,0.16768499660556688,0.012361542079715265,14,18,True,0.001715841363725092
immune cells,ICE1,0.07588112594364357,0.046193790786938534,0.02968733515670504,up_in_CKD,0.583859514352996,1.6294294407103256,0.11463396046314224,0.7962072812478791,0.0462478184991274,0.02987101154107264,0.01637680695805476,14,18,True,0.0017155369007960993
immune cells,TMEM176A,0.16584726562389118,0.11482757338519109,0.05101969223870009,up_in_CKD,0.45413556669640265,1.1829478839894965,0.25187198896455,0.8436241225337233,0.085369400814427,0.07331975560081466,0.012049645213612334,14,18,True,0.0017111173428715062
immune cells,CYREN,0.04900926620577859,0.028825284686538024,0.020183981519240567,up_in_CKD,0.6220826890123097,1.7783866342031074,0.08561280190852419,0.7307018694227718,0.03388598022105876,0.016293279022403257,0.0175927011986555,14,18,True,0.001710892192430682
immune cells,ZNF264,0.06535360923689322,0.045061362447789494,0.020292246789103727,up_in_CKD,0.6372278315916331,1.765117149936613,0.08903728401919572,0.7380111742835125,0.04232111692844677,0.027834351663272233,0.014486765265174537,14,18,True,0.0017060497113759808
immune cells,SLC35B3,0.04936172599979922,0.03330524401545883,0.016056481984340384,up_in_CKD,0.6342087020840957,1.8821606510443707,0.06991719369169916,0.6800969417859928,0.03519488074461896,0.028513238289205704,0.006681642455413257,14,18,True,0.0017049582091524906
immune cells,MTLN,0.04014880056870681,0.0,0.04014880056870681,up_in_CKD,0.5744203712878398,1.414832084936627,0.18062218621917112,0.8436241225337233,0.051774287376381616,0.0,0.051774287376381616,14,18,True,0.0017031733434182193
immune cells,TNRC6C,0.07606704219007289,0.0547067072143854,0.02136033497568749,up_in_CKD,0.5968446549489614,1.7663018238354018,0.08781627663538619,0.7352060369474192,0.049011052937754505,0.04073319755600815,0.008277855381746357,14,18,True,0.0017031243535613944
immune cells,MSL1,0.12622803758295262,0.09535800377805709,0.03087003380489553,up_in_CKD,0.5570517051413026,1.6253247225745902,0.11458148062148409,0.7962072812478791,0.08144269924374636,0.055668703326544465,0.0257739959172019,14,18,True,0.0017019746996700875
immune cells,SF3A2,0.10112677189746182,0.0741900513719657,0.026936720525496116,up_in_CKD,0.5737609006098738,1.6676087233515848,0.10580418883325438,0.7763103944835555,0.062245491564863295,0.059063136456211814,0.0031823551086514815,14,18,True,0.0016995289386908708
immune cells,DERL3,0.09480733275169413,0.05454049487724477,0.04026683787444936,up_in_CKD,0.5681864961579587,1.5318341729001674,0.13926242893744586,0.8436241225337233,0.03853984874927283,0.031228784792939578,0.007311063956333255,14,18,True,0.0016896427005194173
immune cells,WDR13,0.0905215789071134,0.06971295104293745,0.02080862786417595,up_in_CKD,0.5951316155522207,1.7818036498134606,0.08565129752163131,0.7307018694227718,0.061663757998836534,0.05974202308214528,0.001921734916691252,14,18,True,0.0016874237369153638
immune cells,R3HCC1,0.09664727625388407,0.07409573655368591,0.02255153970019816,up_in_CKD,0.589884377705135,1.728377031505903,0.09427791805547804,0.747290551837778,0.055846422338568937,0.054989816700611,0.0008566056379579398,14,18,True,0.0016829441154410823
immune cells,CYBC1,0.21596194632867366,0.15775848573057785,0.05820346059809581,up_in_CKD,0.38988707104006565,1.118735727106365,0.27219570430994966,0.8436241225337233,0.13932518906340896,0.06992532247114731,0.06939986659226165,14,18,True,0.001675884497543101
immune cells,TM9SF2,0.2602994295043289,0.20987833660756716,0.05042109289676172,up_in_CKD,0.4481642861936289,1.3507796652757913,0.187955290224612,0.8436241225337233,0.16666666666666666,0.13781398506449424,0.028852681602172414,14,18,True,0.001668806345671399
immune cells,ANTKMT,0.03805557498863799,0.0,0.03805557498863799,up_in_CKD,0.5936641161074079,1.4622305912674805,0.1674291852871282,0.8436241225337233,0.05133798720186155,0.0,0.05133798720186155,14,18,True,0.0016684589639149377
immune cells,WASHC4,0.17687292267949653,0.12355693794248158,0.053315984737014946,up_in_CKD,0.42370595885065904,1.2222595998625723,0.23114326384963793,0.8436241225337233,0.11212914485165794,0.058384249830278345,0.05374489502137959,14,18,True,0.0016683165161328866
immune cells,KLRG1,0.1805978527167958,0.1381985203616654,0.04239933235513038,up_in_CKD,0.5297511569881905,1.4417591766056435,0.1621831947544354,0.8436241225337233,0.09205933682373472,0.07399864222674814,0.018060694596986587,14,18,True,0.001658774591556114
immune cells,PLEKHA1,0.10737537398743704,0.0787689522717547,0.02860642171568234,up_in_CKD,0.5506681307892193,1.6573961291354375,0.10890739513700276,0.7850162567898676,0.06602675974403723,0.051595383570943655,0.01443137617309357,14,18,True,0.0016559392756398173
immune cells,BMI1,0.07256018214170282,0.0539487528658186,0.018611429275884217,up_in_CKD,0.6022850734042212,1.823244473523645,0.0796053113977861,0.7119264544903232,0.04930191972076789,0.04344874405974202,0.005853175661025868,14,18,True,0.0016541115814988178
immune cells,KRT7,0.068668970788895,0.027658204197695928,0.04101076659119907,up_in_CKD,0.5451079203326452,1.4108401310363945,0.1756489248014061,0.8436241225337233,0.031268179173938336,0.012219959266802444,0.019048219907135892,14,18,True,0.0016509610303556974
immune cells,DENND1B,0.08877583680147341,0.06753774370389697,0.021238093097576446,up_in_CKD,0.5979509139250682,1.746137600303805,0.09105563435266562,0.7415644458152517,0.062390924956369984,0.048200950441276307,0.014189974515093677,14,18,True,0.001649022908675339
immune cells,USP22,0.11574819277806937,0.08995079307357694,0.025797399704492435,up_in_CKD,0.5790083623490433,1.67002992642516,0.10533649250807968,0.775565282500587,0.07402559627690518,0.06924643584521385,0.004779160431691326,14,18,True,0.001648760639072538
immune cells,NORAD,0.21379160336379502,0.15804679357625864,0.055744809787536376,up_in_CKD,0.3999065913969307,1.1526650549337405,0.25817207122072355,0.8436241225337233,0.13394415357766143,0.08010862186014936,0.05383553171751207,14,18,True,0.0016463396691399537
immune cells,FAM110A,0.12402390227927526,0.09372547086039584,0.030298431418879418,up_in_CKD,0.5489461399683625,1.62498888851897,0.11493719478378334,0.7962072812478791,0.07388016288539849,0.06992532247114731,0.003954840414251176,14,18,True,0.001646153643878998
immune cells,TMEM248,0.21338686778070695,0.1791639036138356,0.034222964166871345,up_in_CKD,0.5283856220323493,1.5948352973698492,0.12245335507521306,0.8110590441185644,0.13278068644560792,0.13102511880515955,0.0017555676404483744,14,18,True,0.0016445970834164238
immune cells,BAG5,0.12695490465089423,0.10512442276504738,0.021830481885846853,up_in_CKD,0.5862651449027378,1.738538608515821,0.09273280970803174,0.7442457394498447,0.07882489819662594,0.07128309572301425,0.007541802473611692,14,18,True,0.0016418318692832928
immune cells,TMEM167A,0.37969472765525836,0.338900573098307,0.040794154556951345,up_in_CKD,0.5445811242009402,1.4673919684367385,0.1559146358793752,0.8436241225337233,0.23356602675974403,0.23217922606924643,0.0013868006904975971,14,18,True,0.0016406538561485366
immune cells,PRDX3,0.2751311418473022,0.22770456401300201,0.04742657783430018,up_in_CKD,0.4673209541999935,1.3414326265898227,0.1899153971295238,0.8436241225337233,0.17321116928446773,0.16361167684996605,0.009599492434501672,14,18,True,0.001636791969574291
immune cells,PYGO2,0.06310364646863326,0.04715692461333722,0.01594672185529604,up_in_CKD,0.6372223431926429,1.8511846822131883,0.07401262522628099,0.694781808453291,0.04159394997091332,0.03326544467073999,0.00832850530017333,14,18,True,0.0016070740857478372
immune cells,CKAP2,0.0721933854953434,0.05405072911985349,0.018142656375489917,up_in_CKD,0.6091768487633742,1.809805919488268,0.08077240972469522,0.716104493912249,0.0477021524141943,0.041412084181941616,0.006290068232252685,14,18,True,0.0016028133432972622
immune cells,MORN2,0.049270675138747264,0.02378367908058007,0.025486996058167195,up_in_CKD,0.6334854738630153,1.6572900378556046,0.11392888673102194,0.7961605236065289,0.032722513089005235,0.019008825526137134,0.013713687562868102,14,18,True,0.0015984082032036388
immune cells,MRPS34,0.40686395442437995,0.3573597728871096,0.049504181537270375,up_in_CKD,0.4370637933627191,1.257822445902375,0.21819563433004802,0.8436241225337233,0.23603839441535776,0.2348947725729803,0.001143621842377457,14,18,True,0.0015978763096839586
immune cells,LILRB1,0.12451281326043859,0.08452985572233837,0.03998295753810022,up_in_CKD,0.5386427634851348,1.4158579784973946,0.17256701295710897,0.8436241225337233,0.07358929610238511,0.05974202308214528,0.01384727302023983,14,18,True,0.0015904945592945443
immune cells,TMEM30A,0.18332958784855385,0.14281337723009638,0.04051621061845748,up_in_CKD,0.5285938518592503,1.499787658617825,0.1444386086666712,0.8436241225337233,0.1141652123327516,0.09300746775288526,0.02115774457986634,14,18,True,0.0015816390176287263
immune cells,NSD3,0.19456813312041701,0.1416653031379759,0.05290282998244111,up_in_CKD,0.403871722979381,1.1530810650623553,0.2581245673144385,0.8436241225337233,0.1172193135543921,0.06992532247114731,0.04729399108324478,14,18,True,0.0015778975232251195
immune cells,CBWD1,0.08336736184722383,0.06199531040333851,0.02137205144388532,up_in_CKD,0.5866062787404044,1.7258381777504697,0.09481346359044851,0.7491334391506139,0.0564281559045957,0.048879837067209775,0.007548318837385923,14,18,True,0.001572648957614188
immune cells,EZR,0.4058076158057706,0.3516012441910061,0.05420637161476455,up_in_CKD,0.3925114120988747,1.0720789100588455,0.2940479710318026,0.8436241225337233,0.21727748691099477,0.22674813306177868,-0.009470646150783912,14,18,True,0.0015712998490989933
immune cells,RAD23A,0.2895729402659385,0.24979305839091934,0.03977988187501916,up_in_CKD,0.5334484263039383,1.4894167466350545,0.14774512742321536,0.8436241225337233,0.1822280395578825,0.18397827562797012,-0.0017502360700876185,14,18,True,0.0015671565059107804
immune cells,STT3B,0.23493289376173124,0.19912650912984697,0.035806384631884264,up_in_CKD,0.5191020615885615,1.5714932604143188,0.1279756322114969,0.8235571750090777,0.14237929028504945,0.131704005431093,0.01067528485395644,14,18,True,0.0015670143421301027
immune cells,HSPA13,0.06879951103170524,0.04801768890150521,0.020781822130200037,up_in_CKD,0.5843480615622869,1.7403817518631883,0.09256197714350657,0.7442457394498447,0.046829552065154156,0.03801765105227427,0.008811901012879889,14,18,True,0.001557853144245362
immune cells,PCMTD1,0.320139094082159,0.27804091336240266,0.04209818071975635,up_in_CKD,0.5010179419155489,1.4866254052438839,0.14793498481647133,0.8436241225337233,0.1794648051192554,0.18669382213170402,-0.00722901701244863,14,18,True,0.001557661369067378
immune cells,TMEM52B,0.09785874026010291,0.04534564633297268,0.05251309392713023,up_in_CKD,0.4011608027564717,1.0227403790756864,0.3215971761142231,0.8436241225337233,0.03926701570680628,0.02240325865580448,0.016863757051001804,14,18,True,0.0015557597832684832
immune cells,MICU1,0.08563247075908328,0.06310919242792229,0.022523278331160995,up_in_CKD,0.5907358782649044,1.6947490978470952,0.10055921195856804,0.7644548928172819,0.05570098894706225,0.04955872369314324,0.006142265253919005,14,18,True,0.0015520394390286763
immune cells,ARGLU1,0.7611217237095841,0.7084413041174037,0.052680419592180394,up_in_CKD,0.3927579506850564,1.1233933089250476,0.27028939990254774,0.8436241225337233,0.41957533449680046,0.41412084181941616,0.005454492677384293,14,18,True,0.0015280256806165136
immune cells,SNX2,0.2762562455352766,0.2424555213867887,0.03380072414848792,up_in_CKD,0.5500847165657498,1.5608579364439132,0.1293633639788526,0.8276233276827647,0.1633216986620128,0.17447386286490157,-0.011152164202888781,14,18,True,0.0015277576832215425
immune cells,ANKRD10,0.19914353725384235,0.1639745736126986,0.03516896364114375,up_in_CKD,0.5147707170284705,1.575735310251708,0.1278681408540531,0.82340695533349,0.1285631180919139,0.12016293279022404,0.008400185301689858,14,18,True,0.001527710530411759
immune cells,RASGRP2,0.2612213660883572,0.21788460637286874,0.043336759715488476,up_in_CKD,0.4770995362549895,1.2623148916493088,0.22109872365748526,0.8436241225337233,0.14790575916230367,0.15546503733876443,-0.007559278176460765,14,18,True,0.0015269396514942123
immune cells,TNPO2,0.0536417609010374,0.03597709297932134,0.01766466792171606,up_in_CKD,0.6159318936060085,1.7915244029486033,0.08330929820907396,0.7254835081241104,0.03301337987201861,0.025797691785471828,0.007215688086546785,14,18,True,0.0015164047019962156
immune cells,ZNF675,0.05497001913080484,0.03523528831840523,0.019734730812399612,up_in_CKD,0.5792352992687365,1.77519362026608,0.08835430203038892,0.7370478108631769,0.03461314717859221,0.02376103190767142,0.010852115270920788,14,18,True,0.00151466408757162
immune cells,ABHD3,0.09147973511567162,0.06910075302889426,0.022378982086777355,up_in_CKD,0.5838582456096171,1.6892773626628612,0.10153841697081445,0.7662361532266206,0.06122745782431646,0.04548540393754243,0.015742053886774028,14,18,True,0.0015109354716031287
immune cells,CLCNKB,0.062386293281069365,0.029738475910220125,0.032647817370849236,up_in_CKD,0.6107004710142581,1.5663397846037321,0.13604469518821757,0.8401960855394917,0.036212914485165795,0.017651052274270197,0.018561862210895598,14,18,True,0.001507701355468334
immune cells,MNDA,0.5901272239094243,0.5046692851587674,0.08545793875065688,up_in_CKD,0.3387087229778446,0.9218488696845021,0.36570275140904845,0.8869870501208476,0.2716695753344968,0.23693143245078072,0.0347381428837161,14,18,True,0.0015075525449358635
immune cells,FAM200B,0.20635017474295353,0.1674264193484463,0.03892375539450724,up_in_CKD,0.524040994628103,1.4507749861365697,0.15857859516056727,0.8436241225337233,0.12463641652123328,0.12152070604209098,0.003115710479142303,14,18,True,0.0015063865850320607
immune cells,GATC,0.04739477168597934,0.03159215684168177,0.01580261484429757,up_in_CKD,0.6113212693199115,1.8524120528283141,0.07523977189902369,0.6983838947247268,0.031413612565445025,0.013577732518669382,0.017835880046775644,14,18,True,0.0015061238643295425
immune cells,GATM,0.1751116962041138,0.1255156491903012,0.049596047013812594,up_in_CKD,0.4099808307841417,1.115919053513841,0.2754050433639634,0.8436241225337233,0.09424083769633508,0.07535641547861507,0.018884422217720007,14,18,True,0.001501644247316875
immune cells,ABCA5,0.061197979900344084,0.04563555078717047,0.015562429113173612,up_in_CKD,0.6180910460460884,1.8478355577841294,0.07516833619340693,0.6982068902934692,0.03999418266433973,0.03598099117447386,0.004013191489865869,14,18,True,0.0015007163520254988
immune cells,RIN2,0.09193828521028659,0.06418469269871713,0.02775359251156946,up_in_CKD,0.5766290674935597,1.6091969450915122,0.11900490184216238,0.8058257414732252,0.062245491564863295,0.05091649694501019,0.011328994619853108,14,18,True,0.0015004726136211798
immune cells,GBE1,0.04272834126352143,0.028570555147500374,0.014157786116021056,up_in_CKD,0.6531719916469768,1.8665750308282814,0.07190066601618426,0.6883750828505326,0.030104712041884817,0.024439918533604887,0.00566479350827993,14,18,True,0.0014997070316832748
immune cells,SMIM30,0.09128442225874077,0.056235129909807516,0.03504929234893325,up_in_CKD,0.5429139239042512,1.5443961571206173,0.1332262483431836,0.8342347381679611,0.06428155904595695,0.032586558044806514,0.031695001001150434,14,18,True,0.0014977857363355604
immune cells,RBL2,0.24191270021276473,0.20233067039853309,0.039582029814231645,up_in_CKD,0.5118727046965122,1.4010805525951255,0.17348542647015738,0.8436241225337233,0.14121582315299594,0.12423625254582485,0.01697957060717109,14,18,True,0.0014962924196724073
immune cells,PCED1B,0.0856644527617969,0.06258442845734524,0.023080024304451663,up_in_CKD,0.6063098568342238,1.6674673960147741,0.10759448510370172,0.7821218403539031,0.04581151832460733,0.03801765105227427,0.007793867272333062,14,18,True,0.0014934801012260386
immune cells,CDC42EP3,0.21336994749702415,0.1747698913028561,0.038600056194168036,up_in_CKD,0.5217586077190195,1.4539662497183405,0.15735415496980235,0.8436241225337233,0.13118091913903432,0.11337406653088934,0.017806852608144977,14,18,True,0.0014873528227387096
immune cells,CIAO2A,0.033705580415648514,0.0,0.033705580415648514,up_in_CKD,0.5974999212949056,1.471678411230186,0.16489841578343345,0.8436241225337233,0.04886561954624782,0.0,0.04886561954624782,14,18,True,0.0014872915314073384
immune cells,OTUD6B-AS1,0.19934889130052655,0.14824321572455693,0.05110567557596962,up_in_CKD,0.3936724659364834,1.1116197089392355,0.27552665608455545,0.8436241225337233,0.12958115183246074,0.08689748811948404,0.0426836637129767,14,18,True,0.0014858008991101368
immune cells,SRSF1,0.23379132866949576,0.20049990603953197,0.03329142262996379,up_in_CKD,0.5516318470697982,1.555423963944029,0.13085449310874556,0.8301886498200922,0.13990692262943571,0.1296673455532926,0.01023957707614312,14,18,True,0.0014842866188902908
immune cells,TRPT1,0.08780075697187724,0.0650867734015718,0.022713983570305435,up_in_CKD,0.5772487459504374,1.6799307721070744,0.10336594288985888,0.7706273732753202,0.05904595695171611,0.048879837067209775,0.010166119884506337,14,18,True,0.001483652649882688
immune cells,NFKB2,0.08060100429435402,0.054849925697758956,0.02575107859659506,up_in_CKD,0.5486597289068436,1.658273893365209,0.10898778009321919,0.7853219754870905,0.052646887725421754,0.03665987780040733,0.015987009925014423,14,18,True,0.0014828262340490748
immune cells,WDFY2,0.0884369295180136,0.06298999043467851,0.02544693908333509,up_in_CKD,0.5664361529324169,1.64133685574285,0.1111718639180998,0.7906981262394923,0.055410122164048864,0.038696537678207736,0.016713584485841128,14,18,True,0.0014700803911046202
immune cells,G3BP1,0.24018372626734236,0.1984152612076439,0.041768465059698445,up_in_CKD,0.4747850806219637,1.4316520499289118,0.16372113066586225,0.8436241225337233,0.14819662594531705,0.12898845892735913,0.01920816701795791,14,18,True,0.0014645426437444253
immune cells,C18orf25,0.06791985764280789,0.04564342449788847,0.022276433144919422,up_in_CKD,0.5620413637989962,1.7009504831691853,0.10068085522308101,0.7644548928172819,0.04159394997091332,0.031907671418873046,0.009686278552040274,14,18,True,0.0014604669502580765
immune cells,ZMYM6,0.07381930755419223,0.055539863063051795,0.01827944449114044,up_in_CKD,0.5971270723166557,1.7680437619785234,0.08753455480675804,0.7350048216110933,0.050319953461314716,0.03054989816700611,0.019770055294308607,14,18,True,0.0014594628106550937
immune cells,CNN2,0.258320869958144,0.21365873773397429,0.04466213222416973,up_in_CKD,0.44156076937941796,1.2794430644903882,0.21054872304032224,0.8436241225337233,0.1487783595113438,0.12559402579769177,0.023184333713652028,14,18,True,0.0014564191371702743
immune cells,ZNF83,0.07464598731933306,0.0550680228421095,0.019577964477223556,up_in_CKD,0.6064109469544695,1.7167261706650279,0.09672074557850663,0.7544535068635887,0.04610238510762071,0.04073319755600815,0.005369187551612559,14,18,True,0.0014527829073875283
immune cells,YWHAH,0.4599438366641685,0.4069428953420487,0.0530009413221198,up_in_CKD,0.3709493250633045,1.0556279707322211,0.2997577270075377,0.8436241225337233,0.24374636416521234,0.2172437202987101,0.026502643866502223,14,18,True,0.0014519598613242195
immune cells,LINC00926,0.07508975862370867,0.03784630883901079,0.03724344978469789,up_in_CKD,0.527878031997244,1.4877005175280182,0.14780321084973147,0.8436241225337233,0.032140779522978474,0.03394433129667346,-0.0018035517736949835,14,18,True,0.0014519107921999708
immune cells,REEP3,0.11314378817565876,0.09403202789561295,0.01911176028004581,up_in_CKD,0.58269310615442,1.750475807517122,0.09118164539476797,0.7421920399598129,0.07722513089005235,0.07739307535641547,-0.000167944466363118,14,18,True,0.001441968244726643
immune cells,SKI,0.07899474116183616,0.05977297653132739,0.019221764630508772,up_in_CKD,0.5760500677540553,1.7618893003827343,0.09044918574370914,0.741125480520822,0.0477021524141943,0.04005431093007468,0.007647841484119622,14,18,True,0.0014406495220382293
immune cells,QRICH1,0.07567141887329541,0.05796209474160657,0.017709324131688846,up_in_CKD,0.6021008522377326,1.7708767712455373,0.08688375684444692,0.7340514515217214,0.04581151832460733,0.04684317718940937,-0.0010316588648020403,14,18,True,0.0014317313429786946
immune cells,CHMP3,0.2134258122741944,0.1775211658931358,0.035904646381058614,up_in_CKD,0.5389802248716923,1.5119467370297413,0.14173232632592614,0.8436241225337233,0.13510762070971494,0.13306177868295996,0.0020458420267549793,14,18,True,0.0014291569563710243
immune cells,FAM208A,0.16734376564864248,0.13228832613009564,0.03505543951854684,up_in_CKD,0.5514565526858709,1.4675750414415556,0.15694456371684998,0.8436241225337233,0.08086096567771961,0.0923285811269518,-0.011467615449232194,14,18,True,0.001427654638450554
immune cells,APOBEC3D,0.03896967875193702,0.019011870037786382,0.01995780871415064,up_in_CKD,0.6262848190436686,1.6981513509983233,0.10257683813796875,0.7690133396450165,0.031268179173938336,0.018329938900203666,0.01293824027373467,14,18,True,0.0014257436138392179
immune cells,ADNP,0.17585278912897734,0.1382228092520639,0.03762997987691344,up_in_CKD,0.50594519068338,1.5332505313657185,0.13718198298950657,0.8430076117419463,0.10587550901687028,0.09572301425661914,0.010152494760251138,14,18,True,0.0014120724417422596
immune cells,APOBR,0.056387543838810825,0.03853002405456939,0.017857519784241438,up_in_CKD,0.5837668357337199,1.7846720562382299,0.08655173343758688,0.7331809916156607,0.03883071553228621,0.024439918533604887,0.014390796998681323,14,18,True,0.0014051231058292476
immune cells,SCAMP4,0.051674718488179394,0.035502741405340425,0.01617197708283897,up_in_CKD,0.5950625448181992,1.8214102837467094,0.08073021206556219,0.716104493912249,0.036794648051192556,0.02376103190767142,0.013033616143521137,14,18,True,0.0013956111054217572
immune cells,GRK3,0.11923569032627611,0.07869788888230442,0.04053780144397169,up_in_CKD,0.4655578116340448,1.2972811364929426,0.20539125958898682,0.8436241225337233,0.07649796393251891,0.0461642905634759,0.03033367336904301,14,18,True,0.0013937672381158497
immune cells,PLP2,0.3654245748757636,0.31095161548777506,0.05447295938798852,up_in_CKD,0.3456702180806947,0.9845731275422437,0.33287137454438526,0.8436241225337233,0.2152414194299011,0.22335369993211135,-0.008112280502210245,14,18,True,0.001390590878267892
immune cells,IFI27,0.07669853134746021,0.036032491444653064,0.04066603990280715,up_in_CKD,0.46301591453026764,1.1765502383366342,0.25688246988004515,0.8436241225337233,0.03315881326352531,0.020366598778004074,0.012792214485521234,14,18,True,0.001390542424972556
immune cells,AC244090.1,0.06711254769488909,0.0399183803247674,0.02719416737012169,up_in_CKD,0.558940125938579,1.593738747164507,0.12167046129916967,0.8101930856885396,0.050465386852821405,0.02172437202987101,0.028741014822950394,14,18,True,0.0013894462005449159
immune cells,TRAPPC8,0.07130844817960717,0.054257185907602104,0.01705126227200507,up_in_CKD,0.6072965403473882,1.7695899210621657,0.08697692447182465,0.7344806102061622,0.046829552065154156,0.042090970807875085,0.004738581257279072,14,18,True,0.0013877967590141798
immune cells,ARL16,0.17604004815129803,0.13876284582750378,0.03727720232379425,up_in_CKD,0.503913550146466,1.5044934760067983,0.14354170388885262,0.8436241225337233,0.10543920884235021,0.09640190088255261,0.009037307959797597,14,18,True,0.0013872533746972363
immune cells,GNG10,0.05385304486935301,0.01905651812607223,0.03479652674328078,up_in_CKD,0.5392602447047448,1.3413501304257334,0.2014924672470973,0.8436241225337233,0.06399069226294357,0.012898845892735914,0.05109184637020766,14,18,True,0.0013857686860883486
immune cells,RABEP2,0.05457787616863537,0.035828849160155676,0.01874902700847969,up_in_CKD,0.6287131134196376,1.7112090189071452,0.09982344658515122,0.7631081415583122,0.032867946480511924,0.02987101154107264,0.002996934939439283,14,18,True,0.0013840469261042015
immune cells,HIKESHI,0.1349041434401457,0.09420636762099395,0.04069777581915175,up_in_CKD,0.4559952433281187,1.3157504790046615,0.1982407544936095,0.8436241225337233,0.09336823734729494,0.06042090970807875,0.032947327639216185,14,18,True,0.0013705264771391656
immune cells,RARRES2,0.0570297570791505,0.02326527085483002,0.033764486224320475,up_in_CKD,0.5466045172875342,1.399319765488519,0.18025774545823528,0.8436241225337233,0.03374054682955206,0.016293279022403257,0.017447267807148805,14,18,True,0.001362981009095968
immune cells,MR1,0.11505279821991259,0.08984534891443069,0.025207449305481897,up_in_CKD,0.5454822030680023,1.6337076200071166,0.1135534507825266,0.7961061711572878,0.07562536358347877,0.05702647657841141,0.018598887005067358,14,18,True,0.0013616701707607262
immune cells,CXXC5,0.12847392301650304,0.09371333010137457,0.034760592915128466,up_in_CKD,0.5297020310512274,1.467447047119696,0.15398670967551403,0.8436241225337233,0.07111692844677138,0.06788866259334692,0.003228265853424464,14,18,True,0.0013598006872259432
immune cells,MTG2,0.049857524918720315,0.03305560635782916,0.016801918560891152,up_in_CKD,0.6061357213100658,1.756896601845203,0.08913911338405009,0.7380111742835125,0.030831878999418267,0.02376103190767142,0.007070847091746848,14,18,True,0.0013436791080779675
immune cells,GPS2,0.1331258025082974,0.09627695733005724,0.03684884517824015,up_in_CKD,0.4936963842955604,1.381227859982904,0.1782263728462779,0.8436241225337233,0.09933100639906922,0.06381534283774609,0.03551566356132313,14,18,True,0.001343508043743805
immune cells,KDM3B,0.09667117902984725,0.07476747879069065,0.021903700239156595,up_in_CKD,0.55642458264416,1.67289319148284,0.10572755313740743,0.7761587151722565,0.058027923211169286,0.058384249830278345,-0.0003563266191090597,14,18,True,0.0013412561254255463
immune cells,SENP6,0.1994058595956653,0.16790173682873,0.031504122766935316,up_in_CKD,0.5201757294714182,1.5605562903948969,0.12998575146063282,0.8283305244266564,0.12929028504944734,0.1296673455532926,-0.0003770605038452557,14,18,True,0.0013404521560755275
immune cells,EIF2S3,0.45026262790831123,0.40352699634034306,0.04673563156796817,up_in_CKD,0.3867537156614819,1.1060695199934054,0.2775973942454291,0.8436241225337233,0.2792321116928447,0.2742701968771215,0.004961914815723167,14,18,True,0.001334870247337823
immune cells,MUM1,0.08457152067849275,0.057336629361764896,0.02723489131672785,up_in_CKD,0.5525990329396758,1.5799071811962344,0.12475248210093573,0.8159192758921565,0.04653868528214078,0.04955872369314324,-0.003020038411002464,14,18,True,0.0013297074962466072
immune cells,TNFAIP8,0.42346989393343776,0.3785352076977113,0.04493468623572644,up_in_CKD,0.40052655169402634,1.0912532193725606,0.2858385399231851,0.8436241225337233,0.25072716695753344,0.241683638832315,0.009043528125218442,14,18,True,0.0013291361422476998
immune cells,SMARCD2,0.08461811468901617,0.061327910503775396,0.023290204185240776,up_in_CKD,0.5586450886726683,1.6442479033437496,0.11072532182228462,0.7904687972988667,0.058900523560209424,0.051595383570943655,0.007305139989265769,14,18,True,0.0013286174893782634
immune cells,SNHG1,0.030297235172917547,0.0,0.030297235172917547,up_in_CKD,0.5935413734817931,1.4619282687636324,0.167510703730183,0.8436241225337233,0.039848749272833044,0.0,0.039848749272833044,14,18,True,0.001328037804007181
immune cells,RIOK1,0.05874517846598564,0.04468453003698957,0.01406064842899607,up_in_CKD,0.6326760449574351,1.8170849184034166,0.07926778367110364,0.7116727512118189,0.03868528214077952,0.03598099117447386,0.0027042909663056586,14,18,True,0.001314089806554823
immune cells,CCDC126,0.05244856570404884,0.03526331010893448,0.017185255595114364,up_in_CKD,0.5914634334516208,1.7441122314500406,0.09157965683764507,0.7426297003840271,0.03388598022105876,0.019008825526137134,0.014877154694921624,14,18,True,0.0013135283869135418
immune cells,CSNK1A1,0.35893395101863074,0.31892658184187844,0.040007369176752294,up_in_CKD,0.44404556072088863,1.3970785599854956,0.17799353539495139,0.8436241225337233,0.22251308900523561,0.23421588594704684,-0.011702796941811228,14,18,True,0.0013119701948600437
immune cells,UBQLN2,0.06739344098487769,0.04520983505243499,0.0221836059324427,up_in_CKD,0.5464302544767214,1.6754094573869536,0.10667680583154543,0.7795774458481878,0.04377545084351367,0.031228784792939578,0.012546666050574092,14,18,True,0.0013108596401216449
immune cells,CANX,0.41975440497589167,0.3824961096239141,0.037258295351977555,up_in_CKD,0.47569022188963334,1.3858949109435963,0.17601066109282168,0.8436241225337233,0.25523560209424084,0.24711473183978275,0.008120870254458096,14,18,True,0.0013088915016233565
immune cells,OIP5-AS1,0.029989367732354805,0.0,0.029989367732354805,up_in_CKD,0.5907943896988592,1.4551622817144927,0.16934382482616095,0.8436241225337233,0.041884816753926704,0.0,0.041884816753926704,14,18,True,0.0013084589875436287
immune cells,ALDH1A1,0.08570733380800757,0.04847396123399437,0.037233372574013206,up_in_CKD,0.47561638657296734,1.2664317197721424,0.21909247696681913,0.8436241225337233,0.04799301919720768,0.031228784792939578,0.0167642344042681,14,18,True,0.001307812932750366
immune cells,GSTM3,0.10688375928370819,0.06697037833869374,0.039913380945014454,up_in_CKD,0.4427721977401389,1.152978679446889,0.2636904573885643,0.8436241225337233,0.060063990692262946,0.038696537678207736,0.02136745301405521,14,18,True,0.0013051345985837057
immune cells,SNX3,0.6625916651984228,0.6118879455970232,0.05070371960139963,up_in_CKD,0.34831607982658247,1.0064780770067394,0.3222418279101418,0.8436241225337233,0.36067481093659104,0.3788187372708758,-0.018143926334284743,14,18,True,0.0013042768518800878
immune cells,AQP3,0.15408317785402634,0.10791961225764131,0.04616356559638503,up_in_CKD,0.3822601531279686,1.0380360830975235,0.30964208824051953,0.8436241225337233,0.07882489819662594,0.06109979633401222,0.017725101862613724,14,18,True,0.00130321124158897
immune cells,ANKHD1,0.047590015623728,0.024705596036390692,0.022884419587337307,up_in_CKD,0.6146539861247187,1.622375551385604,0.12033619201262266,0.808203286017729,0.04290285049447353,0.019008825526137134,0.023894024968336397,14,18,True,0.0013008150473835065
immune cells,TMCO3,0.05668428453071763,0.039188911416966316,0.017495373113751315,up_in_CKD,0.5801285120070222,1.7382062205682935,0.09321971131258293,0.7454360352535206,0.036794648051192556,0.03054989816700611,0.006244749884186447,14,18,True,0.0012949790795698563
immune cells,GLTP,0.17157488192330553,0.13883076704853414,0.032744114874771385,up_in_CKD,0.5351005059600001,1.4554426602579262,0.15843727316381548,0.8436241225337233,0.09991273996509599,0.10658520027155464,-0.006672460306458655,14,18,True,0.0012939725379847008
immune cells,YPEL3,0.5609834695440821,0.5124861477235653,0.0484973218205168,up_in_CKD,0.3603032319142362,0.9853880475590315,0.333920372782336,0.8436241225337233,0.3190808609656777,0.3231500339443313,-0.004069172978653557,14,18,True,0.0012904534896540584
immune cells,ZFPL1,0.07525133369262531,0.059476300970414946,0.015775032722210362,up_in_CKD,0.5954281922646615,1.7857645273674159,0.08507864808584233,0.729242788723809,0.046829552065154156,0.0461642905634759,0.0006652615016782548,14,18,True,0.0012880281387302923
immune cells,SCAMP1,0.0807328041935115,0.057138455312187336,0.023594348881324168,up_in_CKD,0.5380644160855218,1.652121141090356,0.11150915434753096,0.7917961400242144,0.050465386852821405,0.04412763068567549,0.006337756167145915,14,18,True,0.001287131480705057
immune cells,SRP9,0.5951017228812485,0.5431103168360262,0.051991406045222344,up_in_CKD,0.3339905800890623,0.9790156405832964,0.33546399949679645,0.8436241225337233,0.33391506689936007,0.33740665308893414,-0.0034915861895740696,14,18,True,0.0012823962021326438
immune cells,A1BG,0.2306373465988345,0.19227712748612535,0.03836021911270915,up_in_CKD,0.45259477093734657,1.3111604696221533,0.19975183442604352,0.8436241225337233,0.14354275741710296,0.14867617107942974,-0.00513341366232678,14,18,True,0.0012821742590002048
immune cells,ELP5,0.15124399592478058,0.12060850866421943,0.030635487260561145,up_in_CKD,0.565510616236985,1.5348485262379945,0.1379943840287068,0.8436241225337233,0.08944153577661432,0.08486082824168364,0.0045807075349306725,14,18,True,0.0012794461064432787
immune cells,EI24,0.09978104280893944,0.07606228349925685,0.02371875930968259,up_in_CKD,0.5430946705001224,1.627161586063474,0.11496171820885279,0.7962072812478791,0.06835369400814427,0.06177868295994569,0.006575011048198583,14,18,True,0.0012749348596782636
immune cells,ST13,0.5931660135861582,0.5498008427018776,0.0433651708842806,up_in_CKD,0.3970913380142068,1.1819205433293316,0.2469658787765889,0.8436241225337233,0.32824316463059916,0.3408010862186015,-0.012557921588002341,14,18,True,0.0012717095078250403
immune cells,MINK1,0.049621680128152455,0.03347950670034918,0.016142173427803275,up_in_CKD,0.6043052831946832,1.7464322452239252,0.0909771879554634,0.7412511820234197,0.030977312390924956,0.02240325865580448,0.008574053735120477,14,18,True,0.0012684616157129993
immune cells,TARBP1,0.045900295660662484,0.030806370107794842,0.015093925552867642,up_in_CKD,0.6051422562856432,1.785129962091609,0.08456298758850542,0.72648673860692,0.03243164630599186,0.027155465037338764,0.005276181268653094,14,18,True,0.001267542407417909
immune cells,FAAP20,0.21057547970173582,0.1625275401965138,0.048047939505222015,up_in_CKD,0.3570503619396819,1.0254419394030485,0.31340251313217105,0.8436241225337233,0.13394415357766143,0.08418194161575017,0.04976221196191126,14,18,True,0.0012669535368003348
immune cells,TAPT1,0.052683488273471,0.03583382641795557,0.01684966185551543,up_in_CKD,0.592626908811978,1.730396010647973,0.09386909988760349,0.7467111189268522,0.030250145433391506,0.026476578411405296,0.00377356702198621,14,18,True,0.0012666425243528497
immune cells,PSMA6,0.09610898374284389,0.05656460115842454,0.03954438258441935,up_in_CKD,0.432285757492843,1.1011973695195107,0.2871314432096765,0.8436241225337233,0.09991273996509599,0.03937542430414121,0.06053731566095478,14,18,True,0.001262444134223905
immune cells,IMPA2,0.100680598256628,0.06862564716142834,0.032054951095199666,up_in_CKD,0.5326521987514122,1.393783444354336,0.1794977300375365,0.8436241225337233,0.06253635834787667,0.05431093007467753,0.008225428273199144,14,18,True,0.0012609425069765676
immune cells,RTL8A,0.06530717653896781,0.039730751081732525,0.025576425457235284,up_in_CKD,0.5410625907425621,1.5884487295064538,0.12277953150782875,0.8112375317730381,0.04552065154159395,0.027155465037338764,0.01836518650425519,14,18,True,0.0012572501040512783
immune cells,BDH2,0.08939932817328178,0.06501636558638542,0.02438296258689636,up_in_CKD,0.5660122221550837,1.5928334515822677,0.12227639556930035,0.8110590441185644,0.059482257126236185,0.0461642905634759,0.013317966562760283,14,18,True,0.0012551718284120644
immune cells,C17orf49,0.07329441769775856,0.038163068055255094,0.035131349642503466,up_in_CKD,0.48239987912471727,1.2244591495279573,0.23893361219940906,0.8436241225337233,0.08013379872018615,0.027155465037338764,0.05297833368284739,14,18,True,0.0012515795753682136
immune cells,YDJC,0.1654683123154622,0.1331613645920347,0.03230694772342749,up_in_CKD,0.5227860690841889,1.4547563074201337,0.15720775229876105,0.8436241225337233,0.10136707388016289,0.09843856076035302,0.002928513119809864,14,18,True,0.0012473156678861378
immune cells,LEMD2,0.06056748728573869,0.04333700851514272,0.01723047877059597,up_in_CKD,0.5844114088009684,1.7191237884321346,0.09604220844364363,0.7526343457458536,0.036940081442699245,0.031228784792939578,0.005711296649759667,14,18,True,0.0012427603274163036
immune cells,CHCHD10,0.6529031579575629,0.6096981309317725,0.04320502702579043,up_in_CKD,0.3891481207295652,1.101551278189334,0.2797411476939603,0.8436241225337233,0.35238510762070974,0.36320434487440595,-0.010819237253696212,14,18,True,0.0012416684929657863
immune cells,CALR,0.7492021079675287,0.6902331934757848,0.05896891449174391,up_in_CKD,0.3361081277206822,0.9489759341776075,0.3505578630521047,0.8663480113284485,0.3840895869691681,0.384928716904277,-0.0008391299351088732,14,18,True,0.0012349327008234435
immune cells,DGKE,0.050025849923633396,0.03215123043218006,0.017874619491453338,up_in_CKD,0.5921157329890292,1.6920639147509537,0.10114204631708022,0.7645967538098541,0.030541012216404886,0.02240325865580448,0.008137753560600407,14,18,True,0.001233732699031963
immune cells,SAR1B,0.16432510637613323,0.14239456442391896,0.021930541952214277,up_in_CKD,0.5602033319328719,1.6334712113163703,0.11284443685502892,0.7943017664323765,0.10732984293193717,0.10726408689748812,6.575603444905487e-05,14,18,True,0.0012287340593948367
immune cells,TRABD,0.34814557662626644,0.3079102670360283,0.04023530959023813,up_in_CKD,0.41296945192248063,1.1603206732295273,0.25564090962383035,0.8436241225337233,0.20826061663758,0.20027155465037338,0.007989061987206614,14,18,True,0.0012271049759221848
immune cells,WAPL,0.1527210693215828,0.11088690321716145,0.04183416610442135,up_in_CKD,0.396965299251205,1.1469986202578495,0.2604557151067739,0.8436241225337233,0.0983129726585224,0.055668703326544465,0.04264426933197794,14,18,True,0.0012264224830748935
immune cells,DHX9,0.15721564397196516,0.12770991240734342,0.029505731564621746,up_in_CKD,0.5282030457175123,1.5432714125858653,0.13328947975185557,0.834281783216949,0.0968586387434555,0.09097080787508487,0.005887830868370636,14,18,True,0.0012263419834340837
immune cells,UPK3BL1,0.037704673559767976,0.00857810054580928,0.029126573013958698,up_in_CKD,0.569977746087592,1.4630623845407797,0.16194762978171037,0.8436241225337233,0.04552065154159395,0.002036659877800407,0.04348399166379355,14,18,True,0.0012260374365480303
immune cells,COMMD8,0.24330941361132355,0.21243905396171953,0.030870359649604023,up_in_CKD,0.5130256247745733,1.542264445312064,0.1344730610856627,0.8368949520903388,0.15372309482257127,0.14731839782756279,0.00640469699500848,14,18,True,0.0012246822723656573
immune cells,NMT1,0.2257082020047561,0.1887046358315314,0.0370035661732247,up_in_CKD,0.44782550337632443,1.2726374599898618,0.21317781656539725,0.8436241225337233,0.13656195462478185,0.12695179904955872,0.009610155575223128,14,18,True,0.001223795483114268
immune cells,RETREG2,0.0993597561539569,0.06702155517602766,0.032338200977929235,up_in_CKD,0.511859936081363,1.4691659054470678,0.1522687440120253,0.8436241225337233,0.06631762652705062,0.0373387644263408,0.028978862100709817,14,18,True,0.001222428415042527
immune cells,CCDC58,0.0514221268774562,0.035856394639187675,0.015565732238268522,up_in_CKD,0.6114890538359831,1.73831843772305,0.09267230118201132,0.7442457394498447,0.031122745782431648,0.031228784792939578,-0.00010603901050793008,14,18,True,0.001221038975177392
immune cells,ADO,0.042685879825123244,0.02712476195322445,0.015561117871898792,up_in_CKD,0.5853183851434033,1.7775335916853716,0.08722143987256611,0.7345733202806021,0.030541012216404886,0.02240325865580448,0.008137753560600407,14,18,True,0.0012201797634345207
immune cells,NOC4L,0.06030924014188532,0.0421151885444302,0.018194051597455123,up_in_CKD,0.5884357416505052,1.6841358705517486,0.1026505327098509,0.7692566194182036,0.03650378126817917,0.03665987780040733,-0.00015609653222815878,14,18,True,0.0012197247287538489
immune cells,TEX30,0.05561024488790296,0.03808508166042764,0.01752516322747532,up_in_CKD,0.5935321131369169,1.6950558289214508,0.10057941895466598,0.7644548928172819,0.03432228039557882,0.03054989816700611,0.003772382228572714,14,18,True,0.0012133444108762444
immune cells,TP53I13,0.2222488472258938,0.18656419749942305,0.03568464972647076,up_in_CKD,0.46017398134294674,1.2898234319530488,0.20767732617454096,0.8436241225337233,0.12899941826643396,0.13034623217922606,-0.0013468139127920942,14,18,True,0.001212718325534568
immune cells,YWHAG,0.18934455583646817,0.15534360897376157,0.034000946862706605,up_in_CKD,0.4821211672161653,1.3410424407070265,0.19104511551988138,0.8436241225337233,0.12158231529959279,0.10726408689748812,0.014318228402104671,14,18,True,0.0012106083172668356
immune cells,PTOV1,0.09847827850652668,0.06753933408676778,0.030938944419758904,up_in_CKD,0.5282034309452195,1.5126302701543,0.14094496911597626,0.8436241225337233,0.060063990692262946,0.04752206381534284,0.012541926876920108,14,18,True,0.0012068773940811049
immune cells,SPCS3,0.49139061519967875,0.4485603991871975,0.04283021601248127,up_in_CKD,0.3806414472550435,1.0567017783827863,0.30006466693766837,0.8436241225337233,0.28868528214077954,0.27155465037338766,0.01713063176739188,14,18,True,0.0012039897321945911
immune cells,SUGP2,0.1284619565007687,0.10543138324579139,0.023030573254977302,up_in_CKD,0.551984507045543,1.6069903739753215,0.11854328868033234,0.8049964364218714,0.08086096567771961,0.07060420909708079,0.01025675658063882,14,18,True,0.0011975961599350324
immune cells,KPNA4,0.18680640346990846,0.15402360534270987,0.03278279812719859,up_in_CKD,0.49182104903642576,1.5049039827016677,0.1450540567707244,0.8436241225337233,0.11343804537521815,0.10454854039375425,0.008889504981463903,14,18,True,0.0011907197953435846
immune cells,UBE2N,0.34682200903273824,0.3093247880382388,0.037497220994499425,up_in_CKD,0.42833224126531294,1.2660335717093978,0.21549111176042424,0.8436241225337233,0.20767888307155322,0.22063815342837745,-0.012959270356824232,14,18,True,0.001186140925200266
immune cells,ELAVL1,0.14702551548932688,0.12327710454724053,0.02374841094208635,up_in_CKD,0.5338664610546504,1.608179642389585,0.11936965173120621,0.8063812509005513,0.09205933682373472,0.09640190088255261,-0.004342564058817888,14,18,True,0.0011849254069673121
immune cells,VAT1,0.05180929261638889,0.03366781193549978,0.01814148068088911,up_in_CKD,0.5585644499238369,1.703396732634734,0.10078545992482633,0.7644548928172819,0.03592204770215241,0.027155465037338764,0.008766582664813647,14,18,True,0.0011820172726175417
immune cells,SMARCB1,0.15421574695772117,0.12102803500023368,0.03318771195748749,up_in_CKD,0.4792606119784571,1.351230711250966,0.18722893926671683,0.8436241225337233,0.08798720186154742,0.09368635437881874,-0.005699152517271322,14,18,True,0.0011746419117350001
immune cells,OXR1,0.13092582623434967,0.1058884942507209,0.02503733198362877,up_in_CKD,0.5354052068026257,1.5773015457508597,0.12539525120313555,0.8180253192491671,0.08333333333333333,0.0814663951120163,0.0018669382213170327,14,18,True,0.0011693720551618951
immune cells,CAPZA1,0.5690922537173883,0.51691605084179,0.05217620287559821,up_in_CKD,0.3397684737084969,0.9582836332784864,0.3459529066830978,0.8598963520451312,0.3436591041303083,0.3258655804480652,0.01779352368224313,14,18,True,0.001162128201464861
immune cells,VPS8,0.07064838719206287,0.052396923650442566,0.018251463541620307,up_in_CKD,0.5488718810382862,1.711527023249647,0.10154488826741138,0.7662361532266206,0.0462478184991274,0.031907671418873046,0.014340147080254356,14,18,True,0.0011584221364505684
immune cells,LPCAT3,0.05100020746381597,0.037669585375917816,0.013330622087898154,up_in_CKD,0.5981324051489747,1.8165827297508288,0.08087298907172735,0.7163808969851052,0.03374054682955206,0.029192124915139173,0.0045484219144128896,14,18,True,0.001155006020218371
immune cells,SIPA1L3,0.04789257472254836,0.03411800884829378,0.013774565874254581,up_in_CKD,0.6030380171809846,1.786046767739384,0.08452189893714447,0.72648673860692,0.03243164630599186,0.02987101154107264,0.0025606347649192174,14,18,True,0.0011527242426877693
immune cells,WBP2,0.1805966123840605,0.15208543549439674,0.02851117688966376,up_in_CKD,0.5465898516411067,1.5163729098125438,0.1411494665109793,0.8436241225337233,0.11649214659685864,0.12152070604209098,-0.005028559445232339,14,18,True,0.0011508882366186351
immune cells,RBBP4,0.2956660372492035,0.2564381145880684,0.03922792266113506,up_in_CKD,0.39468604364057414,1.1455998593580825,0.2610180156098088,0.8436241225337233,0.17539267015706805,0.16021724372029872,0.015175426436769335,14,18,True,0.0011434140453309163
immune cells,ABCD3,0.0548097558995992,0.03834431894578031,0.016465436953818892,up_in_CKD,0.5766474958609195,1.7059807630234376,0.09863580364959819,0.7589573769095457,0.039121582315299594,0.034623217922606926,0.004498364392692668,14,18,True,0.0011373063266700892
immune cells,ACSL4,0.154070619725502,0.1221786975352881,0.03189192219021392,up_in_CKD,0.4807264157786617,1.3263040311308705,0.19624856512769231,0.8436241225337233,0.09365910413030831,0.0835030549898167,0.010156049140491619,14,18,True,0.001132231218934957
immune cells,SNHG14,0.025575571496898927,0.0,0.025575571496898927,up_in_CKD,0.5976081000516562,1.471944862044972,0.1648275113191497,0.8436241225337233,0.03534031413612566,0.0,0.03534031413612566,14,18,True,0.0011287513034268762
immune cells,IFNAR1,0.20397163546955016,0.1750041462738668,0.02896748919568337,up_in_CKD,0.5260541303609295,1.4856473984959913,0.14826935456715895,0.8436241225337233,0.1342350203606748,0.12219959266802444,0.012035427692650369,14,18,True,0.001125376212366234
immune cells,PGGHG,0.08429512222422073,0.05435016924453224,0.029944952979688487,up_in_CKD,0.5076218296793141,1.4599750388483697,0.15473667785605094,0.8436241225337233,0.05075625363583479,0.028513238289205704,0.022243015346629084,14,18,True,0.0011225879293282634
immune cells,AC010642.2,0.07300653910576661,0.04421079071344608,0.028795748392320533,up_in_CKD,0.527724802417616,1.497580501980443,0.1450039686912069,0.8436241225337233,0.057446189645142524,0.02308214528173795,0.034364044363404574,14,18,True,0.0011222569888882565
immune cells,PLAAT3,0.02545885962364397,0.0,0.02545885962364397,up_in_CKD,0.5925306131185837,1.45943870491191,0.16818325947570684,0.8436241225337233,0.03432228039557882,0.0,0.03432228039557882,14,18,True,0.001114053845452607
immune cells,SLC16A7,0.11373377664785746,0.08451644460676688,0.029217332041090574,up_in_CKD,0.5151925674006647,1.4935896196877272,0.1457270130330457,0.8436241225337233,0.07024432809773123,0.048879837067209775,0.02136449103052146,14,18,True,0.0011116461994674716
immune cells,TMED2,0.35328916824751866,0.31720796404113044,0.03608120420638822,up_in_CKD,0.4168265150178405,1.209675733933891,0.2358501705617709,0.8436241225337233,0.21611401977894124,0.19891378139850646,0.017200238380434774,14,18,True,0.0011106898510469185
immune cells,SPATS2L,0.066944952840626,0.0495884003343316,0.0173565525062944,up_in_CKD,0.5797922208085148,1.6679152286309298,0.10578302266089085,0.7763103944835555,0.049011052937754505,0.041412084181941616,0.007598968755812889,14,18,True,0.0011065951040970525
immune cells,ZYX,0.30374540252487636,0.26269387837569325,0.041051524149183116,up_in_CKD,0.3637958067205691,1.0181922658367508,0.31736508148214687,0.8436241225337233,0.18659104130308318,0.16021724372029872,0.026373797582784464,14,18,True,0.001102918489853455
immune cells,INTS11,0.09088685491450918,0.05977721390732449,0.03110964100718469,up_in_CKD,0.4795096714904713,1.387789195728531,0.1754259667127075,0.8436241225337233,0.05991855730075625,0.04073319755600815,0.019185359744748103,14,18,True,0.0011016631256650113
immune cells,PRKAA1,0.11690552086461761,0.09086269390243579,0.026042826962181825,up_in_CKD,0.5146555362707375,1.567146508927962,0.12941997405171385,0.8276233276827647,0.07489819662594532,0.06653088934147998,0.008367307284465345,14,18,True,0.0011012949995086389
immune cells,PAN3,0.15874369939762464,0.12935939645808145,0.029384302939543194,up_in_CKD,0.5066092308630729,1.5062515175004527,0.1429205759015127,0.8436241225337233,0.09933100639906922,0.08961303462321792,0.009717971775851306,14,18,True,0.001099372664052831
immune cells,TMEM204,0.05189191512136648,0.0329422117680995,0.018949703353266983,up_in_CKD,0.5799734845980852,1.6357387296780048,0.11285679437324073,0.7943017664323765,0.03577661431064572,0.027834351663272233,0.00794226264737349,14,18,True,0.0010991915965179906
immune cells,PTBP2,0.10102879612102753,0.07959934400954197,0.02142945211148556,up_in_CKD,0.5461536485104735,1.6056818569775868,0.11895715717700987,0.805781116243758,0.06297265852239674,0.055668703326544465,0.007303955195852273,14,18,True,0.0010976139873452163
immune cells,SEPHS2,0.15479688313140422,0.12237491971698738,0.03242196341441683,up_in_CKD,0.4580981300148119,1.3479751510266464,0.18790618686694044,0.8436241225337233,0.09700407213496219,0.08689748811948404,0.010106584015478148,14,18,True,0.001096867763314002
immune cells,SPCS2,0.6515578653652917,0.6119986386261236,0.03955922673916812,up_in_CKD,0.3751168515887413,1.0472700610956844,0.3040854002843705,0.8436241225337233,0.3742001163467132,0.38085539714867617,-0.006655280801962982,14,18,True,0.0010958997075866856
immune cells,NHLRC3,0.1403122532179029,0.11495497873333774,0.02535727448456515,up_in_CKD,0.5189207020274672,1.567609149707349,0.12873786153388336,0.8255863529461591,0.09002326934264107,0.08486082824168364,0.005162441100957427,14,18,True,0.0010952734706758842
immune cells,AP1G1,0.12328482670622443,0.09628485201393092,0.02699997469229351,up_in_CKD,0.5212805949949856,1.5411377558482344,0.13403956957353974,0.8360172962464095,0.07969749854566609,0.0658520027155465,0.013845495830119584,14,18,True,0.0010947861771864091
immune cells,CDK10,0.10600817224131091,0.07658433202224284,0.029423840219068076,up_in_CKD,0.5029263940891597,1.472207399921046,0.15144220926984076,0.8436241225337233,0.06442699243746364,0.04684317718940937,0.017583815248054267,14,18,True,0.0010928491642723677
immune cells,CIC,0.05644082520579247,0.04216212043232397,0.0142787047734685,up_in_CKD,0.5939227082062086,1.7386075672804364,0.09242137410619385,0.7442457394498447,0.03853984874927283,0.02987101154107264,0.008668837208200192,14,18,True,0.0010879026353637486
immune cells,FOXK1,0.05279103151210281,0.040469572378034585,0.012321459134068222,up_in_CKD,0.5914088431045136,1.8509435385181245,0.07858790492789201,0.7097322583285006,0.036940081442699245,0.03394433129667346,0.002995750146025787,14,18,True,0.0010850770127924228
immune cells,C2orf68,0.06779466752147946,0.05167828736508672,0.01611638015639274,up_in_CKD,0.5790054728304761,1.6881893618349775,0.10176658944607611,0.7664244401327055,0.047556719022687606,0.034623217922606926,0.01293350110008068,14,18,True,0.0010780711056572675
immune cells,PRR13,0.5333465352849995,0.49317591213205486,0.04017062315294467,up_in_CKD,0.36255178495702833,1.0552631120818545,0.2997376238121453,0.8436241225337233,0.3046829552065154,0.31093007467752887,-0.006247119471013474,14,18,True,0.0010755610315467982
immune cells,SHFL,0.024508796704429913,0.0,0.024508796704429913,up_in_CKD,0.592182932958072,1.4585823476673283,0.16841512770751843,0.8436241225337233,0.03170447934845841,0.0,0.03170447934845841,14,18,True,0.001071850755946305
immune cells,VAV1,0.0976962238551107,0.07171015303524471,0.025986070819865995,up_in_CKD,0.5127861284751155,1.558368388729452,0.13133091409845138,0.8309959223685279,0.059482257126236185,0.05295315682281059,0.006529100303425593,14,18,True,0.0010713686052204706
immune cells,ATP2C1,0.08307753240585722,0.06439047386371519,0.018687058542142032,up_in_CKD,0.5525934355581863,1.6511033677437745,0.10981541024162604,0.7876122653306564,0.055410122164048864,0.04955872369314324,0.005851398470905621,14,18,True,0.001070713291011437
immune cells,ST8SIA4,0.14824782755099988,0.12062726156101627,0.02762056598998361,up_in_CKD,0.5240144574071279,1.4980780329654184,0.14469992045222216,0.8436241225337233,0.09860383944153578,0.09029192124915139,0.008311918192384388,14,18,True,0.0010688882067659137
immune cells,C19orf12,0.05673295465378823,0.040662341724024796,0.01607061292976343,up_in_CKD,0.5689406335344878,1.6959335590128701,0.10081316028619888,0.7644548928172819,0.039848749272833044,0.02987101154107264,0.009977737731760403,14,18,True,0.0010665401124116476
immune cells,TRA2A,0.35846242779197507,0.3198019217725669,0.03866050601940818,up_in_CKD,0.37239374447402834,1.0439865038501088,0.30542632352411003,0.8436241225337233,0.22164048865619546,0.2043448744059742,0.017295614250221247,14,18,True,0.0010632278738547081
immune cells,DUSP23,0.247499453193148,0.21347069916736902,0.034028754025778984,up_in_CKD,0.42261911897412435,1.2947684076493158,0.2075007544186786,0.8436241225337233,0.1678301337987202,0.14799728445349628,0.01983284934522392,14,18,True,0.0010620663042717063
immune cells,KCNE3,0.07762800696882365,0.052561133671407974,0.025066873297415672,up_in_CKD,0.5736342856607192,1.5370705290085502,0.13849774944599624,0.8436241225337233,0.04493891797556719,0.034623217922606926,0.010315700052960265,14,18,True,0.0010619197773345385
immune cells,FBXO8,0.04977819409819443,0.03443131521172447,0.015346878886469961,up_in_CKD,0.5921049059523846,1.6946461924465324,0.10061698358618858,0.7644548928172819,0.03592204770215241,0.03054989816700611,0.005372149535146302,14,18,True,0.0010599772058177718
immune cells,MAPK6,0.05651719577965939,0.04403127009889502,0.01248592568076437,up_in_CKD,0.599823894456408,1.8030025470361049,0.08238360509324505,0.722171176562063,0.035631180919139034,0.0373387644263408,-0.0017075835072017653,14,18,True,0.0010586943150942129
immune cells,PTGR1,0.07736282621675572,0.04069597887989149,0.03666684733686423,up_in_CKD,0.3909526628788681,0.9990934817895161,0.33235367405311234,0.8436241225337233,0.03810354857475276,0.026476578411405296,0.011626970163347464,14,18,True,0.0010586543550564495
immune cells,TMEM19,0.0902002489512765,0.06541651712682528,0.02478373182445122,up_in_CKD,0.5197245869204599,1.563136424099513,0.12951673252512236,0.8276706520024331,0.06122745782431646,0.04684317718940937,0.014384280634907091,14,18,True,0.0010580533926186205
immune cells,UGCG,0.1389342103855369,0.11251387626583514,0.026420334119701766,up_in_CKD,0.5397763953481585,1.528321084288454,0.13729045361461753,0.8430262266154503,0.08580570098894706,0.0814663951120163,0.004339305876930766,14,18,True,0.0010575856682719807
immune cells,RO60,0.023867132476916544,0.0,0.023867132476916544,up_in_CKD,0.5953813255337229,1.4664601818501735,0.16629220566244413,0.8436241225337233,0.03228621291448516,0.0,0.03228621291448516,14,18,True,0.0010494261812902745
immune cells,CREB5,0.06999708739693888,0.04877853698159866,0.021218550415340223,up_in_CKD,0.542128777404123,1.5928993583254076,0.12179111765965556,0.8105386578084248,0.04552065154159395,0.0373387644263408,0.008181887115253153,14,18,True,0.0010493927909709232
immune cells,SLC66A3,0.02392038295392818,0.0,0.02392038295392818,up_in_CKD,0.5930333682624628,1.46067702121123,0.1678484454836048,0.8436241225337233,0.033449680046538685,0.0,0.033449680046538685,14,18,True,0.0010476198079117818
immune cells,SNHG16,0.023744192537354745,0.0,0.023744192537354745,up_in_CKD,0.5951557042054064,1.4659044628849278,0.1664412202449636,0.8436241225337233,0.03374054682955206,0.0,0.03374054682955206,14,18,True,0.0010436249377155876
immune cells,NAT8,0.05318586908221547,0.026807943397500852,0.026377925684714615,up_in_CKD,0.535414167378243,1.399981326392394,0.17773730903290016,0.8436241225337233,0.034758580570098896,0.014256619144602852,0.020501961425496044,14,18,True,0.0010430063237868213
immune cells,ECHDC1,0.21019877996393782,0.18132015217163058,0.028878627792307238,up_in_CKD,0.48871101435821795,1.4296171405945466,0.16321273885803936,0.8436241225337233,0.13234438627108785,0.1364562118126273,-0.004111825541539438,14,18,True,0.001042281724553297
immune cells,HACD3,0.08114168809735532,0.05178046281339721,0.02936122528395811,up_in_CKD,0.4804491900637101,1.4145421090797445,0.16766238471884812,0.8436241225337233,0.057300756253635836,0.025797691785471828,0.031503064468164005,14,18,True,0.001041784960214339
immune cells,SORBS3,0.061944807830173323,0.045470385902206985,0.01647442192796634,up_in_CKD,0.5587451367661371,1.6879874181456693,0.10305433309122293,0.7706273732753202,0.0433391506689936,0.028513238289205704,0.0148259123797879,14,18,True,0.0010415973632902965
immune cells,VPS26C,0.05029457513808031,0.029792987544045673,0.02050158759403464,up_in_CKD,0.5551783413056227,1.5920038728389745,0.1219535070507248,0.8107548520390848,0.033304246655032,0.018329938900203666,0.014974307754828331,14,18,True,0.0010370224757605163
immune cells,GPRC5C,0.04854622333454241,0.023388446331091026,0.02515777700345138,up_in_CKD,0.5568060168410212,1.41103680711553,0.17804548170437057,0.8436241225337233,0.030395578824898198,0.021045485403937542,0.009350093420960656,14,18,True,0.0010345050746119787
immune cells,NEPRO,0.07705324534375442,0.049535214267358414,0.027518031076396006,up_in_CKD,0.5084423276109546,1.4677481237030787,0.1525936965646448,0.8436241225337233,0.04842931937172775,0.025797691785471828,0.022631627586255924,14,18,True,0.0010332739905167534
immune cells,ZNF644,0.22899734219473558,0.20084661719684582,0.02815072499788976,up_in_CKD,0.49574087637873915,1.457595958448755,0.15547832331597888,0.8436241225337233,0.13976148923792903,0.1425661914460285,-0.0028047022080994743,14,18,True,0.0010306251991700698
immune cells,BMP2K,0.14756508720899753,0.11636716331475977,0.031197923894237756,up_in_CKD,0.44539693781374995,1.3112634645358978,0.1998738071082347,0.8436241225337233,0.0954043048283886,0.0746775288526816,0.020726775975707004,14,18,True,0.0010261937462017795
immune cells,UQCC2,0.22927832019820077,0.20089459785193595,0.028383722346264822,up_in_CKD,0.4886198776485111,1.376854333860848,0.1792746585700477,0.8436241225337233,0.1518324607329843,0.1452817379497624,0.006550722783221885,14,18,True,0.0010242286573197723
immune cells,GET3,0.02318114517532216,0.0,0.02318114517532216,up_in_CKD,0.5974312569001974,1.4715092866768418,0.16494343435258346,0.8436241225337233,0.03577661431064572,0.0,0.03577661431064572,14,18,True,0.001022773036061865
immune cells,GCH1,0.10837369420586074,0.08282744352650742,0.025546250679353316,up_in_CKD,0.5418624273173811,1.4519008136445666,0.16060744165475863,0.8436241225337233,0.058755090168702735,0.06109979633401222,-0.0023447061653094833,14,18,True,0.0010222865575579964
immune cells,C21orf91,0.09365238971045668,0.06660742327694667,0.02704496643351001,up_in_CKD,0.5117556507479796,1.5105955737001777,0.14158302119803345,0.8436241225337233,0.05511925538103549,0.03665987780040733,0.018459377580628156,14,18,True,0.0010221285898524357
immune cells,MAN2B1,0.05350992580360302,0.027655488555679324,0.025854437247923693,up_in_CKD,0.5348683300200084,1.3536855722867394,0.19545878228783553,0.8436241225337233,0.0564281559045957,0.019687712152070606,0.036740443752525095,14,18,True,0.0010212649227971495
immune cells,CYTH4,0.17492334877458982,0.14100276543917534,0.03392058333541448,up_in_CKD,0.40750711017025537,1.228233770830784,0.22993626981142712,0.8436241225337233,0.11896451425247237,0.08757637474541752,0.03138813950705485,14,18,True,0.001020833574988865
immune cells,RTN1,0.04234910018649737,0.028909352501679513,0.013439747684817854,up_in_CKD,0.5950788336530347,1.7334465125746383,0.09329898975148616,0.7457483380006698,0.03534031413612566,0.020366598778004074,0.014973715358121583,14,18,True,0.0010189698037449241
immune cells,DDB1,0.10512629631097077,0.08903366828375611,0.01609262802721466,up_in_CKD,0.5616601406373064,1.6817642272433284,0.10376215813595464,0.772262129170028,0.06806282722513089,0.0658520027155465,0.0022108245095843887,14,18,True,0.0010144482603604752
immune cells,CAAP1,0.06747011126407321,0.05077660354712832,0.01669350771694489,up_in_CKD,0.5498691604294307,1.6801091244366577,0.10544144413005861,0.775565282500587,0.04101221640488656,0.03665987780040733,0.004352338604479228,14,18,True,0.0010132201248344418
immune cells,PARP15,0.07615806691950203,0.05030884252669024,0.025849224392811787,up_in_CKD,0.5307228965485311,1.5168198709455603,0.13992346496866837,0.8436241225337233,0.04392088423502036,0.032586558044806514,0.011334326190213843,14,18,True,0.0010131454154529112
immune cells,PCYOX1,0.0841277953766701,0.05694234198639706,0.02718545339027304,up_in_CKD,0.5037976179415621,1.3739838853356814,0.18189014329691097,0.8436241225337233,0.05410122164048865,0.0373387644263408,0.016762457214147854,14,18,True,0.001011460978577933
immune cells,TMEM238,0.20867041133414865,0.17440899128802861,0.03426142004612004,up_in_CKD,0.399633561226967,1.085269044333924,0.2886256791499036,0.8436241225337233,0.1300174520069808,0.12695179904955872,0.003065652957422088,14,18,True,0.0010111690193192319
immune cells,COA3,0.20648186897726933,0.1698125892059332,0.03666927977133613,up_in_CKD,0.37265501399845935,1.0523332669807095,0.30142429318330305,0.8436241225337233,0.1303083187899942,0.12152070604209098,0.008787612747903212,14,18,True,0.0010091733922597205
immune cells,PATL1,0.04958134558237951,0.03589828937842699,0.01368305620395252,up_in_CKD,0.5804672719336588,1.7335460387043793,0.09390274939471174,0.7467111189268522,0.034176847004072135,0.025797691785471828,0.008379155218600307,14,18,True,0.0010074937403226072
immune cells,TAGLN2,0.655228192432023,0.6145727164725714,0.040655475959451626,up_in_CKD,0.3349801162647758,0.987523281554105,0.33143269853009066,0.8436241225337233,0.3584933100639907,0.35369993211133743,0.004793377952653277,14,18,True,0.001005760374984423
immune cells,MBTD1,0.05221976862543121,0.03594535958679333,0.016274409038637874,up_in_CKD,0.5893427876090787,1.6548016604697378,0.109072709111094,0.7855997431331603,0.034031413612565446,0.027155465037338764,0.006875948575226682,14,18,True,0.0010051455628336259
immune cells,KIF20B,0.08470069518301886,0.06448222622357629,0.02021846895944257,up_in_CKD,0.5458494854476966,1.589412787863769,0.12246399230895912,0.8110590441185644,0.0506108202443281,0.048879837067209775,0.0017309831771183254,14,18,True,0.0010037188320584814
immune cells,GPBP1L1,0.15960252133647174,0.1324675396808261,0.027134981655645624,up_in_CKD,0.5003416970941453,1.5058760489999363,0.1435998927489079,0.8436241225337233,0.10063990692262943,0.10047522063815342,0.00016468628447600941,14,18,True,0.0010026576509504594
immune cells,EHD4,0.05112439423213703,0.03871402378402761,0.012410370448109422,up_in_CKD,0.5928491100474826,1.7831964590170195,0.08565940685306468,0.7307018694227718,0.038248981966259456,0.031228784792939578,0.007020197173319878,14,18,True,0.0010025282191231174
immune cells,TPM4,0.3506209144240514,0.3137288789745389,0.03689203544951253,up_in_CKD,0.36762670565337935,1.1187346125864315,0.2736506207233707,0.8436241225337233,0.1996800465386853,0.21045485403937542,-0.010774807500690126,14,18,True,0.0010016041430177995
immune cells,C11orf54,0.1384451070060113,0.10578544652884253,0.032659660477168756,up_in_CKD,0.41499200631987443,1.1283622787762655,0.2702856389370072,0.8436241225337233,0.08944153577661432,0.07399864222674814,0.01544289354986618,14,18,True,0.001000939526017347
immune cells,GCSH,0.08634024426976324,0.06073905913235714,0.0256011851374061,up_in_CKD,0.5283919767608244,1.4234625577189672,0.1681462053933985,0.8436241225337233,0.05700988947062245,0.048879837067209775,0.008130052403412677,14,18,True,0.0009990166521178108
immune cells,APLP2,0.3929122297698456,0.3539934773714884,0.03891875239835718,up_in_CKD,0.34754679300500957,1.010529696623234,0.3203269190217226,0.8436241225337233,0.22949389179755672,0.2152070604209097,0.014286831376647019,14,18,True,0.0009989152370765274
immune cells,CNOT9,0.08064327021672839,0.052816372946856455,0.027826897269871934,up_in_CKD,0.48502431215330516,1.4113708654030572,0.1684312687712101,0.8436241225337233,0.05235602094240838,0.02987101154107264,0.022485009401335736,14,18,True,0.0009967465374485411
immune cells,ERO1A,0.10925191610960618,0.07771147897555274,0.03154043713405344,up_in_CKD,0.4253589128486626,1.235754616505775,0.22614142002505555,0.8436241225337233,0.06980802792321117,0.038696537678207736,0.031111490245003433,14,18,True,0.0009907856045686132
immune cells,H1F0,0.05724885872700252,0.03604194215555381,0.021206916571448707,up_in_CKD,0.5607977168868663,1.566171411742542,0.12871977727135134,0.8255863529461591,0.036358347876672484,0.025797691785471828,0.010560656091200656,14,18,True,0.000989926076369342
immune cells,TRPV2,0.09537970219274897,0.07551778449168374,0.019861917701065226,up_in_CKD,0.5439753853051504,1.595188615562582,0.12124250434030273,0.8101769798050865,0.060063990692262946,0.05431093007467753,0.005753060617585418,14,18,True,0.0009877388205041153
immune cells,PRKCI,0.04932867888558553,0.036628418563486746,0.012700260322098783,up_in_CKD,0.5870553756785599,1.7646074511133933,0.08876209436056841,0.7375407926830428,0.030977312390924956,0.026476578411405296,0.00450073397951966,14,18,True,0.0009857549953317347
immune cells,SNHG32,0.022934607658330688,0.0,0.022934607658330688,up_in_CKD,0.5816663802548246,1.4326794428763254,0.1755562728586375,0.8436241225337233,0.034758580570098896,0.0,0.034758580570098896,14,18,True,0.0009851939139387807
immune cells,TEFM,0.08331358285497717,0.06602910368895969,0.017284479166017483,up_in_CKD,0.5610483954225379,1.6402127032080678,0.11145336175198163,0.7917031903761454,0.047556719022687606,0.04955872369314324,-0.002002004670455637,14,18,True,0.0009836840025761976
immune cells,TMED4,0.24838929775452787,0.2161289690380908,0.03226032871643705,up_in_CKD,0.412832113266887,1.1557284427793042,0.2576175605808243,0.8436241225337233,0.15575916230366493,0.1561439239646979,-0.00038476166103296183,14,18,True,0.000983555120098232
immune cells,PLPBP,0.08994654783958521,0.06153676643512212,0.02840978140446309,up_in_CKD,0.4683734873989952,1.3479009344780009,0.18781957974142394,0.8436241225337233,0.05831878999418266,0.03598099117447386,0.0223377988197088,14,18,True,0.0009826902297891693
immune cells,DAP,0.13038327016331336,0.10479543362251369,0.02558783654079967,up_in_CKD,0.5144509400258679,1.5306507457465048,0.13682158017899002,0.8421886110619106,0.08376963350785341,0.08214528173794976,0.0016243517699036508,14,18,True,0.000981887750781595
immune cells,IP6K2,0.10967494453814908,0.08988245975395641,0.019792484784192668,up_in_CKD,0.5452300701015909,1.5893249074704665,0.12249104979382444,0.8110590441185644,0.07547993019197208,0.062457569585879155,0.013022360606092923,14,18,True,0.0009814564221212584
immune cells,TNFAIP8L2,0.11277737123168659,0.08669164443017283,0.02608572680151376,up_in_CKD,0.502423280380409,1.5205202286348338,0.14024450548710962,0.8436241225337233,0.07620709714950552,0.0658520027155465,0.010355094433959017,14,18,True,0.0009678969889722199
immune cells,GNB2,0.4016454847529846,0.3663044247755265,0.03534105997745812,up_in_CKD,0.37082705466435095,1.1041618119589276,0.2787337280763705,0.8436241225337233,0.23865619546247818,0.21656483367277665,0.02209136178970153,14,18,True,0.0009678485980556926
immune cells,NCBP2AS2,0.021963800747873397,0.0,0.021963800747873397,up_in_CKD,0.5966713271604198,1.4696375338075547,0.1654423596228881,0.8436241225337233,0.03155904595695171,0.0,0.03155904595695171,14,18,True,0.0009678300586134789
immune cells,OTULIN,0.09600903233261149,0.06375605108522969,0.032252981247381796,up_in_CKD,0.40595896822811456,1.1942951383862443,0.24185397285165106,0.8436241225337233,0.05686445607911576,0.03394433129667346,0.022920124782442305,14,18,True,0.0009669598609119492
immune cells,TASOR,0.021871840601791554,0.0,0.021871840601791554,up_in_CKD,0.5962612334233078,1.468627448152346,0.16571213017822956,0.8436241225337233,0.030686445607911575,0.0,0.030686445607911575,14,18,True,0.0009631154479653897
immune cells,CTDSP1,0.2045909577822669,0.17784453966181932,0.02674641812044759,up_in_CKD,0.4875880727159777,1.5004200532200176,0.14673417131897165,0.8436241225337233,0.12885398487492727,0.12559402579769177,0.0032599590772355025,14,18,True,0.0009631083441585879
immune cells,TMEM205,0.19857112354987624,0.16774270447438253,0.030828419075493718,up_in_CKD,0.4226578569102185,1.2163240360426824,0.23338150259360402,0.8436241225337233,0.1273996509598604,0.12219959266802444,0.005200058291835952,14,18,True,0.0009622693283644117
immune cells,STARD7,0.16183377639712676,0.1379100774425836,0.02392369895454316,up_in_CKD,0.5217231597675058,1.535655414913052,0.13526475451854247,0.8376114057360646,0.1084933100639907,0.09640190088255261,0.012091409181438084,14,18,True,0.0009605476861376308
immune cells,CHKB,0.11855381337808758,0.0925697900436684,0.025984023334419182,up_in_CKD,0.5003153202138421,1.3488038516711705,0.19059076854179424,0.8436241225337233,0.08871436881908086,0.06109979633401222,0.027614572485068642,14,18,True,0.0009600782735001325
immune cells,MORF4L2,0.1945521666642238,0.16203261497964683,0.032519551684576986,up_in_CKD,0.39696464980511265,1.1807116037851564,0.24741406123461102,0.8436241225337233,0.12361838278068644,0.12559402579769177,-0.001975643017005327,14,18,True,0.00095335099967637
immune cells,UBXN6,0.12489781105517316,0.09987958769269283,0.02501822336248033,up_in_CKD,0.5128270308711382,1.5006602661949333,0.14395442175227388,0.8436241225337233,0.0780977312390925,0.07535641547861507,0.002741315760477425,14,18,True,0.0009475100315546103
immune cells,CAPG,0.4154712130797676,0.3618638696042388,0.05360734347552881,up_in_CKD,0.32863912800896294,0.9235637118801497,0.3635379256942816,0.8837660275646831,0.22716695753344968,0.22946367956551256,-0.002296722032062881,14,18,True,0.0009454009868555707
immune cells,ZNF770,0.10373771449951155,0.08325413972789655,0.020483574771615,up_in_CKD,0.5176439627856395,1.591409959198596,0.12469948361008296,0.8159192758921565,0.06340895869691682,0.06177868295994569,0.0016302757369711304,14,18,True,0.0009368223749219351
immune cells,ME2,0.1724225497039067,0.14331808580444902,0.029104463899457672,up_in_CKD,0.43443165838143477,1.2038081902712678,0.2392616461833847,0.8436241225337233,0.10442117510180338,0.0923285811269518,0.012092593974851573,14,18,True,0.0009337648307686621
immune cells,GATAD1,0.12487212562888143,0.10133444030112915,0.023537685327752286,up_in_CKD,0.5045396461547825,1.5537893064432633,0.13358895169937562,0.834762104653328,0.08071553228621292,0.07671418873048201,0.00400134355573091,14,18,True,0.0009314971837659686
immune cells,DXO,0.057774196371009647,0.04448180802046948,0.013292388350540169,up_in_CKD,0.619211002333879,1.691468163641015,0.10331989704789848,0.7706273732753202,0.03432228039557882,0.03394433129667346,0.0003779490989053655,14,18,True,0.0009313600746399988
immune cells,DTYMK,0.0945100588392993,0.07136848555827004,0.023141573281029268,up_in_CKD,0.544401095727653,1.5282815852088207,0.1376105539662813,0.8436241225337233,0.06180919139034322,0.04955872369314324,0.01225046769719998,14,18,True,0.0009303970277195414
immune cells,NUTM2B-AS1,0.09753471973311198,0.06874764759907853,0.028787072134033448,up_in_CKD,0.43742194728439077,1.2274265266138953,0.22985195235693298,0.8436241225337233,0.061518324607329845,0.04276985743380855,0.018748467173521292,14,18,True,0.0009299390996424504
immune cells,MAGEH1,0.05793427283797993,0.04149282992095269,0.01644144291702724,up_in_CKD,0.5823529534215353,1.6219831133466096,0.11632422998626736,0.7996482105841294,0.034758580570098896,0.034623217922606926,0.00013536264749196975,14,18,True,0.0009297154523617721
immune cells,PREPL,0.10268499999703636,0.07804969456613944,0.02463530543089691,up_in_CKD,0.508979315192928,1.3712731372729123,0.18363307829132894,0.8436241225337233,0.05904595695171611,0.05227427019687712,0.006771686754838989,14,18,True,0.0009260075479172199
immune cells,PLEKHJ1,0.2765119778984862,0.24230639979988322,0.03420557809860297,up_in_CKD,0.3655264641082281,1.0909708354869116,0.28448198999296176,0.8436241225337233,0.16579406631762653,0.164969450101833,0.0008246162157935222,14,18,True,0.0009233624356784292
immune cells,DOCK8,0.30502124675844744,0.27189421192819757,0.03312703483024987,up_in_CKD,0.37571162213050796,1.156960068386714,0.2588981226145153,0.8436241225337233,0.18600930773705643,0.1846571622539036,0.0013521454831528223,14,18,True,0.0009191653333685161
immune cells,THEMIS,0.07908574387502461,0.0529749702010323,0.02611077367399231,up_in_CKD,0.47618244709906704,1.3862630689953395,0.1758947805334985,0.8436241225337233,0.04872018615474113,0.04073319755600815,0.00798698859873298,14,18,True,0.0009182259567325847
immune cells,AURKAIP1,0.538201373972983,0.5050524327634531,0.033148941209529825,up_in_CKD,0.37453727782600843,1.132950468492382,0.2673723449040066,0.8436241225337233,0.3192262943571844,0.3319755600814664,-0.012749265724281977,14,18,True,0.0009168982706275739
immune cells,WBP1,0.03257306218205858,0.012075906633844787,0.020497155548213797,up_in_CKD,0.600366684439736,1.5088671611214572,0.15255326944125994,0.8436241225337233,0.03810354857475276,0.008825526137135099,0.02927802243761766,14,18,True,0.0009087964538950813
immune cells,THAP9-AS1,0.09235886549979813,0.07358148972064925,0.018777375779148883,up_in_CKD,0.5366627828908196,1.5877750875204302,0.12311737648524104,0.8126009825690171,0.054682955206515414,0.062457569585879155,-0.007774614379363741,14,18,True,0.0009081767145901881
immune cells,PPP6R2,0.23372985875230365,0.19735493623448724,0.036374922517816405,up_in_CKD,0.3380191603997743,0.986006344115347,0.33203469410457276,0.8436241225337233,0.13801628853984874,0.11405295315682282,0.02396333538302592,14,18,True,0.000908029249138223
immune cells,TPP1,0.2967619689703169,0.26621894015227904,0.030543028818037887,up_in_CKD,0.40109882717764334,1.0597370841098126,0.3017813423179775,0.8436241225337233,0.18179173938336243,0.17990495587236932,0.001886783510993112,14,18,True,0.0009047319690318449
immune cells,TMED10,0.3380212656676151,0.30534337377689647,0.032677891890718624,up_in_CKD,0.3746909242366009,1.0716278780291713,0.2925388039856052,0.8436241225337233,0.20462478184991273,0.21452817379497624,-0.009903391945063511,14,18,True,0.0009042398611442364
immune cells,TRAT1,0.10072704667740848,0.07227921423560227,0.02844783244180621,up_in_CKD,0.4288478568916177,1.2661482893992,0.21542223234158947,0.8436241225337233,0.05831878999418266,0.051595383570943655,0.0067234064232390076,14,18,True,0.0009009669661212322
immune cells,SAMHD1,0.5262539404139254,0.47706922821042824,0.04918471220349713,up_in_CKD,0.3281050924520464,0.929028978098248,0.3605580924373477,0.8794562602010823,0.28868528214077954,0.2620502376103191,0.02663504453046045,14,18,True,0.0009002568265466459
immune cells,CENPT,0.10996638942224232,0.08706613937269753,0.022900250049544796,up_in_CKD,0.5322122145916125,1.5002185099184884,0.1445398232046822,0.8436241225337233,0.0664630599185573,0.055668703326544465,0.01079435659201284,14,18,True,0.000900080814381628
immune cells,HMGN4,0.05855761474539429,0.03025389885205919,0.0283037158933351,up_in_CKD,0.430329944347736,1.1227047883110275,0.275838714697635,0.8436241225337233,0.05977312390924956,0.015614392396469789,0.04415873151277977,14,18,True,0.0008995006180701484
immune cells,SFSWAP,0.11517882100031222,0.0925998385951457,0.022578982405166523,up_in_CKD,0.5382781904246501,1.492685236035816,0.1472388431499353,0.8436241225337233,0.07344386271087842,0.06517311608961303,0.008270746621265396,14,18,True,0.0008975684766399641
immune cells,RASAL3,0.21291921591714508,0.1833499839704369,0.029569231946708185,up_in_CKD,0.41099518264905666,1.1476579721682327,0.2609801914331121,0.8436241225337233,0.11954624781849912,0.11473183978275628,0.004814408035742845,14,18,True,0.0008974974389132356
immune cells,CLIC4,0.10200864399513516,0.07640530980822928,0.025603334186905885,up_in_CKD,0.47255285043165685,1.3453184516636205,0.18882398657058452,0.8436241225337233,0.06268179173938336,0.051595383570943655,0.011086408168439706,14,18,True,0.0008935181002333389
immune cells,YIPF5,0.13954011411080103,0.12206348197134191,0.017476632139459117,up_in_CKD,0.5511174956651225,1.5999400294619137,0.12009270187722995,0.8080312159603245,0.08798720186154742,0.08825526137135098,-0.0002680595098035615,14,18,True,0.0008916223344720368
immune cells,MCFD2,0.07969439455987626,0.06271490413193248,0.016979490427943777,up_in_CKD,0.5359601542535521,1.6251713853004246,0.11611873590128519,0.7992165365761432,0.05700988947062245,0.05770536320434488,-0.0006954737337224251,14,18,True,0.0008857855530488445
immune cells,MTERF4,0.08885433721962535,0.05948725993824387,0.02936707728138148,up_in_CKD,0.4083652114047305,1.190975458603915,0.2430220683725926,0.8436241225337233,0.060936591041303084,0.04480651731160896,0.016130073729694126,14,18,True,0.0008856577067583353
immune cells,CDKN2D,0.21852551997545203,0.18673996719684538,0.031785552778606646,up_in_CKD,0.3756437263731172,1.0093212302297747,0.32358330806673846,0.8436241225337233,0.131326352530541,0.12016293279022404,0.011163419740316968,14,18,True,0.0008817842779890317
immune cells,TPRA1,0.0577174035018496,0.04249707506962592,0.015220328432223679,up_in_CKD,0.5607723525230416,1.6463407206521843,0.11024100037916999,0.788377298757883,0.03810354857475276,0.0373387644263408,0.0007647841484119608,14,18,True,0.0008813887617066061
immune cells,MUC20-OT1,0.06945047777224339,0.043171467645063695,0.026279010127179696,up_in_CKD,0.4523382106518914,1.2308112726553084,0.23023313686121358,0.8436241225337233,0.033595113438045374,0.02308214528173795,0.010512968156307423,14,18,True,0.0008778669935216863
immune cells,CRBN,0.1989157990432829,0.17190061798795495,0.027015181055327964,up_in_CKD,0.43995816179917635,1.322582782422422,0.19689934157253458,0.8436241225337233,0.11954624781849912,0.12287847929395791,-0.0033322314754587884,14,18,True,0.0008777598341650161
immune cells,MEF2C,0.5586523633306306,0.494963268668701,0.06368909466192962,up_in_CKD,0.33018943797806954,0.8923524310411738,0.3813528149264057,0.9083678536308296,0.2777777777777778,0.2640868974881195,0.013690880289658314,14,18,True,0.0008777329879800482
immune cells,THAP4,0.051984159502720936,0.03889885630845114,0.013085303194269794,up_in_CKD,0.5886442519858949,1.6834713136932307,0.10279378238554693,0.7698633510111251,0.034904013961605584,0.027155465037338764,0.00774854892426682,14,18,True,0.0008749089473605504
immune cells,UBE2W,0.15251712800842535,0.1268274242155924,0.025689703792832946,up_in_CKD,0.46083178082256354,1.38484169414901,0.17724649391818748,0.8436241225337233,0.10471204188481675,0.09775967413441955,0.006952367750397204,14,18,True,0.000874294933060545
immune cells,IGFBP5,0.06978815761752767,0.041223650930127656,0.028564506687400015,up_in_CKD,0.41427112558564616,1.0809173620880705,0.2935338000362345,0.8436241225337233,0.03606748109365911,0.02240325865580448,0.013664222437854628,14,18,True,0.0008739122658911612
immune cells,SHTN1,0.10644627778369918,0.07585404633329133,0.030592231450407847,up_in_CKD,0.3864311130163077,1.0875437351256716,0.2859451311853543,0.8436241225337233,0.06893542757417102,0.03937542430414121,0.029560003270029812,14,18,True,0.0008730511418274667
immune cells,CRIM1,0.07531848126498986,0.05039572125019365,0.024922760014796208,up_in_CKD,0.47086198739626317,1.2920429679697427,0.20800621723539334,0.8436241225337233,0.04464805119255381,0.038696537678207736,0.005951513514346071,14,18,True,0.0008666549252201944
immune cells,FOPNL,0.07098493601555651,0.05489455220685466,0.016090383808701855,up_in_CKD,0.5439031872927717,1.63079890576821,0.11422598916074372,0.7961605236065289,0.04464805119255381,0.04344874405974202,0.001199307132811786,14,18,True,0.0008664038921224145
immune cells,POLE4,0.3109193612186655,0.28162959961469153,0.02928976160397395,up_in_CKD,0.40027310852355924,1.1493489228630667,0.2595506852329904,0.8436241225337233,0.1864456079115765,0.20095044127630685,-0.014504833364730352,14,18,True,0.0008658221526572278
immune cells,USF3,0.06258576056620391,0.039139143104792724,0.023446617461411183,up_in_CKD,0.4978060288804681,1.417488658800829,0.16686359068533457,0.8436241225337233,0.03955788248981966,0.020366598778004074,0.019191283711815586,14,18,True,0.0008619792122269666
immune cells,ZNF580,0.124146864007901,0.10027276976744937,0.02387409424045163,up_in_CKD,0.4866084395679202,1.436428722551373,0.1614550573622508,0.8436241225337233,0.08042466550319953,0.07399864222674814,0.0064260232764513925,14,18,True,0.0008579519848188039
immune cells,NHLRC2,0.08294063404042286,0.060632530334727514,0.022308103705695345,up_in_CKD,0.5196806027774994,1.5194681836253534,0.13916330208048627,0.8436241225337233,0.051919720767888304,0.04344874405974202,0.008470976708146283,14,18,True,0.0008561613220356848
immune cells,LSM5,0.41114084823906166,0.3785956636046154,0.03254518463444628,up_in_CKD,0.3552665765707199,1.0089902266611186,0.3212726103342021,0.8436241225337233,0.2485456660849331,0.2545824847250509,-0.006036818640117819,14,18,True,0.0008538813602821466
immune cells,GRK6,0.2116997362161483,0.17800998110518507,0.033689755110963227,up_in_CKD,0.34210521239277775,0.9964756610491923,0.3269998111939605,0.8436241225337233,0.1212914485165794,0.10726408689748812,0.01402736161909128,14,18,True,0.0008511654523511109
immune cells,ZBTB25,0.07976864984108915,0.05711757790477615,0.022651071936313,up_in_CKD,0.5053978576479683,1.5338358359373607,0.13714344195387967,0.8429104637244917,0.04988365328679465,0.04073319755600815,0.009150455730786503,14,18,True,0.0008496394123258362
immune cells,ITPR1,0.06285076686568579,0.047625286072196384,0.015225480793489406,up_in_CKD,0.5629342047038726,1.6293647982208601,0.11369541728210823,0.7961605236065289,0.04246655031995346,0.042090970807875085,0.00037557951207837365,14,18,True,0.000848517963198545
immune cells,BCL2L1,0.08403203058287177,0.06035169056491041,0.023680340017961363,up_in_CKD,0.4841265109392224,1.46148945502504,0.1554965450422993,0.8436241225337233,0.0533740546829552,0.03801765105227427,0.015356403630680936,14,18,True,0.0008466486922759039
immune cells,LSM12,0.17138484095319542,0.1467801558852758,0.02460468506791963,up_in_CKD,0.46518313444988235,1.4278316627737364,0.1661658590937064,0.8436241225337233,0.11242001163467132,0.10930074677528853,0.0031192648593827837,14,18,True,0.0008452753685798226
immune cells,KCNK6,0.0699301478584909,0.04663636905035086,0.023293778808140042,up_in_CKD,0.4906069735217607,1.4609585121928441,0.15493957142964826,0.8436241225337233,0.05221058755090169,0.02987101154107264,0.022339576009829047,14,18,True,0.0008439760191961659
immune cells,NUS1,0.08411307649238886,0.0658612135041538,0.018251862988235057,up_in_CKD,0.5504632295157418,1.5643843139088955,0.12849035734676076,0.8247799304418924,0.05410122164048865,0.04548540393754243,0.00861581770294622,14,18,True,0.0008405495441938034
immune cells,ZNF780B,0.05171289900200938,0.03773020917857296,0.013982689823436416,up_in_CKD,0.554623820595663,1.667637530777277,0.10678160630332208,0.7797575407575077,0.030831878999418267,0.027834351663272233,0.0029975273361460344,14,18,True,0.0008378677844621267
immune cells,KRTCAP2,0.5118502703084313,0.45346998335799565,0.05838028695043568,up_in_CKD,0.3366645527683534,0.8966384256290237,0.37996404523954863,0.9065156863648477,0.3411867364746946,0.2953156822810591,0.04587105419363552,14,18,True,0.0008377698235336117
immune cells,CSKMT,0.060103608472514634,0.03678990278947376,0.02331370568304087,up_in_CKD,0.4851407115759725,1.3398096312114767,0.19182010450813772,0.8436241225337233,0.04057591623036649,0.017651052274270197,0.022924863956096296,14,18,True,0.0008352865203522017
immune cells,TENT2,0.10923516759140679,0.08074457651799746,0.02849059107340933,up_in_CKD,0.3966166550941211,1.1329077228905167,0.2663585765170064,0.8436241225337233,0.06966259453170448,0.041412084181941616,0.028250510349762864,14,18,True,0.0008345048198600901
immune cells,MRPL19,0.13191541423723838,0.10606758885851503,0.02584782537872335,up_in_CKD,0.4362984228033563,1.2477969979598504,0.22187769520706144,0.8436241225337233,0.07853403141361257,0.07807196198234895,0.00046206943126361755,14,18,True,0.0008328448346890463
immune cells,PPP6R1,0.1138683425899548,0.08608858073415197,0.02777976185580283,up_in_CKD,0.40541504363582825,1.1933194162067797,0.24223994987834296,0.8436241225337233,0.07315299592786503,0.05023761031907671,0.022915385608788322,14,18,True,0.0008317347003406227
immune cells,FAM3C,0.12678052876502482,0.10254921608940715,0.024231312675617678,up_in_CKD,0.46423298422762516,1.3218540507792065,0.19642244686707672,0.8436241225337233,0.07751599767306573,0.07739307535641547,0.0001229223166502591,14,18,True,0.0008307481416903347
immune cells,COPS4,0.11347705123126993,0.09075441203351911,0.02272263919775082,up_in_CKD,0.4948710409883515,1.409984683617028,0.16903404287574664,0.8436241225337233,0.06704479348458406,0.07196198234894773,-0.004917188864363667,14,18,True,0.0008304380795989793
immune cells,TMEM154,0.1342263713058505,0.10955019231755607,0.024676178988294425,up_in_CKD,0.4543099120938262,1.2441298876964098,0.22496378555624746,0.8436241225337233,0.07853403141361257,0.07807196198234895,0.00046206943126361755,14,18,True,0.000827916554501866
immune cells,SARNP,0.0882087892543592,0.06365615876901938,0.024552630485339816,up_in_CKD,0.4557773942617976,1.2032636244638175,0.24286653649116677,0.8436241225337233,0.07853403141361257,0.04684317718940937,0.031690854224203195,14,18,True,0.0008264322406094506
immune cells,POLR2I,0.28891960972677994,0.2592518915709356,0.029667718155844347,up_in_CKD,0.37668605772424685,1.0934275150255908,0.28290922794691287,0.8436241225337233,0.17292030250145432,0.18737270875763748,-0.014452406256183159,14,18,True,0.0008253157498741545
immune cells,HADHB,0.2165984946824912,0.18747196437472496,0.02912653030776624,up_in_CKD,0.3827579806584288,1.0407427399339686,0.30833242977551495,0.8436241225337233,0.1329261198371146,0.13577732518669383,-0.0028512053495792222,14,18,True,0.0008233214868141037
immune cells,SPART,0.0614388691553419,0.03963889854595328,0.021799970609388618,up_in_CKD,0.5089495575059448,1.4869122654295124,0.14751302036902653,0.8436241225337233,0.04290285049447353,0.027155465037338764,0.015747385457134767,14,18,True,0.0008193832687651102
immune cells,USP25,0.08617801279220967,0.06694422758799458,0.019233785204215093,up_in_CKD,0.5226964504351036,1.556813612796574,0.13053315320457773,0.8295063103386019,0.05570098894706225,0.05974202308214528,-0.004041034135083034,14,18,True,0.000816140623595635
immune cells,VKORC1,0.23193387605854518,0.20728602944875593,0.024647846609789248,up_in_CKD,0.44806261582361134,1.2218790058936728,0.23338762676275562,0.8436241225337233,0.15386852821407795,0.1452817379497624,0.008586790264315552,14,18,True,0.0008155942120337029
immune cells,SCYL2,0.08499370199039698,0.06462453530462836,0.020369166685768617,up_in_CKD,0.5225552691944056,1.5336255327321426,0.13570509543250214,0.8389371354846915,0.053955788248981965,0.04412763068567549,0.009828157563306475,14,18,True,0.0008118252390476457
immune cells,ARHGAP5,0.1599688052086458,0.135746018681941,0.024222786526704787,up_in_CKD,0.4536635700563973,1.3480185009720778,0.18816496149992587,0.8436241225337233,0.10078534031413612,0.0943652410047522,0.00642009930938392,14,18,True,0.0008115484458594193
immune cells,GPAT3,0.06249224567810193,0.03867838766881701,0.02381385800928492,up_in_CKD,0.46022465511024563,1.2838234714178172,0.2099438901067084,0.8436241225337233,0.04319371727748691,0.031907671418873046,0.011286045858613862,14,18,True,0.0008093867364417838
immune cells,PIGQ,0.05768658857990452,0.03586714062574552,0.021819447954159,up_in_CKD,0.5022172245171969,1.3913882926823986,0.17563956138927272,0.8436241225337233,0.035485747527632346,0.025797691785471828,0.009688055742160518,14,18,True,0.0008092669503144236
immune cells,PRCP,0.1651047577495785,0.14329971328486937,0.021805044464709128,up_in_CKD,0.5009405994585482,1.451153176502062,0.15711526137044451,0.8436241225337233,0.11387434554973822,0.10047522063815342,0.013399124911584792,14,18,True,0.0008066769550022024
immune cells,SLC2A4RG,0.20656656934783288,0.1767361640786653,0.02983040526916758,up_in_CKD,0.36448699310791344,1.049941921070618,0.30215406734975214,0.8436241225337233,0.13118091913903432,0.12287847929395791,0.008302439845076406,14,18,True,0.0008029668777368287
immune cells,MCOLN2,0.04955716079969049,0.033578616225001655,0.015978544574688835,up_in_CKD,0.5300568108048516,1.6155983931036018,0.1185777603038285,0.8049964364218714,0.03243164630599186,0.019008825526137134,0.013422820779854724,14,18,True,0.0007978815012682521
immune cells,TLR4,0.08397744229774447,0.06459590301106122,0.01938153928668325,up_in_CKD,0.5573405279965712,1.4881575452364333,0.1511778044443603,0.8436241225337233,0.055264688772542175,0.05295315682281059,0.0023115319497315837,14,18,True,0.0007977472817757728
immune cells,REV3L,0.10773083461477685,0.08411694421400927,0.023613890400767584,up_in_CKD,0.4571125613440638,1.3830506702670702,0.17819667512400017,0.8436241225337233,0.06529959278650378,0.059063136456211814,0.006236456330291969,14,18,True,0.00079716301578054
immune cells,SLC9A9,0.1442019843243731,0.11653380822464635,0.027668176099726743,up_in_CKD,0.38912735552658007,1.0389455685464128,0.31033613901787876,0.8436241225337233,0.08711460151250727,0.0726408689748812,0.014473732537626072,14,18,True,0.0007951127842262121
immune cells,CAMTA1,0.293007945781356,0.2637810623948007,0.029226883386555325,up_in_CKD,0.36814838965894287,1.0143171752865694,0.31982295256453014,0.8436241225337233,0.19022687609075042,0.1955193482688391,-0.005292472178088675,14,18,True,0.0007946243229767365
immune cells,ETNK1,0.2129594094012312,0.18453020445091922,0.02842920495031198,up_in_CKD,0.3784213796495617,1.072740049939338,0.29222249963487723,0.8436241225337233,0.13176265270506107,0.12491513917175831,0.006847513533302763,14,18,True,0.0007945053420661092
immune cells,GPNMB,0.07686161911228154,0.047987866958149265,0.028873752154132272,up_in_CKD,0.37244452908277037,1.110549228814049,0.2760687989024078,0.8436241225337233,0.04377545084351367,0.025118805159538356,0.018656645683975313,14,18,True,0.0007941842426179211
immune cells,LMO2,0.13480891628234093,0.11060804691735841,0.024200869364982516,up_in_CKD,0.44223768607749775,1.2572977031749157,0.2185896543385326,0.8436241225337233,0.09700407213496219,0.08418194161575017,0.012822130519212022,14,18,True,0.0007903931338641719
immune cells,ADAR,0.2398320049109028,0.2109953758306997,0.028836629080203124,up_in_CKD,0.37026345358694446,1.0459594394705145,0.3042974083271096,0.8436241225337233,0.1503781268179174,0.13374066530889342,0.016637461509023982,14,18,True,0.0007885183080953202
immune cells,INPPL1,0.0853928008417308,0.0647321857163707,0.020660615125360104,up_in_CKD,0.5156005720417054,1.521160727514103,0.138906862832953,0.8436241225337233,0.056137289121582314,0.04548540393754243,0.01065188518403988,14,18,True,0.0007867071197658623
immune cells,GOLGA8B,0.10455286052860864,0.08129531359123426,0.023257546937374377,up_in_CKD,0.45768273572603196,1.284848847736984,0.2093244943866244,0.8436241225337233,0.06733566026759744,0.06109979633401222,0.006235863933585217,14,18,True,0.0007861128208330445
immune cells,USP9X,0.15158028747414623,0.1269121454570374,0.02466814201710882,up_in_CKD,0.4291835412736031,1.2914052023926017,0.2073937845848395,0.8436241225337233,0.09584060500290867,0.08961303462321792,0.006227570379690753,14,18,True,0.0007818725054670262
immune cells,ITPRIPL2,0.09975871228007206,0.07920606292434029,0.02055264935573177,up_in_CKD,0.5145722875280384,1.4862183268283193,0.14766703354457447,0.8436241225337233,0.07126236183827807,0.05974202308214528,0.011520338756132786,14,18,True,0.0007810352747421767
immune cells,FAR1,0.1405672705100398,0.11693918327007598,0.023628087239963833,up_in_CKD,0.44322425752574257,1.2414229300276862,0.22479075708882218,0.8436241225337233,0.08987783595113438,0.08214528173794976,0.007732554213184625,14,18,True,0.000773407767339965
immune cells,TLR8,0.0672411987055364,0.044007902149404074,0.02323329655613232,up_in_CKD,0.45059649246633104,1.2620709096500944,0.21737712142794197,0.8436241225337233,0.041884816753926704,0.04276985743380855,-0.0008850406798818489,14,18,True,0.0007731345564817748
immune cells,CD300E,0.07996941834712146,0.05497439358383579,0.02499502476328567,up_in_CKD,0.41858377094510724,1.2059998249330088,0.23726900102205317,0.8436241225337233,0.04784758580570099,0.04480651731160896,0.003041068494092032,14,18,True,0.0007726670636078969
immune cells,CYSLTR1,0.14123169245815334,0.117610926483725,0.023620765974428345,up_in_CKD,0.4425584874806173,1.194733928802156,0.24432199619603193,0.8436241225337233,0.0881326352530541,0.08893414799728445,-0.0008015127442303482,14,18,True,0.0007720067427053563
immune cells,CREBZF,0.1426147451020992,0.12147283866811673,0.021141906433982477,up_in_CKD,0.494179484467314,1.4527406023300027,0.15680939204756883,0.8436241225337233,0.08856893542757417,0.0855397148676171,0.003029220559957066,14,18,True,0.0007715877090748974
immune cells,MAP4K4,0.11163224558982433,0.08839897163863597,0.023233273951188363,up_in_CKD,0.44943205694445515,1.296574513129572,0.20467993212456526,0.8436241225337233,0.06864456079115765,0.06924643584521385,-0.0006018750540562057,14,18,True,0.0007711358649034289
immune cells,ATP5F1A,0.27887380911449994,0.22128670498995587,0.05758710412454407,up_in_CKD,0.3109068230756459,0.8927916142467625,0.37911936276112695,0.9056896599962504,0.17553810354857474,0.11948404616429056,0.05605405738428418,14,18,True,0.0007702502704818287
immune cells,ATP2B4,0.1213852480939902,0.09913152696885562,0.022253721125134587,up_in_CKD,0.46648295874875917,1.3727685464439634,0.1801517978282834,0.8436241225337233,0.07562536358347877,0.06992532247114731,0.005700041112331453,14,18,True,0.0007666459872705198
immune cells,SBF1,0.07344253392601587,0.053701351742425914,0.019741182183589952,up_in_CKD,0.5240723372911729,1.4935123693971577,0.14595122428102528,0.8436241225337233,0.04348458406050029,0.042090970807875085,0.0013936132526252074,14,18,True,0.0007640483381049788
immune cells,SAT2,0.3406587248647033,0.2997253793788191,0.040933345485884176,up_in_CKD,0.3284315509741762,0.9308022345000906,0.3596356393964532,0.8778414527562691,0.20157068062827224,0.18601493550577053,0.015555745122501713,14,18,True,0.0007607029589723033
immune cells,PDCD6IP,0.22766616328924486,0.20019012263445254,0.02747604065479231,up_in_CKD,0.37447288730596084,1.0938971736833512,0.28273767642590886,0.8436241225337233,0.1388888888888889,0.13781398506449424,0.0010749038243946518,14,18,True,0.0007598554313156097
immune cells,SUN2,0.2714705030311066,0.2426106576150546,0.028859845416051993,up_in_CKD,0.3563534882727528,0.9880590320638475,0.3319964102329411,0.8436241225337233,0.16172193135543922,0.14731839782756279,0.014403533527876433,14,18,True,0.0007595064342807927
immune cells,LSG1,0.054965903947967854,0.03941671951947142,0.015549184428496433,up_in_CKD,0.5608061209484008,1.5783479396532345,0.12556494274484106,0.8185979895929667,0.03374054682955206,0.029192124915139173,0.0045484219144128896,14,18,True,0.0007580304885440466
immune cells,RAB37,0.07665557672963133,0.05630687950097441,0.02034869722865692,up_in_CKD,0.5035043506056932,1.364123310523476,0.18540905085394835,0.8436241225337233,0.04537521815008726,0.03801765105227427,0.007357567097812989,14,18,True,0.0007566521664821405
immune cells,SLC33A1,0.06931313498496129,0.048363473041586946,0.020949661943374345,up_in_CKD,0.4865085743084033,1.4760575889874499,0.15190948784057412,0.8436241225337233,0.04697498545666085,0.03598099117447386,0.010993994282186989,14,18,True,0.0007527035435216922
immune cells,C16orf54,0.16182316868626373,0.13344084259076394,0.028382326095499788,up_in_CKD,0.35895405700311817,0.9851944902625334,0.33383470158021533,0.8436241225337233,0.10282140779522979,0.09572301425661914,0.007098393538610651,14,18,True,0.0007523904842765849
immune cells,TMC6,0.2646191659623222,0.2316038657930966,0.0330153001692256,up_in_CKD,0.32389941644105186,0.9710881802150151,0.33988593146479623,0.850460242844635,0.15575916230366493,0.12898845892735913,0.0267707033763058,14,18,True,0.0007522543780691328
immune cells,VGLL4,0.08310776946365488,0.0625332528431268,0.020574516620528074,up_in_CKD,0.4935914294385623,1.4142812298700895,0.16767081855296648,0.8436241225337233,0.0549738219895288,0.04955872369314324,0.005415098296385555,14,18,True,0.0007499869270393083
immune cells,ILF3-DT,0.10914188463548986,0.08031079642107744,0.028831088214412423,up_in_CKD,0.35171231054693386,1.031962170137648,0.3104160080815252,0.8436241225337233,0.06719022687609075,0.03326544467073999,0.03392478220535076,14,18,True,0.0007488676103080554
immune cells,TMX1,0.20596631845590055,0.17809300586009114,0.027873312595809413,up_in_CKD,0.3636023475684606,1.0836795735781675,0.28759764591020964,0.8436241225337233,0.1417975567190227,0.11880515953835709,0.022992397180665605,14,18,True,0.0007484653617898696
immune cells,PIK3AP1,0.15595814763259133,0.1288139012659934,0.02714424636659793,up_in_CKD,0.3717819574362474,1.0054277629906898,0.3250067249176884,0.8436241225337233,0.09598603839441536,0.08961303462321792,0.006373003771197441,14,18,True,0.0007452852747200875
immune cells,TMED7,0.13128186724705782,0.10797273063203942,0.02330913661501839,up_in_CKD,0.4317492840652435,1.3118595402676365,0.20110979313622043,0.8436241225337233,0.09235020360674812,0.08282416836388323,0.009526035242864883,14,18,True,0.0007432146399682219
immune cells,HUS1,0.06469673361164986,0.046050529856171835,0.018646203755478027,up_in_CKD,0.5330841844168899,1.529439295408833,0.13671079285501006,0.841852233711032,0.03999418266433973,0.04073319755600815,-0.0007390148916684158,14,18,True,0.0007431551914964355
immune cells,ALDH16A1,0.08493567815351548,0.06790994608838691,0.01702573206512857,up_in_CKD,0.5509483225869564,1.5464490047795598,0.13317951635588057,0.8342347381679611,0.053810354857475276,0.051595383570943655,0.002214971286531621,14,18,True,0.0007383395223549687
immune cells,STT3A,0.0792818658440122,0.05873638056307731,0.02054548528093489,up_in_CKD,0.48390170100104857,1.4774684809979368,0.15202656205461174,0.8436241225337233,0.053228621291448515,0.03665987780040733,0.016568743491041184,14,18,True,0.0007342263981320898
immune cells,LETM1,0.07517970618636007,0.055183111218292655,0.01999659496806741,up_in_CKD,0.49568546858893336,1.41608870691806,0.167198211858306,0.8436241225337233,0.04406631762652705,0.041412084181941616,0.002654233444585437,14,18,True,0.0007320128079987986
immune cells,TC2N,0.15417669026306566,0.1287271822668876,0.025449507996178067,up_in_CKD,0.388931458210446,1.1223890462549138,0.2706137875418047,0.8436241225337233,0.08362420011634672,0.08825526137135098,-0.00463106125500426,14,18,True,0.0007309857404866533
immune cells,MHENCR,0.08141065282517612,0.05608859197052999,0.025322060854646132,up_in_CKD,0.3903335644409316,1.1173197529709853,0.2728231354157092,0.8436241225337233,0.04842931937172775,0.03054989816700611,0.017879421204721642,14,18,True,0.0007299471011067852
immune cells,SH3BP1,0.1610374558108107,0.13266619387831446,0.028371261932496228,up_in_CKD,0.34816792324036855,1.0172756808406098,0.31718811642336864,0.8436241225337233,0.10209424083769633,0.07671418873048201,0.02538005210721432,14,18,True,0.0007294975754971402
immune cells,LMF2,0.13774332130554068,0.11834043662144003,0.019402884684100646,up_in_CKD,0.5078138344349353,1.4577069297145666,0.1553809644721888,0.8436241225337233,0.085369400814427,0.0726408689748812,0.012728531839545795,14,18,True,0.0007276579411954664
immune cells,MAGEF1,0.06707753765368005,0.04521180829527625,0.0218657293584038,up_in_CKD,0.44924798789894926,1.301922539870362,0.20285145811004357,0.8436241225337233,0.04537521815008726,0.029192124915139173,0.016183093234948084,14,18,True,0.0007254484406416932
immune cells,RYK,0.07355764912739919,0.05415733378693091,0.01940031534046828,up_in_CKD,0.5060723998484614,1.5258386316644605,0.13867650535125886,0.8436241225337233,0.04610238510762071,0.03665987780040733,0.009442507307213376,14,18,True,0.0007250665736058595
immune cells,RBM12B,0.09319261553749451,0.0729280475282774,0.02026456800921711,up_in_CKD,0.4826999570100258,1.4260444232624945,0.16442771228417308,0.8436241225337233,0.054537521815008726,0.048200950441276307,0.006336571373732419,14,18,True,0.0007223888810583958
immune cells,ANXA6,0.23370728288536372,0.2058486271255203,0.02785865575984342,up_in_CKD,0.3508790501731604,1.0158077787550504,0.31784523937660714,0.8436241225337233,0.14150668993600932,0.131704005431093,0.00980268450491631,14,18,True,0.000721895007243202
immune cells,TIMM8B,0.3532676370547911,0.326735483933587,0.026532153121204105,up_in_CKD,0.3683516687831503,1.0702478755162759,0.29304549089864984,0.8436241225337233,0.21567771960442117,0.21792260692464357,-0.002244887320222405,14,18,True,0.0007217579550171372
immune cells,PAXX,0.5285769413919926,0.4284878548964124,0.10008908649558024,up_in_CKD,0.2899111479805862,0.837539245020201,0.4089187797826573,0.9444060386798455,0.30381035485747526,0.20502376103190767,0.09878659382556759,14,18,True,0.0007208169540196527
immune cells,CD320,0.11695841874765305,0.09299041822417217,0.023968000523480873,up_in_CKD,0.4058764722836011,1.235217277642621,0.2279810960393449,0.8436241225337233,0.06849912739965096,0.06517311608961303,0.0033260113100379296,14,18,True,0.0007184261387269761
immune cells,NCBP3,0.08797201086627812,0.06341685273253397,0.024555158133744148,up_in_CKD,0.3961051563351298,1.1489519068845342,0.2596542482584478,0.8436241225337233,0.0577370564281559,0.03326544467073999,0.024471611757415912,14,18,True,0.0007183062970910538
immune cells,NF1,0.0948271717844591,0.07420329367447392,0.020623878109985172,up_in_CKD,0.4712818529276202,1.3971639513927832,0.17296327178461274,0.8436241225337233,0.057446189645142524,0.05023761031907671,0.007208579326065813,14,18,True,0.000717806675716654
immune cells,ENG,0.08245895560688823,0.059169197971507735,0.0232897576353805,up_in_CKD,0.4172558453601765,1.0820779171730757,0.29357759846850995,0.8436241225337233,0.051192553810354854,0.041412084181941616,0.009780469628413238,14,18,True,0.0007176684281134969
immune cells,SLC25A29,0.06713374477616417,0.04616637218782362,0.020967372588340548,up_in_CKD,0.46119534725745664,1.278352004731679,0.21214613842221466,0.8436241225337233,0.04144851657940663,0.028513238289205704,0.012935278290200927,14,18,True,0.0007141433104968774
immune cells,ZFYVE21,0.07213854160077826,0.052600129034499475,0.019538412566278786,up_in_CKD,0.4933735323258924,1.3666603824040242,0.18318560527819291,0.8436241225337233,0.04872018615474113,0.04005431093007468,0.008665875224666449,14,18,True,0.0007119042174174567
immune cells,SNHG7,0.3150278552356749,0.274915690502081,0.040112164733593914,up_in_CKD,0.3349214953574193,0.9231468566187708,0.36444215302609484,0.8851454139128576,0.183391506689936,0.19484046164290564,-0.011448954952969631,14,18,True,0.0007118281293399108
immune cells,VCL,0.10188497251145923,0.08125042247664256,0.020634550034816665,up_in_CKD,0.4660582270018432,1.299988611389675,0.20442800031115654,0.8436241225337233,0.06835369400814427,0.058384249830278345,0.009969444177865924,14,18,True,0.0007102179167606108
immune cells,HPRT1,0.16120617206841073,0.1348649595929755,0.02634121247543522,up_in_CKD,0.3639306471339544,1.026219240523601,0.3133977001854357,0.8436241225337233,0.10354857475276323,0.10183299389002037,0.0017155808627428576,14,18,True,0.0007079634446780269
immune cells,CCNL2,0.16719025426610723,0.1430422333996518,0.024148020866455427,up_in_CKD,0.3960815111130368,1.1722303680929773,0.25059674720929576,0.8436241225337233,0.09874927283304247,0.0943652410047522,0.004384031828290266,14,18,True,0.0007063542380035235
immune cells,CNP,0.07035046430822924,0.05247495802194998,0.017875506286279257,up_in_CKD,0.5249680789266408,1.5306410748179191,0.1363570577544961,0.8409567865212229,0.04639325189063409,0.03598099117447386,0.010412260716160228,14,18,True,0.0007059290704173346
immune cells,MFSD14B,0.05248746816192116,0.033707844064033904,0.018779624097887256,up_in_CKD,0.5078192711298015,1.4369907411642022,0.1614634488910694,0.8436241225337233,0.035485747527632346,0.02172437202987101,0.013761375497761335,14,18,True,0.0007042916107615234
immune cells,SOCS4,0.08260169262654424,0.06393126944607375,0.01867042318047049,up_in_CKD,0.5084385673652645,1.4381461467740215,0.16115116202921884,0.8436241225337233,0.04552065154159395,0.05091649694501019,-0.005395845403416234,14,18,True,0.0007010501564221183
immune cells,MGA,0.119594472660658,0.0983781437289934,0.0212163289316646,up_in_CKD,0.4469369397474492,1.3817590939167552,0.18042627757058444,0.8436241225337233,0.07577079697498545,0.06517311608961303,0.010597680885372426,14,18,True,0.0007002819516678763
immune cells,FAM120B,0.06059120304389629,0.04416044279213413,0.016430760251762162,up_in_CKD,0.5252237147961886,1.5557749256744529,0.1305807439458941,0.8296258643674174,0.038248981966259456,0.031228784792939578,0.007020197173319878,14,18,True,0.0007000316958128646
immune cells,PDLIM1,0.06901675429818552,0.04892033135053959,0.02009642294764593,up_in_CKD,0.4703917473797726,1.3458235716179672,0.18856143942843545,0.8436241225337233,0.038248981966259456,0.03394433129667346,0.004304650669585998,14,18,True,0.000698127745829297
immune cells,LGMN,0.10942720401197494,0.08500672421088298,0.02442047980109195,up_in_CKD,0.3865123112788035,1.100675756144979,0.2799766977468176,0.8436241225337233,0.06995346131471786,0.051595383570943655,0.018358077743774202,14,18,True,0.0006970661068326899
immune cells,FBXL3,0.11623294407222472,0.0964343397525163,0.019798604319708424,up_in_CKD,0.4756665681729926,1.3626789231616379,0.18322396465466684,0.8436241225337233,0.07475276323443862,0.06177868295994569,0.012974080274492934,14,18,True,0.0006954944156013407
immune cells,WWP1,0.13165915941558656,0.10616637466420104,0.025492784751385528,up_in_CKD,0.3691485920173442,1.150697644699983,0.2626049359988634,0.8436241225337233,0.07998836532867946,0.05974202308214528,0.020246342246534182,14,18,True,0.0006949842104449687
immune cells,PIP4P1,0.08551256482935628,0.0611713106318824,0.024341254197473877,up_in_CKD,0.38579228458245934,1.113447304199747,0.27437151634627177,0.8436241225337233,0.054682955206515414,0.03801765105227427,0.016665304154241146,14,18,True,0.0006935103266026506
immune cells,CEBPG,0.10707944970632767,0.08685950192531817,0.020219947781009495,up_in_CKD,0.46403754459205726,1.3489777250729424,0.18744310725988117,0.8436241225337233,0.0737347294938918,0.06381534283774609,0.00991938665614571,14,18,True,0.0006929303638073524
immune cells,STMP1,0.3087328525015597,0.24877757067834386,0.05995528182321583,up_in_CKD,0.3052356353668753,0.8763495425372199,0.3878488633919969,0.9165221911441093,0.1922629435718441,0.13781398506449424,0.05444895850734985,14,18,True,0.0006928018745101203
immune cells,JOSD2,0.17320341838301875,0.15145465164190608,0.021748766741112674,up_in_CKD,0.4310274797973448,1.2876980474178352,0.20831598929731307,0.8436241225337233,0.11489237929028505,0.11269517990495587,0.002197199385329182,14,18,True,0.00069230271862036
immune cells,SLC30A7,0.10859583382287578,0.08738007671954778,0.021215757103328,up_in_CKD,0.4412894808044835,1.3645898025515677,0.18571225545157988,0.8436241225337233,0.06806282722513089,0.05770536320434488,0.010357464020786016,14,18,True,0.0006914146099907131
immune cells,JADE1,0.0963982518008537,0.07768031926363178,0.018717932537221912,up_in_CKD,0.49753620025273043,1.5410213848122185,0.13727014519225716,0.8430262266154503,0.06326352530541013,0.05634758995247793,0.006915935352932195,14,18,True,0.0006906307725192178
immune cells,DCAF15,0.07949131686887644,0.061100501805489794,0.01839081506338664,up_in_CKD,0.5069188017347979,1.4666616219519149,0.15287683393246368,0.8436241225337233,0.05002908667830134,0.04073319755600815,0.009295889122293191,14,18,True,0.0006884871188480536
immune cells,SIRPA,0.08257160340064056,0.0627428081412053,0.01982879525943526,up_in_CKD,0.47014718470856987,1.401266404160883,0.17194075397084013,0.8436241225337233,0.056282722513089,0.04480651731160896,0.011476205201480044,14,18,True,0.0006884725209054827
immune cells,MRE11,0.09134163546086664,0.06630207974062864,0.025039555720238,up_in_CKD,0.37223461478798064,1.045805051080734,0.3045287743625181,0.8436241225337233,0.05962769051774287,0.032586558044806514,0.02704113247293636,14,18,True,0.0006883349446406335
immune cells,BCL9L,0.07943389356312046,0.05968520158557863,0.01974869197754183,up_in_CKD,0.47133016070818234,1.4403573583000564,0.1622360479439527,0.8436241225337233,0.05148342059336824,0.031907671418873046,0.019575749174495193,14,18,True,0.0006874165914880859
immune cells,GNL1,0.07266282599029032,0.05483240062504078,0.017830425365249543,up_in_CKD,0.5216793176417497,1.4795896496304093,0.14973640143920083,0.8436241225337233,0.04493891797556719,0.04752206381534284,-0.002583145839775647,14,18,True,0.0006869446816292226
immune cells,TUBGCP6,0.06338752827500405,0.04599940303064275,0.017388125244361292,up_in_CKD,0.5103996478150139,1.5440956347881807,0.13442065173653567,0.8368708559639715,0.041884816753926704,0.038696537678207736,0.003188279075718968,14,18,True,0.0006863980356889304
immune cells,CGAS,0.05437315115404238,0.03357162367147252,0.02080152748256986,up_in_CKD,0.44593304454559296,1.317332323867683,0.1979384190099232,0.8436241225337233,0.03388598022105876,0.012219959266802444,0.021666020954256314,14,18,True,0.000685048508464187
immune cells,PIGC,0.09460889441187052,0.07631984407857476,0.018289050333295767,up_in_CKD,0.5063793256429062,1.3918059456956429,0.1759783944520244,0.8436241225337233,0.055264688772542175,0.05770536320434488,-0.0024406744318027015,14,18,True,0.0006839487556176373
immune cells,STK40,0.05880479716599838,0.044660223520084495,0.014144573645913885,up_in_CKD,0.5328980173188782,1.5899650225872062,0.12293135856424844,0.8119513315928629,0.03810354857475276,0.03054989816700611,0.007553650407746651,14,18,True,0.0006819280639868542
immune cells,NFATC3,0.1393050930793864,0.11467794702019114,0.024627146059195262,up_in_CKD,0.37353908812018183,1.1313929604393411,0.26809071671164936,0.8436241225337233,0.07838859802210588,0.06856754921928038,0.0098210488028255,14,18,True,0.0006793703406184177
immune cells,STARD3NL,0.11400684828041989,0.09455330273820979,0.0194535455422101,up_in_CKD,0.4726258865403475,1.3893758644851941,0.17507645725271456,0.8436241225337233,0.07155322862129145,0.06517311608961303,0.006380112531678417,14,18,True,0.0006790045954298153
immune cells,PPM1K,0.17390934287072232,0.14957415941405558,0.024335183456666742,up_in_CKD,0.37663888705871035,1.1303524581462636,0.26804029680205116,0.8436241225337233,0.10471204188481675,0.10658520027155464,-0.0018731583867378915,14,18,True,0.0006768870805616429
immune cells,RNF20,0.05791326138560714,0.04227115329519108,0.01564210809041606,up_in_CKD,0.5362010688897237,1.5509125366775167,0.13141379570641823,0.8309959223685279,0.042611983711460154,0.0373387644263408,0.005273219285119354,14,18,True,0.000674349419186494
immune cells,UBE2K,0.24147800941556535,0.21590206634813802,0.02557594306742733,up_in_CKD,0.3568217608921186,1.033173142287138,0.3097815319145941,0.8436241225337233,0.14543339150668994,0.15478615071283094,-0.00935275920614101,14,18,True,0.0006739682396211512
immune cells,ALG8,0.05242203325556792,0.03945947366897713,0.012962559586590788,up_in_CKD,0.5418035042761907,1.6157398738604158,0.1172024767673531,0.8021970212548318,0.032140779522978474,0.031907671418873046,0.00023310810410542837,14,18,True,0.0006722495558643002
immune cells,RPS6KA5,0.08900727317449761,0.06791288285194429,0.021094390322553322,up_in_CKD,0.4308917081275325,1.3067313768294517,0.20268715877699217,0.8436241225337233,0.054682955206515414,0.04548540393754243,0.009197551268972981,14,18,True,0.0006712612187318813
immune cells,PNPLA2,0.12944961990380616,0.10771401378900451,0.021735606114801645,up_in_CKD,0.41791561921268994,1.1549591365162786,0.25850350643140846,0.8436241225337233,0.07417102966841187,0.07060420909708079,0.003566820571331078,14,18,True,0.000670836679583289
immune cells,EHD1,0.1476437351620419,0.12411640597654466,0.023527329185497242,up_in_CKD,0.38562117231189236,1.1475221764005108,0.26066164786901314,0.8436241225337233,0.08726003490401396,0.0726408689748812,0.01461916592913276,14,18,True,0.000670023356443085
immune cells,KIAA1109,0.19301583011777743,0.16639778370952227,0.026618046408255158,up_in_CKD,0.33812782906963296,1.0041748485644977,0.3236459086837208,0.8436241225337233,0.1154741128563118,0.10726408689748812,0.008210025958823683,14,18,True,0.0006646814162793029
immune cells,SEPHS1,0.059404349392035205,0.04465887324818866,0.014745476143846546,up_in_CKD,0.541473608559088,1.5622460748674072,0.12873638779547208,0.8255863529461591,0.03781268179173938,0.028513238289205704,0.009299443502533679,14,18,True,0.0006645919776184404
immune cells,LPP,0.15368184646946806,0.12861063680791174,0.02507120966155632,up_in_CKD,0.3587464465225023,1.0093176492105083,0.32135827144981366,0.8436241225337233,0.09962187318208261,0.09164969450101833,0.007972178681064285,14,18,True,0.0006642313039709665
immune cells,ELK1,0.056471001238035494,0.039181636585736396,0.017289364652299098,up_in_CKD,0.5170182624288292,1.392149648051254,0.17735030062154478,0.8436241225337233,0.029959278650378125,0.031228784792939578,-0.0012695061425614523,14,18,True,0.0006601480738369277
immune cells,ARFIP1,0.08458729688932665,0.06699068232219976,0.017596614567126884,up_in_CKD,0.5075677903883363,1.47531163480283,0.15055164108475738,0.8436241225337233,0.05162885398487493,0.04480651731160896,0.006822336673265969,14,18,True,0.0006595984379213268
immune cells,DNM2,0.1618155324119573,0.1396410647462158,0.02217446766574152,up_in_CKD,0.40044389500764693,1.2219097982007487,0.2330819315164727,0.8436241225337233,0.10107620709714951,0.09843856076035302,0.002637646336796487,14,18,True,0.0006557696638600624
immune cells,IRF9,0.06683441143444788,0.04497884918348058,0.021855562250967298,up_in_CKD,0.40518108558627947,1.066681833791898,0.298998001593914,0.8436241225337233,0.05759162303664921,0.028513238289205704,0.02907838474744351,14,18,True,0.0006539847024487874
immune cells,REST,0.1760165337257682,0.15373521797929793,0.02228131574647027,up_in_CKD,0.39656408947633487,1.175042749320102,0.24952005928101115,0.8436241225337233,0.10616637579988365,0.10522742701968771,0.0009389487801959445,14,18,True,0.0006525452910409621
immune cells,UBQLN1,0.12559443175116705,0.10474007627556332,0.020854355475603728,up_in_CKD,0.4228710067245711,1.169273752413364,0.2527652532479228,0.8436241225337233,0.08216986620127982,0.0726408689748812,0.00952899722639862,14,18,True,0.0006512700763394151
immune cells,HLA-DQA2,0.22656076009277334,0.1368749395010657,0.08968582059170765,up_in_CKD,0.3171444386766125,0.8378539704427496,0.41192951107126896,0.9486582367879419,0.1084933100639907,0.08078750848608282,0.027705801577907876,14,18,True,0.0006510746974257229
immune cells,NUP58,0.06468991666986205,0.04434210892679222,0.020347807743069837,up_in_CKD,0.43320263133768827,1.2704141897126642,0.21378605723565042,0.8436241225337233,0.04319371727748691,0.02308214528173795,0.020111571995748957,14,18,True,0.0006509762646497906
immune cells,RNF103,0.04624122057241743,0.032899594458850635,0.013341626113566797,up_in_CKD,0.5346519076186279,1.5946602213158496,0.121860317462477,0.8105386578084248,0.030831878999418267,0.026476578411405296,0.004355300588012971,14,18,True,0.0006507284442107583
immune cells,MIR155HG,0.07372029368911838,0.053752036692449795,0.019968256996668585,up_in_CKD,0.4408007711558658,1.3178549090516398,0.1981874627688574,0.8436241225337233,0.04537521815008726,0.04752206381534284,-0.002146845665255581,14,18,True,0.000650038299693225
immune cells,CDK6,0.10664698665943803,0.08697843835170789,0.01966854830773014,up_in_CKD,0.4471401574451378,1.3185652309462619,0.1974869175157375,0.8436241225337233,0.07126236183827807,0.06381534283774609,0.007447019000531976,14,18,True,0.0006494899340994932
immune cells,CSE1L,0.059487546554901904,0.04192031354680314,0.017567233008098766,up_in_CKD,0.5001666298775855,1.5355503381509326,0.13768961884810188,0.8436241225337233,0.04232111692844677,0.03394433129667346,0.008376785631773312,14,18,True,0.0006488951338434443
immune cells,TXNRD1,0.08285189843200988,0.06467552292632728,0.0181763755056826,up_in_CKD,0.4830479013800894,1.3867866961907274,0.1757931607415504,0.8436241225337233,0.053083187899941826,0.04752206381534284,0.005561124084598988,14,18,True,0.0006484163069901529
immune cells,EIF4EBP2,0.17708322755984293,0.1528071745853306,0.024276052974512324,up_in_CKD,0.35795494424789553,1.0574548252578504,0.29894695135584426,0.8436241225337233,0.11154741128563118,0.10862186014935506,0.0029255511362761277,14,18,True,0.0006417455775656217
immune cells,SSBP3,0.09197394549628994,0.07397770490930478,0.017996240586985165,up_in_CKD,0.4825721333454203,1.4223220444558546,0.1654363644113958,0.8436241225337233,0.05991855730075625,0.05431093007467753,0.005607627226078722,14,18,True,0.0006413579353251179
immune cells,IFNAR2,0.12631262349298325,0.10669783235356911,0.01961479113941414,up_in_CKD,0.442249684693597,1.2858517098380848,0.20833632804656452,0.8436241225337233,0.0882780686445608,0.0726408689748812,0.015637199669679594,14,18,True,0.0006406305755757168
immune cells,DNAJB9,0.12451603272854118,0.10367136403556662,0.020844668692974563,up_in_CKD,0.41236191591467286,1.229523310050919,0.22895461332920597,0.8436241225337233,0.07998836532867946,0.07671418873048201,0.0032741765981974535,14,18,True,0.0006347898706397987
immune cells,AC008105.3,0.08168981072510773,0.056803336388526735,0.02488647433658099,up_in_CKD,0.345378758454962,1.0192567448993937,0.31640448200335786,0.8436241225337233,0.060063990692262946,0.025118805159538356,0.03494518553272459,14,18,True,0.0006347686081841231
immune cells,ZAP70,0.15164210399869663,0.12553914479114972,0.026102959207546905,up_in_CKD,0.35103017543305254,0.9686251944546943,0.34163178696768537,0.8526021531450769,0.08260616637579989,0.06924643584521385,0.013359730530586034,14,18,True,0.0006345654065410346
immune cells,LRP10,0.15847821535530462,0.13663596826694457,0.02184224708836005,up_in_CKD,0.3927561425362991,1.1370690245322834,0.26451196017336753,0.8436241225337233,0.09991273996509599,0.08961303462321792,0.010299705341878074,14,18,True,0.0006335439444130858
immune cells,GNG7,0.07035365883143725,0.05065912260662455,0.019694536224812702,up_in_CKD,0.4352585874072866,1.269669506239824,0.21398649633971456,0.8436241225337233,0.04522978475858057,0.04073319755600815,0.0044965872025724204,14,18,True,0.0006330668156399496
immune cells,B3GNT2,0.08240354081583322,0.0633324486209405,0.01907109219489271,up_in_CKD,0.4494805764947413,1.3255381186635287,0.19519497635291524,0.8436241225337233,0.053810354857475276,0.03801765105227427,0.015792703805201008,14,18,True,0.0006330571778830176
immune cells,UBE2G2,0.1565572928915426,0.13335770044267256,0.023199592448870043,up_in_CKD,0.3687253196512399,1.1447293876215852,0.2645930276725462,0.8436241225337233,0.10093077370564281,0.08825526137135098,0.01267551233429183,14,18,True,0.0006317420115657779
immune cells,FAM126A,0.08731792667147377,0.06586427030157861,0.021453656369895158,up_in_CKD,0.3965382945921305,1.1268051289312868,0.26899316570493625,0.8436241225337233,0.0548283885980221,0.041412084181941616,0.013416304416080486,14,18,True,0.0006282650445587154
immune cells,VMA21,0.2229415340818692,0.20006068110697692,0.022880852974892285,up_in_CKD,0.3702955659276894,1.1195426575553458,0.272915266738339,0.8436241225337233,0.13976148923792903,0.14663951120162932,-0.006878021963700298,14,18,True,0.0006257158621379359
immune cells,PPP6C,0.14370400753791554,0.12095690635282136,0.022747101185094182,up_in_CKD,0.3721675988674871,1.1619152033931581,0.25829018070468845,0.8436241225337233,0.09278650378126818,0.09097080787508487,0.001815695906183315,14,18,True,0.0006252030132484491
immune cells,ARRDC1,0.20857786610099585,0.18865035096547594,0.019927515135519908,up_in_CKD,0.42415157156054073,1.2797890785592674,0.21154673933897758,0.8436241225337233,0.13365328679464805,0.12559402579769177,0.00805926099695628,14,18,True,0.0006242099263596214
immune cells,BAZ2B,0.15764284354844552,0.1379588153507823,0.01968402819766321,up_in_CKD,0.42784030710740845,1.1662783016582885,0.25476163462516405,0.8436241225337233,0.09700407213496219,0.09368635437881874,0.003317717756143451,14,18,True,0.0006219451970290345
immune cells,SLC4A2,0.05091719609891042,0.03440163504206126,0.016515561056849162,up_in_CKD,0.508072392828126,1.478509600604368,0.14970392059336493,0.8436241225337233,0.032722513089005235,0.024439918533604887,0.008282594555400348,14,18,True,0.0006196912609262596
immune cells,COMTD1,0.1243331719046741,0.10475701577179516,0.01957615613287894,up_in_CKD,0.42775396000869365,1.2377933064746678,0.22539573281682893,0.8436241225337233,0.08173356602675974,0.07399864222674814,0.007734923800011603,14,18,True,0.000618411990276119
immune cells,SMIM10L1,0.09208880358731607,0.06794601682658594,0.02414278676073013,up_in_CKD,0.34551223916028595,0.9936046618404001,0.3283987289253578,0.8436241225337233,0.055991855730075625,0.0373387644263408,0.018653091303734826,14,18,True,0.0006160376807060042
immune cells,TST,0.07963956390530262,0.06180482606387315,0.01783473784142947,up_in_CKD,0.46712569341928467,1.3475251307002325,0.18791887449015596,0.8436241225337233,0.0564281559045957,0.04684317718940937,0.009584978715186328,14,18,True,0.0006152575162567866
immune cells,CHM,0.0938910717073016,0.07599501032875157,0.01789606137855003,up_in_CKD,0.46545877244020595,1.3990928504451026,0.17298951424927358,0.8436241225337233,0.0621000581733566,0.055668703326544465,0.0064313548468121345,14,18,True,0.0006151699643805653
immune cells,GPR160,0.05686767627927643,0.03762015642618924,0.01924751985308719,up_in_CKD,0.43258227394689036,1.2098148415688228,0.23656598894998393,0.8436241225337233,0.038248981966259456,0.029192124915139173,0.009056857051120283,14,18,True,0.0006148935507646746
immune cells,TMX3,0.11475622216992457,0.09562090287654654,0.019135319293378028,up_in_CKD,0.434639438118495,1.2944854519149098,0.20586989800783043,0.8436241225337233,0.07562536358347877,0.06992532247114731,0.005700041112331453,14,18,True,0.0006142162276986855
immune cells,DNASE2,0.10342957333296778,0.08557029912047959,0.017859274212488188,up_in_CKD,0.4650182801780107,1.3413565283260094,0.1898902486201332,0.8436241225337233,0.06849912739965096,0.062457569585879155,0.006041557813771803,14,18,True,0.0006133244437809915
immune cells,PACS2,0.07182241059828577,0.052156002300971734,0.019666408297314038,up_in_CKD,0.4217813154907093,1.3223551903725634,0.20078640952314378,0.8436241225337233,0.0477021524141943,0.031228784792939578,0.016473367621254724,14,18,True,0.0006125884876721912
immune cells,PMM1,0.09264953816598563,0.07471089782798604,0.017938640337999592,up_in_CKD,0.4619373978590405,1.344475994841343,0.18888217077200892,0.8436241225337233,0.06428155904595695,0.05431093007467753,0.00997062897127942,14,18,True,0.0006119685288395482
immune cells,MDP1,0.049710710845330255,0.03373192895613993,0.015978781889190323,up_in_CKD,0.517177962437405,1.4728385797024668,0.15142958194162584,0.8436241225337233,0.03999418266433973,0.02987101154107264,0.010123171123267091,14,18,True,0.0006102954357326221
immune cells,TMEM127,0.08151560100568771,0.06514693416142131,0.016368666844266397,up_in_CKD,0.5038228917618974,1.5006103029976883,0.14443704169834212,0.8436241225337233,0.05700988947062245,0.05227427019687712,0.004735619273745328,14,18,True,0.0006090425684100383
immune cells,ZMYM2,0.16472052653364042,0.14323044550397185,0.021490081029668567,up_in_CKD,0.3837507908676923,1.0925314772408516,0.2834850076423309,0.8436241225337233,0.10442117510180338,0.09911744738628649,0.00530372771551689,14,18,True,0.000609037142368085
immune cells,SYNJ2BP,0.08388411014089654,0.06804858791522118,0.015835522225675358,up_in_CKD,0.5199748124711184,1.4850017813066811,0.14813391107857737,0.8436241225337233,0.05017452006980803,0.048200950441276307,0.001973569628531721,14,18,True,0.0006080945899501668
immune cells,SLC46A3,0.08666156193046984,0.06950262139360683,0.01715894053686301,up_in_CKD,0.4797688970623125,1.3512494916747668,0.18726009655321588,0.8436241225337233,0.0578824898196626,0.04684317718940937,0.011039312630253227,14,18,True,0.0006079655926508778
immune cells,TRG-AS1,0.08366408837009842,0.06033084844576079,0.023333239924337633,up_in_CKD,0.3521376421408016,0.9981993154670749,0.32642957381892634,0.8436241225337233,0.053810354857475276,0.03326544467073999,0.020544910186735287,14,18,True,0.0006067977212134072
immune cells,TIA1,0.15263170482193664,0.13060075243488833,0.022030952387048303,up_in_CKD,0.3728152988310934,1.1501215274768768,0.2618079766091282,0.8436241225337233,0.10078534031413612,0.08078750848608282,0.0199978318280533,14,18,True,0.0006065735100806827
immune cells,SMAD5,0.12184544559246012,0.10123988876403633,0.020605556828423785,up_in_CKD,0.39783343585165976,1.1596274791763688,0.25536354609087697,0.8436241225337233,0.08173356602675974,0.06992532247114731,0.011808243555612427,14,18,True,0.0006053995281104676
immune cells,CISD2,0.1671778946301517,0.14540340808399524,0.021774486546156463,up_in_CKD,0.3758153798685235,1.1398597070933933,0.2646931712299601,0.8436241225337233,0.11489237929028505,0.1079429735234216,0.0069494057668634535,14,18,True,0.0006043366246417409
immune cells,MSRB1,0.0902112154538488,0.07238732188604154,0.017823893567807267,up_in_CKD,0.4582214814298539,1.3707652074763292,0.181318154274468,0.8436241225337233,0.058173356602675974,0.05431093007467753,0.0038624265279984457,14,18,True,0.0006031626877003617
immune cells,FAM214A,0.10640729679251985,0.0872932104513724,0.01911408634114746,up_in_CKD,0.42720683836770723,1.2521247716672597,0.2202740486683277,0.8436241225337233,0.0664630599185573,0.06517311608961303,0.001289943828944276,14,18,True,0.0006030428628553275
immune cells,PGGT1B,0.1289714827592691,0.10711515050066116,0.021856332258607933,up_in_CKD,0.3722842799038475,1.0928096951714819,0.2832641870694351,0.8436241225337233,0.085369400814427,0.07399864222674814,0.011370758587678859,14,18,True,0.0006009086072109697
immune cells,TMEM123,0.39030058447167537,0.35653790681589664,0.03376267765577873,up_in_CKD,0.30548976707142894,0.9390812029079498,0.3571053244905078,0.8746014155949822,0.239674229203025,0.219959266802444,0.019714962400581015,14,18,True,0.0006001787211982157
immune cells,FOXJ3,0.07385984965618785,0.058419894089665164,0.015439955566522681,up_in_CKD,0.5247271584933327,1.5257632649700148,0.1375487265278545,0.8436241225337233,0.046829552065154156,0.04412763068567549,0.0027019213794786667,14,18,True,0.0005983234596351404
immune cells,PIM2,0.0683686100228356,0.05170714940289061,0.016661460619944994,up_in_CKD,0.48559332326374804,1.4029651035999822,0.17090176788023467,0.8436241225337233,0.04086678301337987,0.031907671418873046,0.008959111594506824,14,18,True,0.0005975059305125093
immune cells,RPRD2,0.08316024796393719,0.06632343195330828,0.016836816010628905,up_in_CKD,0.4782275106867051,1.4010496286713128,0.17153282420371604,0.8436241225337233,0.05162885398487493,0.048200950441276307,0.0034279035435986205,14,18,True,0.0005946356796582026
immune cells,RAB5B,0.07590288793888503,0.05934264173508755,0.01656024620379748,up_in_CKD,0.48581283879955683,1.4633502086110413,0.15485582447171758,0.8436241225337233,0.04842931937172775,0.03801765105227427,0.010411668319453483,14,18,True,0.0005941446893996028
immune cells,AL139246.5,0.0755115838885948,0.05389912951963349,0.02161245436896131,up_in_CKD,0.3696621462233501,1.07029288083386,0.29302472247806965,0.8436241225337233,0.04872018615474113,0.02987101154107264,0.018849174613668487,14,18,True,0.0005900183415577508
immune cells,PIN1,0.25317251807480845,0.23346346861502434,0.019709049459784106,up_in_CKD,0.4038518444738747,1.1695186375987947,0.2514041840148654,0.8436241225337233,0.1660849331006399,0.1778682959945689,-0.011783362893929006,14,18,True,0.0005878197755546303
immune cells,VPS41,0.097363131398243,0.08081068648303513,0.016552444915207867,up_in_CKD,0.4802356314465693,1.3557127532426783,0.18577081769662918,0.8436241225337233,0.0636998254799302,0.05974202308214528,0.0039578023977849125,14,18,True,0.0005870471358453669
immune cells,NTMT1,0.12220212317334625,0.10391786609592896,0.018284257077417293,up_in_CKD,0.4336761511955316,1.3196020156968395,0.19865136550168364,0.8436241225337233,0.08115183246073299,0.08418194161575017,-0.0030301091550171827,14,18,True,0.0005855976178216052
immune cells,TESPA1,0.06497398564962649,0.045544346855173834,0.019429638794452656,up_in_CKD,0.40810100822386414,1.1783478293285994,0.24793175326812392,0.8436241225337233,0.03781268179173938,0.04073319755600815,-0.002920515764268765,14,18,True,0.0005855835081900209
immune cells,GATA3,0.09378359304001259,0.0737525852765814,0.020031007763431183,up_in_CKD,0.3957248296102387,1.1798353983161634,0.24784188658289472,0.8436241225337233,0.0549738219895288,0.04005431093007468,0.014919511059454119,14,18,True,0.0005853997633798858
immune cells,SKIV2L,0.04812686949315526,0.035688048951476314,0.012438820541678948,up_in_CKD,0.5298586781533255,1.5840209712255713,0.12436894126683248,0.8157293754131085,0.03228621291448516,0.027834351663272233,0.00445186125121293,14,18,True,0.0005829834551137668
immune cells,SWAP70,0.11689698280719332,0.09959542601851065,0.01730155678868267,up_in_CKD,0.4545948881952007,1.2445345450529255,0.22483613872521818,0.8436241225337233,0.07097149505526469,0.06856754921928038,0.002403945835984314,14,18,True,0.0005808529146893062
immune cells,RDH11,0.10033994275987401,0.07979343813943934,0.02054650462043467,up_in_CKD,0.3826310167746329,1.1588713777167012,0.2569093968957978,0.8436241225337233,0.06602675974403723,0.059063136456211814,0.0069636232878254115,14,18,True,0.0005805967019107428
immune cells,FAM192A,0.16441052395878003,0.1438075034809604,0.020603020477819617,up_in_CKD,0.37843448738306146,1.1747330883515161,0.2526176824373286,0.8436241225337233,0.1055846422338569,0.11065852002715547,-0.00507387779329857,14,18,True,0.0005758084637432056
immune cells,SLFN12,0.05759370229853437,0.042336400504718576,0.015257301793815792,up_in_CKD,0.5089825467901038,1.3979008868408784,0.17420812800859128,0.8436241225337233,0.04028504944735311,0.03054989816700611,0.009735151280347,14,18,True,0.0005735048166968108
immune cells,DYRK4,0.07533405019938925,0.059434407650824445,0.01589964254856481,up_in_CKD,0.4883103605174636,1.5046560628424257,0.14578139131271856,0.8436241225337233,0.050465386852821405,0.04276985743380855,0.007695529419012852,14,18,True,0.0005733763056603512
immune cells,MAP3K2,0.2201107140613967,0.19273116196582904,0.027379552095567666,up_in_CKD,0.3227854929014254,0.955669908249781,0.3471069950940629,0.8619369482627415,0.14092495636998253,0.1364562118126273,0.004468744557355242,14,18,True,0.0005702496265905815
immune cells,THAP11,0.10018997910672946,0.08096975048158427,0.01922022862514519,up_in_CKD,0.4014828845097828,1.1148803825300215,0.2747703476049157,0.8436241225337233,0.060936591041303084,0.05363204344874406,0.007304547592559024,14,18,True,0.0005698781785793775
immune cells,DMAC1,0.11764460520137132,0.08855242992553819,0.029092175275833132,up_in_CKD,0.3257042362123581,0.941911397646747,0.3537653315894012,0.8709961934937284,0.07853403141361257,0.048200950441276307,0.03033308097233626,14,18,True,0.0005683726411949957
immune cells,CD47,0.5691285615726434,0.5324861914448742,0.036642370127769164,up_in_CKD,0.3029688220097426,0.9174117370443416,0.367242945909666,0.8889782239411421,0.32809773123909247,0.3333333333333333,-0.005235602094240843,14,18,True,0.000567384981203889
immune cells,INIP,0.09227126795108496,0.07475059862592502,0.017520669325159943,up_in_CKD,0.4381501762078137,1.356534414145948,0.18835244786927516,0.8436241225337233,0.062390924956369984,0.06042090970807875,0.0019700152482912334,14,18,True,0.0005669308972033212
immune cells,PLA2G15,0.05812737558567459,0.03886464285413587,0.019262732731538716,up_in_CKD,0.398307781256883,1.2208178153030054,0.2338398724380343,0.8436241225337233,0.03853984874927283,0.02240325865580448,0.016136590093468354,14,18,True,0.0005666216079263728
immune cells,HAUS3,0.05770993759157262,0.0412356802815309,0.01647425731004172,up_in_CKD,0.4645052839356465,1.3185150790241493,0.19760064432068278,0.8436241225337233,0.034904013961605584,0.027155465037338764,0.00774854892426682,14,18,True,0.0005651359644416996
immune cells,ATG16L2,0.14780466205080467,0.1272542311590711,0.020550430891733557,up_in_CKD,0.3717090858857862,1.0535521464724176,0.30077990105726476,0.8436241225337233,0.09453170447934846,0.09572301425661914,-0.0011913097772706799,14,18,True,0.0005641317614338107
immune cells,BET1L,0.05609897437501266,0.04466254034827701,0.01143643402673565,up_in_CKD,0.5361472418987084,1.5948884928291205,0.12170084666193721,0.8101930856885396,0.03868528214077952,0.03394433129667346,0.0047409508441060635,14,18,True,0.0005604997021334457
immune cells,GBF1,0.049642602799185656,0.03678644529532357,0.012856157503862084,up_in_CKD,0.5309971175881549,1.5579149744665355,0.129839981871754,0.8277968582882803,0.03315881326352531,0.02987101154107264,0.003287801722452667,14,18,True,0.0005603001358054056
immune cells,NUBP1,0.08655339869253284,0.06807641497022572,0.01847698372230712,up_in_CKD,0.41034939904444595,1.2434082143209588,0.22470342968676876,0.8436241225337233,0.05846422338568935,0.06109979633401222,-0.0026355729483228674,14,18,True,0.0005599397775890448
immune cells,TRIM38,0.23032631513462945,0.20239611850298964,0.027930196631639814,up_in_CKD,0.3227192582638482,0.9475860975876349,0.35099216330251165,0.8667281176916044,0.13772542175683536,0.13577732518669383,0.0019480965701415276,14,18,True,0.0005598995868857756
immune cells,CKS1B,0.10856350183219973,0.0906216786154191,0.01794182321678063,up_in_CKD,0.4219736354669638,1.230589391097333,0.22805902033435024,0.8436241225337233,0.07140779522978476,0.0726408689748812,-0.001233073745096444,14,18,True,0.0005591242558775941
immune cells,DDX10,0.05751350646287217,0.03886577314173687,0.0186477333211353,up_in_CKD,0.4053749158616569,1.231768462795395,0.22913649447889675,0.8436241225337233,0.033595113438045374,0.020366598778004074,0.0132285146600413,14,18,True,0.0005582636668297361
immune cells,HIST1H2AC,0.10455213030138547,0.08511435212431354,0.01943777817707193,up_in_CKD,0.3886628907873019,1.1405484974018467,0.2631691969164533,0.8436241225337233,0.060791157649796396,0.05770536320434488,0.0030857944454515188,14,18,True,0.0005579254093145392
immune cells,SMG1,0.22342313352479734,0.19772154260285937,0.025701590921937967,up_in_CKD,0.32731021218867357,0.9592323782491261,0.34516785718450554,0.8585781273496657,0.13481675392670156,0.13238289205702647,0.0024338618696750913,14,18,True,0.0005570701867593111
immune cells,DOK3,0.06881751387175156,0.05183230074035647,0.016985213131395088,up_in_CKD,0.44385028107376,1.282771727166982,0.20940208979457542,0.8436241225337233,0.04610238510762071,0.038696537678207736,0.007405847429412971,14,18,True,0.000556754764871396
immune cells,BRWD3,0.06118075537608469,0.043756948837498734,0.017423806538585954,up_in_CKD,0.4324399960187828,1.3078761413067805,0.2021264353425449,0.8436241225337233,0.039121582315299594,0.03054989816700611,0.008571684148293485,14,18,True,0.0005564489631762864
immune cells,SIN3A,0.06852056382825747,0.05340838252927024,0.015112181298987226,up_in_CKD,0.4984985657007387,1.5321912379542568,0.13862402281928557,0.8436241225337233,0.04275741710296684,0.034623217922606926,0.008134199180359916,14,18,True,0.0005563492548573573
immune cells,PARP6,0.045517387536798,0.033014386928660655,0.012503000608137346,up_in_CKD,0.541023297143339,1.5586336695242164,0.12960095227605167,0.8276706520024331,0.03228621291448516,0.029192124915139173,0.00309408799934599,14,18,True,0.0005556455484143555
immune cells,AP3M1,0.062326009111178346,0.046311578204644474,0.016014430906533872,up_in_CKD,0.46944779118047886,1.3984443863837621,0.17275644166358645,0.8436241225337233,0.03955788248981966,0.031228784792939578,0.008329097696880082,14,18,True,0.0005552074084862307
immune cells,METRN,0.10413998777010668,0.08573570909096251,0.018404278679144168,up_in_CKD,0.4079294672638149,1.138675010569996,0.2646605521927706,0.8436241225337233,0.06442699243746364,0.054989816700611,0.00943717573685264,14,18,True,0.0005544473620133607
immune cells,SSH1,0.05299092521282991,0.040270280542870476,0.012720644669959431,up_in_CKD,0.5183971013860825,1.5712551929761924,0.12811525086399447,0.8241695874456827,0.03868528214077952,0.032586558044806514,0.006098724095973007,14,18,True,0.0005538156423576063
immune cells,PAFAH1B3,0.09636791364820774,0.07896917852267121,0.017398735125536524,up_in_CKD,0.42981084981344253,1.266521804130213,0.2152450106058475,0.8436241225337233,0.06588132635253054,0.05431093007467753,0.011570396277853008,14,18,True,0.0005522700520334653
immune cells,MAN1A2,0.13122136359995681,0.11177042663395358,0.019450936966003238,up_in_CKD,0.38388520650308755,1.1523598666391281,0.2590522170725613,0.8436241225337233,0.08289703315881326,0.08010862186014936,0.0027884112986639037,14,18,True,0.0005514401013705833
immune cells,FLOT2,0.10674930407530561,0.08952795492886795,0.017221349146437664,up_in_CKD,0.4335614464434278,1.3022413980024494,0.2036216502243505,0.8436241225337233,0.07024432809773123,0.07060420909708079,-0.0003598809993495544,14,18,True,0.0005514095338290812
immune cells,TRAF1,0.05518749394165071,0.04000746678079789,0.015180027160852823,up_in_CKD,0.49176833744052456,1.3933090758273268,0.17411678590889537,0.8436241225337233,0.031413612565445025,0.025797691785471828,0.005615920779973197,14,18,True,0.0005513019826496095
immune cells,FAM107B,0.4394151553025207,0.40616823593667817,0.03324691936584251,up_in_CKD,0.31271460950063085,0.9208424710783824,0.3645981617109853,0.8853705170881571,0.24025596276905178,0.2437202987101154,-0.0034643359410636287,14,18,True,0.0005497300823031383
immune cells,RNF169,0.06992145759196249,0.05307506509823382,0.016846392493728664,up_in_CKD,0.44177501160230687,1.3124911853195982,0.19971768406783627,0.8436241225337233,0.04522978475858057,0.04073319755600815,0.0044965872025724204,14,18,True,0.0005496225013830776
immune cells,TMEM14A,0.06291790523602264,0.047095219514224046,0.015822685721798596,up_in_CKD,0.4703294620370428,1.2888078635365625,0.20919695316228884,0.8436241225337233,0.04508435136707388,0.04276985743380855,0.002314493933265327,14,18,True,0.000549590008721246
immune cells,TOR1AIP2,0.11800029698800099,0.1000261386121259,0.017974158375875085,up_in_CKD,0.41354808908308505,1.2156928788113037,0.23370347078737058,0.8436241225337233,0.07940663176265271,0.0726408689748812,0.006765762787771509,14,18,True,0.0005489477697372645
immune cells,ZFP14,0.08175204622853528,0.06282012652613243,0.01893191970240285,up_in_CKD,0.39230620691144275,1.1868884654021306,0.24580257644470155,0.8436241225337233,0.051047120418848166,0.03801765105227427,0.013029469366573898,14,18,True,0.0005484995501399281
immune cells,FAM76A,0.0881226944481974,0.07096499900294924,0.01715769544524816,up_in_CKD,0.4328448377516908,1.312104250986179,0.20086580086437034,0.8436241225337233,0.06050029086678301,0.048200950441276307,0.012299340425506705,14,18,True,0.0005484633847971054
immune cells,TYK2,0.10974222373904295,0.09188973438655682,0.017852489352486137,up_in_CKD,0.4154999155543225,1.2439784227234871,0.22383972583475784,0.8436241225337233,0.07577079697498545,0.06856754921928038,0.007203247755705078,14,18,True,0.000547805218476151
immune cells,ACP5,0.10728740418089332,0.08452151144809344,0.022765892732799872,up_in_CKD,0.3324944930826789,0.9744355950235358,0.33769221706855757,0.8467663894498297,0.0664630599185573,0.05295315682281059,0.013509903095746713,14,18,True,0.0005467957975741045
immune cells,MRPL52,0.4553959821687271,0.42187657137170675,0.033519410797020366,up_in_CKD,0.3162085365193672,0.9172377011187037,0.3663335861877261,0.888063488229898,0.2697789412449098,0.2681602172437203,0.0016187240011895088,14,18,True,0.000546448270622204
immune cells,AK3,0.08039766809403,0.06275099355040643,0.017646674543623564,up_in_CKD,0.419172416881779,1.2497493248506302,0.2215794826360012,0.8436241225337233,0.05293775450843514,0.04344874405974202,0.009489010448693116,14,18,True,0.0005462758674375808
immune cells,FAM193B,0.05709114094770594,0.04134740781400627,0.015743733133699672,up_in_CKD,0.4692301922192601,1.4290794183286062,0.16514445206133715,0.8436241225337233,0.03664921465968586,0.032586558044806514,0.004062656614879347,14,18,True,0.0005455695346749307
immune cells,GABBR1,0.062259455454286974,0.04544765997288694,0.016811795481400035,up_in_CKD,0.4392323037455931,1.275861752391405,0.21179674153003406,0.8436241225337233,0.039703315881326355,0.027155465037338764,0.012547850843987591,14,18,True,0.0005453368105568582
immune cells,PERP,0.07486744331805804,0.0545992616303962,0.020268181687661847,up_in_CKD,0.3724797728768157,0.9816327091989071,0.3380890144570511,0.8473935822676392,0.0433391506689936,0.04480651731160896,-0.0014673666426153545,14,18,True,0.0005429201212203989
immune cells,SPPL2A,0.20111440534051622,0.17725556291438685,0.023858842426129373,up_in_CKD,0.32416695223367703,0.9691568314336073,0.3407290117731276,0.851362405162574,0.12958115183246074,0.1208418194161575,0.008739332416303244,14,18,True,0.0005405120485478064
immune cells,HMGCS1,0.06352327736970911,0.047192212174031474,0.01633106519567764,up_in_CKD,0.44766449027074,1.330937681711052,0.1936753161159137,0.8436241225337233,0.039121582315299594,0.032586558044806514,0.00653502427049308,14,18,True,0.0005399127726460083
immune cells,ABRAXAS1,0.049480362482443405,0.03265288044215719,0.016827482040286217,up_in_CKD,0.43367261950959907,1.2679558680387044,0.21461121015973736,0.8436241225337233,0.034176847004072135,0.021045485403937542,0.013131361600134592,14,18,True,0.0005389364799928657
immune cells,ZNF280D,0.09637545072203209,0.07797927190415699,0.0183961788178751,up_in_CKD,0.395807065876905,1.172874154507859,0.25037679497594967,0.8436241225337233,0.061663757998836534,0.06177868295994569,-0.00011492496110915296,14,18,True,0.0005377341371749547
immune cells,MRI1,0.059774910313940624,0.04458252943054475,0.015192380883395876,up_in_CKD,0.47896018825283176,1.4352148514704175,0.16236543040117007,0.8436241225337233,0.04072134962187318,0.029192124915139173,0.01152922470673401,14,18,True,0.0005373802465789458
immune cells,ZNF720,0.07341038954103378,0.057703041529634916,0.015707348011398864,up_in_CKD,0.462026162830177,1.3942812646821163,0.1746518679404042,0.8436241225337233,0.04799301919720768,0.03598099117447386,0.012012028022733816,14,18,True,0.0005359519770462436
immune cells,SCAF11,0.4399063411119016,0.4055901319107116,0.034316209201189996,up_in_CKD,0.31521209297376335,0.9110944549852893,0.3695137692254402,0.8922616933367624,0.25523560209424084,0.24643584521384929,0.008799756880391557,14,18,True,0.000535519614364166
immune cells,NFKB1,0.13058746412850303,0.11385335419782873,0.0167341099306743,up_in_CKD,0.43303070684061284,1.2169197229248518,0.23370766200425183,0.8436241225337233,0.08362420011634672,0.07603530210454854,0.007588898011798184,14,18,True,0.0005351527408559429
immune cells,API5,0.10043056979619305,0.08269507366359853,0.017735496132594522,up_in_CKD,0.40808010468314004,1.21328441684194,0.23490258279748505,0.8436241225337233,0.07242582897033159,0.06313645621181263,0.00928937275851896,14,18,True,0.0005344969192726054
immune cells,MYOF,0.058409481673430255,0.044040349173306625,0.01436913250012363,up_in_CKD,0.5035469394304083,1.4603362474962485,0.154592003724604,0.8436241225337233,0.04275741710296684,0.034623217922606926,0.008134199180359916,14,18,True,0.0005343514013442017
immune cells,HNRNPU,0.6873042270379941,0.6287755537030519,0.05852867333494216,up_in_CKD,0.31810859811086456,0.8528432956941084,0.40288177766686584,0.9362595225833921,0.3726003490401396,0.3564154786150713,0.01618487042506833,14,18,True,0.0005325582214197141
immune cells,ZNF207,0.36556557614938123,0.3285950487812692,0.036970527368112016,up_in_CKD,0.3187272296191421,0.8989527502222916,0.37618564566044344,0.9012705137358172,0.2136416521233275,0.1955193482688391,0.018122303854488403,14,18,True,0.0005319648108627997
immune cells,CDK5RAP3,0.19753498998559652,0.17579158763913016,0.02174340234646635,up_in_CKD,0.3304854108188491,1.002432134530554,0.32533784598673693,0.8436241225337233,0.1256544502617801,0.12152070604209098,0.004133744219689123,14,18,True,0.000530684297242372
immune cells,TMEM192,0.06189115648274228,0.04712607759068074,0.014765078892061537,up_in_CKD,0.4857069595483526,1.4896563161436729,0.1492075635212416,0.8436241225337233,0.04101221640488656,0.04344874405974202,-0.0024365276548554624,14,18,True,0.000529622638679091
immune cells,HTATSF1,0.10847114520854327,0.09060944191477044,0.017861703293772832,up_in_CKD,0.4003295265298745,1.1143882527435593,0.2748709290698968,0.8436241225337233,0.06471785922047703,0.06517311608961303,-0.0004552568691360004,14,18,True,0.000528076615514486
immune cells,THAP1,0.07792016556240945,0.06183302971424484,0.01608713584816461,up_in_CKD,0.4425969656590099,1.285996621197588,0.20828434603698398,0.8436241225337233,0.052501454333915065,0.04548540393754243,0.007016050396372632,14,18,True,0.0005258278736542646
immune cells,FN1,0.054030426534025386,0.022811698023289934,0.03121872851073545,up_in_CKD,0.36529577655941287,0.915972791947465,0.37469096933427826,0.8994056239582614,0.0318499127399651,0.011541072640868975,0.020308840099096122,14,18,True,0.0005250935585891396
immune cells,CMTR2,0.0859144335511992,0.06918184206144885,0.016732591489750342,up_in_CKD,0.42452113813042325,1.3065011921644012,0.20395230627303637,0.8436241225337233,0.05686445607911576,0.048879837067209775,0.007984619011905988,14,18,True,0.000524588747528972
immune cells,SMG7,0.08598610732492187,0.07088112269945147,0.0151049846254704,up_in_CKD,0.4695809231888328,1.4363981091590847,0.16343117798143006,0.8436241225337233,0.0548283885980221,0.05091649694501019,0.003911891653011916,14,18,True,0.0005238261503314032
immune cells,GON7,0.06568919348952411,0.04688520511936606,0.01880398837015805,up_in_CKD,0.37688085560476714,1.0716085974102512,0.2926534966212192,0.8436241225337233,0.04493891797556719,0.02376103190767142,0.021177886067895772,14,18,True,0.0005233720109673283
immune cells,DNAJB14,0.2293268477167933,0.20213036430293133,0.027196483413861966,up_in_CKD,0.31653128314188017,0.9444656422655111,0.3529120992279125,0.869443265424243,0.13801628853984874,0.12763068567549218,0.010385602864356552,14,18,True,0.0005230440140853455
immune cells,ZNF626,0.06417765534897388,0.05003228900491249,0.01414536634406139,up_in_CKD,0.4999702800528358,1.4919914476558023,0.14675196152048597,0.8436241225337233,0.04159394997091332,0.03665987780040733,0.004934072170505989,14,18,True,0.0005222937527410508
immune cells,TRPC4AP,0.09644912270894664,0.08063785603077105,0.01581126667817559,up_in_CKD,0.447039428803661,1.3004584485955146,0.20335260946158065,0.8436241225337233,0.06413612565445026,0.0658520027155465,-0.0017158770610962437,14,18,True,0.000521998116214595
immune cells,ASPH,0.06677199884396842,0.05020785522808383,0.01656414361588459,up_in_CKD,0.4259090402572211,1.2671933885898823,0.21528753763836644,0.8436241225337233,0.0462478184991274,0.03665987780040733,0.009587940698720071,14,18,True,0.0005210054763367215
immune cells,TPGS1,0.15450254023385565,0.13830811060834483,0.01619442962551082,up_in_CKD,0.4345896770531367,1.2481798600755563,0.22167774570394733,0.8436241225337233,0.1012216404886562,0.10319076714188731,-0.0019691266532311097,14,18,True,0.0005197583861426728
immune cells,CRTAP,0.18013334616179702,0.16345093616716624,0.016682409994630776,up_in_CKD,0.4210601817579342,1.2117821627695582,0.2350897960754344,0.8436241225337233,0.1185282140779523,0.12016293279022404,-0.001634718712271735,14,18,True,0.0005187515489869292
immune cells,MARCH7,0.1938534294783676,0.1745460794275019,0.0193073500508657,up_in_CKD,0.36378558124544275,1.0391419064632397,0.3071639155260104,0.8436241225337233,0.12230948225712623,0.12423625254582485,-0.0019267702886986149,14,18,True,0.0005187099691002673
immune cells,ZNF431,0.09044097118097674,0.07150369232647413,0.01893727885450261,up_in_CKD,0.3708265820517757,1.1196908234592695,0.2727816200031134,0.8436241225337233,0.05162885398487493,0.0461642905634759,0.0054645634213990255,14,18,True,0.0005186147626234875
immune cells,MRFAP1L1,0.09168753757784812,0.07552217815798462,0.016165359419863495,up_in_CKD,0.4333596903206885,1.3091238706934583,0.2016365342864649,0.8436241225337233,0.056282722513089,0.048200950441276307,0.008081772071812696,14,18,True,0.0005173569884223347
immune cells,E2F4,0.12781811978926344,0.11104638071259722,0.016771739076666223,up_in_CKD,0.4159530613878826,1.1441763590812517,0.2631120295324741,0.8436241225337233,0.08013379872018615,0.0855397148676171,-0.005405916147430953,14,18,True,0.0005152035713561751
immune cells,LY75,0.06684414385903541,0.05058496554031963,0.016259178318715775,up_in_CKD,0.4264881890567025,1.2275734355361325,0.22918743817316609,0.8436241225337233,0.05002908667830134,0.03598099117447386,0.014048095503827476,14,18,True,0.0005121085717283147
immune cells,FMR1,0.10312903851253027,0.0872048942412557,0.015924144271274573,up_in_CKD,0.4337146158327785,1.1827790039033181,0.24825414144378896,0.8436241225337233,0.06966259453170448,0.05770536320434488,0.011957231327359603,14,18,True,0.0005100545239115673
immune cells,ARFGAP1,0.06533395461937966,0.04996764201657743,0.015366312602802232,up_in_CKD,0.4481944630672199,1.4013592502753562,0.17588477290470783,0.8436241225337233,0.04275741710296684,0.03598099117447386,0.0067764259284929795,14,18,True,0.0005086190161844239
immune cells,ARAP2,0.23006685505463897,0.19919525580228908,0.03087159925234989,up_in_CKD,0.3298420757001816,0.9140363096789216,0.36890266641292496,0.891366536595286,0.12260034904013961,0.12287847929395791,-0.00027813025381830114,14,18,True,0.0005085640661042886
immune cells,HCG18,0.07173855580529062,0.05789340654362321,0.013845149261667411,up_in_CKD,0.4969577674490658,1.5020832652073086,0.14483586272738155,0.8436241225337233,0.04639325189063409,0.041412084181941616,0.004981167708692474,14,18,True,0.0005081285155512301
immune cells,KIAA0586,0.08450378896857717,0.06984737084063847,0.014656418127938706,up_in_CKD,0.4691609636111333,1.3143541742119336,0.19942677646021434,0.8436241225337233,0.0535194880744619,0.048879837067209775,0.004639651007252124,14,18,True,0.0005078157406371685
immune cells,LTBP3,0.1156233097033474,0.09822991027823896,0.01739339942510844,up_in_CKD,0.3951212877472142,1.1084313175716318,0.27708766776617516,0.8436241225337233,0.07111692844677138,0.062457569585879155,0.008659358860892225,14,18,True,0.0005075412458217201
immune cells,GFPT1,0.06450514604306078,0.050923776314486746,0.01358136972857403,up_in_CKD,0.5057872879896709,1.5224033311766818,0.13943047257262228,0.8436241225337233,0.04290285049447353,0.0373387644263408,0.005564086068132731,14,18,True,0.0005073035772477379
immune cells,PPP1R9B,0.09434087164740086,0.07453333011458195,0.019807541532818912,up_in_CKD,0.34619519880900107,1.0541389132106256,0.30171329193435703,0.8436241225337233,0.06631762652705062,0.048200950441276307,0.01811667608577431,14,18,True,0.0005064167460036434
immune cells,TMEM33,0.13404260379603833,0.11323988894352116,0.020802714852517168,up_in_CKD,0.32791816219195713,0.9904380067689744,0.33083478810869527,0.8436241225337233,0.09191390343222804,0.07807196198234895,0.013841941449879089,14,18,True,0.0005037811691706673
immune cells,CKAP5,0.06786500306142432,0.051556994594806685,0.016308008466617632,up_in_CKD,0.41700405485869874,1.2225986079570241,0.23107835041494232,0.8436241225337233,0.04246655031995346,0.03801765105227427,0.0044488992676791905,14,18,True,0.0005022242151518509
immune cells,FNIP1,0.09807583840273018,0.07902868999146086,0.019047148411269324,up_in_CKD,0.35701655761051865,1.0987290646987316,0.2829504697338435,0.8436241225337233,0.06486329261198372,0.059063136456211814,0.005800156155771903,14,18,True,0.0005021977543966883
immune cells,UTP11,0.06378725908795817,0.04646737842639592,0.017319880661562245,up_in_CKD,0.3924464142005888,1.123747924267152,0.2701245863483296,0.8436241225337233,0.04159394997091332,0.028513238289205704,0.013080711681707616,14,18,True,0.0005019745546295562
immune cells,NUDT14,0.12145383071531232,0.10342327909829772,0.018030551617014598,up_in_CKD,0.3764561456777112,1.1247032240931143,0.2701959895394744,0.8436241225337233,0.08275159976730657,0.08825526137135098,-0.005503661604044405,14,18,True,0.0005012793881378084
immune cells,ILF3,0.1978852260354171,0.17776388913604768,0.02012133689936943,up_in_CKD,0.33662903611173356,0.9871017245909413,0.3315546815322921,0.8436241225337233,0.12172774869109948,0.1120162932790224,0.009711455412077075,14,18,True,0.0005002243732444158
immune cells,AHR,0.11617403118140184,0.09564145715314305,0.020532574028258782,up_in_CKD,0.32945388306796564,1.0035447420491481,0.32505706978488674,0.8436241225337233,0.0839150668993601,0.07196198234894773,0.011953084550412371,14,18,True,0.0004995678375593178
immune cells,NBPF19,0.05913383862882945,0.040656058627091055,0.018477780001738393,up_in_CKD,0.36425362596071104,1.0825468677534125,0.2879999953531126,0.8436241225337233,0.037521815008726006,0.018329938900203666,0.01919187610852234,14,18,True,0.000497061490998173
immune cells,FKBP15,0.0851521849973843,0.06826643612911519,0.016885748868269115,up_in_CKD,0.3984838664929772,1.1609986272882182,0.25481137980518537,0.8436241225337233,0.053955788248981965,0.05091649694501019,0.003039291303971778,14,18,True,0.000496921183850045
immune cells,DDX52,0.1075479191641681,0.08830852205482759,0.019239397109340514,up_in_CKD,0.34918159645287244,1.0667582054333122,0.29630552081092215,0.8436241225337233,0.06806282722513089,0.06177868295994569,0.006284144265185206,14,18,True,0.0004961342939305932
immune cells,RPRD1A,0.06309763879954323,0.04845473095719037,0.014642907842352865,up_in_CKD,0.45772767561693556,1.357158618141372,0.18520396741891523,0.8436241225337233,0.04464805119255381,0.03937542430414121,0.005272626888412596,14,18,True,0.0004949837523114112
immune cells,SLC35A1,0.07037891491944118,0.05494636789936755,0.015432547020073628,up_in_CKD,0.4341533452193133,1.2579807937027676,0.21810279495248375,0.8436241225337233,0.05221058755090169,0.035302104548540394,0.016908483002361294,14,18,True,0.0004948085587395218
immune cells,UBA1,0.16016556898818626,0.14079037813507833,0.019375190853107932,up_in_CKD,0.3457029673902721,1.075814539637784,0.293870895716381,0.8436241225337233,0.10340314136125654,0.09572301425661914,0.007680127104637405,14,18,True,0.0004946585715947903
immune cells,KLHL2,0.05297116264862297,0.03952351366735671,0.013447648981266262,up_in_CKD,0.4960316189973357,1.4724764854796835,0.15170728202297418,0.8436241225337233,0.03374054682955206,0.03598099117447386,-0.0022404443449218006,14,18,True,0.000492620145174394
immune cells,IMMP1L,0.0954212004045708,0.08062150809846805,0.014799692306102757,up_in_CKD,0.45069390195741554,1.3130200787464419,0.19914611999557624,0.8436241225337233,0.06253635834787667,0.06177868295994569,0.0007576753879309853,14,18,True,0.0004925959203680772
immune cells,TAOK1,0.17768649119683538,0.1584612754371296,0.019225215759705788,up_in_CKD,0.34651748989763376,1.0216795872088156,0.31525721822203434,0.8436241225337233,0.11460151250727167,0.10862186014935506,0.005979652357916615,14,18,True,0.0004919860908175136
immune cells,TP53I3,0.05045185047196905,0.03532273321291002,0.015129117259059029,up_in_CKD,0.44016361406472504,1.230840127550683,0.22873011405393529,0.8436241225337233,0.036940081442699245,0.028513238289205704,0.00842684315349354,14,18,True,0.0004917950694598638
immune cells,TATDN1,0.1670706682192832,0.14740348337236953,0.019667184846913682,up_in_CKD,0.33812547644058133,1.020031129063007,0.3167908325803435,0.8436241225337233,0.10631180919139034,0.11812627291242363,-0.011814463721033286,14,18,True,0.0004911074660559518
immune cells,FBXW2,0.0969047402887829,0.0794446325542306,0.01746010773455231,up_in_CKD,0.38063680608191214,1.0652043954863026,0.2959508811536797,0.8436241225337233,0.059336823734729496,0.06381534283774609,-0.0044785191030165955,14,18,True,0.00049081083574117
immune cells,GSK3B,0.0835241654210066,0.06865998727649217,0.014864178144514434,up_in_CKD,0.4465956906108446,1.355383270348529,0.18694816467578868,0.8436241225337233,0.05279232111692845,0.05634758995247793,-0.003555268835549484,14,18,True,0.0004902435316185403
immune cells,NCBP1,0.05320722169134206,0.03852975458393496,0.014677467107407097,up_in_CKD,0.452076098240174,1.3555749150669214,0.1861631395193661,0.8436241225337233,0.03155904595695171,0.026476578411405296,0.005082467545546417,14,18,True,0.0004900259782211735
immune cells,TNFSF13,0.025270871310307187,0.008971316494992061,0.016299554815315125,up_in_CKD,0.40668515818906337,1.0270357320254089,0.32055028296624233,0.8436241225337233,0.03664921465968586,0.005431093007467753,0.031218121652218107,14,18,True,0.0004895426208839402
immune cells,CYFIP1,0.0851770455101297,0.06915172071901815,0.016025324791111545,up_in_CKD,0.41278771748957416,1.2381401038599775,0.22604933999343832,0.8436241225337233,0.062390924956369984,0.05770536320434488,0.004685561752025107,14,18,True,0.0004885286623184625
immune cells,RPRD1B,0.04437051041899024,0.031052883993827957,0.013317626425162283,up_in_CKD,0.4953250792011136,1.4365725534468887,0.16118699582574028,0.8436241225337233,0.03228621291448516,0.025118805159538356,0.007167407754946807,14,18,True,0.00048716220602529407
immune cells,PPA1,0.3234237173272672,0.2908752206206923,0.03254849670657489,up_in_CKD,0.3145222376887043,0.905818540304536,0.3722722788387061,0.8962960911200067,0.19735311227457825,0.20706042090970808,-0.009707308635129835,14,18,True,0.0004867647166792005
immune cells,ZBTB18,0.05733336177287001,0.04221464110270433,0.015118720670165682,up_in_CKD,0.43566507231616114,1.2700346920662424,0.213853348344799,0.8436241225337233,0.03781268179173938,0.024439918533604887,0.013372763258134496,14,18,True,0.00048643434304058975
immune cells,CTR9,0.12206874109377241,0.10236933555760297,0.019699405536169445,up_in_CKD,0.33168776288104845,1.0172132244234144,0.319089714349628,0.8436241225337233,0.07068062827225131,0.06924643584521385,0.0014341924270374617,14,18,True,0.0004825463250077103
immune cells,AVL9,0.0574869344443334,0.04262956740194212,0.014857367042391281,up_in_CKD,0.4392773975430734,1.3062687760567253,0.201829442333138,0.8436241225337233,0.03650378126817917,0.03054989816700611,0.005953883101173063,14,18,True,0.00048198902876484803
immune cells,CCNC,0.14074017285444182,0.12326880291668793,0.01747136993775389,up_in_CKD,0.3733733832540421,1.0760609360481967,0.29049942274677637,0.8436241225337233,0.0882780686445608,0.08825526137135098,2.280727320981557e-05,14,18,True,0.00048175558387552036
immune cells,MPDU1,0.1139004575614636,0.09499275077211608,0.018907706789347514,up_in_CKD,0.34384146821677836,1.0588794499151366,0.3004074630349344,0.8436241225337233,0.06908086096567773,0.06517311608961303,0.003907744876064698,14,18,True,0.0004801241529669968
immune cells,TMEM43,0.07102544991041755,0.055704790314417024,0.015320659596000527,up_in_CKD,0.4243050889820184,1.3021336032644253,0.20515814744223146,0.8436241225337233,0.049738219895287955,0.04073319755600815,0.009005022339279807,14,18,True,0.0004800783779012189
immune cells,CTSF,0.06773922775986843,0.05145735181968927,0.016281875940179158,up_in_CKD,0.3992017923584848,1.061465042697405,0.30052301789898644,0.8436241225337233,0.03534031413612566,0.03394433129667346,0.0013959828394521992,14,18,True,0.0004800134056382783
immune cells,TRBC2,0.6175891978167487,0.49176529487034565,0.12582390294640305,up_in_CKD,0.2871034435527095,0.8037763947414711,0.42833717187555026,0.9700804537928667,0.2745782431646306,0.19687712152070605,0.07770112164392454,14,18,True,0.0004765629698281077
immune cells,SH3GLB2,0.11460302773732546,0.09711687217068235,0.01748615556664311,up_in_CKD,0.3654857365053005,1.0447000786179463,0.3046190538534578,0.8436241225337233,0.07315299592786503,0.07671418873048201,-0.0035611928026169776,14,18,True,0.00047197741040229586
immune cells,CHD8,0.10124062069413141,0.08443424654347817,0.01680637415065324,up_in_CKD,0.3771905840670784,1.0469510517684188,0.3044644681112439,0.8436241225337233,0.06544502617801047,0.062457569585879155,0.0029874565921313156,14,18,True,0.00046815677534090336
immune cells,TAPBP,0.4701556935076436,0.4362221953785622,0.03393349812908136,up_in_CKD,0.3033626946773508,0.8997801239229046,0.37565898684618537,0.9006488576397617,0.27690517742873766,0.26883910386965376,0.008066073559083897,14,18,True,0.0004678128116254092
immune cells,GLT8D1,0.07193384481131741,0.056716920247250044,0.015216924564067369,up_in_CKD,0.4159820963277369,1.2057087508128064,0.23735380534878395,0.8436241225337233,0.04668411867364747,0.04684317718940937,-0.00015905851576190205,14,18,True,0.00046747454693434536
immune cells,EIF2B5,0.08446728534525835,0.07069885909755423,0.013768426247704121,up_in_CKD,0.4591128197293288,1.3911006000604904,0.17586599272304326,0.8436241225337233,0.058173356602675974,0.054989816700611,0.0031835399020649774,14,18,True,0.00046683151274423364
immune cells,ATP8B2,0.060749040199334074,0.045155594763532224,0.01559344543580185,up_in_CKD,0.4041608198397926,1.1773583690451075,0.2483220098383499,0.8436241225337233,0.03664921465968586,0.03394433129667346,0.002704883363012403,14,18,True,0.00046542824706761
immune cells,CREB3L2,0.09332416638643706,0.0787735347015372,0.014550631684899867,up_in_CKD,0.4328275779836001,1.327356584967687,0.19674532500596384,0.8436241225337233,0.06617219313554393,0.06653088934147998,-0.00035869620593605156,14,18,True,0.0004651073628644458
immune cells,ZNF254,0.04863842958677883,0.03540593075786734,0.01323249882891149,up_in_CKD,0.4757095469011229,1.4028068424401297,0.17113913753328247,0.8436241225337233,0.031122745782431648,0.027155465037338764,0.003967280745092883,14,18,True,0.0004648792630857385
immune cells,USB1,0.07785434416167428,0.06107436630190229,0.016779977859771984,up_in_CKD,0.3750106031522556,1.0935967398223594,0.2828541978770434,0.8436241225337233,0.04697498545666085,0.0461642905634759,0.0008106948931849503,14,18,True,0.00046472001045663405
immune cells,NCOA6,0.05102672134941368,0.039024149623522006,0.012002571725891677,up_in_CKD,0.5238373427529605,1.5075318066764,0.1421736320387589,0.8436241225337233,0.032140779522978474,0.027834351663272233,0.004306427859706242,14,18,True,0.0004643304951927664
immune cells,NRP1,0.06374416135743553,0.047114531720217546,0.016629629637217987,up_in_CKD,0.3735921258729093,1.1243827532854347,0.27065379439037457,0.8436241225337233,0.04275741710296684,0.034623217922606926,0.008134199180359916,14,18,True,0.0004588140765024854
immune cells,CHAMP1,0.056384175451845285,0.0427425519867407,0.013641623465104585,up_in_CKD,0.45475093789782467,1.3809902776535068,0.17907629053711696,0.8436241225337233,0.03723094822571262,0.03665987780040733,0.0005710704253052909,14,18,True,0.0004581377767568961
immune cells,TMEM42,0.05222104565209772,0.04065678840474773,0.011564257247349989,up_in_CKD,0.5219762702849542,1.532544613301838,0.13597795255087775,0.8400177087478174,0.03650378126817917,0.035302104548540394,0.0012016767196387779,14,18,True,0.0004570152465359988
immune cells,ARHGAP25,0.10720901499655049,0.0880825449182209,0.019126470078329585,up_in_CKD,0.34352025386567997,0.9676721675872696,0.3413554671841783,0.8522968637256301,0.0606457242582897,0.062457569585879155,-0.001811845327589455,14,18,True,0.0004560407455859896
immune cells,MRS2,0.058672168265873625,0.04392732057169794,0.014744847694175688,up_in_CKD,0.41877630894721785,1.2874816135873621,0.21029449343928844,0.8436241225337233,0.03664921465968586,0.031907671418873046,0.004741543240812815,14,18,True,0.00045601469521386844
immune cells,MBD6,0.08677458564816463,0.06865510113610894,0.018119484512055695,up_in_CKD,0.33967739525428736,1.0445132419180607,0.30674745488377564,0.8436241225337233,0.0577370564281559,0.04344874405974202,0.01428831236841388,14,18,True,0.0004545366712971212
immune cells,ACTR10,0.18388956171166984,0.16681778696689592,0.01707177474477392,up_in_CKD,0.36002504906655464,1.0520705034603546,0.30120179795019975,0.8436241225337233,0.11794648051192554,0.12423625254582485,-0.006289772033899313,14,18,True,0.0004539079952011316
immune cells,FLOT1,0.20743170500266855,0.17915196125703656,0.028279743745631997,up_in_CKD,0.3179045935518782,0.91335617653193,0.3683787134863803,0.8903906326885458,0.1256544502617801,0.12016293279022404,0.005491517471556059,14,18,True,0.00045328369572779375
immune cells,AKIP1,0.05641220954883317,0.04223561723858054,0.014176592310252631,up_in_CKD,0.4314460960730044,1.3412086509912875,0.19365129826068214,0.8436241225337233,0.04290285049447353,0.0373387644263408,0.005564086068132731,14,18,True,0.0004517049359371386
immune cells,USP48,0.13887191216933234,0.12165876653083574,0.017213145638496602,up_in_CKD,0.3538317508015277,0.9946942713596068,0.3283219667525899,0.8436241225337233,0.08362420011634672,0.08893414799728445,-0.005309947880937735,14,18,True,0.0004497938231925631
immune cells,SMG5,0.051879414067921945,0.03923319296191471,0.012646221106007237,up_in_CKD,0.4815209988787686,1.4748694303054468,0.15299419489402794,0.8436241225337233,0.03301337987201861,0.03054989816700611,0.0024634817050125032,14,18,True,0.0004497098960191978
immune cells,SP3,0.1566315444251238,0.1406854851679338,0.015946059257190004,up_in_CKD,0.38168296752648645,1.0712918331307335,0.2931501795053565,0.8436241225337233,0.10456660849331006,0.10658520027155464,-0.00201859177824458,14,18,True,0.00044948230187373973
immune cells,ZBTB6,0.05644800900829115,0.042854929240253144,0.01359307976803801,up_in_CKD,0.4465902989982346,1.3105406268312811,0.20005457396830592,0.8436241225337233,0.03650378126817917,0.027834351663272233,0.00866942960490694,14,18,True,0.00044831533333460094
immune cells,STRN3,0.07179034697347074,0.05828644944396745,0.01350389752950329,up_in_CKD,0.44871458919138213,1.3769559693607223,0.18115581481483584,0.8436241225337233,0.050319953461314716,0.04548540393754243,0.004834549523772283,14,18,True,0.0004474925056483467
immune cells,MTHFR,0.05794770311528572,0.044980640153952,0.012967062961333722,up_in_CKD,0.46651489505794974,1.3826568408923272,0.1773163689887843,0.8436241225337233,0.03955788248981966,0.034623217922606926,0.0049346645672127334,14,18,True,0.00044674898727605096
immune cells,ANKRD13A,0.09408478809117997,0.07903465284064347,0.0150501352505365,up_in_CKD,0.4015590522394153,1.1869515194291616,0.2447979704967491,0.8436241225337233,0.06719022687609075,0.054989816700611,0.01220041017547975,14,18,True,0.0004463199151692281
immune cells,STX6,0.07284188478862198,0.06033518362361112,0.012506701165010861,up_in_CKD,0.4827172598210023,1.4428442239583057,0.16010080690430775,0.8436241225337233,0.050465386852821405,0.048879837067209775,0.00158554978561163,14,18,True,0.0004458533590832034
immune cells,ZFX,0.1439198662724996,0.12663922280516876,0.017280643467330853,up_in_CKD,0.34926775072292093,1.017992297820753,0.31683585092585254,0.8436241225337233,0.09496800465386852,0.08893414799728445,0.006033856656584069,14,18,True,0.0004457330527668685
immune cells,PDS5A,0.12171404402087382,0.10608192708023971,0.015632116940634114,up_in_CKD,0.38608332255577166,1.1042420892733449,0.2783749697634331,0.8436241225337233,0.07707969749854567,0.07603530210454854,0.00104439539399713,14,18,True,0.000445712978004781
immune cells,OTUD1,0.12700768322920447,0.11008958182181952,0.01691810140738495,up_in_CKD,0.35625707063559,1.0496919591699954,0.3023899383667193,0.8436241225337233,0.08624200116346713,0.0855397148676171,0.0007022862958500214,14,18,True,0.0004451143122532533
immune cells,TMEM209,0.05855316826859457,0.04619489470357947,0.0123582735650151,up_in_CKD,0.4868498685394723,1.4271497660163224,0.16394590206491252,0.8436241225337233,0.041157649796393254,0.03598099117447386,0.005176658621919392,14,18,True,0.00044433375229730446
immune cells,PPP1CB,0.6236195028691915,0.5761645236179412,0.04745497925125031,up_in_CKD,0.3050845928505569,0.8551774399661645,0.39971897807367823,0.9319403739293253,0.3576207097149506,0.3774609640190088,-0.019840254304058225,14,18,True,0.00044319205760023634
immune cells,TNFRSF12A,0.06342509568817904,0.03946955222697546,0.023955543461203585,up_in_CKD,0.3395513865730387,0.9276810553217978,0.36253643279206477,0.8821926058491771,0.032722513089005235,0.03801765105227427,-0.005295137963269032,14,18,True,0.00044279470762840557
immune cells,KDM6A,0.07156814271154978,0.05649430845953807,0.015073834252011711,up_in_CKD,0.3967424600807904,1.1076303729196249,0.2776084282771461,0.8436241225337233,0.052646887725421754,0.04752206381534284,0.005124823910078916,14,18,True,0.0004416608053258756
immune cells,ABHD13,0.09109023305982196,0.0760533839354835,0.015036849124338461,up_in_CKD,0.3976158224179623,1.2156262848993356,0.2355739884892013,0.8436241225337233,0.058900523560209424,0.05770536320434488,0.0011951603558645468,14,18,True,0.00044154700440106977
immune cells,AP5Z1,0.056119814177556286,0.041842058066908945,0.014277756110647341,up_in_CKD,0.417357460846103,1.2454298738980196,0.22317339810651216,0.8436241225337233,0.03606748109365911,0.031907671418873046,0.004159809674786061,14,18,True,0.0004400728574202466
immune cells,ZNF12,0.05353621270253713,0.04069950887998799,0.012836703822549145,up_in_CKD,0.4632991702943263,1.3969282119647433,0.17381083625635854,0.8436241225337233,0.033449680046538685,0.02376103190767142,0.009688648138867266,14,18,True,0.0004392092579840866
immune cells,PTBP3,0.3102215145510638,0.27641231806787686,0.03380919648318692,up_in_CKD,0.3161589784976487,0.8876217161971203,0.3822686667767484,0.9098204387707325,0.18702734147760325,0.16157501697216564,0.025452324505437607,14,18,True,0.00043872596730308404
immune cells,JAK3,0.10144809744351897,0.08608824311252403,0.015359854330994946,up_in_CKD,0.3860292296127555,1.1512795196393153,0.2592168629389131,0.8436241225337233,0.06268179173938336,0.051595383570943655,0.011086408168439706,14,18,True,0.00043788869143826054
immune cells,IER5L,0.13864943003732316,0.11961365016736528,0.019035779869957886,up_in_CKD,0.3464733772918647,0.9614057943082521,0.3449464864507985,0.8583487725056437,0.08493310063990692,0.08825526137135098,-0.0033221607314440627,14,18,True,0.00043751323578917177
immune cells,TPST2,0.16048961620959154,0.14106012604941195,0.019429490160179586,up_in_CKD,0.3198611752965083,0.9720837834392383,0.34003719887907136,0.8505759679296383,0.09744037230948226,0.09572301425661914,0.0017173580528631188,14,18,True,0.00043681472782836116
immune cells,SH2B1,0.05065037460638068,0.039061666850647256,0.011588707755733424,up_in_CKD,0.5081620533999004,1.530838540602651,0.13738789772551468,0.8432946941999808,0.03374054682955206,0.02987101154107264,0.0038695352884794212,14,18,True,0.0004359031746239678
immune cells,MAPRE2,0.09049055205756604,0.07447592681007947,0.016014625247486564,up_in_CKD,0.3684560202475907,1.0818061611197727,0.2880492463917499,0.8436241225337233,0.059336823734729496,0.05363204344874406,0.005704780285985436,14,18,True,0.0004357715565216423
immune cells,PPP2R5E,0.14755721870146818,0.1306563828997653,0.016900835801702874,up_in_CKD,0.3486035463489005,1.0488121664819032,0.30345810864460004,0.8436241225337233,0.09235020360674812,0.08486082824168364,0.007489375365064471,14,18,True,0.0004351073562103337
immune cells,ZNF641,0.06725330754760585,0.052056203712365,0.015197103835240845,up_in_CKD,0.38767034168655207,1.119629061721516,0.2717657779731042,0.8436241225337233,0.041884816753926704,0.031228784792939578,0.010656031960987127,14,18,True,0.0004350907500514005
immune cells,CLN5,0.10909023666072237,0.09281330649728917,0.016276930163433206,up_in_CKD,0.3606126348366305,1.0187844394231904,0.31680297117731443,0.8436241225337233,0.07198952879581152,0.07331975560081466,-0.0013302268050031374,14,18,True,0.00043348081551145245
immune cells,ANK3,0.07133141484355904,0.052758898913213934,0.018572515930345104,up_in_CKD,0.35027798199428345,0.962880707340532,0.344625260947508,0.8579766802694775,0.04130308318789994,0.028513238289205704,0.012789844898694239,14,18,True,0.0004327781265428058
immune cells,MSL2,0.07967225327249626,0.06411569733552337,0.015556555936972888,up_in_CKD,0.3765660449834509,1.140687097927731,0.26427752586713554,0.8436241225337233,0.05279232111692845,0.048879837067209775,0.003912484049718674,14,18,True,0.00043262444432277773
immune cells,IGFBP4,0.05426003218669173,0.03907771878264973,0.015182313404042004,up_in_CKD,0.3847436329414119,1.10307336279582,0.27883960098790667,0.8436241225337233,0.03432228039557882,0.028513238289205704,0.005809042106373119,14,18,True,0.00043138579100776916
immune cells,SGSM3,0.06856516610463127,0.05194687165086872,0.016618294453762554,up_in_CKD,0.35122521503551996,1.0297598139192286,0.311422105538769,0.8436241225337233,0.05090168702734148,0.04276985743380855,0.008131829593532924,14,18,True,0.0004310509230178451
immune cells,TMEM159,0.04523181880468098,0.033125133202113494,0.012106685602567488,up_in_CKD,0.4812056704946965,1.3809027685456665,0.17758306872989904,0.8436241225337233,0.03374054682955206,0.027834351663272233,0.00590619516627983,14,18,True,0.00043024164295141915
immune cells,CDS2,0.0770953931547653,0.06330945657593642,0.013785936578828872,up_in_CKD,0.42231542719524057,1.2404517944564775,0.22453101902607722,0.8436241225337233,0.047556719022687606,0.04480651731160896,0.002750201711078648,14,18,True,0.0004299615949508489
immune cells,AKAP11,0.1347065405997588,0.11774199273624893,0.016964547863509885,up_in_CKD,0.3431765916895249,0.9788654777458344,0.33561248890999795,0.8436956670361169,0.08042466550319953,0.07739307535641547,0.003031590146784058,14,18,True,0.0004297340369406711
immune cells,KANSL2,0.06714031163604076,0.05402408349480323,0.01311622814123753,up_in_CKD,0.4421043422060011,1.335927747098675,0.19285573124264893,0.8436241225337233,0.04319371727748691,0.03598099117447386,0.007212726103013045,14,18,True,0.0004282429134831017
immune cells,SLC12A6,0.06313139581091319,0.047555403095708,0.01557599271520519,up_in_CKD,0.3709399411268559,1.0983540960673714,0.28105256896013014,0.8436241225337233,0.04275741710296684,0.02987101154107264,0.012886405561894201,14,18,True,0.00042669325387305963
immune cells,PRR14L,0.08532545403282396,0.06819311855787423,0.01713233547494973,up_in_CKD,0.33709738205487944,1.035526613409029,0.31075899232927046,0.8436241225337233,0.0533740546829552,0.0461642905634759,0.007209764119479302,14,18,True,0.00042650918881964166
immune cells,PLPP5,0.08402608168776733,0.06275158225538387,0.021274499432383465,up_in_CKD,0.32639858057296794,0.9450692904370953,0.3521746435707194,0.8683758334620479,0.056573589296102386,0.02987101154107264,0.026702577755029745,14,18,True,0.0004256114734263213
immune cells,RNFT1,0.10119940626649364,0.08435020896202827,0.016849197304465366,up_in_CKD,0.34196603841514106,1.000304298130511,0.3252050178060156,0.8436241225337233,0.06995346131471786,0.05770536320434488,0.01224809811037298,14,18,True,0.0004255186854471756
immune cells,PRKAR2A,0.10194206158160768,0.0865962181179935,0.015345843463614173,up_in_CKD,0.3748030075006128,1.0965920465468735,0.2815917991057127,0.8436241225337233,0.06544502617801047,0.062457569585879155,0.0029874565921313156,14,18,True,0.00042476651512843885
immune cells,CXXC1,0.08572305885828567,0.07058101079881193,0.015142048059473737,up_in_CKD,0.3797342970777552,1.1785447621217813,0.25110769975178704,0.8436241225337233,0.057446189645142524,0.042090970807875085,0.01535521883726744,14,18,True,0.00042463998570355744
immune cells,FAM78A,0.08877886107777687,0.07244411985117423,0.01633474122660264,up_in_CKD,0.3514722298710798,1.0355031831289991,0.30885299717824594,0.8436241225337233,0.051919720767888304,0.05295315682281059,-0.0010334360549222876,14,18,True,0.00042399400700735674
immune cells,PARP12,0.07067043494821532,0.0574994693981244,0.013170965550090917,up_in_CKD,0.43555192726171305,1.3013762921829977,0.20366450713167195,0.8436241225337233,0.04159394997091332,0.04344874405974202,-0.0018547940888287012,14,18,True,0.00042365661910563477
immune cells,FRMD8,0.06027468870624593,0.048107313636447074,0.012167375069798855,up_in_CKD,0.470659537805296,1.412379076525093,0.16899279808937,0.8436241225337233,0.03650378126817917,0.03801765105227427,-0.0015138697840950954,14,18,True,0.0004229219269063457
immune cells,TLNRD1,0.060821845900278795,0.044583151722620055,0.01623869417765874,up_in_CKD,0.35238157066199394,1.0059983299411628,0.32258928406710097,0.8436241225337233,0.040430482838859805,0.02308214528173795,0.017348337557121854,14,18,True,0.0004225914756239512
immune cells,KHDRBS1,0.39335911689463077,0.3568329742457904,0.036526142648840354,up_in_CKD,0.3112550926031396,0.8748033718134675,0.38905762459388415,0.9180089356840501,0.2356020942408377,0.22471147318397827,0.010890621056859423,14,18,True,0.00042239156157098713
immune cells,C9orf85,0.06964592609822724,0.053974256123186196,0.015671669975041047,up_in_CKD,0.36490666756213264,1.0464048353437767,0.3038004974398238,0.8436241225337233,0.039703315881326355,0.04073319755600815,-0.001029881674681793,14,18,True,0.00042233154265797256
immune cells,TNNI2,0.06015915800646495,0.04495213521377844,0.015207022792686514,up_in_CKD,0.3747190915498355,1.14807531464224,0.26205641208749847,0.8436241225337233,0.04246655031995346,0.03665987780040733,0.005806672519546127,14,18,True,0.0004208297749971763
immune cells,ARL2,0.21754830722813456,0.19642143573108964,0.021126871497044925,up_in_CKD,0.3318358153729834,0.9422828684783207,0.3537869624437812,0.8709961934937284,0.13787085514834205,0.13713509843856075,0.0007357567097812934,14,18,True,0.0004205251854583826
immune cells,ZDHHC17,0.08610166512627851,0.07354163803555894,0.012560027090719572,up_in_CKD,0.45201948818674487,1.241004288412084,0.22594284521755087,0.8436241225337233,0.05279232111692845,0.051595383570943655,0.0011969375459847942,14,18,True,0.0004192800300848366
immune cells,GLB1,0.08932659485586568,0.07529210657071382,0.014034488285151858,up_in_CKD,0.4023623211858739,1.1611877666745782,0.2547358350835659,0.8436241225337233,0.05977312390924956,0.05431093007467753,0.005462193834572034,14,18,True,0.00041703291117310774
immune cells,GOT2,0.05426647044684109,0.040391258591815665,0.013875211855025424,up_in_CKD,0.40677213381058647,1.1190715042076849,0.2734692148011625,0.8436241225337233,0.03388598022105876,0.02376103190767142,0.010124948313387339,14,18,True,0.0004168187617253771
immune cells,ZBTB7B,0.08293304937353198,0.06703971724263749,0.015893332130894486,up_in_CKD,0.35505070367161545,1.0938743625351348,0.28512203401443315,0.8436241225337233,0.0548283885980221,0.04073319755600815,0.014095191042013955,14,18,True,0.00041673672975229344
immune cells,CDK16,0.059005375729361764,0.04519973599800513,0.013805639731356636,up_in_CKD,0.40834857844987554,1.1245533179438183,0.2711272108279897,0.8436241225337233,0.038394415357766144,0.038696537678207736,-0.0003021223204415918,14,18,True,0.00041633605863685476
immune cells,ATN1,0.05138307338975371,0.03730881394262608,0.014074259447127632,up_in_CKD,0.40008830541447327,1.2185126057475355,0.23420776681211242,0.8436241225337233,0.03650378126817917,0.02376103190767142,0.012742749360507753,14,18,True,0.0004158510977550292
immune cells,MTM1,0.055865813368591574,0.04399508565812146,0.011870727710470111,up_in_CKD,0.4725392387491672,1.440899099248914,0.16190337413513636,0.8436241225337233,0.03432228039557882,0.02987101154107264,0.004451268854506182,14,18,True,0.0004142587240035896
immune cells,EFHC1,0.04872861497321401,0.03643450481909763,0.012294110154116383,up_in_CKD,0.4547056073550738,1.320659160225381,0.19660343711040945,0.8436241225337233,0.030977312390924956,0.031228784792939578,-0.0002514724020146221,14,18,True,0.00041284198016094595
immune cells,TRMT1,0.2133191597411479,0.18576806614343386,0.027551093597714044,up_in_CKD,0.3148939699160683,0.9059258073476806,0.3722238371349072,0.8962708590572962,0.1273996509598604,0.12491513917175831,0.0024845117881020784,14,18,True,0.00041262129868032565
immune cells,ZNF33B,0.05823883611636878,0.04523353985739459,0.013005296258974189,up_in_CKD,0.42940321195180886,1.244797028630276,0.22284319173317615,0.8436241225337233,0.03534031413612566,0.028513238289205704,0.006827075846919953,14,18,True,0.0004124221490906484
immune cells,USP10,0.10776231103148969,0.09201778905490571,0.015744521976583978,up_in_CKD,0.35444048732161526,1.0574630243774066,0.29922439327170514,0.8436241225337233,0.07271669575334497,0.0658520027155465,0.006864693037798464,14,18,True,0.00041212527216662957
immune cells,VAMP4,0.07648863304742234,0.06211633682573835,0.014372296221683997,up_in_CKD,0.3881752340452722,1.166233011826454,0.25353506289421457,0.8436241225337233,0.04726585223967423,0.04684317718940937,0.0004226750502648591,14,18,True,0.00041201253177471287
immune cells,TMEM161B,0.06977165738965771,0.05724094651734773,0.012530710872309982,up_in_CKD,0.4451447087831312,1.3196090007344672,0.19728684815370476,0.8436241225337233,0.041884816753926704,0.04005431093007468,0.0018305058238520244,14,18,True,0.0004119394334890853
immune cells,DIDO1,0.08598406830076077,0.07231082827736061,0.01367324002340016,up_in_CKD,0.40772406107211046,1.2304213958637178,0.2291996893874524,0.8436241225337233,0.055991855730075625,0.054989816700611,0.0010020390294646284,14,18,True,0.00041171265980053333
immune cells,CFAP20,0.047189835959844405,0.033498880030349495,0.01369095592949491,up_in_CKD,0.4068833736910511,1.1620280174100803,0.25452374774313596,0.8436241225337233,0.03170447934845841,0.020366598778004074,0.011337880570454335,14,18,True,0.00041139608912028436
immune cells,TMEM161B-AS1,0.07314241700368927,0.05840532034038843,0.014737096663300843,up_in_CKD,0.3777915906715886,1.0233388095854294,0.31654418957966446,0.8436241225337233,0.056282722513089,0.03665987780040733,0.01962284471268167,14,18,True,0.00041116928178570005
immune cells,PIK3CA,0.07826543161377768,0.06393066389574759,0.014334767718030092,up_in_CKD,0.38756013881958845,1.157061672802562,0.2569256613215578,0.8436241225337233,0.051047120418848166,0.05295315682281059,-0.0019060364039624259,14,18,True,0.0004102855345424957
immune cells,SAC3D1,0.04412172766511035,0.032344615292723394,0.011777112372386954,up_in_CKD,0.4706556273912273,1.3956427362333603,0.17342446313032317,0.8436241225337233,0.03170447934845841,0.025118805159538356,0.006585674188920053,14,18,True,0.00040935350862642526
immune cells,NAGLU,0.06632858465176104,0.053351792838551765,0.012976791813209279,up_in_CKD,0.42603055323164135,1.2603287535020937,0.2175355751335088,0.8436241225337233,0.04566608493310064,0.04548540393754243,0.00018068099555820782,14,18,True,0.000408286035314269
immune cells,CAMTA2,0.06858853201601549,0.05574327497101815,0.012845257044997338,up_in_CKD,0.42742420460672154,1.249406730265519,0.22121879488401447,0.8436241225337233,0.04348458406050029,0.03665987780040733,0.006824706260092961,14,18,True,0.0004054696517037077
immune cells,KMT5B,0.10009880283841709,0.07655350663937958,0.023545296199037502,up_in_CKD,0.3153025519125238,0.9248838832654409,0.36247331946706046,0.882096914473886,0.0621000581733566,0.041412084181941616,0.020687973991414983,14,18,True,0.0004044810814677431
immune cells,ELOF1,0.14205841171879013,0.11955330590366585,0.022505105815124285,up_in_CKD,0.30550201768754054,0.9414695953931671,0.3560840732043505,0.8736582699938672,0.0897324025596277,0.07739307535641547,0.012339327203212222,14,18,True,0.0004032973906442711
immune cells,EPRS,0.13659087511772242,0.12156217634619781,0.015028698771524601,up_in_CKD,0.36324222886600277,1.0364290754562895,0.3084246389318074,0.8436241225337233,0.08566026759744037,0.09164969450101833,-0.005989426903577955,14,18,True,0.00040315695290158864
immune cells,MAP2K7,0.05180016889527835,0.04037360666226346,0.011426562233014893,up_in_CKD,0.4774017491205248,1.429049213590933,0.16406333651654853,0.8436241225337233,0.032722513089005235,0.02987101154107264,0.0028515015479325945,14,18,True,0.00040286175252205635
immune cells,RNF34,0.09262560056304851,0.07756539241444882,0.015060208148599694,up_in_CKD,0.36208122729801184,1.1160927894824688,0.27573442985231084,0.8436241225337233,0.05831878999418266,0.05091649694501019,0.007402293049172476,14,18,True,0.00040271093792694767
immune cells,ARFGEF1,0.14117841708385012,0.11932413550069455,0.02185428158315557,up_in_CKD,0.32272363525021586,0.9316861907442839,0.35894623754143057,0.877140272046675,0.0839150668993601,0.07399864222674814,0.00991642467261196,14,18,True,0.00040152790169212114
immune cells,STRN,0.0588309037559114,0.04457125412518106,0.014259649630730342,up_in_CKD,0.38072534380891965,1.1879557798670302,0.24803285367527,0.8436241225337233,0.04101221640488656,0.029192124915139173,0.011820091489747386,14,18,True,0.00040093787548585674
immune cells,ATP6V1E1,0.1938208157061808,0.17400258456772838,0.019818231138452408,up_in_CKD,0.3146280033499957,0.9564781045537855,0.34772747396211623,0.8626962159774487,0.12609075043630016,0.12152070604209098,0.004570044394209188,14,18,True,0.00039994980067964084
immune cells,FASTKD2,0.07322935640399676,0.058360406047049236,0.014868950356947526,up_in_CKD,0.3635424714603394,1.1032942797797698,0.28000019514887753,0.8436241225337233,0.04857475276323444,0.04344874405974202,0.0051260087034924184,14,18,True,0.0003992012654667681
immune cells,ATXN1,0.1156813654792102,0.09926655136990015,0.016414814109310047,up_in_CKD,0.3283916797480035,1.0058859757117087,0.3243135185983164,0.8436241225337233,0.07766143106457242,0.06992532247114731,0.007736108593425106,14,18,True,0.0003980930141708282
immune cells,DGKZ,0.18951889103394595,0.16719286048733528,0.02232603054661067,up_in_CKD,0.3226572364686651,0.9266689006640575,0.36153896641492467,0.8807511394258607,0.1199825479930192,0.10183299389002037,0.01814955410299883,14,18,True,0.00039725844037589064
immune cells,COMMD5,0.12220383439992412,0.10702616776937893,0.015177666630545192,up_in_CKD,0.3533952429193738,1.0157338100942301,0.31792034178624046,0.8436241225337233,0.07577079697498545,0.08486082824168364,-0.00909003126669819,14,18,True,0.0003961157868665721
immune cells,TMEM37,0.03646876100103868,0.024926970914500808,0.01154179008653787,up_in_CKD,0.46391222208991667,1.3446589203687718,0.18881464921139815,0.8436241225337233,0.030686445607911575,0.015614392396469789,0.015072053211441786,14,18,True,0.00039542618829187763
immune cells,VPS13B,0.06258796497224638,0.04912402564915337,0.013463939323093005,up_in_CKD,0.3970302533646284,1.1276296094239648,0.2686620503974044,0.8436241225337233,0.04072134962187318,0.035302104548540394,0.005419245073332787,14,18,True,0.00039477731520421355
immune cells,OCEL1,0.08832976246291482,0.07414317500878452,0.014186587454130303,up_in_CKD,0.3766743982565728,1.099170316494438,0.2804601282791491,0.8436241225337233,0.061518324607329845,0.05702647657841141,0.004491848028918437,14,18,True,0.00039463943919778156
immune cells,SNX14,0.13028493248830836,0.1098408760898058,0.020444056398502553,up_in_CKD,0.3220826922895904,0.9409929402562218,0.3542529724965784,0.8712987675890904,0.08347876672484002,0.07196198234894773,0.011516784375892292,14,18,True,0.0003939803057638613
immune cells,BTBD7,0.09764138073975404,0.08341872722975135,0.01422265351000268,up_in_CKD,0.37295484937458484,1.070122968608643,0.2931610043199859,0.8436241225337233,0.06588132635253054,0.06788866259334692,-0.002007336240816379,14,18,True,0.00039173586153481
immune cells,CD40,0.08190023756520941,0.06475017298783402,0.01715006457737539,up_in_CKD,0.33232925768293997,0.9647059499630862,0.34240531000166813,0.8538257494863385,0.0533740546829552,0.0461642905634759,0.007209764119479302,14,18,True,0.0003911587905173864
immune cells,C19orf48,0.05707359183343495,0.044668310504877504,0.01240528132855745,up_in_CKD,0.42608237097937607,1.217331970720397,0.23310320392002645,0.8436241225337233,0.03504944735311227,0.03801765105227427,-0.0029682036991619948,14,18,True,0.0003903521951753679
immune cells,KDM4C,0.06867400246828223,0.05661430562382075,0.012059696844461482,up_in_CKD,0.4357882492693036,1.3253612314754808,0.1967247590927409,0.8436241225337233,0.04013961605584642,0.0373387644263408,0.0028008516295056213,14,18,True,0.0003881220787984686
immune cells,TWF1,0.0896016192185934,0.07378491468234304,0.015816704536250364,up_in_CKD,0.332229220771757,0.9991018027182116,0.32649667897379764,0.8436241225337233,0.059336823734729496,0.051595383570943655,0.007741440163785841,14,18,True,0.000388070179903986
immune cells,BAZ2A,0.11225298219302667,0.09806897163614964,0.014184010556877027,up_in_CKD,0.3704695305617176,1.067989418812459,0.2940637293289823,0.8436241225337233,0.0737347294938918,0.07196198234894773,0.0017727471449440757,14,18,True,0.0003880681349128675
immune cells,WLS,0.05467677211262294,0.040461500258241606,0.014215271854381331,up_in_CKD,0.3695513196208657,1.0856726635136573,0.28637163825618583,0.8436241225337233,0.036794648051192556,0.029192124915139173,0.007602523136053384,14,18,True,0.0003879594808800309
immune cells,PWWP2A,0.06574086595048978,0.05288027312495154,0.012860592825538239,up_in_CKD,0.40811135221554856,1.1904472056618312,0.24322769982203757,0.8436241225337233,0.046829552065154156,0.04073319755600815,0.006096354509146008,14,18,True,0.00038761101162009605
immune cells,SMG6,0.05489190201534399,0.042798971457013446,0.012092930558330543,up_in_CKD,0.4333953073806678,1.2684069266606548,0.21446397661921224,0.8436241225337233,0.030395578824898198,0.029192124915139173,0.0012034539097590252,14,18,True,0.00038705457587380774
immune cells,ERLIN2,0.055449812378850806,0.0414616531976426,0.013988159181208208,up_in_CKD,0.37423011391437594,1.1148350051266671,0.27422580893207427,0.8436241225337233,0.03606748109365911,0.028513238289205704,0.007554242804453402,14,18,True,0.0003865945614276973
immune cells,PRPS2,0.07135125148086033,0.05753605485582341,0.01381519662503692,up_in_CKD,0.37717465862349786,1.0217390317422685,0.31728095609819507,0.8436241225337233,0.04639325189063409,0.04955872369314324,-0.0031654718025091524,14,18,True,0.0003848185677353339
immune cells,FBXO3,0.07831129770076974,0.06383426801662336,0.01447702968414638,up_in_CKD,0.35879245890655487,1.0466675923099904,0.3036332807964497,0.8436241225337233,0.04842931937172775,0.04480651731160896,0.0036228020601187932,14,18,True,0.00038360054354781163
immune cells,SMPD1,0.05565438586744587,0.041982678274150954,0.013671707593294918,up_in_CKD,0.37914126688767746,1.156048126571261,0.2584827439461165,0.8436241225337233,0.03723094822571262,0.035302104548540394,0.0019288436771722275,14,18,True,0.00038280734377059173
immune cells,MANF,0.2160817319207688,0.19477510018851812,0.02130663173225067,up_in_CKD,0.32302131662501854,0.9277820752239865,0.3609699133281579,0.8797967082220916,0.13816172193135545,0.14188730482009504,-0.003725582888739587,14,18,True,0.00038278838564053893
immune cells,HAGHL,0.05998455183901076,0.04588744962650264,0.014097102212508122,up_in_CKD,0.367251888960041,0.9863946957581334,0.33448340437069346,0.8436241225337233,0.035485747527632346,0.02987101154107264,0.005614735986559705,14,18,True,0.0003823405225943661
immune cells,GPN3,0.09865092234705723,0.08545801683742453,0.013192905509632702,up_in_CKD,0.39156061278174514,1.1583824033681387,0.256100657438973,0.8436241225337233,0.06733566026759744,0.06449422946367957,0.0028414308039178687,14,18,True,0.0003815011873460882
immune cells,PML,0.07147891210724833,0.057390834138643494,0.014088077968604833,up_in_CKD,0.36457765549528287,1.120920996319656,0.2734993101661792,0.8436241225337233,0.04842931937172775,0.03937542430414121,0.00905389506758654,14,18,True,0.00037931344498614927
immune cells,UGT2B7,0.06603045091723955,0.0432878491942976,0.02274260172294195,up_in_CKD,0.326674766436015,0.9153992697617778,0.36781651185986125,0.889669684263774,0.03926701570680628,0.025797691785471828,0.013469323921334455,14,18,True,0.0003772013434414022
immune cells,MAP7D3,0.06091953243444498,0.04895513939156912,0.01196439304287586,up_in_CKD,0.4257613495739124,1.2272308111351902,0.22930230693865036,0.8436241225337233,0.03810354857475276,0.03801765105227427,8.589752247849247e-05,14,18,True,0.0003761952849116896
immune cells,LRCH3,0.0720388544922455,0.05884535171914208,0.01319350277310341,up_in_CKD,0.38551892295804024,1.1122807439947944,0.2748665186677856,0.8436241225337233,0.04232111692844677,0.03937542430414121,0.0029456926243055584,14,18,True,0.0003756317167992261
immune cells,RFXANK,0.12816203801578344,0.11398074024099752,0.014181297774785911,up_in_CKD,0.3555836201538138,1.0534898596760316,0.3007981488909108,0.8436241225337233,0.08158813263525305,0.0855397148676171,-0.003951582232364054,14,18,True,0.0003724038532321962
immune cells,IPO9,0.057702509005585066,0.04497921208385294,0.012723296921732123,up_in_CKD,0.3961724878460605,1.1624917485789288,0.2542879883104303,0.8436241225337233,0.03519488074461896,0.02987101154107264,0.005323869203546321,14,18,True,0.00037225489528963613
immune cells,NRAS,0.06998485891963961,0.05668012592543265,0.01330473299420696,up_in_CKD,0.37878682417807136,1.131694646190645,0.2672947136860875,0.8436241225337233,0.04653868528214078,0.04684317718940937,-0.0003044919072685906,14,18,True,0.00037218380352461045
immune cells,ACBD5,0.08790332692273443,0.07365928361518537,0.014244043307549067,up_in_CKD,0.3519187387606045,1.0565713980013465,0.29987063182909846,0.8436241225337233,0.05511925538103549,0.058384249830278345,-0.0032649944492428584,14,18,True,0.0003701963397678192
immune cells,FBXL5,0.19157602783808536,0.16857643884547666,0.022999588992608705,up_in_CKD,0.32704297685747813,0.9109478388092797,0.3703104936873271,0.893545461438543,0.11314717859220477,0.10930074677528853,0.0038464318169162404,14,18,True,0.00036769339968642094
immune cells,UROD,0.07808891894046145,0.06532495527050937,0.012763963669952083,up_in_CKD,0.3897570849246602,1.1629615641157984,0.2545412440901333,0.8436241225337233,0.04930191972076789,0.0461642905634759,0.003137629157291988,14,18,True,0.00036739735075600117
immune cells,APAF1,0.09085446570401265,0.07708883866231127,0.013765627041701381,up_in_CKD,0.3590487069672462,1.0712506620343205,0.29308964794931464,0.8436241225337233,0.055991855730075625,0.05770536320434488,-0.0017135074742692519,14,18,True,0.0003650108788217147
immune cells,NONO,0.22245074128041412,0.20741660527535588,0.015034136005058235,up_in_CKD,0.3250169890624846,0.9876312528351421,0.33250091297274953,0.8436241225337233,0.13612565445026178,0.14867617107942974,-0.012550516629167952,14,18,True,0.00036086185723563136
immune cells,AC147067.1,0.04668917689756321,0.03384112523528266,0.012848051662280549,up_in_CKD,0.3787746557248155,1.088190280530796,0.28522568228493844,0.8436241225337233,0.030541012216404886,0.02172437202987101,0.008816640186533876,14,18,True,0.00035939715002568216
immune cells,SLAMF7,0.08973746189008845,0.07210608005370864,0.017631381836379814,up_in_CKD,0.3190667690244412,0.9526098188150323,0.3488592741533637,0.8641411646960577,0.05686445607911576,0.04752206381534284,0.009342392263772925,14,18,True,0.00035674838720941627
immune cells,IDH1,0.07448902514768116,0.06048323621890369,0.01400578892877747,up_in_CKD,0.344196645395054,1.064816705143545,0.29815540768711074,0.8436241225337233,0.05002908667830134,0.04005431093007468,0.00997477574822666,14,18,True,0.0003560169316890441
immune cells,TNKS,0.05166215719401809,0.0392501404124647,0.01241201678155339,up_in_CKD,0.38786353096756243,1.1663098435023354,0.25354708947042753,0.8436241225337233,0.03461314717859221,0.031228784792939578,0.0033843623856526298,14,18,True,0.0003555312202336399
immune cells,RBM26,0.19079739808572452,0.1687061331121072,0.022091264973617325,up_in_CKD,0.30651848134612986,0.9208679100144088,0.36512608420407994,0.8861680326146933,0.11649214659685864,0.10862186014935506,0.00787028644750358,14,18,True,0.0003553886225623136
immune cells,KLHL9,0.06864084037309966,0.053577587013978925,0.015063253359120732,up_in_CKD,0.31868115023952376,0.9949885949075442,0.33106131790472043,0.8436241225337233,0.04377545084351367,0.032586558044806514,0.011188892798707155,14,18,True,0.00035451253796830144
immune cells,PGRMC1,0.1201801756477834,0.09712658753959556,0.023053588108187834,up_in_CKD,0.3361418347430862,0.9044569074580865,0.37528222221676344,0.9001610726692433,0.07969749854566609,0.06720977596741344,0.012487722578252647,14,18,True,0.0003539851335568137
immune cells,INO80C,0.059824366188196365,0.047262598666458405,0.01256176752173796,up_in_CKD,0.38118009087771715,1.0258058367204277,0.31581413782289497,0.8436241225337233,0.03650378126817917,0.03801765105227427,-0.0015138697840950954,14,18,True,0.00035362047526746874
immune cells,SLC25A40,0.05183384809484152,0.04042814437337074,0.011405703721470775,up_in_CKD,0.41867389362921964,1.1878232535677917,0.24450727467896244,0.8436241225337233,0.037085514834205933,0.028513238289205704,0.00857227654500023,14,18,True,0.00035265854378288504
immune cells,ABCF3,0.05177399591813645,0.04039594546575528,0.011378050452381175,up_in_CKD,0.4195039102945983,1.2494755852751518,0.2216395242831531,0.8436241225337233,0.03781268179173938,0.027155465037338764,0.010657216754400619,14,18,True,0.00035250096564053244
immune cells,ACSS1,0.06907860624990766,0.055452607670929126,0.013625998578978539,up_in_CKD,0.3502106458144769,1.0566189721760066,0.30007919107520314,0.8436241225337233,0.04290285049447353,0.04005431093007468,0.002848539564398851,14,18,True,0.0003524147893326208
immune cells,PPP5C,0.05909961661092566,0.04491642909696659,0.01418318751395907,up_in_CKD,0.3351788252757296,1.050489552352697,0.305827340507532,0.8436241225337233,0.03868528214077952,0.025118805159538356,0.013566476981241166,14,18,True,0.0003510806241073286
immune cells,UTP6,0.12883936268621116,0.11416090021196054,0.014678462474250614,up_in_CKD,0.34098929591364163,0.9686561417970935,0.3406723823032294,0.851279192385184,0.0882780686445608,0.08893414799728445,-0.0006560793527236597,14,18,True,0.00035000343567385777
immune cells,SF3B3,0.08778065437574145,0.07607648173875393,0.011704172636987517,up_in_CKD,0.4044523361910188,1.2223933297588487,0.23225863973108757,0.8436241225337233,0.057300756253635836,0.05702647657841141,0.00027427967522442726,14,18,True,0.0003495944343047899
immune cells,SERTAD3,0.10152822458008938,0.08971823211164498,0.0118099924684444,up_in_CKD,0.4005940555779462,1.1396464297873732,0.2636634903803321,0.8436241225337233,0.06617219313554393,0.06449422946367957,0.0016779636718643604,14,18,True,0.0003493900747533274
immune cells,PDCD10,0.3140108249694296,0.29106651038515885,0.022944314584270764,up_in_CKD,0.2999255135017555,0.9169096242012409,0.36801858812416066,0.8899622572171647,0.20186154741128562,0.19212491513917176,0.009736632272113854,14,18,True,0.00034840373157635544
immune cells,KDM4B,0.04119160984359181,0.031080826705757417,0.010110783137834395,up_in_CKD,0.4636816772029765,1.3228350182233326,0.19605768226122788,0.8436241225337233,0.030395578824898198,0.024439918533604887,0.00595566029129331,14,18,True,0.00034622719134645317
immune cells,WDR11,0.12460225810442185,0.10939906414750983,0.015203193956912026,up_in_CKD,0.33276314154002284,0.9636394819472602,0.3429315100395647,0.8545631984050442,0.0810063990692263,0.07671418873048201,0.004292210338744287,14,18,True,0.00034531043425390165
immune cells,COASY,0.06580629579873719,0.054614376154964346,0.011191919643772842,up_in_CKD,0.41775130396913596,1.2266954349080976,0.22958080237805292,0.8436241225337233,0.04537521815008726,0.042090970807875085,0.0032842473422121723,14,18,True,0.0003452858968465047
immune cells,NKAPD1,0.04653515983386343,0.03404479326272999,0.012490366571133442,up_in_CKD,0.37205481759038245,1.09349497017168,0.282987537510814,0.8436241225337233,0.03374054682955206,0.017651052274270197,0.016089494555281865,14,18,True,0.00034319310920998274
immune cells,IFNG,0.1274524423167563,0.09701393213368945,0.03043851018306684,up_in_CKD,0.3017790789519997,0.874458563428301,0.38881585927406115,0.9177143260268738,0.058755090168702735,0.04752206381534284,0.011233026353359897,14,18,True,0.0003425578207761165
immune cells,ZNF121,0.062014316959962366,0.05058072367736928,0.011433593282593087,up_in_CKD,0.4027746914929216,1.2278623581076489,0.23080702480524487,0.8436241225337233,0.03955788248981966,0.03394433129667346,0.005613551193146202,14,18,True,0.0003400958680437622
immune cells,C1orf122,0.20057607186011966,0.1850487890512247,0.015527282808894954,up_in_CKD,0.33995583888723174,0.9548009719645016,0.3477979957971567,0.8626962159774487,0.12769051774287377,0.1384928716904277,-0.010802353947553939,14,18,True,0.0003385799130757297
immune cells,PUSL1,0.045515886076336665,0.03486804484484449,0.010647841231492178,up_in_CKD,0.4303563953461451,1.266676277417033,0.21516632723684845,0.8436241225337233,0.030831878999418267,0.031228784792939578,-0.00039690579352131064,14,18,True,0.00033841240202570104
immune cells,CORO1B,0.3415131619722845,0.30958775269920774,0.031925409273076744,up_in_CKD,0.30266203239245143,0.8680006798366755,0.39233992102021387,0.9225388490766975,0.20986038394415357,0.20162932790224034,0.008231056041913237,14,18,True,0.0003383395115415863
immune cells,GLUD1,0.14861187761090758,0.13293204176423695,0.015679835846670626,up_in_CKD,0.33600121638471175,0.9540617435156097,0.3478933657883667,0.8627532105024504,0.0911867364746946,0.09775967413441955,-0.006572937659724956,14,18,True,0.0003377779361361422
immune cells,SECISBP2L,0.09886328453716416,0.0855009655365454,0.013362319000618753,up_in_CKD,0.34177869564455116,1.0319816888431717,0.3113053962196982,0.8436241225337233,0.06195462478184991,0.06381534283774609,-0.0018607180558961808,14,18,True,0.0003372743127719177
immune cells,PGS1,0.049050801275218756,0.03805901686007489,0.010991784415143868,up_in_CKD,0.414154250872781,1.1693555989676412,0.25188259468853125,0.8436241225337233,0.03374054682955206,0.03054989816700611,0.003190648662545953,14,18,True,0.00033619153003601
immune cells,RHEB,0.30185867794256005,0.2769736788007471,0.02488499914181297,up_in_CKD,0.31223043889294766,0.8915579100805009,0.3798346102663998,0.9063852951408031,0.18688190808609656,0.1955193482688391,-0.00863744018274254,14,18,True,0.00033167292349058704
immune cells,CENPK,0.04790984947230238,0.03528722522418616,0.012622624248116221,up_in_CKD,0.35483660810841594,1.0336441088544968,0.30957511629497353,0.8436241225337233,0.031995346131471786,0.019008825526137134,0.012986520605334652,14,18,True,0.00033077639976918213
immune cells,DERL1,0.15183514133267276,0.13539345703558073,0.01644168429709203,up_in_CKD,0.31557598934140363,0.9549957433645486,0.3482234634428268,0.863514079078447,0.10296684118673648,0.10047522063815342,0.002491620548583054,14,18,True,0.0003306725227380243
immune cells,HDAC10,0.07916423760106106,0.06751467390398372,0.011649563697077342,up_in_CKD,0.384156194760408,1.1304167027282217,0.26738974175867414,0.8436241225337233,0.05221058755090169,0.051595383570943655,0.000615203979958033,14,18,True,0.00033050188720737454
immune cells,MKL1,0.05903465215046585,0.04597523314534577,0.01305941900512008,up_in_CKD,0.34228213870639856,1.0045271324820106,0.32323774195774746,0.8436241225337233,0.032722513089005235,0.035302104548540394,-0.002579591459535159,14,18,True,0.00033011445054141755
immune cells,ARL11,0.04913492551012907,0.03697472322536276,0.01216020228476631,up_in_CKD,0.36697392082059277,1.0899418303789499,0.28476519520829996,0.8436241225337233,0.03461314717859221,0.02987101154107264,0.004742135637519566,14,18,True,0.00032955844423432395
immune cells,DNMT1,0.1663141754235437,0.14407270971760563,0.022241465705938074,up_in_CKD,0.3181710362134279,0.9028876149794047,0.373994024710016,0.8984198884658565,0.10732984293193717,0.08893414799728445,0.01839569493465272,14,18,True,0.0003292075230341022
immune cells,RCOR3,0.09595271931012386,0.08048367207143269,0.015469047238691178,up_in_CKD,0.3166027716702674,0.9637149486975014,0.3442277136026335,0.8572171672522263,0.06268179173938336,0.051595383570943655,0.011086408168439706,14,18,True,0.0003276904059207897
immune cells,DENND1C,0.06651348632186081,0.05433955388047764,0.012173932441383171,up_in_CKD,0.36428798465824425,1.0696136363738196,0.2934149284368474,0.8436241225337233,0.04130308318789994,0.038696537678207736,0.002606545509692207,14,18,True,0.0003275157403494944
immune cells,KLF12,0.07191207404755771,0.05904897925767982,0.01286309478987789,up_in_CKD,0.3437301165439567,0.9960825123457447,0.32717717983568045,0.8436241225337233,0.04595695171611402,0.03801765105227427,0.00793930066383975,14,18,True,0.0003265273004637705
immune cells,UBE2Q2,0.0872025326675933,0.07348714676980483,0.013715385897788465,up_in_CKD,0.32193134267091184,0.9922916297594783,0.3312221659572867,0.8436241225337233,0.055991855730075625,0.05634758995247793,-0.0003557342224023083,14,18,True,0.00032608268238098706
immune cells,PHACTR4,0.09957336633028653,0.08554309989247645,0.01403026643781008,up_in_CKD,0.32217380429783127,0.9763422047384821,0.3378096301315307,0.8469795851833902,0.06137289121582315,0.059063136456211814,0.0023097547596113363,14,18,True,0.0003260275933436326
immune cells,RAB22A,0.10189234981735713,0.08951410371071604,0.012378246106641094,up_in_CKD,0.35593806675904516,1.0808039846736959,0.2897343027714589,0.8436241225337233,0.06617219313554393,0.06177868295994569,0.004393510175598241,14,18,True,0.00032537935428680296
immune cells,SHPRH,0.12485135770065704,0.10980636342204007,0.015044994278616969,up_in_CKD,0.31811718319828414,0.9649964871754413,0.3434070101450569,0.8554606608114687,0.07867946480511925,0.07399864222674814,0.004680822578371116,14,18,True,0.0003244954221959395
immune cells,RABGGTA,0.06735750685679184,0.05515592224095506,0.012201584615836786,up_in_CKD,0.3578304795753321,1.0750914551490383,0.29167731650474266,0.8436241225337233,0.04144851657940663,0.041412084181941616,3.64323974650152e-05,14,18,True,0.00032244081412768086
immune cells,HPS4,0.06515141922756322,0.05296230928946783,0.01218910993809539,up_in_CKD,0.35784472577931487,1.0622873590184854,0.2969082036667639,0.8436241225337233,0.04450261780104712,0.03937542430414121,0.005127193496905907,14,18,True,0.00032212398063633955
immune cells,OGG1,0.04800345099070844,0.03648945231571621,0.011513998674992233,up_in_CKD,0.3773920704539563,1.162435439673042,0.25673475464008116,0.8436241225337233,0.03170447934845841,0.026476578411405296,0.005227900937053113,14,18,True,0.0003209041905747419
immune cells,AARS,0.04121337444782073,0.03182183141392887,0.009391543033891857,up_in_CKD,0.46110256647324566,1.3771246158145014,0.179291405918556,0.8436241225337233,0.031413612565445025,0.02240325865580448,0.009010353909640546,14,18,True,0.00031980918664281964
immune cells,SLC8A1,0.18568147238458718,0.1603503896025218,0.02533108278206539,up_in_CKD,0.3125968840554525,0.8839405453287439,0.3840409499790486,0.9119589129185477,0.1170738801628854,0.1011541072640869,0.015919772898798507,14,18,True,0.00031693250681734956
immune cells,SLC39A6,0.0692605282974213,0.05735424309768027,0.011906285199741025,up_in_CKD,0.36040012937426286,1.0520745118176187,0.301191445060874,0.8436241225337233,0.04493891797556719,0.0461642905634759,-0.0012253725879087102,14,18,True,0.000316896660109556
immune cells,WDR54,0.07002752602564906,0.05700970124490423,0.013017824780744827,up_in_CKD,0.33416271103503303,0.9761173774774939,0.3368405272250885,0.8458910754868721,0.04363001745200698,0.04412763068567549,-0.0004976132336685091,14,18,True,0.00031618737876583017
immune cells,DGCR2,0.05015165965728697,0.03840068237459699,0.011750977282689978,up_in_CKD,0.36278818313993844,1.0107174082946013,0.3210341774217416,0.8436241225337233,0.02821407795229785,0.031228784792939578,-0.0030147068406417288,14,18,True,0.00031483540249704683
immune cells,NT5C3B,0.0633028445940408,0.05107441722291943,0.01222842737112137,up_in_CKD,0.34785886782002545,1.002808334941888,0.32399209324924017,0.8436241225337233,0.04086678301337987,0.04005431093007468,0.0008124720833051907,14,18,True,0.0003141449843195197
immune cells,EPG5,0.06483902972873692,0.05284879993229705,0.011990229796439877,up_in_CKD,0.354681312826291,1.0436686836939533,0.30509902717211246,0.8436241225337233,0.039121582315299594,0.02987101154107264,0.009250570774226953,14,18,True,0.0003140669640318747
immune cells,TIMM44,0.0689231713994942,0.057723002395883224,0.011200169003610982,up_in_CKD,0.3792245472615257,1.0946126343432114,0.2824095461408857,0.8436241225337233,0.042611983711460154,0.05227427019687712,-0.00966228648541697,14,18,True,0.00031367323286035924
immune cells,ROCK2,0.0886625965678101,0.07640654117889646,0.01225605538891364,up_in_CKD,0.34479810494160773,1.03911229595953,0.3079441868861395,0.8436241225337233,0.058027923211169286,0.05634758995247793,0.0016803332586913522,14,18,True,0.00031208437655653066
immune cells,CYP4V2,0.04742037018477422,0.03660331764651226,0.010817052538261963,up_in_CKD,0.38881182672915837,1.1448658981111979,0.26146267076629115,0.8436241225337233,0.032867946480511924,0.027155465037338764,0.00571248144317316,14,18,True,0.00031060242938020624
immune cells,ADAM19,0.04438738240638799,0.03328818048940363,0.01109920191698436,up_in_CKD,0.37833770878460127,1.072805146301873,0.292186991930166,0.8436241225337233,0.031995346131471786,0.029192124915139173,0.002803221216332613,14,18,True,0.0003101186066981515
immune cells,MCCC2,0.0686843836484187,0.056791403257100415,0.01189298039131828,up_in_CKD,0.35265282169595225,1.0559309585770555,0.30004621454805497,0.8436241225337233,0.04304828388598022,0.0373387644263408,0.00570951945963942,14,18,True,0.0003097380133560518
immune cells,SRPK1,0.06889407259584049,0.0569533935623293,0.01194067903351119,up_in_CKD,0.3512028727432243,1.0581591667534669,0.29932157854907554,0.8436241225337233,0.04363001745200698,0.04480651731160896,-0.0011764998596019774,14,18,True,0.00030970165544754645
immune cells,GSK3A,0.1029380227652776,0.08583686327643504,0.017101159488842554,up_in_CKD,0.30941928513702116,0.938299853569902,0.35667935713037613,0.8743666906250395,0.06486329261198372,0.05634758995247793,0.008515702659505783,14,18,True,0.0003085241248050381
immune cells,C6orf47,0.04777507216877085,0.03725477285578536,0.010520299312985495,up_in_CKD,0.3969420335994938,1.1829769474111698,0.2465991836863464,0.8436241225337233,0.030686445607911575,0.031907671418873046,-0.001221225810961471,14,18,True,0.00030839805397365143
immune cells,TIMM22,0.06302505350791407,0.05161557390856515,0.011409479599348918,up_in_CKD,0.3649510549143666,1.0658660038504684,0.2950169189615329,0.8436241225337233,0.04203025014543339,0.04412763068567549,-0.002097380540242097,14,18,True,0.00030750834222725246
immune cells,CDC14A,0.06724068033638972,0.054949051924697276,0.012291628411692443,up_in_CKD,0.33680671360176806,1.0025139470519344,0.3244984870228917,0.8436241225337233,0.04057591623036649,0.03665987780040733,0.003916038429959162,14,18,True,0.000305736017993764
immune cells,VPS53,0.06026375593379515,0.05027690579184571,0.009986850141949437,up_in_CKD,0.4139171826529526,1.229639596706164,0.22878006244296137,0.8436241225337233,0.03650378126817917,0.03665987780040733,-0.00015609653222815878,14,18,True,0.00030528005477787804
immune cells,SNAPC2,0.06796519840108133,0.05575940396370724,0.012205794437374087,up_in_CKD,0.3380079285624575,1.0016694181902523,0.3247782155912812,0.8436241225337233,0.04392088423502036,0.04073319755600815,0.0031876866790122096,14,18,True,0.0003046838127288264
immune cells,OPN3,0.05922864473358643,0.04821714289559798,0.01101150183798845,up_in_CKD,0.37175906778701384,1.0968156853027113,0.2816285158575532,0.8436241225337233,0.03868528214077952,0.03801765105227427,0.0006676310885052536,14,18,True,0.0003023183917413771
immune cells,TMEM69,0.05786662830819196,0.04685988532781854,0.011006742980373421,up_in_CKD,0.3706021788421872,1.1156107073186623,0.2743364935561,0.8436241225337233,0.03723094822571262,0.034623217922606926,0.002607730303105696,14,18,True,0.0003012473506415667
immune cells,ZFAND2B,0.17085067425480713,0.1512427970051196,0.019607877249687516,up_in_CKD,0.2998646516755382,0.9190982394526651,0.3670562328144157,0.8888018854140791,0.11169284467713787,0.10319076714188731,0.008502077535250563,14,18,True,0.00030101190951285165
immune cells,SLAMF1,0.07458861003121439,0.059129335185781354,0.015459274845433038,up_in_CKD,0.3250320629494826,0.9404405480060053,0.35450540344758674,0.8713994272347707,0.04290285049447353,0.04480651731160896,-0.001903666817135427,14,18,True,0.0003003938693709892
immune cells,SPAST,0.06634144338637903,0.05381370689442798,0.012527736491951047,up_in_CKD,0.3427806478382683,0.9686564906048009,0.3407895659486824,0.8513998858224731,0.04304828388598022,0.03801765105227427,0.005030632833705952,14,18,True,0.000300024933507641
immune cells,ARID3A,0.05999254553504416,0.04786416191197573,0.01212838362306843,up_in_CKD,0.33416347070707625,1.0208114858443216,0.31714621743743493,0.8436241225337233,0.04028504944735311,0.032586558044806514,0.007698491402546595,14,18,True,0.00029930801092377163
immune cells,TIMP3,0.04516024525977134,0.03438044766788441,0.010779797591886929,up_in_CKD,0.3749606554741358,1.058641187851546,0.2985953487904659,0.8436241225337233,0.031268179173938336,0.02240325865580448,0.008864920518133857,14,18,True,0.00029850578256358264
immune cells,ARHGAP4,0.31374610327819397,0.2922699711511353,0.021476132127058678,up_in_CKD,0.3202627173153808,0.8936636929128308,0.379266784373892,0.9057872938893925,0.18906340895869692,0.18533604887983707,0.003727360078859848,14,18,True,0.00029557382017068764
immune cells,ISCA2,0.19184612686417896,0.17358715562920182,0.018258971234977134,up_in_CKD,0.31635182255388605,0.9146091041576343,0.3676943117824327,0.8894321273985651,0.11663757998836533,0.12559402579769177,-0.008956445809326447,14,18,True,0.00029393756514106044
immune cells,SYVN1,0.06956785776078993,0.056299869965964665,0.013267987794825263,up_in_CKD,0.3238179899669349,0.9646694652977836,0.34281817553397365,0.8544974871784946,0.04697498545666085,0.04548540393754243,0.0014895815191184186,14,18,True,0.00029339865937771367
immune cells,SELENOO,0.048994862674295876,0.03535479135349321,0.013640071320802666,up_in_CKD,0.32223024530579797,0.9610816609357704,0.34462439733760414,0.8579766802694775,0.03534031413612566,0.02172437202987101,0.013615942106254646,14,18,True,0.0002923914487184716
immune cells,ARSD,0.04331283692027936,0.033794396901214316,0.009518440019065044,up_in_CKD,0.4139946109025298,1.2378740359924831,0.22600394205431654,0.8436241225337233,0.034758580570098896,0.02987101154107264,0.004887569029026255,14,18,True,0.00029101602732547517
immune cells,RNF138,0.06781332995502946,0.05625202252845808,0.011561307426571382,up_in_CKD,0.3403441576259771,0.9935247881046845,0.32842456639686335,0.8436241225337233,0.04668411867364747,0.04073319755600815,0.00595092111763932,14,18,True,0.00029059068723482576
immune cells,ANAPC1,0.05146984649394497,0.041965200661662705,0.009504645832282263,up_in_CKD,0.4130392219922846,1.2598281788251948,0.2192766516265653,0.8436241225337233,0.03170447934845841,0.03394433129667346,-0.002239851948215049,14,18,True,0.00028992367101683745
immune cells,PPM1M,0.10048931453738195,0.089418603625831,0.011070710911550957,up_in_CKD,0.3541680314518924,1.0153127994410192,0.31814541533479296,0.8436241225337233,0.0651541593949971,0.06449422946367957,0.0006599299313175266,14,18,True,0.00028956182842234903
immune cells,PLRG1,0.10934778321530796,0.09520843884301239,0.014139344372295568,up_in_CKD,0.3329513881783677,0.9458078746217562,0.3520085249326726,0.868081677607309,0.07315299592786503,0.06653088934147998,0.006622106586385054,14,18,True,0.00028923919238745064
immune cells,CHMP1A,0.13264811136061574,0.11377124036264281,0.01887687099797293,up_in_CKD,0.3190569950714342,0.9070109273481048,0.37181243059598373,0.8956589518033424,0.08129726585223968,0.07875084860828242,0.0025464172439572524,14,18,True,0.0002882350135017512
immune cells,ERV3-1,0.051796833231025484,0.04001306845552285,0.011783764775502636,up_in_CKD,0.3276609914997706,1.004616163740053,0.3249798492938372,0.8436241225337233,0.033595113438045374,0.02987101154107264,0.0037241018969727327,14,18,True,0.000285144663566753
immune cells,PDP1,0.04759359086874136,0.03680145378515125,0.010792137083590114,up_in_CKD,0.35583415652136496,1.0737681993610761,0.2924696654613865,0.8436241225337233,0.03432228039557882,0.02987101154107264,0.004451268854506182,14,18,True,0.0002836034628585564
immune cells,CARD9,0.04733805349871326,0.036639987970649955,0.010698065528063308,up_in_CKD,0.3582882398475765,1.0771141603335013,0.29081622736162055,0.8436241225337233,0.03461314717859221,0.026476578411405296,0.008136568767186911,14,18,True,0.0002830702638515933
immune cells,ARHGEF40,0.04922339132086867,0.039166665609534496,0.010056725711334175,up_in_CKD,0.3790707554632757,1.1186024433659065,0.27237446415749994,0.8436241225337233,0.03170447934845841,0.028513238289205704,0.0031912410592527043,14,18,True,0.0002815356062541338
immune cells,AC025159.1,0.07160332507448564,0.05198537479013168,0.019617950284353952,up_in_CKD,0.30140511666915903,0.9062134072302904,0.37272350675757804,0.8967601453524996,0.0491564863292612,0.025118805159538356,0.024037681169722845,14,18,True,0.00027982270774260133
immune cells,MSRB2,0.17178654042237632,0.15201138528007874,0.01977515514229758,up_in_CKD,0.3254994798264924,0.895566343897074,0.3787993620387382,0.9052513756378198,0.1114019778941245,0.1079429735234216,0.0034590043707029006,14,18,True,0.00027826817284335066
immune cells,RFK,0.07810021124790605,0.06542202006299434,0.012678191184911702,up_in_CKD,0.3136317750081711,0.9734251334671664,0.34087513348505766,0.851498918729853,0.05002908667830134,0.05091649694501019,-0.0008874102667088477,14,18,True,0.0002776078153205094
immune cells,ICE2,0.08174541423326291,0.06268556471781035,0.01905984951545256,up_in_CKD,0.3075900587770556,0.9040697105472204,0.37325153038805425,0.8974344069722261,0.0533740546829552,0.03394433129667346,0.019429723386281746,14,18,True,0.0002755272277933055
immune cells,BEX2,0.09846044667174461,0.07848495604541478,0.019975490626329834,up_in_CKD,0.3034278542692313,0.899655353592292,0.3757161801142059,0.9007277402621552,0.056719022687609075,0.04480651731160896,0.011912505376000117,14,18,True,0.0002752140256017344
immune cells,SASH3,0.1731290984406935,0.15304600321228834,0.02008309522840515,up_in_CKD,0.3027339799266792,0.8986528581857576,0.3762686195841698,0.9013528273261203,0.1084933100639907,0.10930074677528853,-0.0008074367112978348,14,18,True,0.0002742320352155713
immune cells,PNPLA6,0.11293726457859625,0.09664149609270814,0.01629576848588811,up_in_CKD,0.3090903073046013,0.9248306084387946,0.36294962208034937,0.8827925212685703,0.0693717277486911,0.05974202308214528,0.009629704666545821,14,18,True,0.00027270264520453904
immune cells,ST3GAL6,0.06192407700524231,0.049106644380387254,0.012817432624855053,up_in_CKD,0.3231757512956918,0.9584907003197922,0.345748504408605,0.8596187839259134,0.04537521815008726,0.03598099117447386,0.009394226975613394,14,18,True,0.00027212359397983524
immune cells,KMT2D,0.04767671648401955,0.03791625237198645,0.009760464112033095,up_in_CKD,0.3771251480753211,1.1495009517251864,0.2610966239656062,0.8436241225337233,0.032140779522978474,0.027155465037338764,0.00498531448563971,14,18,True,0.0002718394013818061
immune cells,ZDHHC18,0.05101426020682437,0.041107993793052605,0.009906266413771764,up_in_CKD,0.3694853538373145,1.0674821483480639,0.2942771410525952,0.8436241225337233,0.036358347876672484,0.025797691785471828,0.010560656091200656,14,18,True,0.00027031097182515817
immune cells,LNPK,0.053902096705108274,0.041290704172428354,0.01261139253267992,up_in_CKD,0.3262497187604561,0.9580430087029899,0.3457819566098008,0.8596443145217174,0.03577661431064572,0.01697216564833673,0.018804448662308994,14,18,True,0.00027024290445932744
immune cells,LRRC59,0.0839379247040899,0.06906479446056339,0.014873130243526503,up_in_CKD,0.31579382657204697,0.9338226114953214,0.35804935092761747,0.8759877231720808,0.054682955206515414,0.05431093007467753,0.0003720251318378859,14,18,True,0.00027007775740609723
immune cells,SRGAP3,0.0491193378875197,0.03895503632095888,0.01016430156656082,up_in_CKD,0.3586860302640826,1.0531442575914824,0.300772946734995,0.8436241225337233,0.031413612565445025,0.027834351663272233,0.003579260902172792,14,18,True,0.00026924549583920264
immune cells,TMEM214,0.06000155258684412,0.0488236313730147,0.01117792121382942,up_in_CKD,0.3260218317472981,0.9929796158363804,0.33007300543233903,0.8436241225337233,0.039121582315299594,0.034623217922606926,0.004498364392692668,14,18,True,0.00026913127564651704
immune cells,WDR37,0.0472648356975275,0.03722759206651441,0.01003724363101309,up_in_CKD,0.36107218633202454,1.1074910720752835,0.27895316069511467,0.8436241225337233,0.030395578824898198,0.02308214528173795,0.007313433543160247,14,18,True,0.0002676485802314957
immune cells,WRAP73,0.06175869444124443,0.04869896321940994,0.013059731221834493,up_in_CKD,0.3076860817440336,0.9687606505969834,0.3445354839213684,0.8578683685068722,0.04057591623036649,0.038696537678207736,0.0018793785521587572,14,18,True,0.00026753561853683536
immune cells,NPEPL1,0.06361616344954277,0.05327324378438196,0.010342919665160807,up_in_CKD,0.3487992506207526,1.0079516397529469,0.32154521349729553,0.8436241225337233,0.04566608493310064,0.04955872369314324,-0.003892638760042602,14,18,True,0.0002664250998329717
immune cells,ARHGAP1,0.1097864525956141,0.0966861543255239,0.01310029827009021,up_in_CKD,0.32333322865360414,0.9482152272984266,0.3506617314205014,0.8664892043897235,0.07620709714950552,0.06856754921928038,0.0076395479302251434,14,18,True,0.0002636204415453993
immune cells,GSKIP,0.06427495285370483,0.054540521982268525,0.0097344308714363,up_in_CKD,0.3648705016675145,1.1218967151638806,0.2730980226475225,0.8436241225337233,0.041884816753926704,0.038696537678207736,0.003188279075718968,14,18,True,0.0002623045123235616
immune cells,BCL10,0.17602090359160094,0.15765143605597387,0.01836946753562707,up_in_CKD,0.3017674635532304,0.9047698460036521,0.3733704544455124,0.8974495370900041,0.11154741128563118,0.11676849966055669,-0.005221088374925506,14,18,True,0.0002604798152872269
immune cells,KCTD13,0.04451347683920929,0.034967546532998536,0.009545930306210752,up_in_CKD,0.36942811727712715,1.0422980679024938,0.30599654732662285,0.8436241225337233,0.030395578824898198,0.025797691785471828,0.00459788703942637,14,18,True,0.00026043817802996733
immune cells,CKAP4,0.044630958715080916,0.03449766070440154,0.01013329801067938,up_in_CKD,0.3443345761723063,1.0369984680700033,0.30887768601820387,0.8436241225337233,0.031122745782431648,0.02172437202987101,0.009398373752560637,14,18,True,0.00025768426018740444
immune cells,AP3M2,0.04748584545406427,0.036955622797595684,0.010530222656468587,up_in_CKD,0.3302956617223342,0.9997063954443732,0.32651590454601614,0.8436241225337233,0.030977312390924956,0.028513238289205704,0.002464074101719251,14,18,True,0.0002568602294791335
immune cells,GUCD1,0.06454947384981616,0.052167389929799,0.012382083920017155,up_in_CKD,0.32060061529111933,0.9555622420019921,0.3473373468550999,0.8622393265975166,0.038248981966259456,0.042090970807875085,-0.003841988841615629,14,18,True,0.00025553845455466553
immune cells,ABCE1,0.15380475680099032,0.13822666806836706,0.015578088732623258,up_in_CKD,0.31247239644017866,0.9194558760763528,0.36529943902070455,0.8863567071644892,0.09947643979057591,0.09911744738628649,0.0003589924042894238,14,18,True,0.0002550271224522696
immune cells,C6orf203,0.05754611008678629,0.04783321041428801,0.009712899672498283,up_in_CKD,0.35132608998418186,0.9824665040667282,0.33437081875291386,0.8436241225337233,0.03170447934845841,0.038696537678207736,-0.0069920583297493274,14,18,True,0.0002520088239545842
immune cells,LIAS,0.048610587064732,0.039726373988471335,0.008884213076260666,up_in_CKD,0.383741003847106,1.1981103619118307,0.24421160153219942,0.8436241225337233,0.033595113438045374,0.027834351663272233,0.005760761774773141,14,18,True,0.00025177558621070415
immune cells,ATL3,0.10558564198374625,0.092096338061632,0.01348930392211424,up_in_CKD,0.3070363697962146,0.9482129222451798,0.3528727360312508,0.869443265424243,0.06908086096567773,0.06517311608961303,0.003907744876064698,14,18,True,0.00025164494346539975
immune cells,RAB35,0.06326417206811409,0.05226190065141679,0.011002271416697303,up_in_CKD,0.317920980170667,0.9770239356888005,0.33834646160383136,0.8477523343651643,0.040430482838859805,0.0373387644263408,0.0030917184125190053,14,18,True,0.0002509045071555074
immune cells,CYB561A3,0.09879318499896873,0.0826655216261658,0.016127663372802928,up_in_CKD,0.3155717235484536,0.9090663241873146,0.37058178351376314,0.8939673757524128,0.058755090168702735,0.06653088934147998,-0.007775799172777244,14,18,True,0.0002477451732410807
immune cells,TRIP6,0.04287612875926234,0.030174944503270115,0.012701184255992225,up_in_CKD,0.3253717516282028,0.940583292216649,0.3544357872259326,0.8713994272347707,0.030541012216404886,0.021045485403937542,0.009495526812467344,14,18,True,0.00024705850213607516
immune cells,CBR4,0.0661371699271103,0.056240247651562464,0.009896922275547837,up_in_CKD,0.33761938415090365,1.0052221025900503,0.32322423068387984,0.8436241225337233,0.04421175101803374,0.04752206381534284,-0.0033103127973090965,14,18,True,0.00024676523525028776
immune cells,HIF1AN,0.05123995867828413,0.041952557400293605,0.009287401277990527,up_in_CKD,0.35944600045929437,1.0540371893752318,0.30035324845914757,0.8436241225337233,0.034904013961605584,0.032586558044806514,0.00231745591679907,14,18,True,0.0002465382497659014
immune cells,TEX261,0.0511792132359493,0.04167864980934955,0.009500563426599752,up_in_CKD,0.35071756120805314,1.0287747671071563,0.31188346749168516,0.8436241225337233,0.033595113438045374,0.027155465037338764,0.0064396484007066095,14,18,True,0.0002460726332531641
immune cells,MPST,0.11191592422985013,0.09799833392485541,0.013917590304994717,up_in_CKD,0.3175543199129002,0.9279100229413773,0.36088952166612853,0.8797438342896619,0.07329842931937172,0.06856754921928038,0.004730880100091345,14,18,True,0.0002459226931316762
immune cells,RGS19,0.388614756732325,0.3546073798909242,0.03400737684140076,up_in_CKD,0.28524103441013904,0.8392735004505867,0.4080511433422952,0.9434767347466675,0.227021524141943,0.21792260692464357,0.009098917217299413,14,18,True,0.00024511496938778743
immune cells,PGPEP1,0.054838011054327875,0.045636763488454274,0.0092012475658736,up_in_CKD,0.36020254095853993,1.0939554552015296,0.2840443769417972,0.8436241225337233,0.034176847004072135,0.028513238289205704,0.0056636087148664305,14,18,True,0.00024476534615883524
immune cells,RPUSD3,0.07555605631566398,0.06577440478891967,0.009781651526744303,up_in_CKD,0.3387431909687028,1.0330276219507213,0.31139394245508106,0.8436241225337233,0.04886561954624782,0.04344874405974202,0.0054168754865057955,14,18,True,0.0002447029492846987
immune cells,TCEAL8,0.16066280281365694,0.13862926910584628,0.022033533707810665,up_in_CKD,0.2860428048573099,0.8822929838830571,0.3866551571888592,0.9149440477704467,0.10718440954043049,0.09640190088255261,0.010782508657877873,14,18,True,0.00024331224007003918
immune cells,SELENOT,0.3016178695037383,0.2461840272812655,0.0554338422224728,up_in_CKD,0.2802080837776942,0.8110051295469718,0.42375196444821545,0.964621698185268,0.19458987783595114,0.13374066530889342,0.06084921252705772,14,18,True,0.0002429824715969682
immune cells,USP32,0.05234686859406749,0.04110450387225738,0.01124236472181011,up_in_CKD,0.31550904056358453,0.9666083848210255,0.34320868694313844,0.8550815099006635,0.03723094822571262,0.02376103190767142,0.013469916318041203,14,18,True,0.00024117394628701618
immune cells,RILP,0.0395573810752331,0.031123325370332473,0.008434055704900627,up_in_CKD,0.38698048476729624,1.1964267143711786,0.24381730146319439,0.8436241225337233,0.03155904595695171,0.026476578411405296,0.005082467545546417,14,18,True,0.00024103603348517603
immune cells,TSN,0.11545632260944813,0.09830140885028608,0.017154913759162047,up_in_CKD,0.2977665765197024,0.9067207153986941,0.3730526409610197,0.8972019691111744,0.07286212914485166,0.07603530210454854,-0.0031731729596968794,14,18,True,0.00024064430086965735
immune cells,PLXNB2,0.1463633231880903,0.1256486768670727,0.020714646321017605,up_in_CKD,0.2925230800494057,0.8832369516326513,0.38496281363921186,0.9127289744931077,0.09874927283304247,0.07671418873048201,0.022035084102560457,14,18,True,0.0002403091179705868
immune cells,TCEA2,0.09509246713270954,0.0817482061259379,0.013344261006771635,up_in_CKD,0.3145701513654379,0.9323962431079817,0.3588250844284788,0.8770176079762702,0.06311809191390343,0.05770536320434488,0.005412728709558549,14,18,True,0.0002392343588519452
immune cells,LEPROT,0.19867264361974238,0.18140588431004248,0.017266759309699897,up_in_CKD,0.3138768345225063,0.8959029765893225,0.37755295188340426,0.9034955441004601,0.13510762070971494,0.12695179904955872,0.008155821660156215,14,18,True,0.00023886494479408575
immune cells,PDK2,0.05441401860507063,0.04464451558964052,0.009769503015430107,up_in_CKD,0.3291167732582322,0.9914585559756658,0.33022258736844456,0.8436241225337233,0.036212914485165795,0.032586558044806514,0.003626356440359281,14,18,True,0.00023745369403524672
immune cells,RPA1,0.06384497455256445,0.055014389062964415,0.008830585489600036,up_in_CKD,0.3618846767338927,1.0426048640508787,0.30548390635868206,0.8436241225337233,0.04203025014543339,0.04073319755600815,0.0012970525894252447,14,18,True,0.00023600224595486378
immune cells,TSEN15,0.08480966518440267,0.07283085826165808,0.011978806922744584,up_in_CKD,0.3171545984970896,0.947435520443639,0.35146114151800684,0.8673663312803789,0.056719022687609075,0.05091649694501019,0.005802525742598888,14,18,True,0.00023477673668925863
immune cells,PATZ1,0.04329477868560446,0.03369720578310859,0.009597572902495868,up_in_CKD,0.330882859344767,0.994760874202046,0.3285533696351706,0.8436241225337233,0.032722513089005235,0.025797691785471828,0.006924821303533408,14,18,True,0.00023452661336508397
immune cells,STAT2,0.17522875116735773,0.15855514117652636,0.016673609990831367,up_in_CKD,0.30420425337897644,0.9009966687251482,0.3749908300192557,0.8998614725491908,0.1128563118091914,0.10454854039375425,0.008307771415437148,14,18,True,0.00023242945231091372
immune cells,STX17,0.06453479640364404,0.055547393342216055,0.008987403061427986,up_in_CKD,0.3488315204214764,1.0203710665406298,0.31575285196405745,0.8436241225337233,0.04246655031995346,0.04412763068567549,-0.0016610803657220313,14,18,True,0.00023152952591290268
immune cells,RMND5A,0.07289754839725439,0.06350704341301355,0.009390504984240836,up_in_CKD,0.3333033086050847,0.9867368267274086,0.3318993149413952,0.8436241225337233,0.04653868528214078,0.04955872369314324,-0.003020038411002464,14,18,True,0.00023114527217485311
immune cells,SLFN11,0.07217032971672506,0.06014830903310697,0.012022020683618087,up_in_CKD,0.33369754482304453,0.9347117482369259,0.35795881054515255,0.8759395957905535,0.049738219895287955,0.04344874405974202,0.006289475835545934,14,18,True,0.0002307774988487122
immune cells,PRRC2B,0.17271351865657095,0.15295757908369312,0.01975593957287783,up_in_CKD,0.29214725565112226,0.8839741754185186,0.3846653150976935,0.9124695644136224,0.10791157649796393,0.109979633401222,-0.0020680569032580642,14,18,True,0.0002296052869394743
immune cells,ARHGEF2,0.10814419691831016,0.09341344908114821,0.014730747837161953,up_in_CKD,0.3241830286207905,0.9082605627044601,0.37151481726486435,0.8954608310050163,0.07198952879581152,0.062457569585879155,0.00953195920993237,14,18,True,0.00022899949866770996
immune cells,EIF1AD,0.05633019730914479,0.047042164456863406,0.009288032852281386,up_in_CKD,0.333211291180871,1.0250709007922199,0.31567504276752956,0.8436241225337233,0.039848749272833044,0.03801765105227427,0.0018310982205587759,14,18,True,0.00022855982499059502
immune cells,CSTF3,0.0776570088253152,0.0651710488144413,0.012485960010873903,up_in_CKD,0.3186644131709779,0.9270202636429129,0.361319482997814,0.8804446625194811,0.05221058755090169,0.04752206381534284,0.00468852373555885,14,18,True,0.00022002114464951308
immune cells,BLZF1,0.05336312694663035,0.04426014184367144,0.009102985102958906,up_in_CKD,0.3264541159151805,1.0007623078516092,0.3267914961605767,0.8436241225337233,0.03301337987201861,0.035302104548540394,-0.002288724676521782,14,18,True,0.00021946356165892408
immune cells,TIAL1,0.28652018793677286,0.2601744610879724,0.026345726848800488,up_in_CKD,0.2979161422552803,0.8467804730303966,0.40399473366867544,0.9378404009537649,0.1746655031995346,0.15682281059063136,0.017842692608903254,14,18,True,0.00021875487654549126
immune cells,MON1B,0.0825467134436831,0.0719470282369276,0.0105996852067555,up_in_CKD,0.3106190660288059,0.9641937531917342,0.34539037030938097,0.8589587478921425,0.05439208842350204,0.048200950441276307,0.006191137982225731,14,18,True,0.00021739382318048382
immune cells,YRDC,0.07953339483597095,0.06768499759189785,0.011848397244073106,up_in_CKD,0.3492767788429777,0.9259870636302024,0.36515868099539694,0.8861817125834662,0.04741128563118092,0.05363204344874406,-0.0062207578175631426,14,18,True,0.0002171701392710955
immune cells,TRMT1L,0.04718889806176376,0.03904682321456882,0.008142074847194938,up_in_CKD,0.35963733860447267,1.0806423746163973,0.28924871305498384,0.8436241225337233,0.033449680046538685,0.031907671418873046,0.0015420086276656392,14,18,True,0.0002162500955444167
immune cells,EMC9,0.06921526676537862,0.059274162673814676,0.009941104091563943,up_in_CKD,0.3247195261126645,0.9598181115854896,0.3450143357835158,0.8583487725056437,0.04726585223967423,0.041412084181941616,0.005853768057732613,14,18,True,0.00021413796853484227
immune cells,FUBP3,0.06385596319635495,0.0528485704288154,0.01100739276753955,up_in_CKD,0.31394863229512854,0.9483514767464719,0.3514450103246437,0.8673663312803789,0.03868528214077952,0.03598099117447386,0.0027042909663056586,14,18,True,0.00021355686798860105
immune cells,FMC1,0.1351190834055895,0.10819118134942997,0.02692790205615954,up_in_CKD,0.2917573078448102,0.8448467379677476,0.4048848542313222,0.9394224778928004,0.09627690517742873,0.05974202308214528,0.03653488209528345,14,18,True,0.0002132155835123841
immune cells,USPL1,0.05639609999950731,0.04566689459580263,0.01072920540370468,up_in_CKD,0.3291814850274196,0.9415978448947598,0.3540110841996498,0.8712817603957927,0.03723094822571262,0.027155465037338764,0.010075483188373858,14,18,True,0.0002113511142401194
immune cells,GPATCH11,0.06134116130856572,0.05011253292048956,0.011228628388076159,up_in_CKD,0.3218622751492547,0.9344183743152197,0.3575495623180538,0.8753425175461135,0.04057591623036649,0.03665987780040733,0.003916038429959162,14,18,True,0.00020897277845516044
immune cells,MOSMO,0.05074243033598342,0.038405995523836195,0.012336434812147225,up_in_CKD,0.3157442387657097,0.9222599118791571,0.3637773558979742,0.8841098745950635,0.03519488074461896,0.021045485403937542,0.01414939534068142,14,18,True,0.00020836665417685698
immune cells,ERVK3-1,0.05280814228760015,0.037905331842998456,0.014902810444601691,up_in_CKD,0.3208056603524582,0.8936531616201344,0.3793289552246737,0.9058747768230115,0.04697498545666085,0.025797691785471828,0.021177293671189024,14,18,True,0.00020525305407157545
immune cells,COX16,0.21274756280678164,0.1849489020948469,0.027798660711934736,up_in_CKD,0.3131530446522518,0.8382524349940148,0.4109368683287471,0.9473051347819791,0.15110529377545084,0.1425661914460285,0.008539102329422343,14,18,True,0.00020466102616145234
immune cells,YIF1B,0.10628071983049439,0.09227240813274672,0.014008311697747675,up_in_CKD,0.31101572942722844,0.9032733855513332,0.3735781018787431,0.8978659591433622,0.07693426410703898,0.07060420909708079,0.006330055009958188,14,18,True,0.0002038483558449343
immune cells,ESYT2,0.0871687801893739,0.07540155948392198,0.011767220705451928,up_in_CKD,0.31639499446412966,0.9252618126371537,0.362249038401081,0.881724717337015,0.0564281559045957,0.058384249830278345,-0.0019560939256826476,14,18,True,0.00020353008850572534
immune cells,SLC27A5,0.04891784210068003,0.04118660105214901,0.007731241048531019,up_in_CKD,0.3560237434927167,1.063984153840361,0.2963723574362756,0.8436241225337233,0.0318499127399651,0.02987101154107264,0.0019789011988924562,14,18,True,0.00020327530389879924
immune cells,GDI1,0.14670595538767645,0.12914851793677903,0.017557437450897412,up_in_CKD,0.287764476928989,0.8868813933333614,0.38417426479826666,0.9120801962192764,0.09278650378126818,0.07807196198234895,0.014714541798919234,14,18,True,0.00020192941089741472
immune cells,TARDBP,0.12515550761222696,0.11232130506745103,0.012834202544775936,up_in_CKD,0.3028751167235064,0.9195116732693366,0.36629380349900176,0.888063488229898,0.08173356602675974,0.07942973523421588,0.0023038307925438567,14,18,True,0.00020040639373200265
immune cells,PROSER1,0.04192538649711618,0.034188843089785446,0.00773654340733073,up_in_CKD,0.3503338950555275,1.0560138149269567,0.3003047040010663,0.8436241225337233,0.024141942990110528,0.031907671418873046,-0.007765728428762518,14,18,True,0.00020016381358049966
immune cells,BRI3BP,0.07011230501014125,0.05952084179044802,0.010591463219693231,up_in_CKD,0.32304490026655924,0.9359662936130257,0.35676468980899645,0.8743959853061639,0.0462478184991274,0.042090970807875085,0.0041568476912523175,14,18,True,0.00019944660762102518
immune cells,SVIP,0.20035349832998703,0.17926203905124616,0.02109145927874087,up_in_CKD,0.3046134808546675,0.8563342950243948,0.3990123659236787,0.9310420708730041,0.12012798138452589,0.12152070604209098,-0.0013927246575650837,14,18,True,0.00019936422978434286
immune cells,SNX8,0.04139897286082807,0.033723223180129276,0.0076757496806987915,up_in_CKD,0.34854611321441153,1.0398344698994637,0.30719914177348623,0.8436241225337233,0.03170447934845841,0.028513238289205704,0.0031912410592527043,14,18,True,0.0001975775017884132
immune cells,BTBD10,0.05450172711058481,0.04602910509542444,0.008472622015160372,up_in_CKD,0.3301318136255247,0.9687433943035565,0.3404936037564637,0.8509535235922812,0.035631180919139034,0.035302104548540394,0.00032907637059863964,14,18,True,0.00019605911568220473
immune cells,TMEM68,0.07218470399759858,0.06140391063581923,0.010780793361779346,up_in_CKD,0.31157333408949034,0.9376812498124921,0.35663973187396,0.8743648763481536,0.04522978475858057,0.04005431093007468,0.005175473828505889,14,18,True,0.00019585465984561752
immune cells,PPP2R1A,0.14995880068428544,0.1355360856684068,0.014422715015878634,up_in_CKD,0.2961399755340245,0.9021402523666651,0.3754568989676201,0.9003389907339683,0.09773123909249563,0.09368635437881874,0.004044884713676894,14,18,True,0.00019473822032864462
immune cells,ESF1,0.23470324987424532,0.21429504327461854,0.020408206599626777,up_in_CKD,0.29466485426659283,0.8563766443246108,0.39858069465202267,0.9306909419204661,0.13961605584642234,0.14731839782756279,-0.007702341981140448,14,18,True,0.00018759073704183765
immune cells,EIF4EBP1,0.16481531046886566,0.1453802016614526,0.01943510880741306,up_in_CKD,0.30950806206273385,0.8572277774868409,0.39899006010866944,0.9310420708730041,0.10616637579988365,0.10658520027155464,-0.0004188244716709921,14,18,True,0.00018665964408736484
immune cells,NSUN5,0.11487878367232396,0.09825949875551208,0.016619284916811874,up_in_CKD,0.299712520886644,0.8744208518694757,0.3888532755739093,0.9177442211368186,0.07038976148923792,0.06109979633401222,0.009289965155225705,14,18,True,0.00018568370888462078
immune cells,ST6GAL1,0.15575300836989903,0.13626381445742192,0.01948919391247711,up_in_CKD,0.2823356469856274,0.8662034727211798,0.3948887324604561,0.9255530282274279,0.09569517161140198,0.0943652410047522,0.001329930606649779,14,18,True,0.0001848766175071611
immune cells,TESK1,0.05386919585301111,0.04585639893255361,0.008012796920457498,up_in_CKD,0.32562974843941594,0.9703192039198462,0.34005178621598087,0.8505759679296383,0.03650378126817917,0.029192124915139173,0.00731165635304,14,18,True,0.00018339291311488069
immune cells,OCIAD2,0.32151622354626813,0.29013968488360364,0.03137653866266449,up_in_CKD,0.29982125549909394,0.8250418129098533,0.4169373729979256,0.9562712804331713,0.1864456079115765,0.19212491513917176,-0.0056793072275952705,14,18,True,0.00018268033032904632
immune cells,ZSWIM8,0.05846869983912961,0.04712983520525497,0.011338864633874644,up_in_CKD,0.3045123751141171,0.9225845778219535,0.3646160197061612,0.8853705170881571,0.04159394997091332,0.0373387644263408,0.004255185544572521,14,18,True,0.0001825679079550509
immune cells,ERF,0.043198969616342245,0.03508724961650393,0.008111719999838313,up_in_CKD,0.32362674930809926,0.9673369266909,0.34161451511716984,0.8526021531450769,0.031995346131471786,0.02987101154107264,0.002124334590399145,14,18,True,0.00018180237785174537
immune cells,PPM1A,0.11722004807260644,0.10113868741285477,0.016081360659751673,up_in_CKD,0.2909275614965809,0.8795004240919311,0.387001585435272,0.9153848167861225,0.07446189645142524,0.06856754921928038,0.005894347232144867,14,18,True,0.0001796374918318291
immune cells,NSF,0.0864604097026942,0.07208255139058868,0.014377858312105515,up_in_CKD,0.31443713714840366,0.8827201230943158,0.3848687836679972,0.9126516831214019,0.05235602094240838,0.042090970807875085,0.010265050134533292,14,18,True,0.00017945815276051533
immune cells,NEK7,0.09928167105122457,0.0859892856863097,0.013292385364914866,up_in_CKD,0.3060762131371592,0.8946113663567725,0.3781468123117403,0.9043363292930373,0.06573589296102385,0.058384249830278345,0.007351643130745503,14,18,True,0.0001776707418407609
immune cells,DR1,0.1911486072809115,0.17401970154163166,0.01712890573927983,up_in_CKD,0.28257722029978094,0.8772903769527105,0.3897868790407209,0.9190701688178768,0.11751018033740547,0.10862186014935506,0.008888320188050414,14,18,True,0.0001774011811243803
immune cells,RAB13,0.0955187421224294,0.07203738737307303,0.02348135474935638,up_in_CKD,0.30834869547208743,0.8391627741141207,0.4095905377797274,0.9453265990832996,0.06573589296102385,0.05363204344874406,0.012103849512279788,14,18,True,0.00017679807185889206
immune cells,PTPN6,0.4476107071350238,0.4111942853047459,0.036416421830277934,up_in_CKD,0.281420652946319,0.8164969359858102,0.42065264682643483,0.9612251275235227,0.2502908667830134,0.241683638832315,0.008607227950698376,14,18,True,0.00017601394191155023
immune cells,LPAR6,0.32045599330464786,0.27682434178978027,0.043631651514867587,up_in_CKD,0.2747295197394239,0.8073262652904046,0.4259106872371723,0.9672200075180272,0.1777196044211751,0.15071283095723015,0.02700677346394495,14,18,True,0.00017350716064223426
immune cells,RABL3,0.043125878057435715,0.03441004885942324,0.008715829198012476,up_in_CKD,0.31448723208468476,0.9521802204716632,0.3496477467148542,0.8646972368769077,0.030250145433391506,0.029192124915139173,0.0010580205182523332,14,18,True,0.00017305665414392085
immune cells,BHLHE41,0.09102384328191641,0.07728561915118652,0.013738224130729892,up_in_CKD,0.32347308915873924,0.8809548216317497,0.3869722775368403,0.9153848167861225,0.05555555555555555,0.055668703326544465,-0.00011314777098891254,14,18,True,0.00017063105547367115
immune cells,SUPT20H,0.13413848838700118,0.11944246221403744,0.014696026172963741,up_in_CKD,0.29337935837982987,0.8820261076803163,0.3854328218780145,0.9133339107385466,0.0824607329842932,0.0814663951120163,0.0009943378722769014,14,18,True,0.0001697459767821885
immune cells,CCDC186,0.12395230385393988,0.09905438456200129,0.02489791929193859,up_in_CKD,0.28743060661709274,0.8342680240733378,0.4107244933357949,0.9470595244631103,0.07780686445607912,0.04684317718940937,0.030963687266669752,14,18,True,0.00016905422946975822
immune cells,KDSR,0.10215206126886622,0.08995534354304217,0.01219671772582405,up_in_CKD,0.3010708921649301,0.9006327315372108,0.37545107366160646,0.9003389907339683,0.0679173938336242,0.06313645621181263,0.0047809376218115734,14,18,True,0.00016742444993902522
immune cells,SCARB2,0.13830211954443128,0.1212736882833074,0.017028431261123883,up_in_CKD,0.29250301080113955,0.8636949084990396,0.3947643219349135,0.9255530282274279,0.08944153577661432,0.0855397148676171,0.003901820908997211,14,18,True,0.00016735063967650494
immune cells,STK32C,0.04924486291842398,0.04114772332944244,0.00809713958898154,up_in_CKD,0.3132262330907856,0.9568306017602475,0.34783695268620873,0.8626962159774487,0.03257707969749855,0.03937542430414121,-0.0067983446066426645,14,18,True,0.00016267955475814927
immune cells,RBM42,0.15483014146103338,0.1409710431986435,0.013859098262389874,up_in_CKD,0.29810770989795227,0.8793771878536347,0.38632832697337677,0.914378513532074,0.10093077370564281,0.10726408689748812,-0.006333313191845311,14,18,True,0.00016060803754483344
immune cells,YTHDF3,0.09247888448001655,0.07919783022726688,0.013281054252749669,up_in_CKD,0.3048082828813543,0.8801902257564092,0.3857612888975064,0.9137774583530072,0.059482257126236185,0.05702647657841141,0.0024557805478247763,14,18,True,0.00015852476357139275
immune cells,GID8,0.11893142965091343,0.10359724708498258,0.015334182565930846,up_in_CKD,0.30157923474516074,0.8643350671180416,0.394324066198736,0.9253316291366264,0.08027923211169284,0.08010862186014936,0.00017061025154348208,14,18,True,0.00015585666441978265
immune cells,ZNF710,0.052145680500866765,0.03995772252644156,0.012187957974425206,up_in_CKD,0.28960608361305096,0.8990602294787905,0.37832884736251376,0.9044767027854295,0.034904013961605584,0.02308214528173795,0.011821868679867634,14,18,True,0.00015390444589113481
immune cells,PXMP2,0.046980439890260586,0.037740117585284755,0.009240322304975832,up_in_CKD,0.32293086722732695,0.9154012268932896,0.3675216502581158,0.8892465116848896,0.030395578824898198,0.026476578411405296,0.003919000413492902,14,18,True,0.00015211709445201965
immune cells,STRN4,0.057073026875786935,0.048934609813447466,0.008138417062339469,up_in_CKD,0.31059893203188754,0.9431008974349336,0.3543322268459485,0.8713780986502035,0.040430482838859805,0.035302104548540394,0.00512837829031941,14,18,True,0.00015114467738019035
immune cells,CAST,0.5262954548680653,0.4867604295684241,0.0395350252996412,up_in_CKD,0.3080105680211258,0.8066360990888056,0.4298210409722877,0.9719491855731947,0.29348458406050026,0.2953156822810591,-0.0018310982205588244,14,18,True,0.0001504669080210149
immune cells,PDE4DIP,0.06927761002634107,0.057299510612701256,0.011978099413639816,up_in_CKD,0.2931164627010912,0.8934977124056275,0.3800123634460968,0.906572633119814,0.04552065154159395,0.042090970807875085,0.003429680733718868,14,18,True,0.0001495585229756237
immune cells,ZMPSTE24,0.09322758626679488,0.08159231187340422,0.011635274393390654,up_in_CKD,0.29304321850143034,0.8975917154042411,0.3781481873163038,0.9043363292930373,0.06195462478184991,0.055668703326544465,0.006285921455305446,14,18,True,0.00014889897831366544
immune cells,TK2,0.08200236831254527,0.06943334246766072,0.012569025844884549,up_in_CKD,0.29389169476056803,0.8850747311195892,0.3838816014767958,0.9117556868280545,0.05555555555555555,0.05023761031907671,0.005317945236478841,14,18,True,0.0001482061760250245
immune cells,SNX18,0.11013483399118222,0.0950211405785928,0.015113693412589418,up_in_CKD,0.2933330392876516,0.8627001398248433,0.39524055346415493,0.925923662019893,0.07358929610238511,0.06720977596741344,0.006379520134971672,14,18,True,0.00014818376770105485
immune cells,MAP3K13,0.157475709972931,0.13784993824336733,0.019625771729563674,up_in_CKD,0.29341800635588333,0.8389106452601717,0.40824090845616895,0.9436801250267904,0.10398487492728331,0.10183299389002037,0.002151881037262937,14,18,True,0.0001449727207218008
immune cells,MCM3,0.052974719486306006,0.044634902470444576,0.00833981701586143,up_in_CKD,0.3048230684791064,0.9350858628390386,0.358977514100864,0.8771588944224077,0.03315881326352531,0.02987101154107264,0.003287801722452667,14,18,True,0.00014470463161840417
immune cells,DIAPH2,0.0645933642674701,0.0537024531463047,0.0108909111211654,up_in_CKD,0.30951339438403974,0.8907212095271373,0.3801939141896405,0.9065789679197302,0.0433391506689936,0.04073319755600815,0.0026059531129854555,14,18,True,0.00014358060022220883
immune cells,SCAF4,0.06177199082399907,0.05354863541798585,0.008223355406013218,up_in_CKD,0.3046110204174377,0.9338306448245111,0.35956911992707036,0.8777946518464527,0.03810354857475276,0.03665987780040733,0.0014436707743454291,14,18,True,0.00014179644557677767
immune cells,ESD,0.3151473276362564,0.2966100782500148,0.018537249386241628,up_in_CKD,0.3029017372628908,0.8396888503075275,0.40854798145863513,0.9439191944972392,0.19735311227457825,0.20773930753564154,-0.010386195261063297,14,18,True,0.00014074012347058856
immune cells,SRSF8,0.12556705565018417,0.09944580545753176,0.026121250192652407,up_in_CKD,0.28793508316689426,0.8210117227932623,0.4182351252986506,0.9581753162107457,0.08260616637579989,0.05634758995247793,0.026258576423321953,14,18,True,0.0001395564779570794
immune cells,IL16,0.2298454484951178,0.20245209749704532,0.02739335099807247,up_in_CKD,0.28028602786384105,0.8197949036078708,0.41883144359796964,0.9590116497936748,0.13859802210587552,0.12287847929395791,0.015719542811917606,14,18,True,0.00013955574628680904
immune cells,ULK3,0.08997805169022284,0.07758940174596286,0.012388649944259977,up_in_CKD,0.28991943792955205,0.8798529896148396,0.3869935661020766,0.9153848167861225,0.05570098894706225,0.05023761031907671,0.0054633786279855365,14,18,True,0.00013790837446748432
immune cells,PEX3,0.0585823521806527,0.04892477562808158,0.009657576552571122,up_in_CKD,0.30877889295515715,0.9000297461773319,0.3752855993094345,0.9001610726692433,0.03504944735311227,0.03665987780040733,-0.0016104304472950581,14,18,True,0.0001362196288508833
immune cells,PAM,0.04403938546735866,0.03572767573359813,0.008311709733760532,up_in_CKD,0.3160588383070834,0.9166660592512642,0.3666282484674192,0.8882597665799468,0.030395578824898198,0.024439918533604887,0.00595566029129331,14,18,True,0.0001351848933126337
immune cells,METAP1,0.058665454956475224,0.05024735661974275,0.008418098336732474,up_in_CKD,0.30952840258264747,0.9173565983069102,0.3665151801794515,0.8881434695522008,0.039848749272833044,0.0373387644263408,0.002509984846492244,14,18,True,0.00013423445279387645
immune cells,LLGL2,0.07857024076271733,0.0660703903078921,0.01249985045482524,up_in_CKD,0.30163287179086457,0.8696743797665585,0.39139873308085593,0.92169852804764,0.04639325189063409,0.041412084181941616,0.004981167708692474,14,18,True,0.00013351282292901588
immune cells,CYHR1,0.176033228221046,0.15686625330211326,0.01916697491893274,up_in_CKD,0.29528738167640506,0.8344301609623355,0.41091412611079015,0.9473051347819791,0.11169284467713787,0.10183299389002037,0.0098598507871175,14,18,True,0.0001330617097076175
immune cells,LYRM4,0.07527917557935,0.06133120199304409,0.013947973586305909,up_in_CKD,0.3064817029260901,0.8565513823030688,0.39905748738901436,0.9310420708730041,0.0462478184991274,0.048200950441276307,-0.0019531319421489043,14,18,True,0.00013264997100303805
immune cells,LILRA2,0.0719659887293539,0.057522305971296116,0.01444368275805779,up_in_CKD,0.302319568011024,0.8541797343543938,0.4000654472713409,0.932513627408934,0.04610238510762071,0.05023761031907671,-0.004135225211456005,14,18,True,0.00013250390050094455
immune cells,MRGBP,0.07064320163647779,0.05784949081106288,0.01279371082541491,up_in_CKD,0.2944447523560974,0.8673263399792498,0.3927648903754309,0.9229813128285048,0.04406631762652705,0.04548540393754243,-0.00141908631101538,14,18,True,0.00013111974260841057
immune cells,ZNF664,0.04752137236204358,0.03696345296231633,0.01055791939972725,up_in_CKD,0.2895939008950236,0.8948352206080501,0.3801789088654086,0.9065789679197302,0.032867946480511924,0.026476578411405296,0.006391368069106628,14,18,True,0.00013023264340285477
immune cells,ETHE1,0.15827411331666366,0.14297919974116918,0.015294913575494479,up_in_CKD,0.2800383056468638,0.8559518121421936,0.40020647152650923,0.9325537536230106,0.10543920884235021,0.1079429735234216,-0.0025037646810713854,14,18,True,0.00012989169869844484
immune cells,C21orf2,0.06868490284340303,0.05642597684040391,0.012258926002999125,up_in_CKD,0.3010641960066218,0.866797427343854,0.39295649789205206,0.9231390611909079,0.03664921465968586,0.04344874405974202,-0.00679952940005616,14,18,True,0.0001281894344470319
immune cells,ADAM17,0.1597043385244145,0.13900251263619284,0.02070182588822167,up_in_CKD,0.28060366097974715,0.8305683662084468,0.4129715715908136,0.9505121999047871,0.10907504363001745,0.09572301425661914,0.013352029373398314,14,18,True,0.0001280439264415423
immune cells,ETV5,0.04996358655565789,0.04074681088865624,0.009216775667001652,up_in_CKD,0.3164130344826202,0.8949615861115668,0.3782136548668011,0.9043642601219342,0.03650378126817917,0.03054989816700611,0.005953883101173063,14,18,True,0.0001273161162538748
immune cells,ATP11B,0.10848809723622167,0.09254447218316758,0.015943625053054092,up_in_CKD,0.2984615036184399,0.8430967413927214,0.40613732896076676,0.9405766134448336,0.06617219313554393,0.059063136456211814,0.007109056679332114,14,18,True,0.00012660536375142268
immune cells,HNRNPLL,0.06648751236792161,0.06073228865468023,0.0057552237132413794,up_in_CKD,0.3494019781219824,0.952859440352274,0.3499727662160675,0.8654211518033866,0.04406631762652705,0.04412763068567549,-6.131305914843649e-05,14,18,True,0.00012622836468224942
immune cells,CETN2,0.06100598876533021,0.050374489305150566,0.010631499460179647,up_in_CKD,0.30138447837554183,0.880875474619119,0.38541763352994984,0.9133339107385466,0.04101221640488656,0.04073319755600815,0.00027901884887841094,14,18,True,0.0001261494675761502
immune cells,POP5,0.1894996870996663,0.17052069913457027,0.018978987965096034,up_in_CKD,0.27693206758041705,0.8364262349836807,0.4103241650118764,0.946430706558869,0.12318208260616638,0.12287847929395791,0.0003036033122084669,14,18,True,0.00012567452849958447
immune cells,DHX40,0.056758750636252374,0.0458904023331799,0.010868348303072477,up_in_CKD,0.2861055170396683,0.8889174118617907,0.38370204393936674,0.9117202402449047,0.039703315881326355,0.03665987780040733,0.003043438080919024,14,18,True,0.00012481014204770128
immune cells,BCL6,0.05806334370871456,0.048823024189939515,0.009240319518775048,up_in_CKD,0.3111762735946811,0.8915458494115306,0.3797988548191327,0.9063852951408031,0.039703315881326355,0.03937542430414121,0.0003278915771851437,14,18,True,0.00012274127032675723
immune cells,DTWD1,0.09041493237062469,0.07818402377695326,0.01223090859367143,up_in_CKD,0.28679802169738045,0.8689424499999128,0.3927460884468238,0.9229813128285048,0.0578824898196626,0.05227427019687712,0.005608219622785474,14,18,True,0.00012209633027844273
immune cells,DDX39B,0.12638242874086175,0.09619538845987173,0.03018704028099002,up_in_CKD,0.30512946205748975,0.8080640543059499,0.4283368737564896,0.9700804537928667,0.11169284467713787,0.058384249830278345,0.05330859484685953,14,18,True,0.0001215131885790972
immune cells,FBXL6,0.06596205469400182,0.057275887917477036,0.008686166776524784,up_in_CKD,0.2980670244590887,0.9050048139521952,0.3737909456818043,0.8982028556724324,0.0433391506689936,0.04073319755600815,0.0026059531129854555,14,18,True,0.00012071638904843378
immune cells,PECAM1,0.1557577646970209,0.12044117130044188,0.03531659339657903,up_in_CKD,0.2814396268703461,0.7998823935110414,0.43023080943729214,0.9725041705641789,0.09729493891797557,0.05634758995247793,0.040947348965497635,14,18,True,0.00012035257464322602
immune cells,ITGB3BP,0.10001589121013867,0.08681489099948465,0.013201000210654013,up_in_CKD,0.2948569261427056,0.8550234237256754,0.39931525482530233,0.9314438030904165,0.0635543920884235,0.06720977596741344,-0.0036553838789899346,14,18,True,0.0001200548213120872
immune cells,SF3A1,0.10614490299220392,0.09473942963983907,0.011405473352364845,up_in_CKD,0.2879222550815576,0.8741759057946827,0.39004162781055646,0.9193347108672222,0.06559045956951716,0.07060420909708079,-0.00501374952756363,14,18,True,0.00011994847533868291
immune cells,GSTK1,0.7380577924510417,0.7031937557321907,0.03486403671885108,up_in_CKD,0.2844460744711268,0.7997920742155882,0.43049523491133496,0.9729073813988762,0.40954043048283884,0.428377460964019,-0.018837030481180184,14,18,True,0.00011829421563620846
immune cells,VRK2,0.06588130282961369,0.05697824204731377,0.008903060782299917,up_in_CKD,0.3096362547675556,0.8921045027989203,0.379456514437681,0.9060778675753078,0.03941244909831297,0.04684317718940937,-0.007430728091096399,14,18,True,0.00011808225032339775
immune cells,WASHC2A,0.046603848778694015,0.03529635001650758,0.011307498762186438,up_in_CKD,0.3000020169172445,0.8672097371322556,0.39271545967734445,0.9229813128285048,0.0318499127399651,0.019687712152070606,0.012162200587894492,14,18,True,0.00011807513819819574
immune cells,C17orf75,0.04825606242590489,0.03926326770007476,0.00899279472583013,up_in_CKD,0.30422886250187925,0.8931239342241596,0.3789733683774154,0.9055504897173967,0.0318499127399651,0.03054989816700611,0.001300014572958988,14,18,True,0.00011788123548305248
immune cells,DDX1,0.1048277100756584,0.09344012464803625,0.011387585427622152,up_in_CKD,0.29588966135811884,0.8678840315579686,0.39240909312428796,0.9226129714696975,0.06573589296102385,0.06720977596741344,-0.0014738830063895925,14,18,True,0.00011786551359703243
immune cells,NDUFA13,0.8586471032059094,0.7980810009533688,0.060566102252540666,up_in_CKD,0.2741668163956799,0.7839813021290769,0.4392759229051466,0.9839185358017057,0.5033449680046539,0.4412763068567549,0.062068661147898996,14,18,True,0.00011691496036631867
immune cells,NAA25,0.05850369037150237,0.04950466127117536,0.00899902910032701,up_in_CKD,0.304245948478786,0.8913997186638064,0.3798602221981597,0.9063852951408031,0.03853984874927283,0.035302104548540394,0.0032377442007324383,14,18,True,0.0001168739195451601
immune cells,MRM2,0.04668056351912093,0.034292047522256994,0.012388515996863934,up_in_CKD,0.2986775920562864,0.8574589469055675,0.3980346452309954,0.9299429554007504,0.03606748109365911,0.019687712152070606,0.0163797689415885,14,18,True,0.00011671708673851088
immune cells,PCNX4,0.07547560990786209,0.06012448516696524,0.015351124740896852,up_in_CKD,0.28956484916337205,0.8413755712769954,0.4067963186382487,0.9413384607530119,0.049592786503781267,0.03598099117447386,0.013611795329307404,14,18,True,0.00011670374084102382
immune cells,MSH6,0.047255805311365494,0.038477396444317004,0.00877840886704849,up_in_CKD,0.28939657487468,0.9069259655023426,0.37506845150930745,0.8998834281079126,0.0318499127399651,0.025797691785471828,0.00605222095449327,14,18,True,0.00011638713948384785
immune cells,RRP36,0.12426053543139984,0.10935090119682006,0.014909634234579777,up_in_CKD,0.2892787736395418,0.8425116292405455,0.40617711643203347,0.9406100098238697,0.07751599767306573,0.08621860149355058,-0.00870260382048485,14,18,True,0.00011468549430888188
immune cells,HTT,0.08904831085717978,0.07738530716456017,0.011663003692619606,up_in_CKD,0.2891435883856167,0.8642238031506104,0.39476900099109524,0.9255530282274279,0.05977312390924956,0.054989816700611,0.004783307208638565,14,18,True,0.00011330429556586808
immune cells,MLH1,0.053446032709024,0.04570911862050432,0.007736914088519675,up_in_CKD,0.30259359448819195,0.9052598062591544,0.3730402541965204,0.8972019691111744,0.036212914485165795,0.035302104548540394,0.0009108099366254008,14,18,True,0.0001102906252230034
immune cells,NDUFB11,0.8159363826860772,0.784077732691664,0.031858649994413124,up_in_CKD,0.2899762859327398,0.8007042327771717,0.4305141400753172,0.9729073813988762,0.4464805119255381,0.4813306177868296,-0.0348501058612915,14,18,True,0.00011019851592235617
immune cells,TRIM41,0.050632228986796035,0.04128480566927317,0.009347423317522863,up_in_CKD,0.2909787565981257,0.886144931252268,0.3838350171025486,0.9117556868280545,0.03461314717859221,0.03394433129667346,0.0006688158819187495,14,18,True,0.0001091265848741969
immune cells,NUP107,0.0678496075782525,0.05669492664925356,0.011154680928998933,up_in_CKD,0.2829689873297617,0.868953405740944,0.39347007179854676,0.9239943168011472,0.04537521815008726,0.04548540393754243,-0.00011018578745517621,14,18,True,0.00010836240899179283
immune cells,THOC3,0.07084945300357134,0.061488939839348826,0.009360513164222518,up_in_CKD,0.30410803800499725,0.8747065259466542,0.38871309948155885,0.9176470190855162,0.04566608493310064,0.04276985743380855,0.002896227499292088,14,18,True,0.00010624774366485332
immune cells,CCDC57,0.16004877586049085,0.14785104150438744,0.012197734356103412,up_in_CKD,0.2900231141978248,0.8527563551510937,0.40064099154097077,0.9332098728776429,0.10500290866783013,0.10183299389002037,0.003169914777809757,14,18,True,0.00010620188837816557
immune cells,ADAM9,0.056713661173156,0.04693124571628365,0.009782415456872355,up_in_CKD,0.2948133128373927,0.8730804787330618,0.38976844282466394,0.9190701688178768,0.038976148923792905,0.04005431093007468,-0.0010781620062817743,14,18,True,0.0001057019339015224
immune cells,ST3GAL5,0.09674823721374226,0.0811880209246267,0.015560216289115567,up_in_CKD,0.2873989553388252,0.834140046734499,0.41079543088270026,0.9471641945734688,0.05700988947062245,0.048879837067209775,0.008130052403412677,14,18,True,0.00010542594496114932
immune cells,SLC40A1,0.16168492404162219,0.13322038764013377,0.02846453640148841,up_in_CKD,0.2744071805384007,0.8040410859648411,0.42774559055775085,0.9697833382990769,0.08900523560209424,0.07196198234894773,0.017043253253146512,14,18,True,0.00010408208546975391
immune cells,MIB1,0.0700866673449957,0.056145015107890925,0.013941652237104779,up_in_CKD,0.2785016744759338,0.8451994867865468,0.4057049219627037,0.9403386989859391,0.04741128563118092,0.03665987780040733,0.010751407830773586,14,18,True,0.00010373097467183665
immune cells,SNX11,0.06732515060537221,0.05600257013496092,0.011322580470411292,up_in_CKD,0.2889704304387441,0.8579771198433068,0.39797400901963426,0.9298598774069338,0.038976148923792905,0.0373387644263408,0.001637384497452106,14,18,True,0.0001033344674965998
immune cells,CLPTM1L,0.15516692070991128,0.1331212649857525,0.022045655724158786,up_in_CKD,0.2771969905112183,0.8154191586509545,0.4213502699669392,0.962194399826155,0.09453170447934846,0.0943652410047522,0.00016646347459625677,14,18,True,0.00010228070003594314
immune cells,LINC00861,0.150185229271645,0.12947216463840283,0.020713064633242156,up_in_CKD,0.278323481524019,0.8181992874876163,0.4197780898471881,0.9600336048373538,0.08304246655031995,0.06381534283774609,0.01922712371257386,14,18,True,0.00010211750079000048
immune cells,LONP1,0.048404254195017274,0.04122558611898894,0.0071786680760283356,up_in_CKD,0.29324281131954516,0.9121322490654838,0.371719974259031,0.8956589518033424,0.032722513089005235,0.031228784792939578,0.0014937282960656578,14,18,True,0.00010074411934075178
immune cells,DSC2,0.04285199127916224,0.034697894247597706,0.008154097031564535,up_in_CKD,0.30604120529052065,0.8845456574037509,0.38344144444796785,0.9114108179570928,0.03257707969749855,0.02308214528173795,0.009494934415760596,14,18,True,0.00010053285040282838
immune cells,OXSR1,0.061713767442641294,0.054038356062532426,0.007675411380108868,up_in_CKD,0.30000575807536384,0.8951909868048666,0.3782241669194561,0.9043642601219342,0.04610238510762071,0.04752206381534284,-0.0014196787077221315,14,18,True,0.00010052665953328128
immune cells,NUP155,0.05095016804934248,0.04081491339277507,0.010135254656567408,up_in_CKD,0.28083881364350965,0.8736098764182403,0.3919001222006912,0.9220594245686313,0.03257707969749855,0.026476578411405296,0.006100501286093251,14,18,True,0.00010030927985737152
immune cells,TRMT61B,0.04904499679529234,0.042215489195154325,0.006829507600138014,up_in_CKD,0.30747351018777075,0.9052087908554114,0.3726813743482522,0.8967601453524996,0.0289412449098313,0.03054989816700611,-0.0016086532571748108,14,18,True,9.937469370443564e-05
immune cells,ARHGEF12,0.062310096959148985,0.05037917743247981,0.011930919526669172,up_in_CKD,0.31448139573772144,0.8455119580186244,0.40671900835057234,0.9412770459143192,0.03883071553228621,0.0373387644263408,0.0014919511059454105,14,18,True,9.861343243347367e-05
immune cells,ELL,0.051436838564467895,0.04359353686502087,0.007843301699447025,up_in_CKD,0.29374283424856673,0.8938291802541218,0.3797431845383356,0.9063852951408031,0.032867946480511924,0.03801765105227427,-0.005149704571762344,14,18,True,9.834750597606766e-05
immune cells,TMEM106B,0.14401489718949814,0.1250462847023063,0.018968612487191838,up_in_CKD,0.28848858880360745,0.8182808409917406,0.41985092316559786,0.960043921496076,0.09176847004072135,0.08418194161575017,0.007586528424971178,14,18,True,9.690713059369635e-05
immune cells,MPEG1,0.2623223922179877,0.23794253310035782,0.024379859117629882,up_in_CKD,0.2862100960520955,0.8058429132975118,0.4270229050198215,0.9685594151049046,0.15008726003490402,0.143245078071962,0.006842181962942034,14,18,True,9.68076034374135e-05
immune cells,FAM198B,0.0535630939795529,0.03930512296247468,0.014257971017078222,up_in_CKD,0.31645091875767734,0.8343333321231389,0.4139898582978176,0.9518246899027704,0.028795811518324606,0.031228784792939578,-0.002432973274614971,14,18,True,9.674985491750241e-05
immune cells,PNP,0.14740860668188577,0.13159265488623811,0.015815951795647654,up_in_CKD,0.28660848614308126,0.8277782006864393,0.4143398101983641,0.9521179447030736,0.09424083769633508,0.08757637474541752,0.006664462950917563,14,18,True,9.659452992917345e-05
immune cells,SPTLC1,0.09914989358128093,0.08340866625836257,0.015741227322918355,up_in_CKD,0.2739456025751247,0.8311646855379489,0.41343197449679475,0.951063403171498,0.06268179173938336,0.04684317718940937,0.01583861454997399,14,18,True,9.396599351502802e-05
immune cells,CAPN15,0.05367181558217528,0.0437744047365851,0.009897410845590177,up_in_CKD,0.28569753795698527,0.8636694955022969,0.39548474092850805,0.9263914030001632,0.03534031413612566,0.031228784792939578,0.004111529343186079,14,18,True,9.389401485028123e-05
immune cells,DDX60,0.07697854935150729,0.06646718501616669,0.010511364335340598,up_in_CKD,0.27643205649637786,0.8618627003476064,0.39837443837438463,0.9303850963609108,0.04872018615474113,0.03937542430414121,0.009344761850599917,14,18,True,9.105597458085519e-05
immune cells,ABCC5,0.05426400824002168,0.04393959674800002,0.010324411492021658,up_in_CKD,0.2829493319960076,0.8578026173316838,0.3987856824002091,0.9309350984260737,0.03519488074461896,0.031907671418873046,0.0032872093257459156,14,18,True,9.079528775250019e-05
immune cells,TMEM245,0.0874452468403842,0.07705752755956903,0.010387719280815166,up_in_CKD,0.2899321737282401,0.8522373684473988,0.40092048577919903,0.9335573516774514,0.058027923211169286,0.05634758995247793,0.0016803332586913522,14,18,True,8.99273564186759e-05
immune cells,FARSA,0.08807002493061959,0.0777026404875946,0.010367384443024999,up_in_CKD,0.29318278753828153,0.8508176087308844,0.4016110539971121,0.934471503652919,0.05831878999418266,0.05770536320434488,0.0006134267898377857,14,18,True,8.946559194129954e-05
immune cells,SPOPL,0.07548762869773128,0.0652560726102712,0.01023155608746007,up_in_CKD,0.2895286762431732,0.8524810514943149,0.4008102763928827,0.9334869071445318,0.052065154159395,0.05023761031907671,0.001827543840318288,14,18,True,8.85492508161332e-05
immune cells,HACD4,0.16692861138330947,0.13411323630601932,0.032815375077290154,up_in_CKD,0.27137729965604257,0.7925300176014738,0.43429575673009657,0.9775213463367719,0.10834787667248401,0.07399864222674814,0.03434923444573587,14,18,True,8.792917903000284e-05
immune cells,POR,0.08772503111431783,0.07717401362745668,0.010551017486861144,up_in_CKD,0.28155620555733185,0.8520726927273197,0.4018213168173447,0.9346619927959395,0.053228621291448515,0.05363204344874406,-0.00040342215729554515,14,18,True,8.717656127443866e-05
immune cells,ITFG2,0.0676225478002073,0.05761645992279073,0.010006087877416567,up_in_CKD,0.2803094285661066,0.857955174200525,0.3991982513402336,0.9312532972441563,0.04275741710296684,0.03665987780040733,0.006097539302559511,14,18,True,8.675859277746867e-05
immune cells,AHCYL1,0.13624650011102035,0.1218791102388013,0.014367389872219055,up_in_CKD,0.2790769980495717,0.8275651789330066,0.41468011503323493,0.9522721660638107,0.08580570098894706,0.08757637474541752,-0.001770673756470456,14,18,True,8.515970205480882e-05
immune cells,IGFLR1,0.095295174437807,0.07135033500078879,0.02394483943701821,up_in_CKD,0.2943460866685403,0.8018967167107213,0.4303702752662508,0.9727008293839193,0.09075043630017451,0.04276985743380855,0.04798057886636596,14,18,True,8.472282984829253e-05
immune cells,RABGGTB,0.2224972019564455,0.20575515996709137,0.01674204198935414,up_in_CKD,0.27270909136198074,0.8207132906611928,0.4189265365599767,0.959053897366422,0.13932518906340896,0.143245078071962,-0.003919889008553029,14,18,True,8.28994766565636e-05
immune cells,RBM47,0.12005329853365033,0.10415990845302625,0.015893390080624084,up_in_CKD,0.28311963170315685,0.81867131339924,0.41943328767967436,0.9596283262018299,0.08027923211169284,0.07739307535641547,0.0028861567552773693,14,18,True,8.053141594485513e-05
immune cells,UBL4A,0.06550445353400167,0.05644057934952048,0.009063874184481187,up_in_CKD,0.28593886745642083,0.8564637066260185,0.3990393903668556,0.9310420708730041,0.04246655031995346,0.04073319755600815,0.0017333527639453103,14,18,True,8.042268199603541e-05
immune cells,ZMYM4,0.07977376124357685,0.06843931953353903,0.01133444171003782,up_in_CKD,0.2865107008522309,0.8368358093360292,0.409325047277645,0.9450079542404008,0.052646887725421754,0.04955872369314324,0.0030881640322785106,14,18,True,7.977182814546223e-05
immune cells,TRIB2,0.05967159201325005,0.04947582118962013,0.010195770823629921,up_in_CKD,0.288225650250024,0.8444535786763854,0.40514852525686684,0.9397539920258116,0.04232111692844677,0.031228784792939578,0.011092332135507192,14,18,True,7.930276392053541e-05
immune cells,PIGT,0.12312430446420687,0.11092121261677851,0.012203091847428363,up_in_CKD,0.2945010401629165,0.8306240486498376,0.41306778827577506,0.9505121999047871,0.0810063990692263,0.08418194161575017,-0.0031755425465238712,14,18,True,7.921614642735406e-05
immune cells,MFN1,0.08032489710987782,0.06889174436082114,0.01143315274905668,up_in_CKD,0.2796304276363364,0.8373832248084585,0.4094877446304825,0.9452089866187547,0.04842931937172775,0.04480651731160896,0.0036228020601187932,14,18,True,7.823889346692755e-05
immune cells,NUDT16L1,0.16479175464815907,0.1497196562357878,0.015072098412371254,up_in_CKD,0.27882327024120196,0.8189270806191431,0.4193584927941839,0.9596283262018299,0.10500290866783013,0.10183299389002037,0.003169914777809757,14,18,True,7.521103160814761e-05
immune cells,MTFMT,0.042559897678303926,0.033874337139351625,0.008685560538952301,up_in_CKD,0.2853098963348961,0.8543399109062422,0.40018567108135455,0.9325537536230106,0.034176847004072135,0.027834351663272233,0.006342495340799902,14,18,True,7.515045519076122e-05
immune cells,HAUS4,0.04400756299624746,0.035825049676731086,0.008182513319516374,up_in_CKD,0.2942129133445903,0.8562641238249028,0.39864569569559555,0.9307255003395468,0.037667248400232695,0.032586558044806514,0.00508069035542618,14,18,True,7.505888254182429e-05
immune cells,ALKBH6,0.05077412807397509,0.041429297536275764,0.009344830537699328,up_in_CKD,0.2744955334382416,0.8518718130390782,0.4034132834260089,0.9369011993884762,0.0318499127399651,0.03394433129667346,-0.0020944185567083606,14,18,True,7.260864982811838e-05
immune cells,BTF3L4,0.3165876489008198,0.2980874669637986,0.018500181937021187,up_in_CKD,0.26671275907080627,0.8089378481046535,0.42586013473936185,0.9671809152929913,0.19895287958115182,0.21045485403937542,-0.011501974458223596,14,18,True,7.150831729546375e-05
immune cells,PI4KB,0.0734231142112046,0.06365943341168696,0.00976368079951763,up_in_CKD,0.27735368346964917,0.8439577436448071,0.4065137824345469,0.9410760553874278,0.048283885980221056,0.042090970807875085,0.006192915172345971,14,18,True,7.142405995198035e-05
immune cells,EIF2AK2,0.14206033633878914,0.12637019438541044,0.0156901419533787,up_in_CKD,0.2744648651616763,0.8139687756054501,0.42230325596375395,0.962746548412147,0.09525887143688191,0.0835030549898167,0.01175581644706522,14,18,True,7.10039307165251e-05
immune cells,EEF1AKMT2,0.05325976839063867,0.041556741383018646,0.011703027007620027,up_in_CKD,0.2864429493276173,0.8254795306331298,0.4156323683342366,0.9539966271535749,0.037085514834205933,0.027834351663272233,0.009251163170933701,14,18,True,6.856409933049927e-05
immune cells,NFYC,0.08665539712167061,0.0778506151329241,0.008804781988746513,up_in_CKD,0.2917917115796054,0.8419398238657397,0.40649448366964847,0.9410760553874278,0.06108202443280977,0.058384249830278345,0.0026977746025314275,14,18,True,6.776236903299781e-05
immune cells,ZRANB1,0.05942307997849655,0.05043063835745102,0.008992441621045531,up_in_CKD,0.27407400110705515,0.8468831075824723,0.40581912067625464,0.9403949154647175,0.036358347876672484,0.03665987780040733,-0.00030152992373484733,14,18,True,6.577935485969876e-05
immune cells,NAGPA,0.06063426905578534,0.05330100510127142,0.007333263954513919,up_in_CKD,0.29142433781153754,0.8546531936240085,0.39957587563707303,0.9316997415578099,0.03883071553228621,0.042090970807875085,-0.0032602552755888747,14,18,True,6.566005545335816e-05
immune cells,DCAF7,0.1490209138844248,0.13234639172485724,0.01667452215956755,up_in_CKD,0.2715650433566863,0.8075775821524276,0.42597492892558947,0.9672451375736676,0.10151250727166958,0.08893414799728445,0.012578359274385123,14,18,True,6.54936216123756e-05
immune cells,POLR2B,0.2213407488561534,0.19765283262567776,0.023687916230475642,up_in_CKD,0.266887187905804,0.793555915534848,0.43396132893943945,0.97699814362289,0.1303083187899942,0.131704005431093,-0.00139568664109882,14,18,True,6.389179869449135e-05
immune cells,CLECL1,0.09940950634976763,0.07846515003796323,0.0209443563118044,up_in_CKD,0.2702414141647742,0.7965616918270608,0.4320801788415641,0.9747236741160307,0.05366492146596859,0.062457569585879155,-0.008792648119910568,14,18,True,6.29309897829633e-05
immune cells,ZNF503,0.0472747657261886,0.032112791481264745,0.015161974244923854,up_in_CKD,0.3122556786530715,0.810659554621795,0.42813293585500856,0.9700124640515171,0.030977312390924956,0.019687712152070606,0.01128960023885435,14,18,True,6.260164726430564e-05
immune cells,ITGB7,0.1260724220662371,0.10530442112016518,0.02076800094607191,up_in_CKD,0.28355259933254745,0.7952758758235017,0.4331355851341874,0.9759763913937572,0.07591623036649214,0.06109979633401222,0.014816434032479925,14,18,True,6.218999565894343e-05
immune cells,ATP5F1D,0.7838375218570564,0.650520886255084,0.13331663560197238,up_in_CKD,0.26574628153964786,0.7686840414004328,0.44809287312397234,0.996000703479013,0.42670157068062825,0.2817379497623897,0.14496362091823856,14,18,True,6.165798745431894e-05
immune cells,UBLCP1,0.1772755831926048,0.1573694132006077,0.019906169991997097,up_in_CKD,0.27321671216278753,0.7970747355447603,0.4316866034913274,0.9744736768528581,0.11343804537521815,0.11269517990495587,0.0007428654702622828,14,18,True,6.107597213030032e-05
immune cells,BCAS4,0.06613836471492122,0.053060059218280685,0.01307830549664054,up_in_CKD,0.2842392657663308,0.8134827569386796,0.4224231783289157,0.9628973659824304,0.036358347876672484,0.03326544467073999,0.0030929032059324943,14,18,True,6.103918664060629e-05
immune cells,SLC11A2,0.06637388684748816,0.057554221808072174,0.008819665039415982,up_in_CKD,0.27596003297996163,0.838908253807088,0.40924246692749566,0.944934969404791,0.04522978475858057,0.04955872369314324,-0.004328938934562675,14,18,True,5.986865012086138e-05
immune cells,D2HGDH,0.05533213787659801,0.04732686482497492,0.008005273051623095,up_in_CKD,0.28024363139313435,0.8419786954023235,0.4070633817084204,0.9417801331345996,0.035485747527632346,0.03665987780040733,-0.0011741302727749856,14,18,True,5.8442334064136394e-05
immune cells,ZNF91,0.1279426780714948,0.1129337255249346,0.015008952546560192,up_in_CKD,0.2804989701793635,0.803294281201097,0.4281880451802769,0.9700124640515171,0.08042466550319953,0.08010862186014936,0.00031604364305017063,14,18,True,5.5667448631285944e-05
immune cells,DOCK10,0.20431765418857922,0.18382204777831934,0.02049560641025988,up_in_CKD,0.26894118873137196,0.792490702394246,0.4344078654234136,0.9775304023215994,0.133216986620128,0.13509843856076034,-0.001881451940632356,14,18,True,5.4403046197386907e-05
immune cells,SMAD3,0.060361852426578363,0.05248725209851943,0.007874600328058937,up_in_CKD,0.27490123073924105,0.8410212943007037,0.4084104731094957,0.9437779099401782,0.038976148923792905,0.0373387644263408,0.001637384497452106,14,18,True,5.440026445624284e-05
immune cells,SYK,0.14151250423076756,0.12417537375361125,0.017337130477156307,up_in_CKD,0.27893856798644756,0.7971640896120602,0.4317065558161246,0.9744736768528581,0.0868237347294939,0.08689748811948404,-7.375338999014713e-05,14,18,True,5.4307674157462474e-05
immune cells,SPAG9,0.1381411403761666,0.1259201707434463,0.012220969632720291,up_in_CKD,0.2691206559144717,0.8155942541183392,0.4220747736854179,0.96269499958512,0.08653286794648052,0.08893414799728445,-0.002401280050803936,14,18,True,5.430421556684034e-05
immune cells,KIFAP3,0.04751787338052725,0.04062697176367944,0.006890901616847814,up_in_CKD,0.2812046021545258,0.842166249209447,0.40685337404521504,0.9413529957317218,0.031268179173938336,0.03054989816700611,0.0007182810069322268,14,18,True,5.086116087172615e-05
immune cells,OSGIN2,0.04467677925940234,0.03737650912379321,0.007300270135609133,up_in_CKD,0.27286348351856704,0.8431555679010532,0.40785849174762867,0.9431489163705687,0.030831878999418267,0.027834351663272233,0.0029975273361460344,14,18,True,5.063552086355324e-05
immune cells,CYP20A1,0.11902261777138765,0.1067592462599114,0.012263371511476245,up_in_CKD,0.27213135899101637,0.8095222421692418,0.4248815474876197,0.9659348364866214,0.07271669575334497,0.0814663951120163,-0.008749699358671328,14,18,True,5.0232826219510854e-05
immune cells,FAM118A,0.07423069192389645,0.05604711658751159,0.018183575336384858,up_in_CKD,0.29387668120651483,0.7936196169579885,0.4354828424667187,0.9792421951889587,0.04304828388598022,0.03937542430414121,0.003672859581839008,14,18,True,4.868073430510772e-05
immune cells,MLLT3,0.04784432852580738,0.039538619328288914,0.008305709197518468,up_in_CKD,0.27127449531928055,0.8306711336084887,0.41417291892500946,0.9519599490863301,0.030977312390924956,0.02172437202987101,0.009252940361053945,14,18,True,4.8174837421557266e-05
immune cells,HERC4,0.1471598110449108,0.1298502574067364,0.017309553638174408,up_in_CKD,0.2606772506859754,0.796871474998073,0.433083356496869,0.9759180102645946,0.08609656777196044,0.08621860149355058,-0.00012203372159014236,14,18,True,4.7769232084452184e-05
immune cells,CAT,0.1921110749310547,0.17338888313422382,0.018722191796830878,up_in_CKD,0.26615206108671047,0.7913642762480552,0.43521816416556214,0.9788844793921536,0.12376381617219313,0.11676849966055669,0.006995316511636443,14,18,True,4.6184757252103576e-05
immune cells,CRYZL1,0.07309576591472791,0.06468173644829724,0.008414029466430675,up_in_CKD,0.2843592214925256,0.8225379332567834,0.4172636943922368,0.9569013413361458,0.04319371727748691,0.04752206381534284,-0.00432834653785593,14,18,True,4.577735637516381e-05
immune cells,FAM13A,0.05409202626462816,0.04454474779318912,0.00954727847143904,up_in_CKD,0.27618256690360166,0.8154897981520743,0.4213654173441534,0.962194399826155,0.033449680046538685,0.03598099117447386,-0.0025313111279351777,14,18,True,4.4132447347179946e-05
immune cells,LRRC8C,0.07740553346266721,0.06405008559903079,0.013355447863636419,up_in_CKD,0.26600420672277064,0.801394945022661,0.4298691757346305,0.9719676699972263,0.05410122164048865,0.03801765105227427,0.016083570588214385,14,18,True,4.386821174406754e-05
immune cells,CRYBG3,0.06745704625194282,0.053952091575613925,0.013504954676328895,up_in_CKD,0.27205967267480824,0.7991624360550269,0.43055014555409143,0.9729155190595449,0.04668411867364747,0.031228784792939578,0.01545533388070789,14,18,True,4.38138000605196e-05
immune cells,AFF1,0.10718828586071434,0.09525815001192171,0.011930135848792628,up_in_CKD,0.27352815963140503,0.8037914158364706,0.42791764835466933,0.9700124640515171,0.06951716114019779,0.07128309572301425,-0.0017659345828164585,14,18,True,4.314863822174147e-05
immune cells,ASXL1,0.104705222607224,0.09540759117445702,0.009297631432766976,up_in_CKD,0.27540798163318864,0.8143882324250648,0.4220108759774265,0.96269499958512,0.06704479348458406,0.07196198234894773,-0.004917188864363667,14,18,True,4.2279485706612475e-05
immune cells,ASH2L,0.05092452442551697,0.04233604284079159,0.008588481584725374,up_in_CKD,0.2708610399262969,0.8211722120533473,0.4189634777321852,0.9590792538776038,0.031122745782431648,0.04073319755600815,-0.0096104517735765,14,18,True,4.221161301446777e-05
immune cells,OFD1,0.16654155362372178,0.1515047825559509,0.015036771067770877,up_in_CKD,0.2826484926563778,0.7931709594154321,0.4343271013957215,0.9775304023215994,0.10471204188481675,0.10183299389002037,0.00287904799479638,14,18,True,4.19475293655933e-05
immune cells,RTN3,0.22539652600450938,0.20294816890781164,0.022448357096697735,up_in_CKD,0.25365552351385506,0.7890092297330936,0.43864237760097735,0.9833056865633419,0.14267015706806283,0.14188730482009504,0.0007828522479677857,14,18,True,4.163248712414058e-05
immune cells,DIAPH1,0.21749169034458343,0.19673813009137542,0.020753560253208014,up_in_CKD,0.26435024790573436,0.7861771551703913,0.43820685475259397,0.9826847815731047,0.13467132053519487,0.12152070604209098,0.013150614493103896,14,18,True,4.161711609536798e-05
immune cells,CASC4,0.1228083775960112,0.10481308161843148,0.01799529597757972,up_in_CKD,0.2599237479309611,0.7900355869324106,0.4367163544080002,0.9809451430487429,0.0766433973240256,0.07535641547861507,0.0012869818454105258,14,18,True,3.908102093612282e-05
immune cells,ERCC6L2,0.06140261271753102,0.05240594550288574,0.00899666721464528,up_in_CKD,0.28536777222255555,0.809236673645376,0.4249543540625208,0.9659348364866214,0.03868528214077952,0.03937542430414121,-0.00069014216336169,14,18,True,3.864432437024018e-05
immune cells,MYADM,0.15169697061262055,0.1383226416087468,0.013374329003873753,up_in_CKD,0.2756936405477667,0.793268621763583,0.4338756484708024,0.9769007089288904,0.10354857475276323,0.09640190088255261,0.007146673870210618,14,18,True,3.74236909382897e-05
immune cells,RFLNB,0.08504672065296781,0.06674935686049235,0.018297363792475457,up_in_CKD,0.27991235464337133,0.7854640679950277,0.4387577753375267,0.9834454639131651,0.04988365328679465,0.035302104548540394,0.014581548738254256,14,18,True,3.713058001886712e-05
immune cells,SAMD8,0.05887185782111792,0.04964120848488594,0.00923064933623198,up_in_CKD,0.27519531016331217,0.8063985060964858,0.4264071634001671,0.9676981626754967,0.03941244909831297,0.03598099117447386,0.0034314579238391082,14,18,True,3.622391203627294e-05
immune cells,AAMDC,0.0758710676613418,0.06677152641764862,0.00909954124369318,up_in_CKD,0.2721939937942391,0.8003422560094116,0.42988861348313134,0.9719676699972263,0.05366492146596859,0.05634758995247793,-0.002682668486509346,14,18,True,3.058447328149531e-05
immune cells,MED31,0.1694261477573277,0.15415348757533792,0.015272660181989778,up_in_CKD,0.26630006328727585,0.7852291746592307,0.43859580354056604,0.9833056865633419,0.10485747527632344,0.10590631364562118,-0.0010488383692977415,14,18,True,2.9736471121357056e-05
immune cells,GBA2,0.049185787280654106,0.042383126896140065,0.006802660384514041,up_in_CKD,0.2634093027604113,0.8179460142362166,0.4221531996008312,0.962746548412147,0.030686445607911575,0.031907671418873046,-0.001221225810961471,14,18,True,2.9544637107285088e-05
immune cells,MGRN1,0.052799800729731436,0.045075817508883564,0.0077239832208478715,up_in_CKD,0.26937086622004464,0.806837660842956,0.4265862126853731,0.9679834016506722,0.03257707969749855,0.034623217922606926,-0.0020461382251083793,14,18,True,2.9403452509962125e-05
immune cells,GIT2,0.1268878989379774,0.1133859873799022,0.013501911558075189,up_in_CKD,0.25886602252834684,0.7896771909870738,0.43709168206921883,0.9814314866856386,0.08086096567771961,0.07942973523421588,0.0014312304435037254,14,18,True,2.8450860345691093e-05
immune cells,TNFAIP2,0.17379515086703615,0.1489370711661115,0.024858079700924657,up_in_CKD,0.2641814425503769,0.7763208070119216,0.44371122008002195,0.9901192778821215,0.10442117510180338,0.08825526137135098,0.016165913730452397,14,18,True,2.8320266625560565e-05
immune cells,MRPS27,0.05942169259097195,0.051535751349105284,0.007885941241866666,up_in_CKD,0.262319722800914,0.8056100652817778,0.42837371495157495,0.9700804537928667,0.038394415357766144,0.038696537678207736,-0.0003021223204415918,14,18,True,2.728998023184145e-05
immune cells,ARL3,0.09307643168962969,0.08006395181840334,0.013012479871226348,up_in_CKD,0.261138169736473,0.7885813503876277,0.43728234408144384,0.9816812567984463,0.0635543920884235,0.06109979633401222,0.0024545957544112873,14,18,True,2.728468708297037e-05
immune cells,LINC01184,0.043706877873158245,0.0336508262325478,0.010056051640610443,up_in_CKD,0.2722423446468591,0.7918949045844633,0.43464319487445224,0.9778299778805482,0.0318499127399651,0.02308214528173795,0.008767767458227146,14,18,True,2.6655868659728066e-05
immune cells,RCBTB2,0.10448693172652387,0.09297972062415327,0.011507211102370601,up_in_CKD,0.2608873478831661,0.79018591970083,0.4364792019134426,0.9805906577976644,0.06733566026759744,0.062457569585879155,0.004878090681718281,14,18,True,2.5554500663262225e-05
immune cells,SFXN3,0.05383807648469724,0.045453500081582984,0.008384576403114255,up_in_CKD,0.2758971334973753,0.7943111218071851,0.43327447753481213,0.9760572620154975,0.032722513089005235,0.035302104548540394,-0.002579591459535159,14,18,True,2.4346591176266147e-05
immune cells,DHRS4L2,0.14592167983903184,0.13125216521026886,0.01466951462876298,up_in_CKD,0.27619060074616614,0.7800542426951025,0.4417401551946528,0.9870871974579803,0.09336823734729494,0.09640190088255261,-0.0030336635352576774,14,18,True,2.2869077395843302e-05
immune cells,NUMA1,0.15274191743624038,0.13100029682426645,0.021741620611973933,up_in_CKD,0.24713516718075548,0.7822824578963269,0.4439283825526607,0.9903058852756984,0.0968586387434555,0.07603530210454854,0.020823336638906967,14,18,True,2.2731732244918047e-05
immune cells,MZF1,0.0458315688975021,0.03614099769764337,0.009690571199858729,up_in_CKD,0.25260029347614926,0.7959846584974654,0.4357042742057625,0.9795619042957421,0.0318499127399651,0.025118805159538356,0.0067311075804267415,14,18,True,2.1952516271078896e-05
immune cells,AKT3,0.054713263468127195,0.048007166965491954,0.006706096502635241,up_in_CKD,0.2841110260193472,0.7981506486119684,0.4314524360414637,0.9741273085982532,0.03592204770215241,0.03326544467073999,0.0026566030314124217,14,18,True,2.1690197861104756e-05
immune cells,ATF5,0.07646317061092509,0.06393318680053903,0.012529983810386058,up_in_CKD,0.25964572910250294,0.7827841260692149,0.440561035175102,0.9855808859301829,0.051919720767888304,0.05023761031907671,0.0016821104488115926,14,18,True,2.0521288624657315e-05
immune cells,TOM1,0.053253080403030555,0.04632671237740582,0.006926368025624734,up_in_CKD,0.2715323890941719,0.7935120595952313,0.43373662586970807,0.9766778458279454,0.038976148923792905,0.0373387644263408,0.001637384497452106,14,18,True,1.9275002019235284e-05
immune cells,GBP4,0.14582770235058923,0.12480692000994736,0.021020782340641864,up_in_CKD,0.27970364976220013,0.7742411246418112,0.44564619699717245,0.9928059004976824,0.07737056428155904,0.07875084860828242,-0.00138028432672338,14,18,True,1.843633717557514e-05
immune cells,C8orf82,0.0717649775625112,0.061945594344332194,0.009819383218179004,up_in_CKD,0.2588751116688471,0.7862819433853909,0.4388408413955403,0.9835127469898238,0.046829552065154156,0.04684317718940937,-1.3625124255213505e-05,14,18,True,1.8353213841551246e-05
immune cells,HSDL2,0.06532065160331055,0.05655992570125866,0.008760725902051889,up_in_CKD,0.2603526906265635,0.7885864134089172,0.43739854556163177,0.9818232380546829,0.047556719022687606,0.04005431093007468,0.007502408092612926,14,18,True,1.817105952746951e-05
immune cells,MYSM1,0.12027244144658586,0.1086009015703055,0.011671539876280362,up_in_CKD,0.2650740541836699,0.779018980535462,0.44214571219595994,0.9878148465521597,0.07489819662594532,0.06449422946367957,0.010403967162265756,14,18,True,1.6472905160099805e-05
immune cells,M6PR,0.37486661655520337,0.34592601789946004,0.028940598655743333,up_in_CKD,0.26170156843481346,0.769992086005695,0.44741338570234207,0.995265963275712,0.22498545666084932,0.21928038017651053,0.005705076484338795,14,18,True,1.5608450321976032e-05
immune cells,GPN1,0.051745555730835106,0.0458429597045439,0.005902596026291208,up_in_CKD,0.2654740341075662,0.7929780183021072,0.4344058424381282,0.9775304023215994,0.03519488074461896,0.031228784792939578,0.003966095951679384,14,18,True,1.5465723296151287e-05
immune cells,PARP9,0.08795354912363078,0.077870466811163,0.010083082312467781,up_in_CKD,0.25950944908892665,0.7814835872141236,0.4412723063893385,0.9866016104325603,0.061663757998836534,0.05295315682281059,0.008710601176025942,14,18,True,1.5328836714656155e-05
immune cells,TRIO,0.05163339846972358,0.04544598769007106,0.0061874107796525205,up_in_CKD,0.2683639745223324,0.7904841114322367,0.43555476422763756,0.9793445308083683,0.036794648051192556,0.03801765105227427,-0.0012230030010817114,14,18,True,1.5051400309969828e-05
immune cells,GPALPP1,0.06113009067325579,0.05100964563094696,0.010120445042308829,up_in_CKD,0.2540992237100269,0.7830723880497346,0.4414401942775834,0.9866841308222669,0.036794648051192556,0.029192124915139173,0.007602523136053384,14,18,True,1.4971470422595754e-05
immune cells,UGGT1,0.06825000405523399,0.058579730323269893,0.009670273731964094,up_in_CKD,0.25984053375723865,0.7813323633336172,0.4413099868024392,0.9866016104325603,0.04726585223967423,0.04548540393754243,0.0017804483021317957,14,18,True,1.4720019221950989e-05
immune cells,SEC22C,0.07053095709344052,0.06012669004600449,0.010404267047436036,up_in_CKD,0.2656268325863774,0.7770844257753753,0.4432258807309169,0.9895126532303208,0.04173938336242001,0.051595383570943655,-0.009856000208523646,14,18,True,1.2653791866875222e-05
immune cells,PDK3,0.05271831549605591,0.043949611046985866,0.008768704449070047,up_in_CKD,0.2646394805622455,0.7792741983679874,0.4420218262466008,0.9875975727418629,0.03650378126817917,0.028513238289205704,0.007990542978973468,14,18,True,1.2577323811969946e-05
immune cells,GGA3,0.06861071876376541,0.05722000033592059,0.011390718427844823,up_in_CKD,0.2539363224028799,0.7784706582984187,0.4437981214488587,0.9902122201574634,0.04319371727748691,0.03598099117447386,0.007212726103013045,14,18,True,1.235601862083151e-05
immune cells,ENTPD3-AS1,0.05169536304574573,0.0452173774598932,0.006477985585852525,up_in_CKD,0.2702716999415465,0.7828882925887694,0.43982988203585377,0.9845392107388746,0.037085514834205933,0.042090970807875085,-0.005005455973669151,14,18,True,1.1847742877891498e-05
immune cells,MED1,0.061860032563864166,0.05427716035894712,0.007582872204917046,up_in_CKD,0.2692578657149832,0.7783662338093504,0.4424532867621663,0.9883233658518751,0.04363001745200698,0.04548540393754243,-0.0018553864855354527,14,18,True,1.0414827769812341e-05
immune cells,AGO2,0.0804416831696062,0.0662184454485869,0.0142232377210193,up_in_CKD,0.26306356315577184,0.7714923350564823,0.4465024266704108,0.9939550928101598,0.04944735311227458,0.05295315682281059,-0.0035058037105360138,14,18,True,9.852559555633602e-06
immune cells,ILVBL,0.05650252284077801,0.04837822355347914,0.008124299287298867,up_in_CKD,0.2590870954027969,0.7781548829891738,0.4431115946664789,0.9893170719070953,0.038248981966259456,0.035302104548540394,0.0029468774177190613,14,18,True,9.818303965121221e-06
immune cells,UBA7,0.08974277739991389,0.07386665422829584,0.015876123171618045,up_in_CKD,0.24834631348183844,0.774774233826434,0.4470448937349819,0.9947446387237835,0.059482257126236185,0.04752206381534284,0.011960193310893347,14,18,True,9.02262191876697e-06
immune cells,FAM98B,0.05921353581663487,0.052273208388763384,0.006940327427871484,up_in_CKD,0.2580137729666511,0.7784402542573796,0.44310020186995674,0.9893170719070953,0.03926701570680628,0.03598099117447386,0.0032860245323324197,14,18,True,8.352714297853997e-06
immune cells,POLDIP3,0.06353353197546616,0.0541944473408302,0.00933908463463596,up_in_CKD,0.24966322459446058,0.7774602624896614,0.445360145473063,0.9924847763772568,0.04348458406050029,0.038696537678207736,0.004788046382292556,14,18,True,7.638747405425807e-06
immune cells,GLG1,0.1659459156377685,0.14578374037432135,0.020162175263447157,up_in_CKD,0.25816409554341985,0.7673687400289942,0.44911790158249815,0.9970176704578146,0.10732984293193717,0.08757637474541752,0.019753468186519657,14,18,True,6.751831266760771e-06
immune cells,FBXO11,0.11159214688278164,0.09992805008112421,0.011664096801657434,up_in_CKD,0.2515829186315424,0.7724619199710058,0.44736538381135776,0.9952188883924373,0.0751890634089587,0.07331975560081466,0.0018693078081440384,14,18,True,6.107813095225727e-06
immune cells,CORO7,0.15697687038447025,0.13910483791901535,0.017872032465454907,up_in_CKD,0.26886384936065344,0.7664744756005772,0.44949631602107787,0.9970880233346237,0.10034904013961606,0.09029192124915139,0.010057118890464664,14,18,True,6.085715629101631e-06
immune cells,CCDC50,0.1853867371374824,0.16422004086453704,0.021166696272945373,up_in_CKD,0.2681691150521771,0.7659099771881483,0.449804221444412,0.9975919930114718,0.1070389761489238,0.10590631364562118,0.0011326625033026144,14,18,True,5.94329529162783e-06
immune cells,TMEM273,0.0655281674309358,0.05018949248558326,0.015338674945352536,up_in_CKD,0.2681224748013043,0.76703233849267,0.4491287497474823,0.9970176704578146,0.04450261780104712,0.02376103190767142,0.0207415858933757,14,18,True,5.334692806664884e-06
immune cells,DYNC1LI1,0.1510956501644186,0.13690621892840482,0.014189431236013766,up_in_CKD,0.25560007284243613,0.7685079406910185,0.4487596004548018,0.9969407416984617,0.09365910413030831,0.10658520027155464,-0.012926096141246332,14,18,True,4.826047335591733e-06
immune cells,TMEM250,0.06092944088025307,0.04638096835739494,0.014548472522858132,up_in_CKD,0.25741029642829444,0.7672856308419432,0.4492304030001167,0.9970517955992497,0.04013961605584642,0.021045485403937542,0.01909413065190888,14,18,True,4.802044679943997e-06
immune cells,GALNT7,0.0518867306777666,0.04498103234127426,0.006905698336492336,up_in_CKD,0.25478645927217164,0.7711420846829316,0.44745976289165706,0.9953094185976391,0.035631180919139034,0.027155465037338764,0.00847571588180027,14,18,True,3.5926547022125173e-06
immune cells,GALM,0.07181736709688204,0.06073776500964385,0.01107960208723819,up_in_CKD,0.25392825189690316,0.7674248183024357,0.44957246373462667,0.997197281526587,0.04813845258871437,0.0461642905634759,0.0019741620252384656,14,18,True,3.429322178493657e-06
immune cells,NLRC5,0.1109200148260581,0.09693179912035668,0.013988215705701412,up_in_CKD,0.2615884682534623,0.7651301933439434,0.45020192996711195,0.9982352187514507,0.06457242582897033,0.06042090970807875,0.0041515161208915755,14,18,True,2.806981865753866e-06
immune cells,ISG20L2,0.08906900394108089,0.0801519825677525,0.008917021373328393,up_in_CKD,0.2629889257861899,0.765780540470319,0.44979723922375786,0.9975919930114718,0.06195462478184991,0.05770536320434488,0.004249261577505034,14,18,True,2.4554027647984083e-06
immune cells,MRPS16,0.17192204207812348,0.1541265345903231,0.01779550748780037,up_in_CKD,0.24991303595772468,0.7654790970567363,0.4513049976423467,0.9995886530991809,0.11474694589877836,0.11676849966055669,-0.0020215537617783302,14,18,True,7.94659659862265e-07
immune cells,WDR73,0.06323398339648946,0.0530533726167771,0.010180610779712357,up_in_CKD,0.2537816198738155,0.7639810746084887,0.45144866469026734,0.9996844721836436,0.03795811518324607,0.032586558044806514,0.0053715571384395575,14,18,True,3.540988263764777e-07
immune cells,PRKCD,0.08698848585333493,0.07779013643664356,0.00919834941669137,up_in_CKD,0.24996299779395775,0.7648697347474416,0.4516103831125922,0.999871861275809,0.0606457242582897,0.05702647657841141,0.0036192476798782916,14,18,True,1.2796115779738083e-07
immune cells,POLRMT,0.04700356335988467,0.04050598375697604,0.006497579602908629,up_in_CKD,0.24986797752745527,0.7647755131926967,0.4516784566991488,0.9998947566808619,0.03170447934845841,0.031228784792939578,0.00047569455551883105,14,18,True,7.421025301463943e-08
immune cells,AAAS,0.052934395986622626,0.04621599868703578,0.006718397299586849,up_in_CKD,0.17719052157970858,0.5575644970924678,0.5834567433259011,1.0,0.038976148923792905,0.035302104548540394,0.003674044375252511,14,18,True,-0.0
immune cells,AASDH,0.0901977129468396,0.08565076634656157,0.004546946600278032,up_in_CKD,0.11542028372080558,0.34622895470550735,0.7317862986339102,1.0,0.057446189645142524,0.054989816700611,0.0024563729445315277,14,18,True,-0.0
immune cells,ABCA1,0.05483191266142089,0.047309369788598454,0.0075225428728224325,up_in_CKD,0.17172209896726331,0.5090645208714725,0.6145579100744868,1.0,0.037521815008726006,0.027834351663272233,0.009687463345453774,14,18,True,-0.0
immune cells,ABHD14B,0.15071919871046263,0.14271722716709195,0.008001971543370678,up_in_CKD,0.16034161537469754,0.4550731131859414,0.6524302137902704,1.0,0.09482257126236183,0.10251188051595383,-0.007689309253592,14,18,True,-0.0
immune cells,ABI1,0.17423954314474863,0.16144742783755675,0.012792115307191876,up_in_CKD,0.2516669499349011,0.7344064265650299,0.46841831771211756,1.0,0.11314717859220477,0.10862186014935506,0.004525318442849716,14,18,True,-0.0
immune cells,ABRACL,0.5784041357686606,0.5746542943350224,0.0037498414336382124,up_in_CKD,0.027357420874122133,0.07594770996722605,0.9400238525784403,1.0,0.3382780686445608,0.3625254582484725,-0.024247389603911707,14,18,True,-0.0
immune cells,AC245297.3,0.12612356560916874,0.10032947443714307,0.025794091172025663,up_in_CKD,0.2578832493662449,0.7425398032394509,0.46355429855787256,1.0,0.08376963350785341,0.048200950441276307,0.0355686830665771,14,18,True,-0.0
immune cells,ACAD8,0.048534099004699016,0.045936112052522925,0.0025979869521760915,up_in_CKD,0.10055583953255992,0.31383997555363047,0.756726790826225,1.0,0.03257707969749855,0.027834351663272233,0.004742728034226314,14,18,True,-0.0
immune cells,ACBD3,0.11577896466094763,0.11062119648279843,0.005157768178149197,up_in_CKD,0.09141863265843223,0.2750278218667007,0.7853643583471268,1.0,0.07388016288539849,0.08282416836388323,-0.008944005478484743,14,18,True,-0.0
immune cells,ACD,0.06696832500137964,0.06611086782836273,0.0008574571730169123,up_in_CKD,0.024285275880673873,0.07319760504615924,0.9421873587226409,1.0,0.04581151832460733,0.048200950441276307,-0.002389432116668977,14,18,True,-0.0
immune cells,ACER3,0.07840556453912288,0.06966090610104327,0.008744658438079617,up_in_CKD,0.19174362470071274,0.5872784385917853,0.5623936764558393,1.0,0.050319953461314716,0.04955872369314324,0.000761229768171473,14,18,True,-0.0
immune cells,ACLY,0.08048732476338409,0.07197338007514127,0.00851394468824282,up_in_CKD,0.21992394130731593,0.6811303229921172,0.5027416914675207,1.0,0.05293775450843514,0.04752206381534284,0.0054156906930923,14,18,True,-0.0
immune cells,ACOX1,0.05395291800630895,0.04696806366134518,0.0069848543449637715,up_in_CKD,0.22037579649750597,0.6654541550222556,0.5114497275911195,1.0,0.039848749272833044,0.04005431093007468,-0.00020556165724163605,14,18,True,-0.0
immune cells,ACSF3,0.06596723253649912,0.06004180253675879,0.005925429999740335,up_in_CKD,0.24350480230821758,0.7249705010665787,0.4743625267563258,1.0,0.04522978475858057,0.04276985743380855,0.0024599273247720155,14,18,True,-0.0
immune cells,ACTR2,0.7617238412133546,0.7554570896482065,0.00626675156514811,up_in_CKD,0.032996360106844834,0.09464607496647608,0.9252302067288959,1.0,0.4015415939499709,0.4046164290563476,-0.0030748351063766832,14,18,True,-0.0
immune cells,ACTR3,0.6702302795037968,0.6512307632702448,0.018999516233552005,up_in_CKD,0.13567521390480153,0.38727355326657426,0.7013318431228652,1.0,0.3699825479930192,0.3801765105227427,-0.010193962529723488,14,18,True,-0.0
immune cells,ACTR6,0.17309672573796506,0.16956342672838287,0.003533299009582186,up_in_CKD,0.06725169581720505,0.19963439662902824,0.8431654142910865,1.0,0.10442117510180338,0.11812627291242363,-0.013705097810620251,14,18,True,-0.0
immune cells,ADAM15,0.04666776082905625,0.04373025127380606,0.002937509555250191,up_in_CKD,0.08974403863378823,0.2734156565929298,0.7867457175091906,1.0,0.033304246655032,0.027155465037338764,0.006148781617693232,14,18,True,-0.0
immune cells,ADAM8,0.14140794017688652,0.1379068799370948,0.0035010602397917145,up_in_CKD,0.043323156947608694,0.1280910858867981,0.898954178530065,1.0,0.08435136707388016,0.08214528173794976,0.002206085335930405,14,18,True,-0.0
immune cells,ADAP2,0.10630135295437029,0.10340190667405239,0.0028994462803179077,up_in_CKD,0.03427926918778076,0.10552711890443822,0.9168498619156661,1.0,0.07097149505526469,0.055668703326544465,0.015302791728720226,14,18,True,-0.0
immune cells,ADGRE2,0.05780998130690783,0.047003084381387145,0.010806896925520684,up_in_CKD,0.1594327786810155,0.48027241757818045,0.6348829522024843,1.0,0.036940081442699245,0.027834351663272233,0.009105729779427012,14,18,True,-0.0
immune cells,ADRB2,0.08299702616077755,0.08125695130930437,0.0017400748514731779,up_in_CKD,0.03976526102154466,0.118659296727603,0.9063823103418992,1.0,0.049011052937754505,0.048200950441276307,0.0008101024964781989,14,18,True,-0.0
immune cells,AEBP2,0.08189415195285052,0.0772329030739572,0.004661248878893326,up_in_CKD,0.08424860214195011,0.2610833614115412,0.796415281121152,1.0,0.05075625363583479,0.04412763068567549,0.006628622950159299,14,18,True,-0.0
immune cells,AFF3,0.055469976263082345,0.04737895688642372,0.008091019376658626,up_in_CKD,0.202258397853528,0.5832249978302609,0.5641100574072201,1.0,0.034176847004072135,0.031228784792939578,0.002948062211132557,14,18,True,-0.0
immune cells,AFG3L2,0.08948424762160079,0.08851513752096461,0.0009691101006361752,up_in_CKD,0.021037339307734104,0.06419405847879815,0.949323756137709,1.0,0.058900523560209424,0.06992532247114731,-0.01102479891093789,14,18,True,-0.0
immune cells,AGGF1,0.07199562143974607,0.06854645905103125,0.003449162388714816,up_in_CKD,0.06539728896548153,0.19509910411273246,0.8467059557096941,1.0,0.0549738219895288,0.059063136456211814,-0.004089314466683015,14,18,True,-0.0
immune cells,AGPAT2,0.13660951385999748,0.13415048923883444,0.0024590246211630418,up_in_CKD,0.033754488105954696,0.09960404545636047,0.921335322309154,1.0,0.0881326352530541,0.09979633401221996,-0.011663698759165855,14,18,True,-0.0
immune cells,AGPAT3,0.08636313196479008,0.07546197757583144,0.01090115438895864,up_in_CKD,0.238258961501375,0.7444446428315642,0.46490449857339045,1.0,0.0606457242582897,0.05770536320434488,0.0029403610539448233,14,18,True,-0.0
immune cells,AGPAT5,0.06532691777271,0.06077499580601489,0.004551921966695113,up_in_CKD,0.11662861723885853,0.3617053851594295,0.720985450874015,1.0,0.04348458406050029,0.03598099117447386,0.007503592886026429,14,18,True,-0.0
immune cells,AIFM1,0.059770353830829494,0.05536948016048649,0.004400873670343003,up_in_CKD,0.15473572955438059,0.4731240041461569,0.64026609964987,1.0,0.04101221640488656,0.0373387644263408,0.0036734519785457595,14,18,True,-0.0
immune cells,AIG1,0.10758664262053183,0.10729535758255927,0.0002912850379725579,up_in_CKD,0.00499986281679931,0.014523879908600273,0.9885082083907096,1.0,0.07606166375799883,0.0814663951120163,-0.005404731354017464,14,18,True,-0.0
immune cells,AIP,0.35598464319092615,0.33763395541115454,0.018350687779771613,up_in_CKD,0.17974038925899158,0.4858137565240268,0.6316459830386714,1.0,0.2136416521233275,0.2308214528173795,-0.017179800694052005,14,18,True,-0.0
immune cells,AL118516.1,0.05871623885512817,0.05234616976987212,0.006370069085256044,up_in_CKD,0.11198559843932343,0.33472287968577824,0.7403155224993743,1.0,0.04057591623036649,0.026476578411405296,0.014099337818961197,14,18,True,-0.0
immune cells,AL390728.6,0.05649711401728426,0.04783994768127379,0.00865716633601047,up_in_CKD,0.15349217880857483,0.4637503926283312,0.6465846041437163,1.0,0.036940081442699245,0.02172437202987101,0.015215709412828234,14,18,True,-0.0
immune cells,ALDH3A2,0.061678296453692376,0.0533283876733186,0.008349908780373776,up_in_CKD,0.24360503250084342,0.7260204054948258,0.47375125966322074,1.0,0.04290285049447353,0.035302104548540394,0.007600745945933136,14,18,True,-0.0
immune cells,ALDH6A1,0.08053854825633565,0.07192382318212008,0.008614725074215568,up_in_CKD,0.17201257937514391,0.4627152741870404,0.6479941836313098,1.0,0.05090168702734148,0.048879837067209775,0.0020218499601317025,14,18,True,-0.0
immune cells,ALDH9A1,0.12739979374576593,0.1273723878603744,2.740588539154598e-05,up_in_CKD,0.000401483677550709,0.0011987072163206643,0.9990519869189831,1.0,0.07824316463059919,0.08282416836388323,-0.004581003733284045,14,18,True,-0.0
immune cells,ALG13,0.15287866171270478,0.15015089813632898,0.0027277635763758024,up_in_CKD,0.06619724495430981,0.20000431713752512,0.8429925250887629,1.0,0.09424083769633508,0.11133740665308893,-0.01709656895675385,14,18,True,-0.0
immune cells,ALG2,0.05955172832387241,0.0527131647589271,0.006838563564945312,up_in_CKD,0.2235174690411259,0.6923342983753016,0.4958194386106432,1.0,0.04173938336242001,0.041412084181941616,0.0003272991804783923,14,18,True,-0.0
immune cells,ALG3,0.0796488897298513,0.07534432100055233,0.004304568729298977,up_in_CKD,0.12851007554566282,0.3969505512828289,0.6950667634465622,1.0,0.05424665503199535,0.05295315682281059,0.0012934982091847569,14,18,True,-0.0
immune cells,ALG5,0.1614500319456746,0.15944974673506232,0.002000285210612268,up_in_CKD,0.03411160766197931,0.1031303309509195,0.9186329645814517,1.0,0.1067481093659104,0.11744738628649015,-0.010699276920579745,14,18,True,-0.0
immune cells,ALKBH5,0.09072057825321174,0.08945022474532419,0.0012703535078875533,up_in_CKD,0.029414309371037346,0.09032786031886866,0.9287755390028115,1.0,0.06442699243746364,0.0658520027155465,-0.0014250102780828666,14,18,True,-0.0
immune cells,ANAPC4,0.06537896953267341,0.05738334471741802,0.007995624815255398,up_in_CKD,0.26548636460762226,0.7524518473300803,0.4578393970076969,1.0,0.0433391506689936,0.04073319755600815,0.0026059531129854555,14,18,True,-0.0
immune cells,ANAPC7,0.05923954434458788,0.05811426010457781,0.0011252842400100646,up_in_CKD,0.033713080787380195,0.10375517123910326,0.9182389694601878,1.0,0.039121582315299594,0.03937542430414121,-0.0002538419888416174,14,18,True,-0.0
immune cells,ANKFY1,0.04674303772735326,0.04530705372607073,0.001435984001282531,up_in_CKD,0.05553301584412249,0.16419301292624847,0.870709441467115,1.0,0.03315881326352531,0.034623217922606926,-0.0014644046590816182,14,18,True,-0.0
immune cells,ANKH,0.07002739725218639,0.06356950717731019,0.006457890074876196,up_in_CKD,0.16568021782519948,0.5052134470064401,0.6177922779244547,1.0,0.04799301919720768,0.038696537678207736,0.009296481518999943,14,18,True,-0.0
immune cells,ANKRA2,0.0684304159920419,0.061754946025117885,0.006675469966924016,up_in_CKD,0.18250398460601697,0.5476441110835156,0.588328343648387,1.0,0.04493891797556719,0.038696537678207736,0.006242380297359455,14,18,True,-0.0
immune cells,ANKRD13D,0.19441772086579082,0.18304549658632951,0.011372224279461302,up_in_CKD,0.12313443854252842,0.3640986146392594,0.7184058327368457,1.0,0.11445607911576498,0.1011541072640869,0.013301971851678085,14,18,True,-0.0
immune cells,ANKRD17,0.09945215323944365,0.094936712341169,0.004515440898274645,up_in_CKD,0.09726005308218122,0.2862842374635595,0.7766585898818875,1.0,0.061663757998836534,0.06042090970807875,0.0012428482907577837,14,18,True,-0.0
immune cells,ANKRD40,0.08843758570285391,0.0833390264029285,0.0050985592999254065,up_in_CKD,0.09835803040091201,0.30699178806468264,0.761862275345104,1.0,0.05860965677719605,0.06313645621181263,-0.004526799434616584,14,18,True,-0.0
immune cells,ANKRD44,0.23736302161685496,0.22842060954907628,0.008942412067778682,up_in_CKD,0.0720287128816487,0.20812734051719847,0.8365372752279531,1.0,0.14848749272833042,0.13713509843856075,0.011352394289769668,14,18,True,-0.0
immune cells,ANKRD49,0.22742204188775325,0.22039627816531368,0.007025763722439571,up_in_CKD,0.07319121027778819,0.21548515348189673,0.8308706412075068,1.0,0.13161721931355438,0.14731839782756279,-0.0157011785140084,14,18,True,-0.0
immune cells,ANP32E,0.24981175945540382,0.24616669234528152,0.003645067110122302,up_in_CKD,0.049061180732726584,0.15278857511339763,0.8799909685630395,1.0,0.1489237929028505,0.15342837746096402,-0.0045045845581135335,14,18,True,-0.0
immune cells,ANXA2,0.6377969609284362,0.6333616310298832,0.004435329898552998,up_in_CKD,0.024575006873098715,0.07287636317045187,0.9424052477117755,1.0,0.3286794648051193,0.351663272233537,-0.022983807428417713,14,18,True,-0.0
immune cells,AP1G2,0.12811295620465882,0.1138100455782245,0.014302910626434323,up_in_CKD,0.1492373464847428,0.4642048993909279,0.6471236744456815,1.0,0.0839150668993601,0.06720977596741344,0.016705290931946656,14,18,True,-0.0
immune cells,AP1S1,0.07720584032781623,0.07269538400310147,0.004510456324714765,up_in_CKD,0.10937758324202586,0.32575021101621365,0.7469885814650113,1.0,0.0535194880744619,0.051595383570943655,0.0019241045035182439,14,18,True,-0.0
immune cells,AP2B1,0.1767739967482541,0.16177743903761355,0.01499655771064054,up_in_CKD,0.22356474222705022,0.6718918507192067,0.5072670617927185,1.0,0.112565445026178,0.11541072640868975,-0.0028452813825117496,14,18,True,-0.0
immune cells,APIP,0.11458398978942679,0.10707939052834901,0.007504599261077771,up_in_CKD,0.1543611144623467,0.46178428871220595,0.6477980910164625,1.0,0.08275159976730657,0.0835030549898167,-0.0007514552225101195,14,18,True,-0.0
immune cells,APOC1,0.17380442723046827,0.16411209321204467,0.009692334018423593,up_in_CKD,0.0516519629222787,0.14691637616042472,0.8842045711086103,1.0,0.06951716114019779,0.05770536320434488,0.011811797935852915,14,18,True,-0.0
immune cells,APOE,0.4125840557211046,0.3465368977760888,0.06604715794501581,up_in_CKD,0.21604110990777772,0.585505568319369,0.5637594248464882,1.0,0.17321116928446773,0.11880515953835709,0.05440600974611064,14,18,True,-0.0
immune cells,APOL2,0.083771069310219,0.08293548328700473,0.000835586023214277,up_in_CKD,0.01941935229881255,0.055562246800467265,0.9560632658641318,1.0,0.056282722513089,0.05634758995247793,-6.486743938893119e-05,14,18,True,-0.0
immune cells,APOL3,0.060850805178786625,0.05837146028301232,0.0024793448957743033,up_in_CKD,0.06888090880289839,0.20540434332980853,0.8387206137908239,1.0,0.038248981966259456,0.04073319755600815,-0.0024842155897486923,14,18,True,-0.0
immune cells,APPBP2,0.06111868827190027,0.05561614335375341,0.005502544918146862,up_in_CKD,0.20152966017243473,0.6198446107578086,0.5412627369799681,1.0,0.039848749272833044,0.04073319755600815,-0.0008844482831751044,14,18,True,-0.0
immune cells,APPL1,0.20180472411972605,0.1977159576356193,0.004088766484106748,up_in_CKD,0.06353554992320319,0.1881751550337184,0.8520460495774048,1.0,0.127108784176847,0.14052953156822812,-0.013420747391381105,14,18,True,-0.0
immune cells,AQR,0.08938448639563422,0.0871765750762495,0.00220791131938472,up_in_CKD,0.033493022051782756,0.10348301240933865,0.9184793803798339,1.0,0.057300756253635836,0.051595383570943655,0.005705372682692181,14,18,True,-0.0
immune cells,ARAP1,0.1464425451569666,0.13906987453276787,0.007372670624198746,up_in_CKD,0.11606201920342772,0.3360318432113639,0.7391862434051267,1.0,0.09453170447934846,0.09164969450101833,0.00288200997833013,14,18,True,-0.0
immune cells,ARF3,0.1416672722101307,0.13394185679113338,0.007725415418997322,up_in_CKD,0.14351563484091895,0.4299864378696086,0.6705132656382725,1.0,0.10209424083769633,0.09708078750848609,0.0050134533292102434,14,18,True,-0.0
immune cells,ARF4,0.28357693187639577,0.27466968865411195,0.008907243222283812,up_in_CKD,0.12109398077238905,0.3504662441776943,0.7284383815819186,1.0,0.17510180337405468,0.2043448744059742,-0.029243071031919532,14,18,True,-0.0
immune cells,ARF6,0.5165675420093535,0.49530151598339844,0.021266026025955065,up_in_CKD,0.25409613160101646,0.7277268634869094,0.4724796305536003,1.0,0.30860965677719604,0.3054989816700611,0.0031106751071349192,14,18,True,-0.0
immune cells,ARHGAP27,0.12098131741125459,0.11480149004122217,0.00617982737003242,up_in_CKD,0.07556836345316707,0.22861612041388377,0.8209218685380274,1.0,0.07911576497963932,0.07060420909708079,0.00851155588255853,14,18,True,-0.0
immune cells,ARHGAP30,0.23722035005017814,0.22108518845127892,0.016135161598899217,up_in_CKD,0.23451672545450974,0.6298042477417959,0.535204642262953,1.0,0.14426992437463643,0.1446028513238289,-0.0003329269491924858,14,18,True,-0.0
immune cells,ARHGAP35,0.05732690325687613,0.0541093339260396,0.0032175693308365283,up_in_CKD,0.09014552787107516,0.264649186022216,0.7931084953630718,1.0,0.03810354857475276,0.03801765105227427,8.589752247849247e-05,14,18,True,-0.0
immune cells,ARHGAP9,0.1760665817665131,0.17116763895571166,0.004898942810801443,up_in_CKD,0.0521395779781357,0.15189833847968115,0.8802855351842285,1.0,0.10776614310645724,0.10726408689748812,0.0005020562089691205,14,18,True,-0.0
immune cells,ARHGEF7,0.048038412713310545,0.043294040589825625,0.00474437212348492,up_in_CKD,0.15530298394097736,0.4731881561895534,0.6401244329455904,1.0,0.03446771378708551,0.029192124915139173,0.005275588871946339,14,18,True,-0.0
immune cells,ARID1A,0.2001438457367797,0.18304244383535828,0.017101401901421426,up_in_CKD,0.21293954534135723,0.6292008575714212,0.5340970642014378,1.0,0.12623618382780685,0.12355736591989137,0.002678817907915479,14,18,True,-0.0
immune cells,ARL14EP,0.1467858092904024,0.13459763442405392,0.012188174866348489,up_in_CKD,0.19833567170201252,0.5679737778542123,0.5743229389588761,1.0,0.0924956369982548,0.10522742701968771,-0.012731790021432904,14,18,True,-0.0
immune cells,ARL2BP,0.12659750804485792,0.12271343083193814,0.0038840772129197787,up_in_CKD,0.07663948591544664,0.23091263167180476,0.8191166850563857,1.0,0.07998836532867946,0.08893414799728445,-0.00894578266860499,14,18,True,-0.0
immune cells,ARL6IP6,0.12935004396255878,0.11967335900908707,0.00967668495347171,up_in_CKD,0.17546561875033134,0.5341244429761979,0.5978766285796562,1.0,0.08187899941826643,0.10047522063815342,-0.018596221219886994,14,18,True,-0.0
immune cells,ARL8A,0.1397204839041991,0.13925157254303328,0.00046891136116583576,up_in_CKD,0.008229893708125172,0.02495201288340029,0.9802825234501066,1.0,0.09162303664921466,0.10251188051595383,-0.010888843866739176,14,18,True,-0.0
immune cells,ARMC1,0.10657278882850055,0.10303302064797105,0.003539768180529493,up_in_CKD,0.09561925184379236,0.2861535088339961,0.7768668788121719,1.0,0.06529959278650378,0.07060420909708079,-0.005304616310577007,14,18,True,-0.0
immune cells,ARMC8,0.09127131264933978,0.0876158323551019,0.0036554802942378867,up_in_CKD,0.08375891463382815,0.2585488320938951,0.7982733274553858,1.0,0.05715532286212915,0.058384249830278345,-0.001228926968149198,14,18,True,-0.0
immune cells,ARV1,0.06001419434003281,0.054173309247210276,0.005840885092822531,up_in_CKD,0.22172478591183767,0.679102082973249,0.5034423373189448,1.0,0.039848749272833044,0.04276985743380855,-0.0029211081609755093,14,18,True,-0.0
immune cells,ASCL2,0.0948583903689686,0.08184581022119325,0.013012580147775357,up_in_CKD,0.24807133422398875,0.7446635551763853,0.4627658282901306,1.0,0.056282722513089,0.04955872369314324,0.006723998819945759,14,18,True,-0.0
immune cells,ASGR1,0.07212417594024988,0.06677826431163257,0.005345911628617306,up_in_CKD,0.11281591203670585,0.3190422637461024,0.7519940964602785,1.0,0.04493891797556719,0.048200950441276307,-0.003262032465709115,14,18,True,-0.0
immune cells,ASL,0.0723768272419535,0.07188536166348358,0.0004914655784699212,up_in_CKD,0.012930850132146595,0.03724303731031477,0.9705387038790952,1.0,0.0549738219895288,0.05091649694501019,0.0040573250445186115,14,18,True,-0.0
immune cells,ATAD2,0.03937816727052047,0.03884165378137735,0.0005365134891431242,up_in_CKD,0.018234162833930458,0.05644691139321662,0.9554823381026314,1.0,0.02428737638161722,0.032586558044806514,-0.008299181663189294,14,18,True,-0.0
immune cells,ATF1,0.07321037552680133,0.06632677594949835,0.006883599577302987,up_in_CKD,0.17843817970220158,0.5340058832041318,0.597551774478181,1.0,0.050319953461314716,0.0461642905634759,0.004155662897838815,14,18,True,-0.0
immune cells,ATF6B,0.15493919910362236,0.1499251458292792,0.00501405327434315,up_in_CKD,0.07897383267727677,0.2337035422122058,0.816848265591751,1.0,0.0939499709133217,0.10386965376782077,-0.009919682854499068,14,18,True,-0.0
immune cells,ATF7,0.0726946097823681,0.06789897704183835,0.004795632740529743,up_in_CKD,0.15310851673698708,0.4582009789242569,0.6503442074157582,1.0,0.04581151832460733,0.05227427019687712,-0.006462751872269794,14,18,True,-0.0
immune cells,ATF7IP,0.21492985942065748,0.21195286577057137,0.002976993650086107,up_in_CKD,0.024838061013731868,0.07000503827499399,0.9446780703105795,1.0,0.12609075043630016,0.11880515953835709,0.007285590897943076,14,18,True,-0.0
immune cells,ATG13,0.04542798437651504,0.043279064988626346,0.0021489193878886925,up_in_CKD,0.08413505150689943,0.2506133314207739,0.8039087059167384,1.0,0.035485747527632346,0.029192124915139173,0.006293622612493173,14,18,True,-0.0
immune cells,ATG14,0.054345308861049366,0.05335234609831497,0.0009929627627343965,up_in_CKD,0.027341537160357005,0.08147036929252663,0.9356373530709511,1.0,0.03592204770215241,0.03665987780040733,-0.0007378300982549199,14,18,True,-0.0
immune cells,ATG4C,0.0676685172879136,0.06052410949130048,0.007144407796613114,up_in_CKD,0.23914308422793157,0.6669900589699377,0.510355264720651,1.0,0.04552065154159395,0.041412084181941616,0.004108567359652336,14,18,True,-0.0
immune cells,ATG4D,0.05556780055835846,0.05159802395301576,0.003969776605342694,up_in_CKD,0.09971454663054821,0.3035007666330702,0.7639663215672776,1.0,0.034758580570098896,0.03394433129667346,0.0008142492734254381,14,18,True,-0.0
immune cells,ATG7,0.05150795870100768,0.047694969024568296,0.0038129896764393864,up_in_CKD,0.13129841629239647,0.37804762979958295,0.7080659299856708,1.0,0.030541012216404886,0.035302104548540394,-0.004761092332135508,14,18,True,-0.0
immune cells,ATL2,0.03905544343968474,0.036209922564441076,0.0028455208752436664,up_in_CKD,0.10384506969138622,0.32034307753191676,0.7515737482337672,1.0,0.02675974403723095,0.03054989816700611,-0.00379015412977516,14,18,True,-0.0
immune cells,ATP11A,0.0768205071836168,0.07139281366320221,0.005427693520414584,up_in_CKD,0.15115222797454914,0.46184976395585703,0.6481994654347757,1.0,0.04784758580570099,0.048200950441276307,-0.00035336463557531644,14,18,True,-0.0
immune cells,ATP13A1,0.08308458523556714,0.07899260329752376,0.004091981938043374,up_in_CKD,0.058804024706968924,0.1850564719373239,0.8550886724187067,1.0,0.056282722513089,0.048200950441276307,0.008081772071812696,14,18,True,-0.0
immune cells,ATP13A3,0.08886378428590261,0.08490338779868718,0.003960396487215426,up_in_CKD,0.09638697255750117,0.2813511665859751,0.780378325049766,1.0,0.058755090168702735,0.06856754921928038,-0.009812459050577642,14,18,True,-0.0
immune cells,ATP1A1,0.37986438307997267,0.3529525968527033,0.026911786227269363,up_in_CKD,0.21742818835610628,0.5844302085821113,0.5647489902346093,1.0,0.21218731820826062,0.21384928716904278,-0.001661968960782162,14,18,True,-0.0
immune cells,ATP5F1B,0.3864029077359335,0.36872960924762604,0.017673298488307454,up_in_CKD,0.061829526380843644,0.18215204369522991,0.8567099130284892,1.0,0.2372018615474113,0.16768499660556688,0.06951686494184442,14,18,True,-0.0
immune cells,ATP5F1C,0.33006180570601273,0.3067506418909812,0.02331116381503151,up_in_CKD,0.09916255452292894,0.2889160612125008,0.7746357242116665,1.0,0.2198952879581152,0.15207060420909707,0.06782468374901812,14,18,True,-0.0
immune cells,ATP5IF1,0.532988022186948,0.5052313126942117,0.02775670949273623,up_in_CKD,0.07269965562730657,0.211653108856611,0.833810535019811,1.0,0.31733566026759746,0.24236252545824846,0.074973134809349,14,18,True,-0.0
immune cells,ATP5MC2,1.1291206517866252,0.9902099921206857,0.13891065966593952,up_in_CKD,0.18738982270209267,0.5447515607802624,0.5899530271571688,1.0,0.5385398487492729,0.3740665308893415,0.16447331785993136,14,18,True,-0.0
immune cells,ATP5MC3,0.577894018240707,0.5384103608109473,0.03948365742975968,up_in_CKD,0.09806265278066513,0.2868142417880007,0.7762361142953733,1.0,0.3403141361256545,0.2437202987101154,0.09659383741553906,14,18,True,-0.0
immune cells,ATP5MD,0.7072351418829068,0.6096805239364539,0.09755461794645293,up_in_CKD,0.20318216591862573,0.5869849327332576,0.5616097674888766,1.0,0.3932518906340896,0.29124236252545826,0.10200952810863134,14,18,True,-0.0
immune cells,ATP5ME,0.8295885296389649,0.7168500696560803,0.11273845998288456,up_in_CKD,0.20345512502488447,0.5858706680306596,0.5623587137540815,1.0,0.4328097731239092,0.319755600814664,0.11305417230924525,14,18,True,-0.0
immune cells,ATP5MF,0.6510985314451928,0.5587267330530086,0.09237179839218423,up_in_CKD,0.21582268952292416,0.6229609670407084,0.5380241681927587,1.0,0.3659104130308319,0.26272912423625255,0.10318128879457933,14,18,True,-0.0
immune cells,ATP5MG,1.1771195578730247,1.0055501607698192,0.1715693971032055,up_in_CKD,0.22577935018597622,0.65329717718004,0.5185423256545978,1.0,0.5692262943571844,0.4019008825526137,0.16732541180457072,14,18,True,-0.0
immune cells,ATP5PB,0.1449488334655284,0.12422511478056039,0.020723718684968,up_in_CKD,0.19324904758811512,0.5673759537328334,0.574724982202454,1.0,0.10020360674810937,0.0658520027155465,0.03435160403256286,14,18,True,-0.0
immune cells,ATP5PF,0.5487891218063252,0.4851192144595761,0.0636699073467491,up_in_CKD,0.17054328997104887,0.4944740460561705,0.6245731600839213,1.0,0.3295520651541594,0.2348947725729803,0.09465729258117911,14,18,True,-0.0
immune cells,ATP6V0B,0.7885904422906063,0.7526929770659949,0.03589746522461135,up_in_CKD,0.19177688465537843,0.518457186164849,0.6090322068349601,1.0,0.4133216986620128,0.4107264086897488,0.002595289972263992,14,18,True,-0.0
immune cells,ATP6V0E2,0.13556684564198235,0.12654203244074552,0.009024813201236825,up_in_CKD,0.13673203158524327,0.38751993313963495,0.7011991046428764,1.0,0.08275159976730657,0.08214528173794976,0.0006063180293568171,14,18,True,-0.0
immune cells,ATP6V1C1,0.10108882832568312,0.09724582995010327,0.003842998375579859,up_in_CKD,0.08722483041522781,0.2546179960495789,0.8007606570992437,1.0,0.06733566026759744,0.07060420909708079,-0.003268548829483353,14,18,True,-0.0
immune cells,ATP6V1H,0.097350410278218,0.09705753829771949,0.0002928719804985158,up_in_CKD,0.007026870992960174,0.022054576176818125,0.982622343637125,1.0,0.06384525887143688,0.06720977596741344,-0.0033645170959765575,14,18,True,-0.0
immune cells,ATP7A,0.062085568463206224,0.05952544648192358,0.002560121981282644,up_in_CKD,0.09010402051983604,0.25802707977294415,0.79816605729465,1.0,0.038394415357766144,0.04005431093007468,-0.0016598955723085354,14,18,True,-0.0
immune cells,ATPAF1,0.05189768282184477,0.04658939582926827,0.0053082869925765025,up_in_CKD,0.19749547669372772,0.5601599604431181,0.579660369232845,1.0,0.034031413612565446,0.031228784792939578,0.0028026288196258686,14,18,True,-0.0
immune cells,ATPAF2,0.05864757178565837,0.05584932264120725,0.0027982491444511204,up_in_CKD,0.06865163164599877,0.20983565103814128,0.8355074798144434,1.0,0.04072134962187318,0.0373387644263408,0.0033825851955323824,14,18,True,-0.0
immune cells,ATXN7,0.03727136656312131,0.0340529914299176,0.0032183751332037075,up_in_CKD,0.07139106018482672,0.20120978092874603,0.8419623622794575,1.0,0.0318499127399651,0.034623217922606926,-0.002773305182641829,14,18,True,-0.0
immune cells,ATXN7L3,0.046186726007858836,0.04379402320503695,0.002392702802821889,up_in_CKD,0.07293531419358201,0.22521823284871337,0.8237956407803313,1.0,0.03301337987201861,0.028513238289205704,0.004500141582812908,14,18,True,-0.0
immune cells,B4GALT5,0.05624669505588226,0.055387852672712984,0.0008588423831692796,up_in_CKD,0.023709159484040395,0.06956000352788581,0.945009805877744,1.0,0.037085514834205933,0.03598099117447386,0.0011045236597320707,14,18,True,-0.0
immune cells,BABAM2,0.060349916475022324,0.05413610086721755,0.006213815607804776,up_in_CKD,0.12180499808615901,0.36563514925979657,0.7174233133809992,1.0,0.04072134962187318,0.02987101154107264,0.010850338080800541,14,18,True,-0.0
immune cells,BAK1,0.07167178764379821,0.06774593249984345,0.003925855143954757,up_in_CKD,0.12675643616442533,0.3692430123011395,0.7145436990798789,1.0,0.04697498545666085,0.04480651731160896,0.002168468145051894,14,18,True,-0.0
immune cells,BASP1,0.19330822813084622,0.19031355572654088,0.002994672404305343,up_in_CKD,0.03152186565515849,0.0936474717486327,0.9260375590568032,1.0,0.11518324607329843,0.13577732518669383,-0.020594079113395405,14,18,True,-0.0
immune cells,BATF3,0.07473306874317551,0.07150924380313294,0.0032238249400425717,up_in_CKD,0.09049063275547362,0.2612727876936086,0.7956697438464271,1.0,0.051192553810354854,0.05363204344874406,-0.0024394896383892056,14,18,True,-0.0
immune cells,BAZ1B,0.11330000270764871,0.11024384377406816,0.0030561589335805495,up_in_CKD,0.05023466901027056,0.15086605666618055,0.8811805107254389,1.0,0.0722803955788249,0.06992532247114731,0.0023550731076775883,14,18,True,-0.0
immune cells,BCAP31,0.45050371027425834,0.42440756107684663,0.02609614919741171,up_in_CKD,0.2451182436493029,0.7112898957427937,0.48239915325018706,1.0,0.2556719022687609,0.2681602172437203,-0.012488314974959391,14,18,True,-0.0
immune cells,BCL3,0.03421015349008621,0.031623336465706996,0.002586817024379212,up_in_CKD,0.10941700673370369,0.3256890572427136,0.7470296194083426,1.0,0.026323443862710877,0.03394433129667346,-0.007620887433962581,14,18,True,-0.0
immune cells,BET1,0.08087092720495244,0.0736397937977815,0.0072311334071709366,up_in_CKD,0.19298859473460278,0.5897459692672107,0.5606795777079358,1.0,0.06050029086678301,0.04548540393754243,0.015014886929240578,14,18,True,-0.0
immune cells,BIRC2,0.22964332777811935,0.22332410857268098,0.0063192192054383756,up_in_CKD,0.08245928542755386,0.23275272180769743,0.817607221633628,1.0,0.14441535776614312,0.14392396469789545,0.0004913930682476642,14,18,True,-0.0
immune cells,BLVRA,0.09924547106376605,0.09164799143633744,0.007597479627428613,up_in_CKD,0.14714785129239416,0.444183548508096,0.6604711047505422,1.0,0.06602675974403723,0.06720977596741344,-0.0011830162233762154,14,18,True,-0.0
immune cells,BMPR2,0.06126904648062374,0.055749131815003405,0.005519914665620337,up_in_CKD,0.1942173821447336,0.5889324781389755,0.5609605162773323,1.0,0.04275741710296684,0.048879837067209775,-0.0061224199642429325,14,18,True,-0.0
immune cells,BMS1,0.06817141883587324,0.06667130921351792,0.0015001096223553195,up_in_CKD,0.052621423875544186,0.15797578433980292,0.8756259840396773,1.0,0.0447934845840605,0.05023761031907671,-0.005444125735016209,14,18,True,-0.0
immune cells,BOLA3,0.17356242227226917,0.16534779245901127,0.008214629813257907,up_in_CKD,0.1244711205349271,0.379156649004225,0.7077210796849154,1.0,0.11474694589877836,0.12219959266802444,-0.007452646769246077,14,18,True,-0.0
immune cells,BORCS5,0.05969659572507636,0.0499858709515409,0.009710724773535455,up_in_CKD,0.17230721410071695,0.5071692147648258,0.6158011945626395,1.0,0.038976148923792905,0.026476578411405296,0.01249957051238761,14,18,True,-0.0
immune cells,BORCS6,0.06181222447389367,0.051279968775712226,0.010532255698181447,up_in_CKD,0.21346608002328152,0.6144063284784831,0.5435958691187468,1.0,0.037521815008726006,0.027155465037338764,0.010366349971387242,14,18,True,-0.0
immune cells,BRAF,0.07286464528004521,0.058214377645856574,0.01465026763418864,up_in_CKD,0.22751276426896364,0.7016034467902529,0.48988297803750946,1.0,0.047556719022687606,0.027155465037338764,0.020401253985348842,14,18,True,-0.0
immune cells,BRAT1,0.05367687673706011,0.053500291631647295,0.0001765851054128173,up_in_CKD,0.004660357220824186,0.014397049497881918,0.9886376107165347,1.0,0.036358347876672484,0.031228784792939578,0.005129563083732906,14,18,True,-0.0
immune cells,BRCC3,0.041848555379522596,0.040466338909047,0.0013822164704755946,up_in_CKD,0.04865485964825055,0.14829001879286852,0.8832883865850003,1.0,0.028504944735311226,0.03394433129667346,-0.005439386561362232,14,18,True,-0.0
immune cells,BRD2,0.39135582634294547,0.3774922148093711,0.01386361153357435,up_in_CKD,0.1386194636158569,0.42803355759468614,0.6726014066421332,1.0,0.2341477603257708,0.23150033944331297,0.0026474208824578405,14,18,True,-0.0
immune cells,BRD4,0.19535142036113878,0.18581696120625482,0.009534459154883962,up_in_CKD,0.14713557551803136,0.4448699389944189,0.6600134502817085,1.0,0.11867364746945899,0.12559402579769177,-0.006920378328232779,14,18,True,-0.0
immune cells,BRD8,0.06760914560962063,0.0643410979877899,0.003268047621830722,up_in_CKD,0.09280299917853083,0.2764287545492874,0.7842109263844764,1.0,0.04392088423502036,0.05227427019687712,-0.008353385961856766,14,18,True,-0.0
immune cells,BSDC1,0.06286342159480038,0.06106016252990094,0.0018032590648994415,up_in_CKD,0.041573031560984276,0.12937181731645245,0.8982594762294867,1.0,0.03853984874927283,0.041412084181941616,-0.0028722354326687835,14,18,True,-0.0
immune cells,BSG,0.46483161505607756,0.4426424167428904,0.022189198313187164,up_in_CKD,0.14289191375412072,0.36958237637678404,0.7161029411446556,1.0,0.25770796974985455,0.2729124236252546,-0.015204453875400037,14,18,True,-0.0
immune cells,BTAF1,0.08585380418828704,0.07829161302974695,0.007562191158540094,up_in_CKD,0.2008499370233378,0.5714557741770663,0.5720469731708774,1.0,0.056719022687609075,0.05227427019687712,0.004444752490731951,14,18,True,-0.0
immune cells,BTBD6,0.07679419637947803,0.07310736199672649,0.0036868343827515387,up_in_CKD,0.11588354407532817,0.3314396055233965,0.7426452742373166,1.0,0.0462478184991274,0.05091649694501019,-0.004668678445882785,14,18,True,-0.0
immune cells,BTG2,0.5395128218802677,0.512780195818359,0.026732626061908737,up_in_CKD,0.13242215399703106,0.3998408134433787,0.6924431791671988,1.0,0.310500290866783,0.3014256619144603,0.009074628952322694,14,18,True,-0.0
immune cells,BTN3A1,0.11859223892570306,0.1154824054112707,0.003109833514432364,up_in_CKD,0.047541523279657744,0.14480579934925022,0.8860058662870971,1.0,0.07475276323443862,0.06720977596741344,0.007542987267025181,14,18,True,-0.0
immune cells,BUD23,0.13311198190979773,0.1141425632450593,0.018969418664738433,up_in_CKD,0.2034467144422836,0.5841514256119323,0.5635136573268231,1.0,0.09671320535194881,0.06720977596741344,0.029503429384535373,14,18,True,-0.0
immune cells,BZW1,0.40705187380023844,0.40545302357467733,0.0015988502255611103,up_in_CKD,0.018944537717331227,0.05434163263202194,0.957026055039873,1.0,0.24171029668411867,0.2681602172437203,-0.02644992055960163,14,18,True,-0.0
immune cells,C11orf1,0.08244847961880387,0.07664406486880587,0.005804414749998002,up_in_CKD,0.1233671049249392,0.36430506384331196,0.7182442882749064,1.0,0.0548283885980221,0.05702647657841141,-0.002198087980389306,14,18,True,-0.0
immune cells,C11orf24,0.03940728272346571,0.03693448264436592,0.0024728000790997934,up_in_CKD,0.11777535870450619,0.3442127604370789,0.7330975247068527,1.0,0.027050610820244327,0.035302104548540394,-0.008251493728296068,14,18,True,-0.0
immune cells,C12orf76,0.07654706546060486,0.0673172510652664,0.00922981439533846,up_in_CKD,0.23722906532626384,0.7176464038113468,0.4792506610823484,1.0,0.055991855730075625,0.048879837067209775,0.00711201866286585,14,18,True,-0.0
immune cells,C15orf39,0.06314318882263507,0.05964759405269518,0.0034955947699398943,up_in_CKD,0.09384591971595589,0.2800538765425084,0.7814705939164295,1.0,0.04144851657940663,0.0373387644263408,0.004109752153065832,14,18,True,-0.0
immune cells,C15orf48,0.07384169051163603,0.06001256973148883,0.013829120780147197,up_in_CKD,0.21174283006091874,0.5703333349211552,0.5740363220320274,1.0,0.04537521815008726,0.035302104548540394,0.010073113601546863,14,18,True,-0.0
immune cells,C16orf58,0.07197499482955795,0.06719208850621743,0.0047829063233405245,up_in_CKD,0.08306965292982647,0.25985726190616243,0.797545340107169,1.0,0.0462478184991274,0.04005431093007468,0.0061935075690527225,14,18,True,-0.0
immune cells,C19orf25,0.13053069768682932,0.12743354146527652,0.0030971562215527937,up_in_CKD,0.08911625501953911,0.2639538527535401,0.7936769862188152,1.0,0.08158813263525305,0.08893414799728445,-0.007346015362031402,14,18,True,-0.0
immune cells,C1GALT1,0.15090615997914064,0.14605938652497533,0.004846773454165315,up_in_CKD,0.0634163721785452,0.1958400929322158,0.846453797472504,1.0,0.0897324025596277,0.08621860149355058,0.003513801066077113,14,18,True,-0.0
immune cells,C22orf39,0.1250592978219158,0.11806789703494383,0.0069914007869719685,up_in_CKD,0.17172371154691538,0.5071872895726388,0.6158184735554998,1.0,0.0866783013379872,0.08893414799728445,-0.0022558466592972476,14,18,True,-0.0
immune cells,C2CD5,0.07864746386675543,0.07405737036954944,0.004590093497205988,up_in_CKD,0.10439771360558642,0.3101694186121116,0.7586656117174166,1.0,0.053083187899941826,0.04955872369314324,0.003524464206798583,14,18,True,-0.0
immune cells,C3orf14,0.04162240069125719,0.040283971866972725,0.0013384288242844627,up_in_CKD,0.04620775130364125,0.1338305494368314,0.8944304258821997,1.0,0.033304246655032,0.032586558044806514,0.0007176886102254823,14,18,True,-0.0
immune cells,C4orf33,0.055909448539295456,0.05246370864877544,0.003445739890520015,up_in_CKD,0.08835489690690061,0.26853902578290506,0.7904216513836737,1.0,0.038248981966259456,0.04073319755600815,-0.0024842155897486923,14,18,True,-0.0
immune cells,C5orf24,0.11115084524579287,0.110519272625146,0.0006315726206468641,up_in_CKD,0.012747569846153581,0.03862872098064018,0.9694786509226567,1.0,0.07388016288539849,0.08078750848608282,-0.006907345600684331,14,18,True,-0.0
immune cells,C6orf136,0.04391565127018908,0.04065720872353891,0.00325844254665017,up_in_CKD,0.0878654147143768,0.2702793037468403,0.7892825458427897,1.0,0.030686445607911575,0.02376103190767142,0.006925413700240156,14,18,True,-0.0
immune cells,C6orf89,0.08573942343801486,0.0835832725683359,0.0021561508696789494,up_in_CKD,0.06476534783825079,0.1999360859149238,0.8432815012110382,1.0,0.0591913903432228,0.06042090970807875,-0.0012295193648559494,14,18,True,-0.0
immune cells,CAB39,0.18990785363240897,0.17881183095027572,0.01109602268213325,up_in_CKD,0.16290774628349913,0.49511693612650104,0.6247105951280333,1.0,0.11910994764397906,0.11812627291242363,0.0009836747315554312,14,18,True,-0.0
immune cells,CACNA2D3,0.04375056537460943,0.04259120169955341,0.0011593636750560216,up_in_CKD,0.032881738653305154,0.09656188280478166,0.923723571402485,1.0,0.034031413612565446,0.031907671418873046,0.0021237421936924003,14,18,True,-0.0
immune cells,CALCOCO1,0.08027956546435443,0.07135902011652945,0.008920545347824979,up_in_CKD,0.24361469140869807,0.7123932082083771,0.4817520159722918,1.0,0.053228621291448515,0.05091649694501019,0.002312124346438328,14,18,True,-0.0
immune cells,CALHM2,0.0956132115224161,0.0854235531883912,0.010189658334024895,up_in_CKD,0.23115541996417174,0.6609199834181421,0.5137728468659931,1.0,0.06588132635253054,0.05770536320434488,0.00817596314818566,14,18,True,-0.0
immune cells,CALM2,1.1977413570804134,1.1960202135400226,0.0017211435403907682,up_in_CKD,0.011141353421546363,0.030692541932062146,0.9757504187836544,1.0,0.5699534613147179,0.5879158180583842,-0.017962356743666308,14,18,True,-0.0
immune cells,CAMK1,0.10428608076776809,0.09957498763936559,0.0047110931284024965,up_in_CKD,0.08862469834821395,0.2593365637297414,0.7971568972182294,1.0,0.06864456079115765,0.06720977596741344,0.0014347848237442062,14,18,True,-0.0
immune cells,CAMK4,0.06960325597516695,0.0687230353060473,0.0008802206691196496,up_in_CKD,0.019829518124910486,0.055997147614152004,0.9557319831491974,1.0,0.04144851657940663,0.04073319755600815,0.0007153190233984835,14,18,True,-0.0
immune cells,CAMKK2,0.04775990254167579,0.045517271277241325,0.0022426312644344623,up_in_CKD,0.06388398491507992,0.19791634092121121,0.8448926443281108,1.0,0.0318499127399651,0.024439918533604887,0.00740999420636021,14,18,True,-0.0
immune cells,CAND1,0.16575918195510764,0.15909006583524724,0.006669116119860402,up_in_CKD,0.07421062419079087,0.22477610372229404,0.8238891081997495,1.0,0.09773123909249563,0.0923285811269518,0.005402657965543831,14,18,True,-0.0
immune cells,CAPN1,0.12045362266727223,0.11342830676307816,0.007025315904194071,up_in_CKD,0.1276059473070745,0.37419241135263864,0.7109155954564464,1.0,0.07867946480511925,0.08282416836388323,-0.004144703558763979,14,18,True,-0.0
immune cells,CAPN7,0.0691143045992219,0.06296707339249562,0.006147231206726278,up_in_CKD,0.2278602824435584,0.6552781187371131,0.5173051369368672,1.0,0.04508435136707388,0.04684317718940937,-0.00175882582233549,14,18,True,-0.0
immune cells,CARD11,0.0596681739273763,0.057126733658557916,0.002541440268818383,up_in_CKD,0.05612533558982162,0.1682874867522685,0.8675771944639863,1.0,0.03315881326352531,0.041412084181941616,-0.008253270918416308,14,18,True,-0.0
immune cells,CARD19,0.08918285121925296,0.07487362614172634,0.014309225077526619,up_in_CKD,0.21581084706012585,0.6277831387991497,0.5348990846679142,1.0,0.060063990692262946,0.04073319755600815,0.019330793136254798,14,18,True,-0.0
immune cells,CARD8-AS1,0.07754519143251597,0.07255555789871887,0.004989633533797097,up_in_CKD,0.07338471717816056,0.22086931824126638,0.8268403208516867,1.0,0.05279232111692845,0.034623217922606926,0.018169103194321523,14,18,True,-0.0
immune cells,CASC3,0.09175093690141407,0.08498260468215918,0.006768332219254894,up_in_CKD,0.1741117321797726,0.5358750444598647,0.597054080386038,1.0,0.06326352530541013,0.062457569585879155,0.0008059557195309736,14,18,True,-0.0
immune cells,CASK,0.05295834314085708,0.046136676300319826,0.006821666840537255,up_in_CKD,0.2474014682642853,0.6925474747593482,0.4943337262599484,1.0,0.035485747527632346,0.03326544467073999,0.002220302856892356,14,18,True,-0.0
immune cells,CASP3,0.09065510562914848,0.08328403581713038,0.0073710698120180995,up_in_CKD,0.1894164567801978,0.5290799718804684,0.6009829341139862,1.0,0.06253635834787667,0.06109979633401222,0.0014365620138644536,14,18,True,-0.0
immune cells,CASP7,0.05426842508034118,0.05053905028471822,0.003729374795622957,up_in_CKD,0.12493148750624912,0.3797903108797321,0.7072160508524192,1.0,0.036794648051192556,0.03937542430414121,-0.002580776252948655,14,18,True,-0.0
immune cells,CBFB,0.10143008073354201,0.09185177359546585,0.009578307138076156,up_in_CKD,0.22456524745060663,0.6734735865151855,0.5062198071575434,1.0,0.06849912739965096,0.06720977596741344,0.0012893514322375177,14,18,True,-0.0
immune cells,CBX1,0.11237237173555774,0.1114792982051604,0.0008930735303973453,up_in_CKD,0.020151552636155666,0.05892417757716168,0.9534051100143003,1.0,0.07257126236183828,0.07535641547861507,-0.002785153116776795,14,18,True,-0.0
immune cells,CBX3,0.48005739126268676,0.4706647013508785,0.00939268991180825,up_in_CKD,0.08756262805494609,0.24768512859991074,0.8061319526973589,1.0,0.2747236765561373,0.28852681602172436,-0.013803139465587089,14,18,True,-0.0
immune cells,CBX6,0.15416110401707264,0.13828288874842182,0.015878215268650825,up_in_CKD,0.25432623346376726,0.7592467806352234,0.453984851136641,1.0,0.09409540430482839,0.08825526137135098,0.005840142933477413,14,18,True,-0.0
immune cells,CCAR1,0.15434476552173354,0.14808995352606658,0.0062548119956669646,up_in_CKD,0.15630332527365254,0.46633707334117536,0.6445366286568224,1.0,0.10020360674810937,0.09640190088255261,0.0038017058655567537,14,18,True,-0.0
immune cells,CCDC107,0.3660443490833004,0.3442443763062546,0.021799972777045817,up_in_CKD,0.19922517478900698,0.5599933023165834,0.5798960671406482,1.0,0.2169866201279814,0.21045485403937542,0.006531766088605978,14,18,True,-0.0
immune cells,CCDC112,0.07686611451706508,0.07424737587301167,0.002618738644053417,up_in_CKD,0.04700453107550487,0.14188461177719233,0.8882307673176321,1.0,0.052501454333915065,0.04548540393754243,0.007016050396372632,14,18,True,-0.0
immune cells,CCDC12,0.2411453042466467,0.2317975597961063,0.009347744450540402,up_in_CKD,0.11540706473100047,0.3311267318400388,0.742867656822476,1.0,0.15081442699243747,0.1500339443312967,0.00078048266114078,14,18,True,-0.0
immune cells,CCDC130,0.1329844636765455,0.1289673419643735,0.004017121712172,up_in_CKD,0.07586761501888711,0.22949058833649075,0.8202478876887183,1.0,0.08260616637579989,0.09029192124915139,-0.007685754873351505,14,18,True,-0.0
immune cells,CCDC137,0.08560886082702127,0.08249817528787978,0.0031106855391414834,up_in_CKD,0.1026360204689516,0.3234360167548728,0.7498380769853021,1.0,0.0535194880744619,0.055668703326544465,-0.002149215252082566,14,18,True,-0.0
immune cells,CCDC43,0.05964041763947016,0.057844692754247674,0.0017957248852224841,up_in_CKD,0.07736256741238388,0.2254557594446854,0.8231561403920544,1.0,0.041884816753926704,0.04073319755600815,0.001151619197918556,14,18,True,-0.0
immune cells,CCDC6,0.09975440021641864,0.09157191255582625,0.008182487660592389,up_in_CKD,0.20274613898032062,0.6048217342669195,0.5501041540879588,1.0,0.060791157649796396,0.06517311608961303,-0.004381958439816633,14,18,True,-0.0
immune cells,CCDC66,0.19472859137036216,0.19068294344089584,0.004045647929466323,up_in_CKD,0.06563862025153754,0.18486218366883872,0.8546483548985652,1.0,0.12507271669575334,0.13374066530889342,-0.008667948613140075,14,18,True,-0.0
immune cells,CCDC82,0.13701791932236293,0.12426571474432951,0.012752204578033416,up_in_CKD,0.19018375412741997,0.5700640786431674,0.5732124146800122,1.0,0.08231529959278651,0.09029192124915139,-0.007976621656364882,14,18,True,-0.0
immune cells,CCDC85B,0.48060401672377256,0.4688205228130312,0.01178349391074135,up_in_CKD,0.11047086406234911,0.3117380532045892,0.7574974653459606,1.0,0.289412449098313,0.2837746096401901,0.005637839458122906,14,18,True,-0.0
immune cells,CCDC97,0.04656495284976858,0.04508542031655453,0.001479532533214055,up_in_CKD,0.04459667287689581,0.13295518461200548,0.895164996034011,1.0,0.0274869109947644,0.032586558044806514,-0.005099647050042115,14,18,True,-0.0
immune cells,CCL3L1,0.18527231802697486,0.18151461319915113,0.003757704827823727,up_in_CKD,0.02185124152175002,0.06329529145811727,0.9499512578825213,1.0,0.10602094240837696,0.08757637474541752,0.018444567662959446,14,18,True,-0.0
immune cells,CCM2,0.1884687833947747,0.17196396570207834,0.016504817692696377,up_in_CKD,0.24448428159171856,0.6562593026246634,0.5183724759179313,1.0,0.10936591041303083,0.11269517990495587,-0.003329269491925038,14,18,True,-0.0
immune cells,CCNG1,0.1133428366968293,0.11095475442632347,0.0023880822705058397,up_in_CKD,0.03760301340985141,0.11668710616953279,0.9081600964425747,1.0,0.07271669575334497,0.0746775288526816,-0.0019608330993366313,14,18,True,-0.0
immune cells,CCNQ,0.07287764090786572,0.0661685899258159,0.0067090509820498245,up_in_CKD,0.09581232248890115,0.28186323418876563,0.7800113486464628,1.0,0.04537521815008726,0.028513238289205704,0.016861979860881553,14,18,True,-0.0
immune cells,CCPG1,0.17136602215067323,0.16658167773519486,0.00478434441547837,up_in_CKD,0.12018520911035836,0.3260660617565212,0.7472274417618495,1.0,0.1070389761489238,0.11744738628649015,-0.010408410137566354,14,18,True,-0.0
immune cells,CCR1,0.07212167368748539,0.06480824548483215,0.007313428202653238,up_in_CKD,0.20947714630427589,0.5956747722330883,0.5559704059906948,1.0,0.0506108202443281,0.055668703326544465,-0.005057883082216365,14,18,True,-0.0
immune cells,CCR7,0.06764440740689112,0.05579734559113872,0.011847061815752402,up_in_CKD,0.1507273585468851,0.44907007448063613,0.6567758368864607,1.0,0.03868528214077952,0.035302104548540394,0.003383177592239127,14,18,True,-0.0
immune cells,CCSAP,0.04521713445154436,0.043497576796985266,0.001719557654559091,up_in_CKD,0.057268652604979486,0.17434076823636982,0.8629735794104769,1.0,0.032140779522978474,0.03054989816700611,0.001590881355972365,14,18,True,-0.0
immune cells,CCT8,0.3231584407296495,0.31433160112982117,0.008826839599828329,up_in_CKD,0.11212528198689316,0.339092854029526,0.7372062420219103,1.0,0.19691681210005818,0.21181262729124237,-0.014895815191184186,14,18,True,-0.0
immune cells,CD164,0.4783742682839208,0.4516850370876464,0.02668923119627442,up_in_CKD,0.1983049123322627,0.6028385997997975,0.5518895745506438,1.0,0.27603257707969747,0.2701968771215207,0.005835699958176788,14,18,True,-0.0
immune cells,CD1D,0.08934721460826422,0.07997967728781222,0.009367537320452007,up_in_CKD,0.1770624890604056,0.49409482552140177,0.6251675919507058,1.0,0.05511925538103549,0.05295315682281059,0.002166098558224895,14,18,True,-0.0
immune cells,CD3D,0.6998584426399636,0.6765634171400665,0.023295025499897037,up_in_CKD,0.08524080326871639,0.23798494499342276,0.8136554539976109,1.0,0.3161721931355439,0.33265444670739985,-0.016482253571855954,14,18,True,-0.0
immune cells,CD3G,0.44467282783708234,0.4070913949306518,0.03758143290643057,up_in_CKD,0.21747962984382638,0.6061123611931906,0.5494436548532224,1.0,0.23065735892961023,0.2219959266802444,0.00866143224936583,14,18,True,-0.0
immune cells,CD40LG,0.11917524966689,0.10210026564540857,0.01707498402148143,up_in_CKD,0.16093819289206088,0.4804207873916361,0.6346212718474981,1.0,0.0722803955788249,0.06856754921928038,0.003712846359544525,14,18,True,-0.0
immune cells,CD46,0.3644007129911625,0.3459654845628489,0.018435228428313577,up_in_CKD,0.15545255432566094,0.43675860910883474,0.6656107037101971,1.0,0.21785922047702153,0.2158859470468432,0.001973273430178335,14,18,True,-0.0
immune cells,CD72,0.059110553996360546,0.05307574507671036,0.006034808919650185,up_in_CKD,0.1331573166058178,0.3873970324885003,0.7011991558469937,1.0,0.03664921465968586,0.04412763068567549,-0.007478416025989629,14,18,True,-0.0
immune cells,CD74,2.1487365796425335,2.089461896844031,0.059274682798502454,up_in_CKD,0.12994982976262262,0.34528500249970945,0.7333270136146429,1.0,0.6297265852239674,0.5953835709436525,0.03434301428031494,14,18,True,-0.0
immune cells,CD96,0.20655548560271986,0.20283062554048187,0.003724860062237989,up_in_CKD,0.04758941570108756,0.13604718329903293,0.8927048552453233,1.0,0.1156195462478185,0.13034623217922606,-0.014726685931407552,14,18,True,-0.0
immune cells,CDC123,0.14093844979323183,0.1368758502249843,0.004062599568247532,up_in_CKD,0.06405567238846255,0.18309413679588155,0.8559726142543665,1.0,0.08900523560209424,0.11473183978275628,-0.02572660418066204,14,18,True,-0.0
immune cells,CDC42SE1,0.7387984595852413,0.6854997363046813,0.053298723280559956,up_in_CKD,0.2735238013784833,0.7447822752273456,0.46355324066129033,1.0,0.4128853984874927,0.3890020366598778,0.023883361827614913,14,18,True,-0.0
immune cells,CDC73,0.1050544696807901,0.10130241058156435,0.0037520590992257546,up_in_CKD,0.05872068072220122,0.18036229339936777,0.8583832408795087,1.0,0.06893542757417102,0.06788866259334692,0.001046764980824108,14,18,True,-0.0
immune cells,CDCA4,0.04767597889512388,0.03835032778393295,0.009325651111190929,up_in_CKD,0.2533890693686435,0.7561260346380531,0.455813265758912,1.0,0.030686445607911575,0.019008825526137134,0.011677620081774441,14,18,True,-0.0
immune cells,CDIP1,0.061836724379679055,0.05724667244115974,0.004590051938519316,up_in_CKD,0.1582516010287525,0.4744814679717918,0.6388669426889381,1.0,0.04130308318789994,0.0461642905634759,-0.0048612073755759586,14,18,True,-0.0
immune cells,CDK13,0.1290395883857069,0.11191203123956596,0.017127557146140934,up_in_CKD,0.25294743714748225,0.7495719046787809,0.45954235027762314,1.0,0.08086096567771961,0.06720977596741344,0.013651189710306169,14,18,True,-0.0
immune cells,CDK19,0.05200777313205992,0.04480675696500482,0.0072010161670550965,up_in_CKD,0.24166857801388913,0.7404501707580335,0.4660860110646524,1.0,0.034031413612565446,0.031228784792939578,0.0028026288196258686,14,18,True,-0.0
immune cells,CDK2AP2,0.30008198059043767,0.27760927771280436,0.02247270287763331,up_in_CKD,0.2533077120803906,0.7355123732294214,0.46773994786234563,1.0,0.18251890634089588,0.18737270875763748,-0.004853802416741604,14,18,True,-0.0
immune cells,CDK9,0.10854343195635366,0.10791709577766878,0.0006263361786848776,up_in_CKD,0.012670900260309087,0.038823177506128126,0.9693470059431656,1.0,0.07140779522978476,0.08078750848608282,-0.009379713256298064,14,18,True,-0.0
immune cells,CDKAL1,0.047325939878943867,0.04458252441213446,0.0027434154668094096,up_in_CKD,0.09546548517554423,0.27597262331761674,0.7844625345732582,1.0,0.030541012216404886,0.025118805159538356,0.005422207056866531,14,18,True,-0.0
immune cells,CDYL,0.0714674816719727,0.06934614134269716,0.0021213403292755367,up_in_CKD,0.04990205845305848,0.1505077883323759,0.881484431056691,1.0,0.04508435136707388,0.048879837067209775,-0.003795485700135895,14,18,True,-0.0
immune cells,CENPB,0.07142773365743539,0.0686129813690073,0.0028147522884280907,up_in_CKD,0.08001082134574194,0.24589331722319074,0.8078652432046612,1.0,0.049738219895287955,0.04548540393754243,0.004252815957745522,14,18,True,-0.0
immune cells,CEP120,0.0499791187536997,0.046083894063948215,0.0038952246897514878,up_in_CKD,0.12595683014316447,0.37499229916225935,0.7104335083886498,1.0,0.03257707969749855,0.027155465037338764,0.005421614660159783,14,18,True,-0.0
immune cells,CEP135,0.05895556672310086,0.055409341158584695,0.003546225564516163,up_in_CKD,0.1189168985697646,0.3614346136372824,0.7207202971849295,1.0,0.039848749272833044,0.04073319755600815,-0.0008844482831751044,14,18,True,-0.0
immune cells,CEP68,0.042218843517694234,0.038012465385537236,0.004206378132156997,up_in_CKD,0.1787410356670132,0.5341747711526653,0.5974118629508085,1.0,0.028359511343804537,0.031228784792939578,-0.0028692734491350402,14,18,True,-0.0
immune cells,CERK,0.10915518088238886,0.09941003007510243,0.009745150807286426,up_in_CKD,0.18252023508964432,0.5489306794678216,0.5875053018133798,1.0,0.06820826061663758,0.06720977596741344,0.0009984846492241406,14,18,True,-0.0
immune cells,CERS2,0.13585611564967112,0.12284523842662397,0.013010877223047154,up_in_CKD,0.23095705309135506,0.6700580431601415,0.5079462215188809,1.0,0.08449680046538685,0.07535641547861507,0.009140384986771777,14,18,True,-0.0
immune cells,CERS4,0.05486918341514855,0.04849574262360703,0.006373440791541521,up_in_CKD,0.2454133546312033,0.6973550458138853,0.4910922832765763,1.0,0.03723094822571262,0.035302104548540394,0.0019288436771722275,14,18,True,-0.0
immune cells,CERS5,0.05717107219665658,0.055403544395059005,0.0017675278015975779,up_in_CKD,0.05594866344987078,0.16573240672582235,0.8695147052126171,1.0,0.04217568353694008,0.042090970807875085,8.471272906499655e-05,14,18,True,-0.0
immune cells,CES2,0.051710467811476604,0.047967003040921115,0.0037434647705554894,up_in_CKD,0.14981153257491175,0.45018333820468054,0.6561106375373597,1.0,0.036212914485165795,0.032586558044806514,0.003626356440359281,14,18,True,-0.0
immune cells,CFAP298,0.05414483116617138,0.05186439440677329,0.00228043675939809,up_in_CKD,0.04021984147773445,0.11920105538358758,0.905937210421322,1.0,0.04072134962187318,0.027155465037338764,0.013565884584534418,14,18,True,-0.0
immune cells,CFAP36,0.04922801570056797,0.046336824407077946,0.0028911912934900252,up_in_CKD,0.05413963844588418,0.1615690404930315,0.8727919785405823,1.0,0.03301337987201861,0.02376103190767142,0.009252347964347193,14,18,True,-0.0
immune cells,CGRRF1,0.06503239666694226,0.05754884165362571,0.007483555013316545,up_in_CKD,0.24102396259679518,0.7174613072937699,0.4789075919843581,1.0,0.04246655031995346,0.042090970807875085,0.00037557951207837365,14,18,True,-0.0
immune cells,CHCHD1,0.21732436451664006,0.20740496410168724,0.009919400414952817,up_in_CKD,0.19317444766239802,0.5113342200846177,0.6146001934775118,1.0,0.15095986038394416,0.1500339443312967,0.0009259160526474686,14,18,True,-0.0
immune cells,CHD9,0.3229215972269966,0.2979611577938872,0.024960439433109383,up_in_CKD,0.18518757180393103,0.5720256559055282,0.5728592194323144,1.0,0.19299011052937753,0.17990495587236932,0.013085154657008213,14,18,True,-0.0
immune cells,CHFR,0.07493854672612436,0.06827024072084005,0.0066683060052843135,up_in_CKD,0.2525642122113375,0.7154679160987698,0.480044943590113,1.0,0.0491564863292612,0.05227427019687712,-0.0031177838676159225,14,18,True,-0.0
immune cells,CHID1,0.10881592843556671,0.10037480459810103,0.008441123837465689,up_in_CKD,0.17669586472390164,0.5001600153562061,0.6207476165544171,1.0,0.07446189645142524,0.07739307535641547,-0.002931178904990228,14,18,True,-0.0
immune cells,CHMP6,0.0748174282827434,0.06876954645618633,0.006047881826557078,up_in_CKD,0.20028495390591217,0.611977257686626,0.5461017311443744,1.0,0.04552065154159395,0.051595383570943655,-0.006074732029349703,14,18,True,-0.0
immune cells,CHMP7,0.06389006420391094,0.0588719900398732,0.005018074164037739,up_in_CKD,0.11917921430678845,0.37123634994598864,0.71410434351578,1.0,0.04319371727748691,0.04073319755600815,0.00246051972147876,14,18,True,-0.0
immune cells,CHP1,0.15340399907690766,0.1470428698838504,0.006361129193057258,up_in_CKD,0.10800761556113124,0.31781849697718445,0.7528569222230007,1.0,0.09802210587550901,0.11337406653088934,-0.015351960655380331,14,18,True,-0.0
immune cells,CHST12,0.11963805780542146,0.11544915674546402,0.004188901059957437,up_in_CKD,0.07688893707314652,0.2103701570745897,0.8350883306690172,1.0,0.0679173938336242,0.07128309572301425,-0.0033657018893900464,14,18,True,-0.0
immune cells,CHTF8,0.08696590219188242,0.08270564986647269,0.004260252325409733,up_in_CKD,0.08522759021566316,0.249168151436493,0.8049365039173623,1.0,0.04537521815008726,0.06042090970807875,-0.015045691557991493,14,18,True,-0.0
immune cells,CHTOP,0.14478884900060196,0.14173317006979277,0.003055678930809186,up_in_CKD,0.0863799041784499,0.262545519044375,0.7949880026601653,1.0,0.09176847004072135,0.10454854039375425,-0.012780070353032899,14,18,True,-0.0
immune cells,CHURC1,0.5172503260959188,0.501831469509836,0.015418856586082774,up_in_CKD,0.12403688485005641,0.35587262294231825,0.7244448922029104,1.0,0.325043630017452,0.3136456211812627,0.0113980088361893,14,18,True,-0.0
immune cells,CIAO1,0.10279630937388025,0.09452722497077135,0.008269084403108903,up_in_CKD,0.18750401854114104,0.5607974359205877,0.5793842523519026,1.0,0.07737056428155904,0.07671418873048201,0.0006563755510770319,14,18,True,-0.0
immune cells,CIB1,0.7640284740761317,0.74941631436764,0.014612159708491723,up_in_CKD,0.1158693503589816,0.33735649825161057,0.7381998107277976,1.0,0.4351367073880163,0.4467073998642227,-0.011570692476206401,14,18,True,-0.0
immune cells,CISD1,0.15096766683002574,0.13236020254673325,0.01860746428329249,up_in_CKD,0.2446177119707729,0.70720294694646,0.4849013978801113,1.0,0.09671320535194881,0.08010862186014936,0.016604583491799454,14,18,True,-0.0
immune cells,CIZ1,0.047794184696516064,0.04227124712457684,0.005522937571939224,up_in_CKD,0.17789087018345862,0.5447426385455566,0.5908512178307562,1.0,0.034176847004072135,0.031228784792939578,0.002948062211132557,14,18,True,-0.0
immune cells,CLCN7,0.10272657032806343,0.10258559812877799,0.00014097219928543847,up_in_CKD,0.002040257359532404,0.005986332938328533,0.995263633774086,1.0,0.0636998254799302,0.06313645621181263,0.0005633692681175639,14,18,True,-0.0
immune cells,CLDND1,0.21836585064233166,0.2127200773062692,0.0056457733360624485,up_in_CKD,0.07683698945263354,0.21558691378840464,0.8308684317397892,1.0,0.1272542175683537,0.13781398506449424,-0.010559767496140543,14,18,True,-0.0
immune cells,CLEC10A,0.18408305155377422,0.16543254984215092,0.018650501711623302,up_in_CKD,0.18366903171904078,0.5165125444211686,0.6095080284039567,1.0,0.10660267597440372,0.09164969450101833,0.01495298147338539,14,18,True,-0.0
immune cells,CLIP1,0.10033499232603675,0.10029640483753492,3.8587488501828915e-05,up_in_CKD,0.0009080842695149997,0.0027493475796234734,0.9978270198990884,1.0,0.06529959278650378,0.06788866259334692,-0.0025890698068431334,14,18,True,-0.0
immune cells,CLK4,0.1566520077326821,0.15359034184777873,0.003061665884903364,up_in_CKD,0.04630528293338627,0.1432783971555247,0.887336568675024,1.0,0.0983129726585224,0.09097080787508487,0.007342164783437535,14,18,True,-0.0
immune cells,CNOT1,0.15643438386827538,0.14979866300449488,0.006635720863780503,up_in_CKD,0.1235664156387603,0.3642593315645963,0.7182671992798808,1.0,0.09511343804537521,0.09708078750848609,-0.0019673494631108762,14,18,True,-0.0
immune cells,CNOT3,0.05491258169359333,0.052609990880557796,0.002302590813035535,up_in_CKD,0.060496333249288645,0.18478801237983758,0.8548890631675087,1.0,0.035631180919139034,0.035302104548540394,0.00032907637059863964,14,18,True,-0.0
immune cells,CNPPD1,0.1101964794081299,0.108642067368502,0.0015544120396279032,up_in_CKD,0.03316231171332524,0.10099401418587738,0.9203466106039953,1.0,0.07126236183827807,0.07671418873048201,-0.0054518268922039426,14,18,True,-0.0
immune cells,COMMD10,0.10922564497971728,0.09732805029483393,0.011897594684883342,up_in_CKD,0.2018878993825249,0.6255558350217726,0.5379254339638092,1.0,0.07286212914485166,0.07128309572301425,0.0015790334218374058,14,18,True,-0.0
immune cells,COMMD4,0.14356170303154794,0.139874737036768,0.0036869659947799394,up_in_CKD,0.07199626423106839,0.21585562386299173,0.8306778004117368,1.0,0.09467713787085515,0.10183299389002037,-0.007155856019165227,14,18,True,-0.0
immune cells,COMT,0.2745155652446857,0.2678021997299946,0.006713365514691094,up_in_CKD,0.06273941645844086,0.17380909328511304,0.8633322489136721,1.0,0.17233856893542757,0.18669382213170402,-0.014355253196276452,14,18,True,-0.0
immune cells,COP1,0.05523873488896536,0.0438727792046115,0.011365955684353855,up_in_CKD,0.24895354721068647,0.7206222963436503,0.4767212344306779,1.0,0.03461314717859221,0.02240325865580448,0.012209888522787728,14,18,True,-0.0
immune cells,COPB1,0.1913400978221161,0.18527215715276515,0.0060679406693509574,up_in_CKD,0.08254123050849353,0.25543221000645566,0.8006954289233145,1.0,0.11765561372891216,0.12423625254582485,-0.00658063881691269,14,18,True,-0.0
immune cells,COPS7A,0.09555243348124479,0.08807769516250974,0.007474738318735047,up_in_CKD,0.177650100568235,0.5484249181434641,0.5886659437736596,1.0,0.06253635834787667,0.0746775288526816,-0.012141170504804927,14,18,True,-0.0
immune cells,COPS8,0.08617521099843163,0.08124110335826228,0.004934107640169355,up_in_CKD,0.1165223847020136,0.34054560169804504,0.7358288558837314,1.0,0.0549738219895288,0.06449422946367957,-0.009520407474150769,14,18,True,-0.0
immune cells,COPS9,0.48545590187544113,0.4784893898880031,0.006966511987438029,up_in_CKD,0.01932898345234824,0.056975673752902495,0.954949394808384,1.0,0.2895578824898197,0.21928038017651053,0.07027750231330915,14,18,True,-0.0
immune cells,COQ9,0.07220709659554779,0.06689921425164963,0.00530788234389816,up_in_CKD,0.12533496922918566,0.33973277356973114,0.7370567233237394,1.0,0.04464805119255381,0.04276985743380855,0.0018781937587452543,14,18,True,-0.0
immune cells,COTL1,1.021890669428204,0.9963001465091144,0.025590522919089587,up_in_CKD,0.10976759401248613,0.3204346679206292,0.7508669145271228,1.0,0.4662594531704479,0.43245078071961984,0.03380867245082808,14,18,True,-0.0
immune cells,COX17,0.5320170944346667,0.5293478924207223,0.002669202013944383,up_in_CKD,0.022720105592145528,0.06561867523153227,0.9481172276001845,1.0,0.30279232111692844,0.32654446707399865,-0.023752145957070203,14,18,True,-0.0
immune cells,COX5B,1.0621788136839805,1.0592060043843115,0.0029728092996690325,up_in_CKD,0.019168635625505914,0.0543327724918212,0.957042259418775,1.0,0.5557009889470622,0.5661914460285132,-0.010490457081451021,14,18,True,-0.0
immune cells,COX6A1,0.8164558673192266,0.801549812306829,0.014906055012397612,up_in_CKD,0.08880080660982267,0.24863769633564078,0.8054654871861558,1.0,0.44255381035485747,0.4487440597420231,-0.006190249387165614,14,18,True,-0.0
immune cells,COX7B,0.898964578416722,0.8851732774148299,0.013791301001892076,up_in_CKD,0.10158254335096799,0.2886733251017975,0.7748689978647486,1.0,0.4757126236183828,0.4820095044127631,-0.0062968807943802885,14,18,True,-0.0
immune cells,CPD,0.08171274965048465,0.07526508474598322,0.006447664904501438,up_in_CKD,0.17963862170746767,0.5168549161914913,0.6090624599215401,1.0,0.056137289121582314,0.05295315682281059,0.003184132298771722,14,18,True,-0.0
immune cells,CPNE8,0.0575214279001733,0.05047842613841627,0.007043001761757026,up_in_CKD,0.19364001528309238,0.5640283631319554,0.5769331562886396,1.0,0.03446771378708551,0.032586558044806514,0.0018811557422789976,14,18,True,-0.0
immune cells,CPSF7,0.08453680306241018,0.08312951599251396,0.0014072870698962209,up_in_CKD,0.038830050040649315,0.12248097573328122,0.9037937001796847,1.0,0.05366492146596859,0.05702647657841141,-0.003361555112442821,14,18,True,-0.0
immune cells,CPVL,0.3790324652135569,0.3472072737490239,0.031825191464533,up_in_CKD,0.22377919093838475,0.6321558044605089,0.5322821281777315,1.0,0.2036067481093659,0.19144602851323828,0.012160719596127634,14,18,True,-0.0
immune cells,CREB3,0.07028013534508439,0.06851485229286094,0.0017652830522234403,up_in_CKD,0.05574420786488765,0.1552614046005912,0.8777598132823732,1.0,0.04799301919720768,0.05363204344874406,-0.005639024251536381,14,18,True,-0.0
immune cells,CREBL2,0.11475612825968491,0.1098583115650779,0.00489781669460701,up_in_CKD,0.09551437810788181,0.2774300406753823,0.7833531330698366,1.0,0.08057009889470622,0.07671418873048201,0.0038559101642242077,14,18,True,-0.0
immune cells,CREBRF,0.23442681111907956,0.2269515558754797,0.0074752552435998765,up_in_CKD,0.10500995768920912,0.3239219191489168,0.7488963088635291,1.0,0.14339732402559627,0.15342837746096402,-0.010031053435367754,14,18,True,-0.0
immune cells,CRELD2,0.11499696858928689,0.11072831002521528,0.0042686585640716035,up_in_CKD,0.07823630261094924,0.22298390439070837,0.8250886064193783,1.0,0.07562536358347877,0.07875084860828242,-0.0031254850248036564,14,18,True,-0.0
immune cells,CRK,0.08662117734518271,0.07987437568138844,0.006746801663794266,up_in_CKD,0.14622197478560328,0.44324135853337476,0.6612294495857597,1.0,0.0621000581733566,0.06924643584521385,-0.007146377671857253,14,18,True,-0.0
immune cells,CRLS1,0.08255202570214522,0.07448598849032738,0.00806603721181784,up_in_CKD,0.22214851597502022,0.6386070246514501,0.5279484252775588,1.0,0.05279232111692845,0.05634758995247793,-0.003555268835549484,14,18,True,-0.0
immune cells,CRTC2,0.07133853785249204,0.06831963299587647,0.003018904856615573,up_in_CKD,0.08105180199115704,0.2409017087867733,0.8113403504639375,1.0,0.04799301919720768,0.04344874405974202,0.004544275137465657,14,18,True,-0.0
immune cells,CSF2RB,0.05106132776752475,0.046283662458046076,0.004777665309478672,up_in_CKD,0.10941505354100849,0.3211192031135684,0.7503686522090455,1.0,0.03504944735311227,0.029192124915139173,0.0058573224379731,14,18,True,-0.0
immune cells,CSNK2A1,0.14401186071086153,0.13719361282255818,0.006818247888303347,up_in_CKD,0.12358543035191298,0.3735646052328973,0.7116852319649877,1.0,0.09860383944153578,0.09708078750848609,0.0015230519330496906,14,18,True,-0.0
immune cells,CSTB,0.889624788252458,0.8474528479074721,0.04217194034498595,up_in_CKD,0.23348937263987837,0.6778452594088691,0.5030651417148446,1.0,0.4655322862129145,0.45621181262729127,0.009320473585623212,14,18,True,-0.0
immune cells,CTBP1,0.21270247482082522,0.2074665332717708,0.005235941549054407,up_in_CKD,0.07299414450736393,0.22215575982709532,0.8259582720447312,1.0,0.13336242001163467,0.12763068567549218,0.005731734336142491,14,18,True,-0.0
immune cells,CTSD,0.6867996575906394,0.664386500754916,0.022413156835723425,up_in_CKD,0.10075934352609242,0.2734388402608743,0.7868737651196122,1.0,0.34060500290866785,0.3543788187372709,-0.013773815828603042,14,18,True,-0.0
immune cells,CTSH,0.45048365995703576,0.4466265840920581,0.003857075864977688,up_in_CKD,0.022911227452068268,0.0673077762868184,0.9467884791881274,1.0,0.2430191972076789,0.2620502376103191,-0.019031040402640198,14,18,True,-0.0
immune cells,CTSZ,0.48566579890175754,0.4733188073122289,0.012346991589528622,up_in_CKD,0.06729830902592683,0.20272729658609734,0.8408605904152708,1.0,0.27356020942408377,0.27630685675492195,-0.002746647330838181,14,18,True,-0.0
immune cells,CUL1,0.06906213829103167,0.06282811903277162,0.006234019258260046,up_in_CKD,0.16326652646547082,0.5007454372809247,0.6210658831003093,1.0,0.04552065154159395,0.04480651731160896,0.0007141342299849945,14,18,True,-0.0
immune cells,CUL3,0.1577064322016555,0.14940524365256527,0.008301188549090233,up_in_CKD,0.11632197800146053,0.3528518524194742,0.7270341305627952,1.0,0.09278650378126818,0.09640190088255261,-0.0036153971012844316,14,18,True,-0.0
immune cells,CUL4A,0.08545164674283301,0.08384656159157224,0.0016050851512607739,up_in_CKD,0.03839655009289646,0.11330445336490817,0.9105600297092623,1.0,0.05511925538103549,0.05295315682281059,0.002166098558224895,14,18,True,-0.0
immune cells,CUL5,0.13502405473964346,0.131156056458081,0.0038679982815624514,up_in_CKD,0.08110054520496843,0.24659462032362545,0.8071800938033794,1.0,0.08551483420593368,0.09572301425661914,-0.010208180050685453,14,18,True,-0.0
immune cells,CWF19L1,0.04774547439234294,0.04653449790586498,0.0012109764864779576,up_in_CKD,0.032849888212590724,0.10110743378418299,0.9203185010687952,1.0,0.029377545084351368,0.031907671418873046,-0.0025301263345216783,14,18,True,-0.0
immune cells,CYB5R3,0.17457563283053837,0.1608038843852827,0.013771748445255666,up_in_CKD,0.21553683037229365,0.6202479696251061,0.5397960741093376,1.0,0.11227457824316463,0.109979633401222,0.002294944841942634,14,18,True,-0.0
immune cells,CYSTM1,0.21392060721647407,0.16992847517341578,0.043992132043058296,up_in_CKD,0.2745135632154182,0.7135686652925837,0.48455667209458414,1.0,0.12027341477603258,0.09911744738628649,0.021155967389746094,14,18,True,-0.0
immune cells,DCAF10,0.05963127581417745,0.05358144326311414,0.006049832551063311,up_in_CKD,0.18071743885201721,0.5333695276047672,0.5977924346787906,1.0,0.040430482838859805,0.041412084181941616,-0.0009816013430818116,14,18,True,-0.0
immune cells,DCAF5,0.08415899057601685,0.07705206696066941,0.007106923615347441,up_in_CKD,0.19505408322155254,0.5476266112046152,0.58826595163668,1.0,0.0548283885980221,0.04752206381534284,0.007306324782679265,14,18,True,-0.0
immune cells,DCP2,0.21260718903441145,0.2096199321286357,0.0029872569057757536,up_in_CKD,0.043598140951724394,0.1258408225244,0.9006987014745004,1.0,0.13089005235602094,0.1384928716904277,-0.007602819334406763,14,18,True,-0.0
immune cells,DCTD,0.08778948009044778,0.08578758123970988,0.0020018988507378987,up_in_CKD,0.0455752399809847,0.1351597343783804,0.8934203142992416,1.0,0.06050029086678301,0.06992532247114731,-0.009425031604364302,14,18,True,-0.0
immune cells,DCTN5,0.061397009532009994,0.058661981204645865,0.0027350283273641293,up_in_CKD,0.0852759583424739,0.25719325324093034,0.7989822236683153,1.0,0.04464805119255381,0.048879837067209775,-0.0042317858746559675,14,18,True,-0.0
immune cells,DCUN1D4,0.04231323126010378,0.039760829835367266,0.0025524014247365126,up_in_CKD,0.07399560682032727,0.2311872989193333,0.819418643201664,1.0,0.030250145433391506,0.02172437202987101,0.008525773403520495,14,18,True,-0.0
immune cells,DDHD1,0.09572272362359995,0.09284591639538345,0.0028768072282164964,up_in_CKD,0.07524025095385196,0.2191110741460166,0.8280492657097418,1.0,0.056282722513089,0.05634758995247793,-6.486743938893119e-05,14,18,True,-0.0
immune cells,DDT,0.599892809233518,0.595663809339987,0.0042289998935309825,up_in_CKD,0.03508572160520763,0.10585048553266369,0.9164858207214357,1.0,0.34293193717277487,0.3557365919891378,-0.012804654816362948,14,18,True,-0.0
immune cells,DDX39A,0.20828976919719366,0.18935709247206056,0.018932676725133102,up_in_CKD,0.1840070446570304,0.5378202615649984,0.5946857278314196,1.0,0.1183827806864456,0.11812627291242363,0.00025650777402197456,14,18,True,-0.0
immune cells,DDX3X,0.50690373096451,0.46999268344040307,0.036911047524106955,up_in_CKD,0.21906387499120702,0.6489234597229218,0.5214817256824728,1.0,0.30410122164048864,0.2987101154107264,0.005391106229762244,14,18,True,-0.0
immune cells,DDX41,0.0595504790483586,0.054891207257018015,0.004659271791340583,up_in_CKD,0.14485910585332257,0.44735358871989084,0.6588012759436046,1.0,0.039848749272833044,0.04005431093007468,-0.00020556165724163605,14,18,True,-0.0
immune cells,DDX49,0.0686229261780035,0.06585834303525723,0.002764583142746274,up_in_CKD,0.07611413807574537,0.22734619265851932,0.8217929755107849,1.0,0.04581151832460733,0.04480651731160896,0.0010050010129983716,14,18,True,-0.0
immune cells,DDX6,0.26709405722456053,0.2514703279385185,0.015623729286042054,up_in_CKD,0.15799974408438316,0.45517145136337794,0.6522723873349765,1.0,0.15997673065735893,0.14188730482009504,0.01808942583726389,14,18,True,-0.0
immune cells,DEDD,0.059850202068622016,0.05633375606401322,0.003516446004608799,up_in_CKD,0.10239719578410572,0.30856862650879807,0.7600106221329798,1.0,0.04072134962187318,0.04005431093007468,0.0006670386917985022,14,18,True,-0.0
immune cells,DEF6,0.17222448339353189,0.16941160109716583,0.0028128822963660594,up_in_CKD,0.04096696317030933,0.11733569003304055,0.9073839280818031,1.0,0.10980221058755091,0.12152070604209098,-0.011718495454540068,14,18,True,-0.0
immune cells,DENND4B,0.10671435471570732,0.09777122726273024,0.008943127452977082,up_in_CKD,0.19884396223881992,0.5945599588502666,0.5568941053935383,1.0,0.06806282722513089,0.06924643584521385,-0.0011836086200829599,14,18,True,-0.0
immune cells,DENND4C,0.07056568151026878,0.06666020384574327,0.0039054776645255085,up_in_CKD,0.11495244873788502,0.3568466153281303,0.7245959418895745,1.0,0.04639325189063409,0.05295315682281059,-0.006559904932176501,14,18,True,-0.0
immune cells,DENND5A,0.061195211014055374,0.05347350859063136,0.007721702423424015,up_in_CKD,0.19497645207656059,0.5797272798651384,0.5666183769551142,1.0,0.0447934845840605,0.03801765105227427,0.006775833531786235,14,18,True,-0.0
immune cells,DENR,0.1633610242997168,0.15745665778215745,0.005904366517559351,up_in_CKD,0.10183952703607957,0.31113330325022226,0.7582872612209278,1.0,0.10500290866783013,0.10930074677528853,-0.0042978381074584016,14,18,True,-0.0
immune cells,DERL2,0.1578970886113369,0.15127854150556663,0.006618547105770256,up_in_CKD,0.1430693782827293,0.42056717658719933,0.6771070004025271,1.0,0.1026759744037231,0.11812627291242363,-0.015450298508700527,14,18,True,-0.0
immune cells,DFFA,0.05254927830130255,0.05182497466053951,0.0007243036407630424,up_in_CKD,0.02343404221099872,0.06884554332273585,0.9455747506914556,1.0,0.03504944735311227,0.035302104548540394,-0.0002526571954281215,14,18,True,-0.0
immune cells,DGAT1,0.0861156769321721,0.08345802809362309,0.0026576488385490205,up_in_CKD,0.06170338146725531,0.1767473730642484,0.8609063710357707,1.0,0.056137289121582314,0.054989816700611,0.001147472420971317,14,18,True,-0.0
immune cells,DGCR6L,0.206169839588652,0.20357996472756343,0.0025898748610885813,up_in_CKD,0.04958423467586157,0.1400285490049427,0.8896150982696319,1.0,0.1330715532286213,0.1425661914460285,-0.009494638217407203,14,18,True,-0.0
immune cells,DGKA,0.13030421497954858,0.11233325411943386,0.017970960860114724,up_in_CKD,0.2681320581465881,0.7598920463393419,0.45344942525028503,1.0,0.07591623036649214,0.08078750848608282,-0.004871278119590677,14,18,True,-0.0
immune cells,DHX15,0.12439435274195144,0.11692303606367688,0.007471316678274567,up_in_CKD,0.14478250571487003,0.42412672522188866,0.6745207085051151,1.0,0.08551483420593368,0.08486082824168364,0.0006540059642500401,14,18,True,-0.0
immune cells,DHX30,0.09628790803160191,0.09037583690753909,0.00591207112406282,up_in_CKD,0.1448295801812038,0.44685765788015014,0.6591247904125116,1.0,0.06457242582897033,0.06788866259334692,-0.00331623676437659,14,18,True,-0.0
immune cells,DIMT1,0.07715262535509086,0.07071875689225222,0.006433868462838638,up_in_CKD,0.19999198101154395,0.5744705682144288,0.5699577372367196,1.0,0.0477021524141943,0.042090970807875085,0.005611181606319217,14,18,True,-0.0
immune cells,DKC1,0.08180541951376252,0.07335787470281264,0.008447544810949878,up_in_CKD,0.24239176816301686,0.736393952593401,0.4681218220826695,1.0,0.05148342059336824,0.058384249830278345,-0.006900829236910107,14,18,True,-0.0
immune cells,DLD,0.1042225846471739,0.09572046660652106,0.008502118040652845,up_in_CKD,0.13767871713928218,0.3880343571234994,0.7008712375847647,1.0,0.06631762652705062,0.06381534283774609,0.002502283689304524,14,18,True,-0.0
immune cells,DLEU2,0.07602590673988904,0.06501314900105315,0.011012757738835893,up_in_CKD,0.17214568239475114,0.5125586578395124,0.6121988319539919,1.0,0.05090168702734148,0.03054989816700611,0.020351788860335368,14,18,True,-0.0
immune cells,DLG1,0.07011423465782814,0.06448909857388369,0.005625136083944451,up_in_CKD,0.1271245144697869,0.4003168753964331,0.693283782960098,1.0,0.04581151832460733,0.04344874405974202,0.0023627742648653083,14,18,True,-0.0
immune cells,DLGAP4,0.07048346503490432,0.06785216772761866,0.00263129730728566,up_in_CKD,0.060934070617147354,0.1873627867589786,0.8529645685621905,1.0,0.049738219895287955,0.04480651731160896,0.004931702583678997,14,18,True,-0.0
immune cells,DMTF1,0.10633481210952574,0.10384010188805073,0.002494710221475002,up_in_CKD,0.04054423310817754,0.1255160884322179,0.9012262335910255,1.0,0.07038976148923792,0.06788866259334692,0.0025010988958910074,14,18,True,-0.0
immune cells,DMXL1,0.0924952518815909,0.08646267093001586,0.006032580951575037,up_in_CKD,0.11866300824116584,0.34399853125145763,0.7332469619714046,1.0,0.060209424083769635,0.05770536320434488,0.0025040608794247576,14,18,True,-0.0
immune cells,DNAJC24,0.0499682725395363,0.04478872600876361,0.00517954653077269,up_in_CKD,0.18064200696400534,0.5492974030812369,0.587542710407128,1.0,0.030541012216404886,0.038696537678207736,-0.00815552546180285,14,18,True,-0.0
immune cells,DNM1L,0.10835093620081551,0.10125019441882582,0.007100741781989689,up_in_CKD,0.15372221499340044,0.44710651103817145,0.6580115547191808,1.0,0.07097149505526469,0.07535641547861507,-0.004384920423350383,14,18,True,-0.0
immune cells,DOCK2,0.194800477308216,0.19294454105264822,0.0018559362555677916,up_in_CKD,0.026190678078762297,0.07607897998806162,0.9398614650647839,1.0,0.12216404886561955,0.143245078071962,-0.021081029206342444,14,18,True,-0.0
immune cells,DOK1,0.09488763519342047,0.09286704188538468,0.0020205933080357924,up_in_CKD,0.05122483016491586,0.1489048106910774,0.8826256090704393,1.0,0.06413612565445026,0.0726408689748812,-0.00850474332043094,14,18,True,-0.0
immune cells,DPH7,0.057533590006813976,0.05013528343285605,0.007398306573957923,up_in_CKD,0.21407412690313832,0.6501708407195538,0.52130840579386,1.0,0.040430482838859805,0.035302104548540394,0.00512837829031941,14,18,True,-0.0
immune cells,DPM3,0.3380789900889054,0.32880300887996644,0.009275981208938966,up_in_CKD,0.10003402644707853,0.28808788537968516,0.7752666942716877,1.0,0.21291448516579406,0.22063815342837745,-0.0077236682625833886,14,18,True,-0.0
immune cells,DPP7,0.5132276555037371,0.5051548233823676,0.008072832121369444,up_in_CKD,0.06572386494639644,0.18638726396225933,0.853435728831685,1.0,0.2873763816172193,0.3102511880515954,-0.022874806434376116,14,18,True,-0.0
immune cells,DPP8,0.11735713328126993,0.10921493450348084,0.008142198777789086,up_in_CKD,0.12622464237822026,0.37596646139451856,0.709721889728659,1.0,0.07111692844677138,0.07535641547861507,-0.0042394870318436945,14,18,True,-0.0
immune cells,DPP9,0.05085173734064009,0.04506841662705693,0.005783320713583159,up_in_CKD,0.18163167175051792,0.5555608878127574,0.5835051138127055,1.0,0.03664921465968586,0.03054989816700611,0.006099316492679752,14,18,True,-0.0
immune cells,DPYSL2,0.3052173572198488,0.27448727181039945,0.030730085409449326,up_in_CKD,0.19885413396995422,0.5195405556945984,0.6094525141065974,1.0,0.17844677137870854,0.1670061099796334,0.011440661399075153,14,18,True,-0.0
immune cells,DRAM1,0.05130989224252539,0.042371585582705804,0.008938306659819588,up_in_CKD,0.25186341522237565,0.753460353320072,0.45745208100109935,1.0,0.034176847004072135,0.027155465037338764,0.007021381966733371,14,18,True,-0.0
immune cells,DRAM2,0.25989062838582977,0.24133723389700729,0.018553394488822483,up_in_CKD,0.2380858573842127,0.6255867639681572,0.5388455303881222,1.0,0.16346713205351948,0.164969450101833,-0.0015023180483135223,14,18,True,-0.0
immune cells,DRG1,0.051426261842213834,0.046181112391386406,0.0052451494508274285,up_in_CKD,0.21641708208003588,0.6260780097231587,0.5360003987281929,1.0,0.035631180919139034,0.034623217922606926,0.001007962996532108,14,18,True,-0.0
immune cells,DST,0.10606971449436677,0.1052810118807571,0.0007887026136096653,up_in_CKD,0.010922070804341313,0.03303840671979393,0.9738913145205842,1.0,0.06951716114019779,0.062457569585879155,0.007059591554318637,14,18,True,-0.0
immune cells,DUSP22,0.1413519370086085,0.12801614621087928,0.01333579079772923,up_in_CKD,0.2078858361178626,0.5922374494166318,0.5582194423096326,1.0,0.09205933682373472,0.09911744738628649,-0.0070581105625517615,14,18,True,-0.0
immune cells,DUSP3,0.05170701961646763,0.048261635049812075,0.0034453845666555516,up_in_CKD,0.10242880187440268,0.3081772772087562,0.7602861561507053,1.0,0.04290285049447353,0.03394433129667346,0.008958519197800073,14,18,True,-0.0
immune cells,DUSP6,0.35191968980234195,0.32672764093505235,0.025192048867289596,up_in_CKD,0.17092688519044644,0.46993115439940414,0.6423842090317475,1.0,0.1863001745200698,0.18737270875763748,-0.0010725342375676739,14,18,True,-0.0
immune cells,DVL3,0.059206776969119024,0.05728698144355039,0.0019197955255686322,up_in_CKD,0.07472683311614174,0.23152266342212707,0.819008204507055,1.0,0.038976148923792905,0.035302104548540394,0.003674044375252511,14,18,True,-0.0
immune cells,DYNLRB1,0.5601726574125446,0.5394801747435812,0.020692482668963397,up_in_CKD,0.2143832014324031,0.6170751899161433,0.5418575081196535,1.0,0.32446189645142526,0.34012219959266804,-0.015660303141242782,14,18,True,-0.0
immune cells,DYNLT3,0.15107308983540452,0.13883408462291694,0.01223900521248758,up_in_CKD,0.21497540087103695,0.6344238472189724,0.5307156315088131,1.0,0.09424083769633508,0.10319076714188731,-0.00894992944555223,14,18,True,-0.0
immune cells,DYRK1A,0.09586690662477637,0.08811096883544928,0.007755937789327094,up_in_CKD,0.16373848913858355,0.4905605467684399,0.6275784153793427,1.0,0.062390924956369984,0.055668703326544465,0.006722221629825519,14,18,True,-0.0
immune cells,EBPL,0.12869370218668938,0.12489331536361613,0.0038003868230732513,up_in_CKD,0.05844135835219494,0.1626347254937423,0.87201080048373,1.0,0.08696916812100058,0.09843856076035302,-0.011469392639352441,14,18,True,-0.0
immune cells,ECHS1,0.29562910042014945,0.28719505233991277,0.008434048080236678,up_in_CKD,0.10092496989539523,0.28503348347729823,0.7776640296394228,1.0,0.18324607329842932,0.19280380176510523,-0.009557728466675908,14,18,True,-0.0
immune cells,EDEM1,0.12347186415595272,0.10925527066697088,0.01421659348898184,up_in_CKD,0.2296695659466824,0.7122688229135938,0.4837016664220967,1.0,0.08086096567771961,0.0726408689748812,0.008220096702838409,14,18,True,-0.0
immune cells,EFR3A,0.16101772109549145,0.15123082442191904,0.00978689667357241,up_in_CKD,0.15055152715991693,0.4394059947770701,0.6635253472820059,1.0,0.10063990692262943,0.09911744738628649,0.001522459536342946,14,18,True,-0.0
immune cells,EGLN1,0.07723987524848673,0.07422867700334276,0.0030111982451439673,up_in_CKD,0.0680909188319234,0.20850315201183342,0.8365580917453823,1.0,0.05162885398487493,0.05363204344874406,-0.002003189463869133,14,18,True,-0.0
immune cells,EGR1,0.32242161873043174,0.30843480047781635,0.013986818252615385,up_in_CKD,0.08313049337321182,0.22243761972096365,0.8260377571122898,1.0,0.1775741710296684,0.17311608961303462,0.004458081416633786,14,18,True,-0.0
immune cells,EGR2,0.07390605759309063,0.07117208572083181,0.0027339718722588224,up_in_CKD,0.05424035208143676,0.15741959806365274,0.8759689681125664,1.0,0.0549738219895288,0.0461642905634759,0.008809531426052897,14,18,True,-0.0
immune cells,EHBP1L1,0.24352476134844045,0.2243024299566852,0.01922233139175525,up_in_CKD,0.1710017993310371,0.5027490843590123,0.6188596500915865,1.0,0.14630599185573007,0.1296673455532926,0.01663864630243747,14,18,True,-0.0
immune cells,EHMT1,0.07883081934169663,0.07320936057256486,0.005621458769131768,up_in_CKD,0.18369447879523398,0.5710159937512849,0.5738231590562294,1.0,0.0491564863292612,0.05363204344874406,-0.004475557119482859,14,18,True,-0.0
immune cells,EIF3A,0.35050693180963516,0.32954360301585595,0.020963328793779212,up_in_CKD,0.2399133501119452,0.7177243242578895,0.47886362330603427,1.0,0.20695171611401977,0.20162932790224034,0.0053223882117794385,14,18,True,-0.0
immune cells,EIF3E,0.7935935681204996,0.788089520692365,0.005504047428134595,up_in_CKD,0.03574857649481309,0.10466813381058396,0.9173402444685179,1.0,0.44168121000581734,0.4874405974202308,-0.04575938741441349,14,18,True,-0.0
immune cells,EIF3M,0.3574583764191965,0.35238630301245905,0.005072073406737432,up_in_CKD,0.06351953636055034,0.18576870037132784,0.8538827086530616,1.0,0.2193135543920884,0.24439918533604887,-0.025085630943960463,14,18,True,-0.0
immune cells,EIF4E3,0.0731869594095308,0.06417389413288117,0.00901306527664962,up_in_CKD,0.17794263901687704,0.5367484698675771,0.595846158444701,1.0,0.04552065154159395,0.03801765105227427,0.007503000489319685,14,18,True,-0.0
immune cells,EIF4G3,0.09094172598381577,0.08764365081471338,0.0032980751691023824,up_in_CKD,0.0881779342327602,0.269003921174501,0.7901199469145372,1.0,0.061518324607329845,0.05634758995247793,0.005170734654851912,14,18,True,-0.0
immune cells,EIF5A,0.5534896454105768,0.5217191466941943,0.03177049871638249,up_in_CKD,0.19921569614637283,0.5935234099781758,0.5575099741626032,1.0,0.3262070971495055,0.3122878479293958,0.01391924922010973,14,18,True,-0.0
immune cells,EIF5B,0.2847666389863597,0.26733665554321784,0.01742998344314184,up_in_CKD,0.239411739631181,0.7007187178635438,0.4889098591277131,1.0,0.16812100058173357,0.19280380176510523,-0.024682801183371655,14,18,True,-0.0
immune cells,ELMOD2,0.07000377988017029,0.06989006227570393,0.00011371760446635126,up_in_CKD,0.002770426506195539,0.00837245261390652,0.9933821483936849,1.0,0.04930191972076789,0.051595383570943655,-0.0022934638501757657,14,18,True,-0.0
immune cells,ELMSAN1,0.09236732635008475,0.08229219225614295,0.010075134093941798,up_in_CKD,0.23127212476762188,0.6789110770682119,0.5024522244694674,1.0,0.06050029086678301,0.06313645621181263,-0.002636165345029619,14,18,True,-0.0
immune cells,ELOB,0.901003980022819,0.773311299693752,0.127692680329067,up_in_CKD,0.21535372391325006,0.6248989722755429,0.5367619375080802,1.0,0.47614892379290286,0.3346911065852003,0.14145781720770256,14,18,True,-0.0
immune cells,ELOC,0.2524293321988699,0.24337983690183368,0.009049495297036247,up_in_CKD,0.04596914872223986,0.1358239409724575,0.8928899894102064,1.0,0.16826643397324026,0.13441955193482688,0.03384688203841338,14,18,True,-0.0
immune cells,ELP6,0.07967101000773204,0.07898274897658168,0.0006882610311503556,up_in_CKD,0.0162236768823903,0.04961116599646093,0.9608302788620726,1.0,0.05017452006980803,0.05091649694501019,-0.0007419768752021591,14,18,True,-0.0
immune cells,EMC4,0.147187065157692,0.14222750798790865,0.004959557169783357,up_in_CKD,0.08632470026582226,0.25398474239602553,0.8012652998638606,1.0,0.09918557300756253,0.10658520027155464,-0.007399627263992112,14,18,True,-0.0
immune cells,EMC6,0.24914197355200915,0.23806639805285426,0.011075575499154888,up_in_CKD,0.19227830846417643,0.5395719915448904,0.5937440757011176,1.0,0.15939499709133217,0.17243720298710116,-0.013042205895768988,14,18,True,-0.0
immune cells,EMC8,0.0730998646666392,0.06957322468131065,0.003526639985328553,up_in_CKD,0.10668912679151017,0.3065182397254843,0.7613394701297493,1.0,0.04566608493310064,0.051595383570943655,-0.005929298637843014,14,18,True,-0.0
immune cells,EMD,0.096794895465658,0.0876583344463163,0.00913656101934171,up_in_CKD,0.2456717257107443,0.7202356279793874,0.4770002100071681,1.0,0.06748109365910412,0.06924643584521385,-0.001765342186109728,14,18,True,-0.0
immune cells,EML2,0.054364899675695355,0.047357062277077595,0.00700783739861776,up_in_CKD,0.22413665879924233,0.627550490386813,0.5354111703469892,1.0,0.034904013961605584,0.03598099117447386,-0.0010769772128682784,14,18,True,-0.0
immune cells,ENDOG,0.0772937131208071,0.07435661827039537,0.0029370948504117284,up_in_CKD,0.06637220184417982,0.20078307026807962,0.8424003373068304,1.0,0.049738219895287955,0.05227427019687712,-0.0025360503015891683,14,18,True,-0.0
immune cells,ENOPH1,0.08418638750653737,0.07950810945192216,0.004678278054615209,up_in_CKD,0.11437891428587492,0.3341759457637959,0.7405806613743585,1.0,0.053810354857475276,0.055668703326544465,-0.001858348469069189,14,18,True,-0.0
immune cells,ENOSF1,0.050212692501994775,0.043519154234384426,0.006693538267610349,up_in_CKD,0.17779959032919762,0.5451399956334481,0.5906256383459423,1.0,0.033304246655032,0.025118805159538356,0.00818544149549364,14,18,True,-0.0
immune cells,ENTPD1,0.09673898971844642,0.08596401623544733,0.010774973482999092,up_in_CKD,0.1988183503880499,0.6052949573406377,0.5503315136780192,1.0,0.06631762652705062,0.05974202308214528,0.006575603444905334,14,18,True,-0.0
immune cells,EP400,0.05899630393986683,0.0547994109844114,0.004196892955455431,up_in_CKD,0.12565008661595242,0.38517526283369086,0.703453612867256,1.0,0.03926701570680628,0.042090970807875085,-0.002823955101068802,14,18,True,-0.0
immune cells,EPB41,0.14012973848307878,0.13544938245377047,0.004680356029308302,up_in_CKD,0.09323004446281213,0.26307478373698306,0.794376374910697,1.0,0.08740546829552065,0.0855397148676171,0.0018657534279035437,14,18,True,-0.0
immune cells,ERC1,0.0494434999802031,0.04763527058718374,0.0018082293930193616,up_in_CKD,0.05565993939828815,0.16379681933952092,0.871006088861817,1.0,0.033304246655032,0.02987101154107264,0.0034332351139593556,14,18,True,-0.0
immune cells,ERCC5,0.04973086933108848,0.04948663176329499,0.00024423756779348715,up_in_CKD,0.005247472320427412,0.014598910879218859,0.9884590827781156,1.0,0.03926701570680628,0.03665987780040733,0.0026071379063989514,14,18,True,-0.0
immune cells,ERG28,0.062356168773311835,0.05616362740127091,0.006192541372040922,up_in_CKD,0.09594658028453341,0.28749887519420486,0.775859229717018,1.0,0.04566608493310064,0.027834351663272233,0.01783173326982841,14,18,True,-0.0
immune cells,ERGIC2,0.19025690971863693,0.1848984389991464,0.005358470719490527,up_in_CKD,0.10444595831223413,0.3054761069319541,0.7621237059409515,1.0,0.12623618382780685,0.1364562118126273,-0.01022002798482044,14,18,True,-0.0
immune cells,ESCO1,0.1468358366855577,0.1325709991791663,0.014264837506391403,up_in_CKD,0.259213386465812,0.7516739024625915,0.4581040538661933,1.0,0.09278650378126818,0.10047522063815342,-0.0076887168568852415,14,18,True,-0.0
immune cells,ESYT1,0.08636633484210084,0.0764994228374327,0.009866912004668132,up_in_CKD,0.18158469451246081,0.5443601055568077,0.5905358454006102,1.0,0.06122745782431646,0.048879837067209775,0.012347620757106686,14,18,True,-0.0
immune cells,ETFB,0.3140452399335049,0.29736565443666285,0.016679585496842064,up_in_CKD,0.21699137335254684,0.6113676221781482,0.5458031769772624,1.0,0.2049156486329261,0.20977596741344195,-0.004860318780515849,14,18,True,-0.0
immune cells,ETFRF1,0.07160435481094031,0.06497506326307041,0.006629291547869898,up_in_CKD,0.1181026741515433,0.34222400981476675,0.7345684471989713,1.0,0.051192553810354854,0.04276985743380855,0.008422696376546301,14,18,True,-0.0
immune cells,ETV6,0.0960277830632237,0.08539181190892103,0.010635971154302662,up_in_CKD,0.2143432223789859,0.6610767599154379,0.5150605152283407,1.0,0.06602675974403723,0.06856754921928038,-0.002540789475243152,14,18,True,-0.0
immune cells,EVI2B,0.508417108326112,0.4857530198131344,0.022664088512977576,up_in_CKD,0.18213807315883243,0.5037780796431429,0.6185985393488636,1.0,0.3046829552065154,0.3048200950441276,-0.00013713983761221016,14,18,True,-0.0
immune cells,EVL,0.5198256884119823,0.5195165377981739,0.0003091506138084288,up_in_CKD,0.0021374691990354144,0.0060033307014245385,0.9952523626418658,1.0,0.29173938336242,0.2987101154107264,-0.006970732048306394,14,18,True,-0.0
immune cells,EXOC3,0.09068866983680164,0.08571895867514218,0.004969711161659465,up_in_CKD,0.09639408723881489,0.29367189913025693,0.7713958251067998,1.0,0.058027923211169286,0.059063136456211814,-0.001035213245042528,14,18,True,-0.0
immune cells,EXOC6,0.05432793541230195,0.0507028706809007,0.0036250647314012494,up_in_CKD,0.11457149938719405,0.35090548139194233,0.7286600694808518,1.0,0.03446771378708551,0.034623217922606926,-0.0001555041355214143,14,18,True,-0.0
immune cells,EXOSC6,0.11303967863376364,0.10747491828944619,0.0055647603443174515,up_in_CKD,0.11243077267587989,0.3450936139098666,0.7330163957019017,1.0,0.06908086096567773,0.0726408689748812,-0.0035600080092034747,14,18,True,-0.0
immune cells,FAHD1,0.04650645401329097,0.03849368420459193,0.008012769808699041,up_in_CKD,0.20362674483884957,0.6020289271618753,0.5517964280007389,1.0,0.030831878999418267,0.027834351663272233,0.0029975273361460344,14,18,True,-0.0
immune cells,FAM120A,0.20671554214002405,0.19592179949154642,0.010793742648477628,up_in_CKD,0.16538521559459637,0.4620224843878001,0.647687164871203,1.0,0.141652123327516,0.1384928716904277,0.0031592516370883006,14,18,True,-0.0
immune cells,FAM120AOS,0.08035157158910837,0.07154861073875159,0.008802960850356784,up_in_CKD,0.24291886954007585,0.696302926856556,0.4916462536543269,1.0,0.056282722513089,0.05974202308214528,-0.0034593005690562798,14,18,True,-0.0
immune cells,FAM122B,0.060578054155685894,0.05671495813759078,0.003863096018095112,up_in_CKD,0.11293942900000103,0.33304971012070106,0.7414585170738404,1.0,0.039703315881326355,0.03598099117447386,0.0037223247068524923,14,18,True,-0.0
immune cells,FAM13B,0.08878192622563782,0.08877161746884427,1.0308756793558915e-05,up_in_CKD,0.00021815415808070223,0.0006383450570000507,0.9994949238969296,1.0,0.06122745782431646,0.05634758995247793,0.004879867871838528,14,18,True,-0.0
immune cells,FAM173A,0.22914330653196127,0.22416784383174823,0.00497546270021304,up_in_CKD,0.05473216025779934,0.1458237810347701,0.8854325091530109,1.0,0.11634671320535195,0.16836388323150034,-0.05201717002614839,14,18,True,-0.0
immune cells,FAM210B,0.06577258096606219,0.05790363293315454,0.007868948032907642,up_in_CKD,0.18896188319204196,0.5857619760603286,0.5639096655972191,1.0,0.04304828388598022,0.03801765105227427,0.005030632833705952,14,18,True,-0.0
immune cells,FAM214B,0.06913659979318452,0.06133829926231898,0.007798300530865547,up_in_CKD,0.16940903654408349,0.5161451885442441,0.6102207029950043,1.0,0.04537521815008726,0.03937542430414121,0.005999793845946046,14,18,True,-0.0
immune cells,FAM217B,0.06798780148518792,0.06790825767284495,7.954381234297203e-05,up_in_CKD,0.0019588534114883633,0.00594130365280845,0.9953047150991936,1.0,0.04581151832460733,0.04752206381534284,-0.0017105454907355086,14,18,True,-0.0
immune cells,FAM219B,0.0521057754158594,0.04814955730875078,0.003956218107108625,up_in_CKD,0.09735028810431556,0.30486798821047467,0.7635459998986174,1.0,0.036212914485165795,0.025797691785471828,0.010415222699693968,14,18,True,-0.0
immune cells,FAM76B,0.07391982352973833,0.07363211048923254,0.00028771304050578816,up_in_CKD,0.009209397902536845,0.026796725346133667,0.978799467322933,1.0,0.049738219895287955,0.048200950441276307,0.0015372694540116486,14,18,True,-0.0
immune cells,FAM91A1,0.1039888228055619,0.0978067699417581,0.0061820528638038,up_in_CKD,0.12584943831382395,0.3436833863083329,0.7339952657655616,1.0,0.06762652705061083,0.07128309572301425,-0.0036565686724034235,14,18,True,-0.0
immune cells,FBRS,0.09077302490206023,0.0896021378178689,0.00117088708419133,up_in_CKD,0.01552358667206846,0.04773181974063178,0.9623282710883247,1.0,0.04988365328679465,0.04752206381534284,0.0023615894714518124,14,18,True,-0.0
immune cells,FBRSL1,0.07813488848116469,0.07063853386605345,0.0074963546151112365,up_in_CKD,0.2238493834517642,0.6753853749255044,0.5051939260262889,1.0,0.04799301919720768,0.04073319755600815,0.007259821641199531,14,18,True,-0.0
immune cells,FBXL20,0.04567956728422685,0.03594035843085283,0.009739208853374016,up_in_CKD,0.23146942800650777,0.7015321622199376,0.48914951338421014,1.0,0.030541012216404886,0.021045485403937542,0.009495526812467344,14,18,True,-0.0
immune cells,FBXO21,0.07625438566847717,0.06828473094361767,0.007969654724859498,up_in_CKD,0.1907512233087074,0.5907091525950194,0.5605988463891909,1.0,0.0535194880744619,0.0461642905634759,0.007355197510985997,14,18,True,-0.0
immune cells,FBXO28,0.05042718776524069,0.0443126232929971,0.006114564472243587,up_in_CKD,0.2508780526645325,0.7493179870016047,0.459863236621028,1.0,0.03461314717859221,0.035302104548540394,-0.0006889573699481871,14,18,True,-0.0
immune cells,FBXO30,0.04677772767256653,0.04069956687373151,0.006078160798835018,up_in_CKD,0.19118174775984298,0.5802302213793672,0.5667524848367841,1.0,0.030831878999418267,0.031907671418873046,-0.001075792419454779,14,18,True,-0.0
immune cells,FCER1A,0.2279631994481158,0.20024851779379904,0.02771468165431676,up_in_CKD,0.19071681626066822,0.5637217510464555,0.5772403014562774,1.0,0.1082024432809773,0.09300746775288526,0.015194975528092042,14,18,True,-0.0
immune cells,FCGR1A,0.0785310184170501,0.0724022379220529,0.006128780494997196,up_in_CKD,0.08095101123347447,0.243388873352683,0.80951713751853,1.0,0.05424665503199535,0.04955872369314324,0.0046879313388521054,14,18,True,-0.0
immune cells,FCHO1,0.05689316316377139,0.04787284179506482,0.00902032136870657,up_in_CKD,0.23982604917290481,0.7167153512257985,0.4794504268028826,1.0,0.036794648051192556,0.031907671418873046,0.0048869766323195105,14,18,True,-0.0
immune cells,FCMR,0.08555807027487645,0.07038468444432372,0.015173385830552735,up_in_CKD,0.19765465273548172,0.5712067015479954,0.5721176016671051,1.0,0.05148342059336824,0.035302104548540394,0.016181316044827844,14,18,True,-0.0
immune cells,FCN1,0.3832764048018448,0.3595268204745565,0.023749584327288353,up_in_CKD,0.1280628558739234,0.3598881063216606,0.7216084142345108,1.0,0.14688772542175685,0.13306177868295996,0.01382594673879689,14,18,True,-0.0
immune cells,FDX1,0.24046776874828457,0.2346015479913705,0.0058662207569140645,up_in_CKD,0.0778758595264345,0.22335447088582142,0.8247856091969218,1.0,0.1457242582897033,0.16836388323150034,-0.022639624941797026,14,18,True,-0.0
immune cells,FGD2,0.17486186170949902,0.15967933606959792,0.015182525639901107,up_in_CKD,0.18413827456117066,0.5159843981822121,0.6099254950154375,1.0,0.122891215823153,0.10522742701968771,0.017663788803465294,14,18,True,-0.0
immune cells,FGD5-AS1,0.17942471976991853,0.16503263431056003,0.014392085459358495,up_in_CKD,0.2230110124647506,0.6975657745767271,0.4932180896158409,1.0,0.11591041303083188,0.12016293279022404,-0.0042525197593921565,14,18,True,-0.0
immune cells,FKBP4,0.10312046973707997,0.09676111455148773,0.006359355185592247,up_in_CKD,0.09949378475492451,0.29878003791303964,0.7673490296943541,1.0,0.06588132635253054,0.0658520027155465,2.932363698403273e-05,14,18,True,-0.0
immune cells,FLII,0.15044602133505336,0.14934450954821435,0.00110151178683901,up_in_CKD,0.020896093467479414,0.06172093886772826,0.9512041092591142,1.0,0.09467713787085515,0.10251188051595383,-0.007834742645098688,14,18,True,-0.0
immune cells,FLNA,0.5559807749018825,0.5127356510155305,0.04324512388635193,up_in_CKD,0.2590596643425794,0.7405094251591537,0.4648248673934529,1.0,0.29813845258871435,0.2837746096401901,0.014363842948524275,14,18,True,-0.0
immune cells,FMNL2,0.044913018705453445,0.044822501685430324,9.051702002312034e-05,up_in_CKD,0.0022732921263882507,0.006779772651948315,0.9946379604935245,1.0,0.03257707969749855,0.03326544467073999,-0.0006883649732414426,14,18,True,-0.0
immune cells,FNDC3B,0.10388683236176718,0.0958177690763803,0.008069063285386882,up_in_CKD,0.13043207442481258,0.39784161069670065,0.6940981867328113,1.0,0.07053519488074463,0.055668703326544465,0.01486649155420016,14,18,True,-0.0
immune cells,FNIP2,0.08785730642321622,0.08575671522885209,0.0021005911943641348,up_in_CKD,0.0452781550463607,0.13530598305198466,0.8933319886746252,1.0,0.062245491564863295,0.06517311608961303,-0.0029276245247497334,14,18,True,-0.0
immune cells,FOXP1,0.2680067844974479,0.24740750437433703,0.02059928012311088,up_in_CKD,0.19109623101586412,0.573719251007351,0.5708046406475232,1.0,0.17102966841186737,0.17175831636116767,-0.000728647949300304,14,18,True,-0.0
immune cells,FXYD1,0.059421614021991406,0.05343466748432497,0.005986946537666439,up_in_CKD,0.14444525723958876,0.41231193374867675,0.6830897522605142,1.0,0.037521815008726006,0.038696537678207736,-0.00117472266948173,14,18,True,-0.0
immune cells,FYB1,0.4818508061961971,0.39915479224250816,0.08269601395368892,up_in_CKD,0.2571217427345196,0.7454128293494532,0.46182287880441414,1.0,0.2716695753344968,0.18737270875763748,0.08429686657685934,14,18,True,-0.0
immune cells,FYTTD1,0.16307255646503335,0.15218251520973783,0.010890041255295524,up_in_CKD,0.1907200504993616,0.5492899176711239,0.5868848649888523,1.0,0.10107620709714951,0.10590631364562118,-0.0048301065484716715,14,18,True,-0.0
immune cells,G2E3,0.07809668782223843,0.0758805115053244,0.002216176316914023,up_in_CKD,0.053822567185727775,0.1594425091865504,0.8744229778960136,1.0,0.04813845258871437,0.04752206381534284,0.000616388773371529,14,18,True,-0.0
immune cells,G6PC3,0.06083766619418575,0.0566672926983668,0.0041703734958189465,up_in_CKD,0.1415084961228034,0.4015254044654148,0.6909657270394819,1.0,0.04363001745200698,0.04480651731160896,-0.0011764998596019774,14,18,True,-0.0
immune cells,GAB3,0.07036893878456664,0.0658572370323983,0.0045117017521683345,up_in_CKD,0.11082151513427778,0.3256787797000083,0.7469559264262968,1.0,0.04726585223967423,0.04412763068567549,0.0031382215539987393,14,18,True,-0.0
immune cells,GABPB1-AS1,0.144635038230872,0.12718054877443247,0.017454489456439543,up_in_CKD,0.14525077998194866,0.42130235782787323,0.6765376551006014,1.0,0.08173356602675974,0.06924643584521385,0.012487130181545888,14,18,True,-0.0
immune cells,GADD45B,0.5659432852172842,0.5571604982399725,0.008782786977311718,up_in_CKD,0.043412509092241786,0.12586863151922664,0.9006756752334343,1.0,0.295956951716114,0.3224711473183978,-0.026514195602283797,14,18,True,-0.0
immune cells,GALK2,0.04256234028872997,0.042333470976050794,0.00022886931267917382,up_in_CKD,0.008695978966204687,0.026558839925890428,0.9790227001648976,1.0,0.029232111692844676,0.035302104548540394,-0.006069992855695719,14,18,True,-0.0
immune cells,GALNT1,0.130255566298975,0.1233165329873678,0.006939033311607196,up_in_CKD,0.1351411609304843,0.40323870176125726,0.689797928449081,1.0,0.08609656777196044,0.0923285811269518,-0.006232013354991364,14,18,True,-0.0
immune cells,GANAB,0.10693126504110484,0.09898897333133713,0.007942291709767707,up_in_CKD,0.1813847081346042,0.5468743183910788,0.5889549608635305,1.0,0.08057009889470622,0.06381534283774609,0.016754756056960127,14,18,True,-0.0
immune cells,GAPT,0.19187272581246345,0.18033573448989518,0.011536991322568274,up_in_CKD,0.12152407877560627,0.3570945208388327,0.723551013548981,1.0,0.11154741128563118,0.12830957230142567,-0.01676216101579449,14,18,True,-0.0
immune cells,GAPVD1,0.08289142906924411,0.07451277599471585,0.008378653074528258,up_in_CKD,0.19938698117269046,0.6052309127159481,0.5502753129323552,1.0,0.05162885398487493,0.048200950441276307,0.0034279035435986205,14,18,True,-0.0
immune cells,GARS,0.06544382176764478,0.0651817490956576,0.0002620726719871763,up_in_CKD,0.007891084520041291,0.024165831822867165,0.9809160182902253,1.0,0.04319371727748691,0.04752206381534284,-0.00432834653785593,14,18,True,-0.0
immune cells,GAS7,0.05168180927348764,0.0508150504342613,0.0008667588392263365,up_in_CKD,0.021393052881683985,0.06352441769430815,0.9497869766000114,1.0,0.034176847004072135,0.0373387644263408,-0.0031619174222686647,14,18,True,-0.0
immune cells,GBA,0.04356747829408937,0.042927405073064445,0.0006400732210249255,up_in_CKD,0.02257657710329733,0.06663337816452887,0.9473252423155852,1.0,0.030104712041884817,0.024439918533604887,0.00566479350827993,14,18,True,-0.0
immune cells,GBP1,0.1370979200982963,0.12239142270774571,0.01470649739055059,up_in_CKD,0.21154381966734667,0.6017574129134001,0.5519642685848598,1.0,0.07504363001745201,0.06517311608961303,0.009870513927838984,14,18,True,-0.0
immune cells,GDI2,0.46837715362821747,0.44908334947591766,0.01929380415229981,up_in_CKD,0.2129001396279718,0.6206289472123624,0.5395393556954197,1.0,0.26527050610820246,0.28852681602172436,-0.0232563099135219,14,18,True,-0.0
immune cells,GEMIN6,0.083587141465855,0.08214166002546282,0.0014454814403921795,up_in_CKD,0.040660566458819616,0.12464815407823601,0.9018263179550173,1.0,0.05700988947062245,0.062457569585879155,-0.005447680115256703,14,18,True,-0.0
immune cells,GFM1,0.07710620996593072,0.07591156655143924,0.001194643414491478,up_in_CKD,0.034711811599993016,0.10076552370802043,0.920407076842905,1.0,0.04610238510762071,0.05023761031907671,-0.004135225211456005,14,18,True,-0.0
immune cells,GGA1,0.11519244162362825,0.106784953661441,0.008407487962187252,up_in_CKD,0.18313887765743758,0.5497234609439474,0.5869270230263898,1.0,0.07344386271087842,0.0726408689748812,0.0008029937359972233,14,18,True,-0.0
immune cells,GGPS1,0.09904516115237727,0.09747739248878537,0.0015677686635919008,up_in_CKD,0.02839346644477098,0.08008888388503611,0.9367243040752428,1.0,0.0591913903432228,0.0814663951120163,-0.022275004768793495,14,18,True,-0.0
immune cells,GIT1,0.0658313221664081,0.0640665416834276,0.0017647804829804964,up_in_CKD,0.03956261758262983,0.12398128855725728,0.9025472895949119,1.0,0.04450261780104712,0.041412084181941616,0.0030905336191055024,14,18,True,-0.0
immune cells,GLI4,0.06818996684163105,0.06683105452328239,0.0013589123183486568,up_in_CKD,0.03630330816306108,0.11140470854801708,0.9122162024630676,1.0,0.049592786503781267,0.04955872369314324,3.4062810638023355e-05,14,18,True,-0.0
immune cells,GLOD4,0.16551643586071124,0.1590390720394741,0.006477363821237148,up_in_CKD,0.09953249104123171,0.2875128456726608,0.7756984067006549,1.0,0.10311227457824317,0.12763068567549218,-0.024518411097249018,14,18,True,-0.0
immune cells,GLYR1,0.12517027931003236,0.12230592161351209,0.00286435769652027,up_in_CKD,0.07602520813000233,0.22822233287599175,0.8211552574240504,1.0,0.08042466550319953,0.0814663951120163,-0.001041729608816766,14,18,True,-0.0
immune cells,GMCL1,0.09025400370214055,0.08185081067418692,0.008403193027953629,up_in_CKD,0.1783973080897181,0.5190582221122848,0.6075313457141468,1.0,0.056282722513089,0.05431093007467753,0.0019717924384114738,14,18,True,-0.0
immune cells,GMDS,0.042102414553422354,0.040929239221622525,0.0011731753317998292,up_in_CKD,0.043656714670360426,0.12572539534977595,0.9007907335441019,1.0,0.026905177428737638,0.032586558044806514,-0.005681380616068876,14,18,True,-0.0
immune cells,GMEB1,0.053078420382638415,0.049449707233299875,0.0036287131493385402,up_in_CKD,0.09028267280981726,0.277957531037956,0.7834686650594638,1.0,0.034031413612565446,0.031228784792939578,0.0028026288196258686,14,18,True,-0.0
immune cells,GNA15,0.03478270958168468,0.032841589100252117,0.001941120481432565,up_in_CKD,0.06875688299847915,0.20900092616028185,0.8360914427090468,1.0,0.030395578824898198,0.032586558044806514,-0.0021909792199083164,14,18,True,-0.0
immune cells,GNAQ,0.1694959525740214,0.15799956098745527,0.011496391586566124,up_in_CKD,0.1994383199984955,0.5810360146098552,0.5655626208017809,1.0,0.1156195462478185,0.11405295315682282,0.0015665930909956882,14,18,True,-0.0
immune cells,GNB1,0.2912244200654219,0.2740047126964701,0.017219707368951787,up_in_CKD,0.2374199332418512,0.7107086305441932,0.4831497368876608,1.0,0.19182664339732403,0.18058384249830278,0.011242800899021244,14,18,True,-0.0
immune cells,GNB4,0.08103582266597652,0.06783197439638729,0.01320384826958923,up_in_CKD,0.2739119578197919,0.7536556695411198,0.4579069957864705,1.0,0.05439208842350204,0.04955872369314324,0.004833364730358794,14,18,True,-0.0
immune cells,GNPAT,0.0824595662725017,0.07481324202864309,0.00764632424385861,up_in_CKD,0.20797719556796587,0.6489415025037952,0.5233677191047151,1.0,0.05439208842350204,0.054989816700611,-0.0005977282771089595,14,18,True,-0.0
immune cells,GNPDA2,0.054722141032433926,0.04802453777465513,0.006697603257778795,up_in_CKD,0.2259936087142329,0.6949374108215329,0.49382793269847236,1.0,0.03504944735311227,0.03326544467073999,0.0017840026823722835,14,18,True,-0.0
immune cells,GOLGA2,0.07802341281411836,0.07324788579304621,0.004775527021072146,up_in_CKD,0.14138258988427022,0.4177436722883701,0.6791822867774686,1.0,0.055264688772542175,0.05091649694501019,0.004348191827531989,14,18,True,-0.0
immune cells,GOLIM4,0.13430468614688068,0.11889070100317814,0.015413985143702541,up_in_CKD,0.23090484937645453,0.612896733870851,0.5465919589647883,1.0,0.08347876672484002,0.07942973523421588,0.004049031490624133,14,18,True,-0.0
immune cells,GOLT1B,0.11238961545342027,0.11198230599662597,0.0004073094567943053,up_in_CKD,0.010270010046739716,0.030039869673614678,0.9762352321778142,1.0,0.07489819662594532,0.07942973523421588,-0.0045315386082705605,14,18,True,-0.0
immune cells,GORASP2,0.0864136262982477,0.0805146288978316,0.005898997400416092,up_in_CKD,0.14492238833392326,0.4445670282838113,0.6605812602617082,1.0,0.056719022687609075,0.05023761031907671,0.006481412368532363,14,18,True,-0.0
immune cells,GOT1,0.06697835336503989,0.060596266379647684,0.006382086985392207,up_in_CKD,0.16585044554040082,0.4653517086298432,0.645269037901116,1.0,0.04086678301337987,0.03801765105227427,0.0028491319611056026,14,18,True,-0.0
immune cells,GPAT4,0.05096035169673501,0.046716429988613105,0.004243921708121906,up_in_CKD,0.10016687117926067,0.29898155012406935,0.7671379160822974,1.0,0.03577661431064572,0.021045485403937542,0.01473112890670818,14,18,True,-0.0
immune cells,GPBAR1,0.08025050397946767,0.08022051661322573,2.9987366241948643e-05,up_in_CKD,0.0004223230801729273,0.0012589942206630547,0.9990042550858297,1.0,0.04726585223967423,0.04752206381534284,-0.00025621157566860925,14,18,True,-0.0
immune cells,GPBP1,0.4325206362927699,0.407738960421296,0.024781675871473896,up_in_CKD,0.2667262854086367,0.7256286843211134,0.4750393087836777,1.0,0.24360093077370565,0.2701968771215207,-0.026595946347815036,14,18,True,-0.0
immune cells,GPR132,0.06449251203499581,0.055647474746461145,0.008845037288534668,up_in_CKD,0.24994026118554505,0.6961951034399687,0.4922018166903333,1.0,0.03926701570680628,0.04344874405974202,-0.004181728352935739,14,18,True,-0.0
immune cells,GPS1,0.08341363637960351,0.08277080143167971,0.0006428349479238038,up_in_CKD,0.021922899477833845,0.0651585305061423,0.948498562366723,1.0,0.060063990692262946,0.06109979633401222,-0.0010358056417492725,14,18,True,-0.0
immune cells,GPX3,0.2347122405798066,0.20014396751583322,0.03456827306397339,up_in_CKD,0.1677107320032201,0.48089722842426896,0.6341071909957587,1.0,0.1300174520069808,0.10658520027155464,0.023432251735426166,14,18,True,-0.0
immune cells,GRAMD1A,0.09868815732299559,0.09675757059459897,0.0019305867283966188,up_in_CKD,0.042119762191936624,0.12151121581045381,0.9040978296262497,1.0,0.06820826061663758,0.07128309572301425,-0.0030748351063766693,14,18,True,-0.0
immune cells,GRN,0.5402928008263361,0.517665297626927,0.022627503199409094,up_in_CKD,0.11793425179113817,0.3396075241390365,0.7365258865696815,1.0,0.29421175101803376,0.2681602172437203,0.026051533774313462,14,18,True,-0.0
immune cells,GSR,0.08818306803461254,0.08482232713057601,0.003360740904036527,up_in_CKD,0.08497865047795414,0.2527523963763805,0.8022617184348331,1.0,0.057446189645142524,0.054989816700611,0.0024563729445315277,14,18,True,-0.0
immune cells,GTF2F1,0.0924284326299523,0.08319085094016425,0.009237581689788055,up_in_CKD,0.19272319513374703,0.5751503892239538,0.5697298675761311,1.0,0.055991855730075625,0.05770536320434488,-0.0017135074742692519,14,18,True,-0.0
immune cells,GTF3C2,0.046320490006619384,0.045312557230625675,0.0010079327759937098,up_in_CKD,0.04049663173564717,0.12264909119925067,0.9033160605482101,1.0,0.03257707969749855,0.03598099117447386,-0.003403911476975316,14,18,True,-0.0
immune cells,GTF3C3,0.051251907606414626,0.04651450829881091,0.004737399307603717,up_in_CKD,0.13489610802512383,0.41379299418192445,0.6826671111366693,1.0,0.03534031413612566,0.03598099117447386,-0.0006406770383482058,14,18,True,-0.0
immune cells,GTF3C5,0.04358369845289527,0.043173687583643164,0.00041001086925210317,up_in_CKD,0.016934537584235496,0.05232323665129444,0.9587243519814732,1.0,0.028795811518324606,0.032586558044806514,-0.0037907465264819078,14,18,True,-0.0
immune cells,GUSB,0.12981616661901832,0.1241137808167388,0.005702385802279525,up_in_CKD,0.10525060234180195,0.31595039547284615,0.7544161622303092,1.0,0.09060500290866783,0.09843856076035302,-0.0078335578516852,14,18,True,-0.0
immune cells,H1FX,0.48831711486399365,0.4671393216643891,0.021177793199604555,up_in_CKD,0.19215792433212694,0.5444788231416937,0.5902744742625785,1.0,0.2732693426410704,0.27155465037338766,0.001714692267682727,14,18,True,-0.0
immune cells,H6PD,0.05296445760596039,0.04602837705083838,0.006936080555122015,up_in_CKD,0.17424196768946584,0.5358038905481289,0.5970696517889347,1.0,0.03868528214077952,0.032586558044806514,0.006098724095973007,14,18,True,-0.0
immune cells,HACD2,0.051852716454648104,0.04211471297212002,0.009738003482528082,up_in_CKD,0.20727740047382123,0.6125700789567495,0.5448919612553603,1.0,0.03606748109365911,0.020366598778004074,0.015700882315655033,14,18,True,-0.0
immune cells,HDGF,0.14025489241582217,0.12092144790698203,0.019333444508840142,up_in_CKD,0.22786555521790725,0.6719127862295942,0.5068807839724567,1.0,0.09162303664921466,0.08893414799728445,0.0026888886519302047,14,18,True,-0.0
immune cells,HDLBP,0.15934298150594542,0.15031463422208427,0.009028347283861149,up_in_CKD,0.16846700145315877,0.476925819612368,0.6369983346930793,1.0,0.10282140779522979,0.10590631364562118,-0.003084905850391395,14,18,True,-0.0
immune cells,HELB,0.07095917901372903,0.06989101555935731,0.0010681634543717178,up_in_CKD,0.018180437074081224,0.05454421826209788,0.9568932745047409,1.0,0.041884816753926704,0.0373387644263408,0.004546052327585905,14,18,True,-0.0
immune cells,HELQ,0.06442758681937108,0.06080731395686497,0.003620272862506109,up_in_CKD,0.08714856968854832,0.26319232902008716,0.7944177352883885,1.0,0.03926701570680628,0.04344874405974202,-0.004181728352935739,14,18,True,-0.0
immune cells,HERC3,0.0465682111150472,0.04225830670085443,0.004309904414192767,up_in_CKD,0.20624364906882156,0.5975227339238081,0.5546425258814929,1.0,0.031268179173938336,0.031228784792939578,3.939438099875847e-05,14,18,True,-0.0
immune cells,HES1,0.08879569963550911,0.07485299085860214,0.013942708776906967,up_in_CKD,0.22320777871321804,0.661751369756246,0.51335528030332,1.0,0.04493891797556719,0.042090970807875085,0.0028479471676921067,14,18,True,-0.0
immune cells,HEXDC,0.11234628819453822,0.10825099550795104,0.004095292686587176,up_in_CKD,0.07198954259270304,0.20339121433452176,0.8402618807145026,1.0,0.058900523560209424,0.07196198234894773,-0.013061458788738302,14,18,True,-0.0
immune cells,HEXIM1,0.085989451815906,0.07546382091975257,0.010525630896153437,up_in_CKD,0.20104814859974726,0.6162292566545761,0.54345995520568,1.0,0.0548283885980221,0.05770536320434488,-0.002876974606322774,14,18,True,-0.0
immune cells,HGS,0.08838756975629401,0.08037272139192897,0.008014848364365043,up_in_CKD,0.18599474030635998,0.5629230742090474,0.5782293141349079,1.0,0.060791157649796396,0.05363204344874406,0.007159114201052336,14,18,True,-0.0
immune cells,HHEX,0.10786840219448986,0.09872068154758533,0.009147720646904528,up_in_CKD,0.1583466587283386,0.4721867338078933,0.6403994722429283,1.0,0.06951716114019779,0.07060420909708079,-0.0010870479568829972,14,18,True,-0.0
immune cells,HIBADH,0.07717044206071026,0.065030534201937,0.012139907858773266,up_in_CKD,0.22211345279961797,0.6238560290925654,0.537739242130318,1.0,0.0462478184991274,0.04276985743380855,0.003477961065318849,14,18,True,-0.0
immune cells,HIST1H1E,0.09012399910261885,0.0785355416728914,0.011588457429727458,up_in_CKD,0.16735122158566884,0.4438156099283964,0.6617864574403974,1.0,0.0491564863292612,0.04276985743380855,0.006386628895452648,14,18,True,-0.0
immune cells,HIST2H2AA3,0.06114636150080875,0.05795049676016325,0.003195864740645503,up_in_CKD,0.028882309435858608,0.07666931599467024,0.9396193458888003,1.0,0.029086678301337987,0.04344874405974202,-0.014362065758404034,14,18,True,-0.0
immune cells,HIST2H2AC,0.06154953538918064,0.06150289117834341,4.6644210837228084e-05,up_in_CKD,0.0008745779744780564,0.0026975418419441775,0.997870697113538,1.0,0.03883071553228621,0.03665987780040733,0.002170837731878879,14,18,True,-0.0
immune cells,HIST3H2A,0.045480713341160994,0.04342690580347276,0.002053807537688232,up_in_CKD,0.036055983623747775,0.10863283250859311,0.9142937676644318,1.0,0.03374054682955206,0.02308214528173795,0.010658401547814111,14,18,True,-0.0
immune cells,HK3,0.06570299500447292,0.06443385779945116,0.001269137205021767,up_in_CKD,0.02132278870072047,0.06243594125765711,0.9506324881442755,1.0,0.037521815008726006,0.03937542430414121,-0.0018536092954152053,14,18,True,-0.0
immune cells,HLA-DMA,0.7620403694077031,0.7457410604319956,0.016299308975707527,up_in_CKD,0.07004760045852974,0.19459530582646847,0.8471702866096616,1.0,0.3416230366492147,0.3319755600814664,0.009647476567748281,14,18,True,-0.0
immune cells,HLA-DMB,0.29452034813079137,0.27750360561969967,0.017016742511091698,up_in_CKD,0.15865618040492313,0.4472472481234049,0.6580718869902678,1.0,0.1793193717277487,0.16768499660556688,0.011634375122181823,14,18,True,-0.0
immune cells,HLA-DQB1,0.9015264334354317,0.8835839173615929,0.017942516073838788,up_in_CKD,0.06399885101544409,0.1808519070881019,0.8577518038233519,1.0,0.35223967422920305,0.3713509843856076,-0.01911131015640455,14,18,True,-0.0
immune cells,HLA-DRB1,1.6804290679990976,1.66088765455293,0.019541413446167555,up_in_CKD,0.045075467250256046,0.12151194060771818,0.9043461309372596,1.0,0.5178883071553229,0.4820095044127631,0.03587880274255978,14,18,True,-0.0
immune cells,HMG20A,0.0514146877798402,0.04722617182396626,0.004188515955873939,up_in_CKD,0.17170681788780312,0.5083358792834352,0.6150471206294978,1.0,0.036358347876672484,0.0373387644263408,-0.0009804165496683157,14,18,True,-0.0
immune cells,HMGCR,0.06082769333199868,0.05972635004884371,0.0011013432831549694,up_in_CKD,0.03356067987628627,0.10037736570934895,0.9207581939184073,1.0,0.04144851657940663,0.03937542430414121,0.00207309227526542,14,18,True,-0.0
immune cells,HMGN3,0.5370956172465576,0.5168575719775819,0.02023804526897577,up_in_CKD,0.14747653062211283,0.4104504940898292,0.6846961202980058,1.0,0.3121000581733566,0.329938900203666,-0.017838842030309388,14,18,True,-0.0
immune cells,HNMT,0.1921742047699261,0.18249891741551127,0.009675287354414835,up_in_CKD,0.10754565024818089,0.3153499126620182,0.7546977657702113,1.0,0.12201861547411286,0.11541072640868975,0.006607889065423103,14,18,True,-0.0
immune cells,HNRNPD,0.41124031375974945,0.407995988079816,0.0032443256799334352,up_in_CKD,0.0359238008570015,0.10216846060586689,0.9193193745677155,1.0,0.2414194299011053,0.2572980312287848,-0.015878601327679515,14,18,True,-0.0
immune cells,HNRNPK,0.8213865319870651,0.8145444080053923,0.006842123981672832,up_in_CKD,0.05902837113472063,0.16416511421908705,0.870820941357207,1.0,0.4373182082606166,0.4677528852681602,-0.030434677007543598,14,18,True,-0.0
immune cells,HOTAIRM1,0.11818108852584701,0.11403304541333875,0.004148043112508257,up_in_CKD,0.08573105815308346,0.24979113023888125,0.8044540574077269,1.0,0.08711460151250727,0.07739307535641547,0.0097215261560918,14,18,True,-0.0
immune cells,HOXB2,0.09700283203027216,0.08248162529875881,0.014521206731513345,up_in_CKD,0.22187535783900178,0.6352929432236231,0.5301042224261254,1.0,0.053228621291448515,0.05634758995247793,-0.0031189686610294184,14,18,True,-0.0
immune cells,HP1BP3,0.4294046639677002,0.4115105625124649,0.017894101455235345,up_in_CKD,0.1298235017253167,0.3975291460891394,0.6944157567173279,1.0,0.2513089005235602,0.24100475220638154,0.010304148317178657,14,18,True,-0.0
immune cells,HPF1,0.08204832076611693,0.07654364261908037,0.0055046781470365624,up_in_CKD,0.08220861260117827,0.24306718998507817,0.8096512500452572,1.0,0.057446189645142524,0.041412084181941616,0.016034105463200908,14,18,True,-0.0
immune cells,HPS1,0.11842161758989223,0.11834031135809846,8.130623179376795e-05,up_in_CKD,0.0014987613656207927,0.004577924371881313,0.996383757732389,1.0,0.08260616637579989,0.07942973523421588,0.003176431141584002,14,18,True,-0.0
immune cells,HSCB,0.0725281026567114,0.07098004678132927,0.0015480558753821344,up_in_CKD,0.04315550832288372,0.13441887315642492,0.8943244733076583,1.0,0.05090168702734148,0.04955872369314324,0.0013429633341982342,14,18,True,-0.0
immune cells,HSD17B12,0.0984338177215374,0.09381021516409098,0.004623602557446427,up_in_CKD,0.07821891890592392,0.23147132533603995,0.8185654757952969,1.0,0.070826061663758,0.0658520027155465,0.004974058948211499,14,18,True,-0.0
immune cells,HSD17B8,0.06447279892995418,0.059683821573137834,0.004788977356816347,up_in_CKD,0.16237627746684838,0.45221812630616864,0.654693280553763,1.0,0.04319371727748691,0.05023761031907671,-0.0070438930415898035,14,18,True,-0.0
immune cells,HSF1,0.09715994545467123,0.09549862342043969,0.001661322034231541,up_in_CKD,0.031908057762387795,0.09471721692592862,0.9251935049837574,1.0,0.060063990692262946,0.07875084860828242,-0.018686857916019477,14,18,True,-0.0
immune cells,HSP90B1,0.7702900863473233,0.7478364396108058,0.022453646736517507,up_in_CKD,0.1509979991466075,0.42408838981444597,0.6747215604891089,1.0,0.39499709133216987,0.4073319755600815,-0.012334884227911624,14,18,True,-0.0
immune cells,HSPA5,0.3744746769695618,0.37320705477787436,0.0012676221916874675,up_in_CKD,0.011568587651486254,0.034905629375862654,0.9724127062281663,1.0,0.22484002326934263,0.23896809232858113,-0.014128069059238496,14,18,True,-0.0
immune cells,HSPA9,0.17703957870735376,0.16663434322409743,0.010405235483256337,up_in_CKD,0.2013672801492571,0.6019120317974254,0.5520512889437924,1.0,0.11445607911576498,0.1296673455532926,-0.015211266437527612,14,18,True,-0.0
immune cells,HSPH1,0.14770049959037285,0.13481775507472857,0.012882744515644279,up_in_CKD,0.13637584510290288,0.42635180595843186,0.6742366968989955,1.0,0.09380453752181502,0.10590631364562118,-0.012101776123806168,14,18,True,-0.0
immune cells,HTRA2,0.06435800098140838,0.06134783531475753,0.0030101656666508547,up_in_CKD,0.10829224403772417,0.32178878083000256,0.7499379597644166,1.0,0.04232111692844677,0.04344874405974202,-0.0011276271312952516,14,18,True,-0.0
immune cells,HUWE1,0.1342336017232175,0.12814314630779985,0.006090455415417639,up_in_CKD,0.0940075754914528,0.2885365144419854,0.7754015716805516,1.0,0.08696916812100058,0.08078750848608282,0.006181659634917763,14,18,True,-0.0
immune cells,HYI,0.0854801302282538,0.08107262838909261,0.004407501839161193,up_in_CKD,0.07539546931141082,0.2277425938068174,0.8215789055662119,1.0,0.05962769051774287,0.058384249830278345,0.0012434406874645282,14,18,True,-0.0
immune cells,HYOU1,0.059400402994483584,0.05600585167883179,0.003394551315651792,up_in_CKD,0.09082574695558666,0.2642818598725907,0.7933713396830416,1.0,0.042611983711460154,0.03665987780040733,0.005952105911052823,14,18,True,-0.0
immune cells,IDH2,0.22265327082664313,0.2031779001515697,0.019475370675073433,up_in_CKD,0.25580027818110135,0.7330442612326404,0.4692731689711275,1.0,0.14194299011052938,0.13102511880515955,0.010917871305369836,14,18,True,-0.0
immune cells,IER3IP1,0.16207868680465776,0.13936699698293636,0.022711689821721393,up_in_CKD,0.1745683101107087,0.5150496516331649,0.6103711946519923,1.0,0.11823734729493891,0.07942973523421588,0.03880761206072303,14,18,True,-0.0
immune cells,IFFO1,0.08054435753146437,0.07803281813791749,0.0025115393935468827,up_in_CKD,0.06353009914569623,0.18371309860787002,0.8554752766817513,1.0,0.04857475276323444,0.048879837067209775,-0.0003050843039753351,14,18,True,-0.0
immune cells,IFI44L,0.10397863816347909,0.09443950257343897,0.009539135590040118,up_in_CKD,0.07446538427055116,0.22427262839503107,0.8242235714067978,1.0,0.06195462478184991,0.051595383570943655,0.010359241210906256,14,18,True,-0.0
immune cells,IFIT3,0.047596160750343446,0.03851155056198446,0.009084610188358988,up_in_CKD,0.18814612258930252,0.5646009013622053,0.5768964276466999,1.0,0.03170447934845841,0.024439918533604887,0.007264560814853521,14,18,True,-0.0
immune cells,IFT57,0.09085068451184868,0.08667699720094538,0.0041736873109032985,up_in_CKD,0.08193498621692252,0.24563834634933163,0.8077678958620197,1.0,0.0549738219895288,0.06992532247114731,-0.014951500481618515,14,18,True,-0.0
immune cells,IGSF6,0.2656423354922266,0.24327029237671935,0.02237204311550725,up_in_CKD,0.19477920647860014,0.5695388068152457,0.5732508493690157,1.0,0.15692262943571844,0.1384928716904277,0.018429757745290737,14,18,True,-0.0
immune cells,IKBKG,0.09715834125965454,0.09406974857756584,0.003088592682088706,up_in_CKD,0.0689732294102484,0.2154591326126182,0.8314960229533386,1.0,0.06122745782431646,0.06856754921928038,-0.007340091394963916,14,18,True,-0.0
immune cells,IKZF3,0.2023969108079632,0.17867261444863802,0.023724296359325187,up_in_CKD,0.17769929728280792,0.527220631941723,0.6020603259114684,1.0,0.10878417684700407,0.08282416836388323,0.02596000848312084,14,18,True,-0.0
immune cells,IKZF5,0.043511032227717523,0.038835786721597515,0.0046752455061200085,up_in_CKD,0.15527255616763364,0.47220568225966686,0.6407675471868319,1.0,0.028504944735311226,0.03394433129667346,-0.005439386561362232,14,18,True,-0.0
immune cells,IL27RA,0.10434635646737435,0.09994914223256826,0.004397214234806088,up_in_CKD,0.09706844314573242,0.2721455769518973,0.787507392951833,1.0,0.06282722513089005,0.06109979633401222,0.0017274287968778307,14,18,True,-0.0
immune cells,IL2RB,0.11081846206374013,0.09609000041215715,0.01472846165158298,up_in_CKD,0.24734337766217301,0.7504343063497253,0.45971508175941417,1.0,0.059336823734729496,0.05770536320434488,0.0016314605303846194,14,18,True,-0.0
immune cells,IL6R,0.08416299821181454,0.0740203146176836,0.010142683594130938,up_in_CKD,0.25403489367569243,0.7243241030464822,0.4745815913700902,1.0,0.05759162303664921,0.05091649694501019,0.006675126091639026,14,18,True,-0.0
immune cells,ILK,0.16118701689273962,0.15767639562064195,0.0035106212720976693,up_in_CKD,0.06009670724650913,0.17850922349175335,0.8595719527265825,1.0,0.11169284467713787,0.109979633401222,0.0017132112759158796,14,18,True,-0.0
immune cells,IMPACT,0.05038460174674358,0.04427970164928685,0.006104900097456727,up_in_CKD,0.22171326357343613,0.6794023580915042,0.5032776677908355,1.0,0.037521815008726006,0.035302104548540394,0.0022197104601856116,14,18,True,-0.0
immune cells,IMPAD1,0.08846755698915827,0.08645586970058822,0.002011687288570055,up_in_CKD,0.052704489000384075,0.15830421651594856,0.8753723936150508,1.0,0.05715532286212915,0.0658520027155465,-0.008696679853417356,14,18,True,-0.0
immune cells,IMPDH1,0.09058173489151926,0.08880126639503413,0.0017804684964851242,up_in_CKD,0.045401813218413654,0.13893128748984024,0.8906335839289915,1.0,0.060936591041303084,0.06381534283774609,-0.0028787517964430076,14,18,True,-0.0
immune cells,ING5,0.06811747073847309,0.06065561205618925,0.007461858682283835,up_in_CKD,0.2364195539877941,0.7048498063714067,0.48663628362942185,1.0,0.039703315881326355,0.042090970807875085,-0.0023876549265487296,14,18,True,-0.0
immune cells,INO80E,0.08069867401479736,0.08017150049572813,0.0005271735190692239,up_in_CKD,0.013090903606411587,0.03781157635310887,0.9700886718821689,1.0,0.049738219895287955,0.06449422946367957,-0.014756009568391612,14,18,True,-0.0
immune cells,INPP5K,0.0477765684789612,0.0447921827584104,0.0029843857205508056,up_in_CKD,0.0808491669058948,0.25181413341234343,0.803580461029721,1.0,0.03170447934845841,0.03054989816700611,0.0011545811814522994,14,18,True,-0.0
immune cells,INTS3,0.062270615247631105,0.060758898175981985,0.00151171707164912,up_in_CKD,0.03216183941123053,0.10040582690074289,0.9209730584745028,1.0,0.04159394997091332,0.03937542430414121,0.0022185256667721087,14,18,True,-0.0
immune cells,IPO8,0.06406286020678877,0.06084790025193862,0.0032149599548501467,up_in_CKD,0.0722159616391619,0.22552275068110048,0.8237555410243679,1.0,0.04159394997091332,0.04073319755600815,0.0008607524149051721,14,18,True,-0.0
immune cells,IQGAP1,0.46513269487937314,0.4398869150233856,0.025245779855987527,up_in_CKD,0.2649521879794176,0.7084498544923412,0.48618304532305684,1.0,0.27268760907504364,0.2695179904955872,0.0031696185794564125,14,18,True,-0.0
immune cells,IQSEC1,0.08878443429476195,0.08178219346513477,0.007002240829627179,up_in_CKD,0.1855206587461546,0.5398225965147084,0.593307337414738,1.0,0.05570098894706225,0.059063136456211814,-0.0033621475091495656,14,18,True,-0.0
immune cells,IRAK1,0.10532910634943704,0.09587648257839376,0.009452623771043278,up_in_CKD,0.16170829645872867,0.48690055949307737,0.6302294728732348,1.0,0.06908086096567773,0.07060420909708079,-0.0015233481314030628,14,18,True,-0.0
immune cells,IRAK4,0.1140613545856548,0.10824146024568106,0.00581989433997375,up_in_CKD,0.15443505602935284,0.4610850912418804,0.6482641498670471,1.0,0.07533449680046539,0.07535641547861507,-2.1918678149684956e-05,14,18,True,-0.0
immune cells,IREB2,0.11961499489155765,0.10893590560867157,0.010679089282886078,up_in_CKD,0.19684448515917288,0.5981774975045414,0.5549354842147891,1.0,0.08260616637579989,0.06449422946367957,0.01811193691212032,14,18,True,-0.0
immune cells,IRF1,0.4102800768649669,0.3858626938266321,0.02441738303833485,up_in_CKD,0.17619380385491812,0.4976502258508428,0.6225188865592017,1.0,0.22294938917975568,0.22267481330617786,0.0002745758735778203,14,18,True,-0.0
immune cells,IRF2,0.20967149079761488,0.1960753189324303,0.013596171865184581,up_in_CKD,0.17377782245327283,0.5340393204199204,0.5982478512962527,1.0,0.13350785340314136,0.1296673455532926,0.0038405078498487677,14,18,True,-0.0
immune cells,IRF2BPL,0.1299191991054012,0.12836732902474005,0.0015518700806611552,up_in_CKD,0.024159820511441697,0.06650093137196589,0.9474927144952716,1.0,0.07707969749854567,0.08961303462321792,-0.01253333712467225,14,18,True,-0.0
immune cells,IRF5,0.07905037346249907,0.07067309825551583,0.00837727520698324,up_in_CKD,0.13309727279223393,0.40281646487571027,0.6903209783491376,1.0,0.0548283885980221,0.04684317718940937,0.007985211408612733,14,18,True,-0.0
immune cells,IRF8,0.16055541946490243,0.14847111075844854,0.012084308706453883,up_in_CKD,0.1582107950869097,0.45073338341445524,0.6554883723478314,1.0,0.0866783013379872,0.09572301425661914,-0.00904471291863193,14,18,True,-0.0
immune cells,ISG15,0.40653456364914137,0.39050584794715093,0.016028715701990437,up_in_CKD,0.09231247761056952,0.2724174414226035,0.7872071272415605,1.0,0.20927865037812682,0.20570264765784113,0.003576002720285687,14,18,True,-0.0
immune cells,ISOC1,0.06122135060825877,0.060614297288297626,0.0006070533199611441,up_in_CKD,0.017097377174515305,0.04987011795703055,0.9605572161261697,1.0,0.038248981966259456,0.04684317718940937,-0.008594195223149914,14,18,True,-0.0
immune cells,ISOC2,0.09838243804363607,0.09441751935800147,0.0039649186856346025,up_in_CKD,0.07839968736034869,0.23813595873014848,0.813651075085235,1.0,0.06559045956951716,0.06042090970807875,0.005169549861438409,14,18,True,-0.0
immune cells,ISY1,0.07515534031327908,0.06758878843915557,0.007566551874123514,up_in_CKD,0.20553675495238835,0.6196742152414118,0.540663983743405,1.0,0.0533740546829552,0.04955872369314324,0.0038153309898119603,14,18,True,-0.0
immune cells,ITFG1,0.12287013224643165,0.10578782952987223,0.017082302716559417,up_in_CKD,0.22747981939021356,0.6393903760752282,0.5277187715455198,1.0,0.07504363001745201,0.07196198234894773,0.0030816476685042865,14,18,True,-0.0
immune cells,ITGA1,0.04903176179888537,0.04428318099198077,0.004748580806904601,up_in_CKD,0.1277523390052056,0.3797190534603234,0.7069437996298125,1.0,0.030250145433391506,0.035302104548540394,-0.005051959115148889,14,18,True,-0.0
immune cells,ITGA4,0.3298708124136299,0.31585107900402937,0.014019733409600554,up_in_CKD,0.10722245009781049,0.2905869308177502,0.7739029788689096,1.0,0.2009889470622455,0.20162932790224034,-0.0006403808399948474,14,18,True,-0.0
immune cells,ITGAL,0.26130056508005667,0.2525311466914935,0.008769418388563155,up_in_CKD,0.08071957489134089,0.22457584068321823,0.8239931659078792,1.0,0.1618673647469459,0.1452817379497624,0.016585626797183506,14,18,True,-0.0
immune cells,ITPKB,0.06539146454897728,0.06411417129189836,0.0012772932570789125,up_in_CKD,0.03156337895271933,0.09284804747472447,0.9266503139341572,1.0,0.038248981966259456,0.04276985743380855,-0.004520875467549097,14,18,True,-0.0
immune cells,ITSN2,0.21620273944156956,0.2041168915549893,0.012085847886580264,up_in_CKD,0.13060459618363152,0.3884792390239309,0.7005298892109518,1.0,0.1329261198371146,0.13781398506449424,-0.004887865227379634,14,18,True,-0.0
immune cells,IVD,0.07907269520619989,0.0786698922095626,0.00040280299663729424,up_in_CKD,0.011600704170963295,0.0355254685062917,0.9719484622048751,1.0,0.0549738219895288,0.05431093007467753,0.0006628919148512699,14,18,True,-0.0
immune cells,JADE2,0.06428220924986731,0.05781832259914768,0.006463886650719633,up_in_CKD,0.17487448166703853,0.5290436798219063,0.6011776898784771,1.0,0.042611983711460154,0.04344874405974202,-0.0008367603482818675,14,18,True,-0.0
immune cells,JAK2,0.11233955127031593,0.10645338996849253,0.0058861613018234005,up_in_CKD,0.08398562864167389,0.24771902724862088,0.8060733613472407,1.0,0.06878999418266434,0.06517311608961303,0.0036168780930513067,14,18,True,-0.0
immune cells,JAML,0.21621758815869305,0.18217254483905432,0.03404504331963873,up_in_CKD,0.21410741372292122,0.6186633696065853,0.5408115320897607,1.0,0.13089005235602094,0.08893414799728445,0.04195590435873649,14,18,True,-0.0
immune cells,JMJD8,0.08590797876681926,0.07888395101720774,0.007024027749611514,up_in_CKD,0.14330765357251696,0.43188854775554186,0.6692428274978652,1.0,0.056719022687609075,0.05702647657841141,-0.0003074538908023339,14,18,True,-0.0
immune cells,JPT1,0.28303180765183955,0.2563335892116472,0.02669821844019238,up_in_CKD,0.12787523312251858,0.37715218706470627,0.7087683151915251,1.0,0.18033740546829552,0.11133740665308893,0.06899999881520659,14,18,True,-0.0
immune cells,JPX,0.1698740958526481,0.1587389709621018,0.0111351248905463,up_in_CKD,0.1382951703464778,0.3925942736267095,0.6974754659096998,1.0,0.12318208260616638,0.10930074677528853,0.013881335830877847,14,18,True,-0.0
immune cells,JUNB,1.7934457822323144,1.6833891114406243,0.11005667079169013,up_in_CKD,0.2699166793532414,0.7448593928081695,0.4630155065543424,1.0,0.6983711460151251,0.6788866259334692,0.01948452008165591,14,18,True,-0.0
immune cells,KANSL1,0.2316014288551699,0.2022462870873098,0.02935514176786011,up_in_CKD,0.24156322328536656,0.7139751447616335,0.48090065418902656,1.0,0.13917975567190227,0.11337406653088934,0.02580568914101293,14,18,True,-0.0
immune cells,KAT2B,0.06297564956868622,0.062495260420770055,0.00048038914791616316,up_in_CKD,0.015016186762067235,0.04443058433319324,0.9648639672129953,1.0,0.042611983711460154,0.04684317718940937,-0.004231193477949216,14,18,True,-0.0
immune cells,KBTBD3,0.05637598997405514,0.053557620196706,0.0028183697773491445,up_in_CKD,0.0816011193919528,0.24182625977713593,0.8106146880354571,1.0,0.03592204770215241,0.04073319755600815,-0.004811149853855737,14,18,True,-0.0
immune cells,KCNQ1,0.05319909765066906,0.04812898099255065,0.0050701166581184134,up_in_CKD,0.1271229354930833,0.3792112778937981,0.707353677157893,1.0,0.03432228039557882,0.038696537678207736,-0.004374257282628913,14,18,True,-0.0
immune cells,KCTD20,0.09558656381396897,0.09001552523487946,0.005571038579089513,up_in_CKD,0.11011308646206386,0.3437550870714082,0.7344425617846967,1.0,0.062245491564863295,0.07399864222674814,-0.011753150661884842,14,18,True,-0.0
immune cells,KDM1B,0.05687638410206899,0.05411634573859598,0.002760038363473008,up_in_CKD,0.07189848295272212,0.21100416917186565,0.8343248599637303,1.0,0.03737638161721931,0.0373387644263408,3.761719087851112e-05,14,18,True,-0.0
immune cells,KDM2B,0.06527493797845439,0.05603686743424178,0.009238070544212613,up_in_CKD,0.22796910919492802,0.7041930832087249,0.4883904407185936,1.0,0.04566608493310064,0.03326544467073999,0.012400640262360652,14,18,True,-0.0
immune cells,KDM3A,0.050846148374375434,0.048885913805221795,0.001960234569153639,up_in_CKD,0.07670246574455594,0.23213807910319237,0.8182176693910241,1.0,0.034031413612565446,0.034623217922606926,-0.0005918043100414799,14,18,True,-0.0
immune cells,KHSRP,0.1117470789108682,0.10189567537908228,0.009851403531785916,up_in_CKD,0.2077547647079936,0.6307895847495342,0.5336958190491157,1.0,0.07388016288539849,0.07942973523421588,-0.005549572348817394,14,18,True,-0.0
immune cells,KIDINS220,0.14006605850273693,0.134499932732321,0.005566125770415931,up_in_CKD,0.11190909109398885,0.3282826644877515,0.7449992183870442,1.0,0.09089586969168122,0.09708078750848609,-0.006184917816804872,14,18,True,-0.0
immune cells,KLF10,0.1254486912180708,0.11672209281338043,0.00872659840469038,up_in_CKD,0.1642659221472971,0.4905386913807612,0.627540609827517,1.0,0.07926119837114602,0.08214528173794976,-0.0028840833668037358,14,18,True,-0.0
immune cells,KLHL28,0.08273253618313207,0.07605152083499764,0.006681015348134436,up_in_CKD,0.160918414076817,0.45475425096070615,0.6526984179138383,1.0,0.050319953461314716,0.05431093007467753,-0.003990976613362812,14,18,True,-0.0
immune cells,KMT2A,0.27023899634146875,0.24868929305174708,0.021549703289721667,up_in_CKD,0.20800667614941987,0.6201663391491283,0.5400868047336795,1.0,0.1662303664921466,0.15410726408689748,0.012123102405249109,14,18,True,-0.0
immune cells,KMT2B,0.06831045762600917,0.06438705221585211,0.003923405410157052,up_in_CKD,0.14679090777329962,0.42995074658267135,0.6703252862154245,1.0,0.04813845258871437,0.04955872369314324,-0.001420271104428876,14,18,True,-0.0
immune cells,KMT2C,0.20661275856083358,0.19877491832354688,0.007837840237286703,up_in_CKD,0.11099937108863787,0.3173279331471535,0.753221875762583,1.0,0.12972658522396743,0.13509843856076034,-0.005371853336792909,14,18,True,-0.0
immune cells,KMT2E-AS1,0.17275675534240292,0.15956020653240233,0.013196548810000597,up_in_CKD,0.21315102181966689,0.6114493540351951,0.5455434226826232,1.0,0.09424083769633508,0.10658520027155464,-0.012344362575219564,14,18,True,-0.0
immune cells,KPNA6,0.08084656998851596,0.08068457369191501,0.00016199629660094972,up_in_CKD,0.0040902935380236136,0.012776787281197206,0.9899268940643342,1.0,0.0533740546829552,0.05634758995247793,-0.00297353526952273,14,18,True,-0.0
immune cells,KRI1,0.0464613368409471,0.04080409451683828,0.005657242324108823,up_in_CKD,0.24356521208604662,0.7369031623191376,0.46765632180137845,1.0,0.030977312390924956,0.025797691785471828,0.005179620605453128,14,18,True,-0.0
immune cells,KRT10,0.5680979743164747,0.5643055097184183,0.0037924645980563776,up_in_CKD,0.023921836280366773,0.0667032452221449,0.9473026791684703,1.0,0.3471495055264689,0.3937542430414121,-0.046604737514943206,14,18,True,-0.0
immune cells,L3MBTL3,0.06345920495095277,0.05825164506978174,0.0052075598811710255,up_in_CKD,0.14107998673421165,0.4322562230721471,0.6693476893203154,1.0,0.037085514834205933,0.035302104548540394,0.001783410285665539,14,18,True,-0.0
immune cells,LACTB2,0.0743415620192713,0.06692467158932042,0.00741689042995089,up_in_CKD,0.1711865240475878,0.4653707604924963,0.6458523314755785,1.0,0.051047120418848166,0.04344874405974202,0.0075983763591061446,14,18,True,-0.0
immune cells,LAMTOR2,0.4094656748720637,0.4009463254681325,0.008519349403931176,up_in_CKD,0.08209134498087542,0.23607287365003898,0.8149878163741443,1.0,0.24898196625945318,0.26748133061778684,-0.01849936435833366,14,18,True,-0.0
immune cells,LAMTOR5,0.429180400988845,0.4194470353638292,0.00973336562501581,up_in_CKD,0.09488537130453285,0.2609053758090762,0.796252133279168,1.0,0.25538103548574753,0.286490156143924,-0.031109120658176448,14,18,True,-0.0
immune cells,LARS,0.1889052582720552,0.176223075784929,0.012682182487126215,up_in_CKD,0.14446703636965386,0.43976173820525855,0.6638102392773516,1.0,0.11605584642233857,0.11405295315682282,0.002002893265515754,14,18,True,-0.0
immune cells,LCK,0.32581432152898293,0.2926450059808417,0.03316931554814123,up_in_CKD,0.2166833793269844,0.5877299390558488,0.5622631240974251,1.0,0.170738801628854,0.16632722335369993,0.0044115782751540655,14,18,True,-0.0
immune cells,LCP1,1.0566223779978061,1.0037208206810917,0.05290155731671442,up_in_CKD,0.18462499389376877,0.48451812010989714,0.6334629197161994,1.0,0.5184700407213496,0.5145960624575696,0.003873978263779998,14,18,True,-0.0
immune cells,LDHB,0.7527336733351758,0.7078427851817374,0.044890888153438446,up_in_CKD,0.19169920843320495,0.530281590349562,0.6003498899304385,1.0,0.4105584642233857,0.4025797691785472,0.007978695044838502,14,18,True,-0.0
immune cells,LEF1,0.053540632655885344,0.05020508806200692,0.0033355445938784214,up_in_CKD,0.09067363924422828,0.2566634717619201,0.7992559423490304,1.0,0.034031413612565446,0.031907671418873046,0.0021237421936924003,14,18,True,-0.0
immune cells,LEMD3,0.08126962824950894,0.07255190407623088,0.008717724173278055,up_in_CKD,0.17995427970714925,0.5553948932693688,0.5839572791553496,1.0,0.04857475276323444,0.04276985743380855,0.005804895329425887,14,18,True,-0.0
immune cells,LETMD1,0.11796786508957656,0.11448781725266317,0.003480047836913386,up_in_CKD,0.06731437495298531,0.20258528223719388,0.840963243749119,1.0,0.0737347294938918,0.0855397148676171,-0.011804985373725305,14,18,True,-0.0
immune cells,LGALS3,0.4031835779390511,0.39557902803786715,0.007604549901183921,up_in_CKD,0.04093662784583092,0.1171229550808065,0.9075524497787416,1.0,0.2338568935427574,0.219959266802444,0.013897626740313418,14,18,True,-0.0
immune cells,LGALS3BP,0.06781499075016682,0.060096491335420006,0.007718499414746817,up_in_CKD,0.12238448857409294,0.34601942110510575,0.7318418059171302,1.0,0.04406631762652705,0.03665987780040733,0.007406439826119722,14,18,True,-0.0
immune cells,LILRA1,0.0609737246119741,0.05561610858129714,0.0053576160306769635,up_in_CKD,0.09453544971489476,0.2716089810416563,0.7877935970015126,1.0,0.04101221640488656,0.041412084181941616,-0.0003998677770550574,14,18,True,-0.0
immune cells,LIMK1,0.045819328964958154,0.04011864019737719,0.005700688767580966,up_in_CKD,0.1904854429242747,0.5666598938156311,0.5753546372895674,1.0,0.030104712041884817,0.028513238289205704,0.001591473752679113,14,18,True,-0.0
immune cells,LIPA,0.1961678730193736,0.19406431487757436,0.0021035581417992444,up_in_CKD,0.019595038093731396,0.057291342374190944,0.9546947689769781,1.0,0.112565445026178,0.12830957230142567,-0.01574412727524767,14,18,True,-0.0
immune cells,LPXN,0.14328157084584145,0.14000925441295797,0.0032723164328834764,up_in_CKD,0.05691135256222666,0.16058428694947732,0.8735483512039508,1.0,0.08624200116346713,0.09368635437881874,-0.007444353215351612,14,18,True,-0.0
immune cells,LRCH1,0.04113186562969199,0.03800483662020852,0.003127029009483473,up_in_CKD,0.11363175127699349,0.3259229029634332,0.7467631009414198,1.0,0.026323443862710877,0.03054989816700611,-0.004226454304295232,14,18,True,-0.0
immune cells,LRRC28,0.0493059761416423,0.04632421299096853,0.0029817631506737705,up_in_CKD,0.10207391987464128,0.312132529260892,0.7575529314511579,1.0,0.0289412449098313,0.03326544467073999,-0.004324199760908691,14,18,True,-0.0
immune cells,LRRC40,0.0494121356230771,0.04383131887002227,0.005580816753054829,up_in_CKD,0.16097262572822846,0.47721221432545774,0.636787485334101,1.0,0.030104712041884817,0.02987101154107264,0.00023370050081217633,14,18,True,-0.0
immune cells,LSM8,0.4009046931945107,0.37243846607198905,0.02846622712252167,up_in_CKD,0.10137178296705862,0.295863946149799,0.7693781084308146,1.0,0.24636416521233276,0.1887304820095044,0.057633683202828356,14,18,True,-0.0
immune cells,LTA4H,0.23616162126710807,0.20682455691200027,0.0293370643551078,up_in_CKD,0.2587424862053459,0.7250469086345389,0.4744529164251337,1.0,0.13394415357766143,0.12898845892735913,0.004955694650302295,14,18,True,-0.0
immune cells,LTN1,0.12750854802713968,0.12022849660672891,0.007280051420410771,up_in_CKD,0.13934974717389698,0.4090025106678528,0.685472286284389,1.0,0.08071553228621292,0.07331975560081466,0.007395776685398259,14,18,True,-0.0
immune cells,LUC7L2,0.10878689565133537,0.1000807075593604,0.008706188091974973,up_in_CKD,0.09944429066112546,0.29442001269552454,0.77052579977424,1.0,0.07984293193717278,0.04684317718940937,0.032999754747763406,14,18,True,-0.0
immune cells,LYL1,0.2184673063816826,0.20705600291626408,0.01141130346541852,up_in_CKD,0.122761250675788,0.35700879648798317,0.7235857203618994,1.0,0.13161721931355438,0.13441955193482688,-0.0028023326212724964,14,18,True,-0.0
immune cells,LYPLA2,0.13699967292521156,0.12260665254076202,0.014393020384449548,up_in_CKD,0.2305588668018479,0.6858915398685839,0.4982910337445894,1.0,0.08406050029086679,0.08214528173794976,0.001915218552917028,14,18,True,-0.0
immune cells,LYRM2,0.171159660886286,0.1695270073358376,0.0016326535504484208,up_in_CKD,0.02263799658082657,0.0660951372362996,0.9477419802056669,1.0,0.11169284467713787,0.10862186014935506,0.0030709845277828163,14,18,True,-0.0
immune cells,LYRM9,0.04667913585240079,0.043829124831540264,0.002850011020860528,up_in_CKD,0.1142695696782291,0.35527194556260033,0.7258020452533778,1.0,0.031413612565445025,0.025797691785471828,0.005615920779973197,14,18,True,-0.0
immune cells,LYST,0.32123066925720717,0.30818063680525354,0.01305003245195363,up_in_CKD,0.09223957607751813,0.25201411096409904,0.8031117651394262,1.0,0.174956369982548,0.18397827562797012,-0.00902190564542213,14,18,True,-0.0
immune cells,LYZ,0.9982349261974173,0.9462187055035444,0.052016220693872905,up_in_CKD,0.13487187466312067,0.38474748724123425,0.703185935906966,1.0,0.33173356602675974,0.2878479293957909,0.04388563663096884,14,18,True,-0.0
immune cells,MACF1,0.3266238306134595,0.32500712146527166,0.0016167091481878448,up_in_CKD,0.014089008994610953,0.041740720367852646,0.9669908668101038,1.0,0.18833624200116347,0.1887304820095044,-0.0003942400083409292,14,18,True,-0.0
immune cells,MADD,0.051017025468124956,0.05050245660568602,0.0005145688624389327,up_in_CKD,0.019381813332534026,0.057656249197871164,0.9544223530742265,1.0,0.03504944735311227,0.035302104548540394,-0.0002526571954281215,14,18,True,-0.0
immune cells,MAF,0.29947030350129217,0.2767578632736715,0.022712440227620645,up_in_CKD,0.17832899577439398,0.5115717985222168,0.612724439092479,1.0,0.17015706806282724,0.15207060420909707,0.018086463853730167,14,18,True,-0.0
immune cells,MAGED2,0.15572455911220098,0.15289341617095992,0.002831142941241066,up_in_CKD,0.04344363037284521,0.11642918185592734,0.9083647988364644,1.0,0.09904013961605584,0.11337406653088934,-0.014333926914833497,14,18,True,-0.0
immune cells,MAGT1,0.11791200971539542,0.11581570725641312,0.002096302458982305,up_in_CKD,0.04718023739722713,0.1367163137311306,0.8921684465007816,1.0,0.08027923211169284,0.08010862186014936,0.00017061025154348208,14,18,True,-0.0
immune cells,MAML1,0.08131841243604343,0.07809072905822095,0.0032276833778224767,up_in_CKD,0.05577399601107378,0.17164659102358368,0.8651762308627587,1.0,0.053228621291448515,0.05702647657841141,-0.0037978552869628937,14,18,True,-0.0
immune cells,MAN2A1,0.1593684405582074,0.15810476660336345,0.0012636739548439468,up_in_CKD,0.018291500857749436,0.0536009356196094,0.9576111430309419,1.0,0.10573007562536359,0.10862186014935506,-0.0028917845239914697,14,18,True,-0.0
immune cells,MANBA,0.09326068399253465,0.087585709100188,0.005674974892346654,up_in_CKD,0.10205640983691988,0.2869540016623893,0.7762386334686044,1.0,0.05831878999418266,0.05974202308214528,-0.0014232330879626193,14,18,True,-0.0
immune cells,MAP1LC3A,0.05554701121310492,0.05230395509338114,0.0032430561197237806,up_in_CKD,0.10083005213747993,0.2922591220820693,0.7721002639440451,1.0,0.03432228039557882,0.0373387644263408,-0.003016484030761976,14,18,True,-0.0
immune cells,MAP2K6,0.05321808692281239,0.048470083122313885,0.0047480038004985015,up_in_CKD,0.15344716199052805,0.4474704421683423,0.6577566829527528,1.0,0.032867946480511924,0.035302104548540394,-0.0024341580680284705,14,18,True,-0.0
immune cells,MAP3K12,0.05335932619137549,0.047486668019733495,0.005872658171641995,up_in_CKD,0.10796038289299383,0.32245121155779877,0.7494863184805345,1.0,0.03388598022105876,0.02240325865580448,0.011482721565254279,14,18,True,-0.0
immune cells,MAP3K7,0.07648315406810881,0.06994979728186479,0.006533356786244018,up_in_CKD,0.1810067538400475,0.5355302852637873,0.5963424610006833,1.0,0.04653868528214078,0.05295315682281059,-0.0064144715406698125,14,18,True,-0.0
immune cells,MAP4,0.12241960545606276,0.11130550761656749,0.011114097839495268,up_in_CKD,0.20428705626561044,0.6135997207538171,0.5445160177683193,1.0,0.07620709714950552,0.07331975560081466,0.0028873415486908582,14,18,True,-0.0
immune cells,MAP7D1,0.1381869543490166,0.12474237880140748,0.013444575547609111,up_in_CKD,0.2248818440768682,0.6361253493864136,0.5297079145391086,1.0,0.08376963350785341,0.0814663951120163,0.002303238395837112,14,18,True,-0.0
immune cells,MAPK14,0.08264077296097347,0.07357829437761604,0.00906247858335743,up_in_CKD,0.26810717780284876,0.7520071352276998,0.45831326355767266,1.0,0.0577370564281559,0.055668703326544465,0.0020683531016114365,14,18,True,-0.0
immune cells,MAPK1IP1L,0.16823825083034705,0.16041042225370206,0.00782782857664499,up_in_CKD,0.17711317154386366,0.546221951038346,0.590114351387087,1.0,0.10791157649796393,0.12152070604209098,-0.013609129544127047,14,18,True,-0.0
immune cells,MAPKAPK5-AS1,0.1279619254709766,0.11498967044336045,0.012972255027616147,up_in_CKD,0.23775304399601185,0.6622888188009436,0.513346668910731,1.0,0.08057009889470622,0.08282416836388323,-0.002254069469177014,14,18,True,-0.0
immune cells,MARK2,0.11796349006498755,0.1109424120993669,0.0070210779656206534,up_in_CKD,0.1525028850628237,0.4756952048302775,0.6391592874402879,1.0,0.07766143106457242,0.07196198234894773,0.005699448715624694,14,18,True,-0.0
immune cells,MARK3,0.09484663881520343,0.08861027765969719,0.006236361155506243,up_in_CKD,0.1547480389167424,0.4468778262506369,0.6581765463988981,1.0,0.06282722513089005,0.0658520027155465,-0.0030247775846564545,14,18,True,-0.0
immune cells,MARS,0.07238353707695713,0.060796005140862225,0.011587531936094908,up_in_CKD,0.2543534183875289,0.7529056732396681,0.45754773425663314,1.0,0.04741128563118092,0.04548540393754243,0.0019258816936384843,14,18,True,-0.0
immune cells,MAVS,0.0571322673327759,0.04758129112484317,0.00955097620793273,up_in_CKD,0.20137407596384552,0.6115660736890036,0.5461548983699901,1.0,0.037667248400232695,0.025797691785471828,0.011869556614760867,14,18,True,-0.0
immune cells,MBD3,0.0783586941283183,0.07071231805731398,0.007646376071004324,up_in_CKD,0.25124757112840473,0.735546126431268,0.4677544407923898,1.0,0.051919720767888304,0.05770536320434488,-0.005785642436456573,14,18,True,-0.0
immune cells,MBIP,0.0718320352308276,0.06825073797975877,0.0035812972510688296,up_in_CKD,0.0755757616893228,0.2366108830447761,0.8153053859479278,1.0,0.04348458406050029,0.04005431093007468,0.0034302731304256123,14,18,True,-0.0
immune cells,MBNL2,0.15733321705698583,0.14493620321697362,0.012397013840012211,up_in_CKD,0.1927722123350574,0.5461357240607425,0.5891515710676798,1.0,0.09424083769633508,0.10658520027155464,-0.012344362575219564,14,18,True,-0.0
immune cells,MBTPS1,0.13331029014539833,0.13097699852426567,0.0023332916211326604,up_in_CKD,0.04070114216388814,0.11902788943445862,0.9060506132127324,1.0,0.07867946480511925,0.08010862186014936,-0.0014291570550301058,14,18,True,-0.0
immune cells,MCEE,0.06587060683419951,0.06395063213919729,0.0019199746950022273,up_in_CKD,0.04248548842644396,0.12827151289652747,0.8988915042640071,1.0,0.0491564863292612,0.041412084181941616,0.0077444021473195845,14,18,True,-0.0
immune cells,MCRIP1,0.19362253385168823,0.19235529603118828,0.0012672378204999502,up_in_CKD,0.008368167610453283,0.02486205020104285,0.9803364678876617,1.0,0.12478184991273997,0.09708078750848609,0.02770106240425388,14,18,True,-0.0
immune cells,MCTP1,0.07518498742516247,0.07436433155226937,0.0008206558728930946,up_in_CKD,0.016109212009250258,0.04533838003997141,0.9641550128925945,1.0,0.04930191972076789,0.05091649694501019,-0.0016145772242422973,14,18,True,-0.0
immune cells,MCUB,0.1737603598461441,0.15005506774295782,0.023705292103186282,up_in_CKD,0.17008174543064275,0.4921033024401528,0.6262294560394401,1.0,0.11067481093659104,0.09164969450101833,0.01902511643557271,14,18,True,-0.0
immune cells,MCUR1,0.08841384006243999,0.07841636576510977,0.009997474297330222,up_in_CKD,0.21505652084774304,0.6499857235289658,0.5212651247255101,1.0,0.06428155904595695,0.058384249830278345,0.005897309215678603,14,18,True,-0.0
immune cells,MEAF6,0.31782775459976625,0.3052432145176984,0.01258454008206783,up_in_CKD,0.13896324580366123,0.40852857493987293,0.6858247670304889,1.0,0.19458987783595114,0.23217922606924643,-0.037589348233295294,14,18,True,-0.0
immune cells,MED13L,0.13687667429025652,0.1324672945848253,0.0044093797054312045,up_in_CKD,0.0893582322074118,0.2679764728318212,0.7907000044943643,1.0,0.08900523560209424,0.09843856076035302,-0.009433325158258787,14,18,True,-0.0
immune cells,MED15,0.10726767240459345,0.10660919808401258,0.0006584743205808735,up_in_CKD,0.013991006519750541,0.04185551903712243,0.9669104481313399,1.0,0.06689936009307737,0.07128309572301425,-0.00438373562993688,14,18,True,-0.0
immune cells,MED19,0.08328213636370208,0.07545156362740776,0.007830572736294311,up_in_CKD,0.1946735502723469,0.577918445734209,0.5677989419557656,1.0,0.051192553810354854,0.05295315682281059,-0.0017606030124557373,14,18,True,-0.0
immune cells,MED23,0.07851848619117863,0.07738834338420592,0.0011301428069727115,up_in_CKD,0.03873204528660661,0.1176678524189344,0.9072403309417625,1.0,0.04930191972076789,0.05227427019687712,-0.002972350476109234,14,18,True,-0.0
immune cells,MED25,0.047243192854101626,0.04220232159985107,0.0050408712542505535,up_in_CKD,0.1774997651106267,0.5427810771024719,0.5921330217646974,1.0,0.03432228039557882,0.03326544467073999,0.0010568357248388338,14,18,True,-0.0
immune cells,MED6,0.14050380899253784,0.13639942529550242,0.004104383697035419,up_in_CKD,0.07213983397043534,0.2221627420179261,0.8261050238397458,1.0,0.09045956951716114,0.09572301425661914,-0.005263444739458001,14,18,True,-0.0
immune cells,MED7,0.09525595454791096,0.08994339438947563,0.005312560158435328,up_in_CKD,0.09460303219183963,0.2900111112454546,0.7742650856320035,1.0,0.06588132635253054,0.06992532247114731,-0.004043996118616777,14,18,True,-0.0
immune cells,MEI1,0.06235408757149042,0.06224786080606037,0.00010622676543004667,up_in_CKD,0.0020931700540156124,0.006220688065168555,0.9950795745648648,1.0,0.03883071553228621,0.04480651731160896,-0.005975801779322748,14,18,True,-0.0
immune cells,MEPCE,0.060303621813041504,0.05696093436540839,0.003342687447633115,up_in_CKD,0.08384961982912743,0.2606614778088201,0.7967987429404862,1.0,0.04072134962187318,0.0373387644263408,0.0033825851955323824,14,18,True,-0.0
immune cells,METTL14,0.08176506756362582,0.07290305615658917,0.008862011407036657,up_in_CKD,0.1924652218677344,0.5565978872495637,0.5819328629247862,1.0,0.051919720767888304,0.04480651731160896,0.007113203456279346,14,18,True,-0.0
immune cells,METTL17,0.06323361175488695,0.060554555266744234,0.00267905648814272,up_in_CKD,0.0574821825946613,0.17678047041509068,0.8611788094102468,1.0,0.04159394997091332,0.03801765105227427,0.0035762989186390523,14,18,True,-0.0
immune cells,METTL2B,0.04816104556780384,0.04166182076145761,0.006499224806346231,up_in_CKD,0.25509512878897084,0.7518152047827074,0.45812677576393085,1.0,0.031995346131471786,0.02987101154107264,0.002124334590399145,14,18,True,-0.0
immune cells,METTL9,0.27145192738105656,0.27094796957102274,0.0005039578100338171,up_in_CKD,0.00541315830059566,0.01527563164414599,0.9879181851606249,1.0,0.16244909831297266,0.19076714188730481,-0.028318043574332152,14,18,True,-0.0
immune cells,MFAP1,0.11144804142710764,0.10507086665521369,0.006377174771893951,up_in_CKD,0.13533369091638311,0.41138450196021276,0.6841937267588277,1.0,0.06878999418266434,0.0726408689748812,-0.0038508747922168657,14,18,True,-0.0
immune cells,MGAT5,0.0588287753213443,0.05292015814722124,0.005908617174123061,up_in_CKD,0.17125509364937486,0.4971629667058975,0.6226986287986643,1.0,0.04246655031995346,0.042090970807875085,0.00037557951207837365,14,18,True,-0.0
immune cells,MGME1,0.07231226345833511,0.06775495444290305,0.004557309015432054,up_in_CKD,0.12474628741467328,0.37845796358037026,0.708154826395422,1.0,0.04363001745200698,0.04752206381534284,-0.0038920463633358576,14,18,True,-0.0
immune cells,MIA2,0.12784771441877935,0.10548758339726283,0.022360131021516516,up_in_CKD,0.18806161218964307,0.5681707689889111,0.5746647804819222,1.0,0.08260616637579989,0.04684317718940937,0.035762989186390516,14,18,True,-0.0
immune cells,MICAL1,0.09544596535036408,0.08446468300378539,0.010981282346578691,up_in_CKD,0.2097974733650152,0.6454894237605164,0.5248140029015425,1.0,0.06413612565445026,0.05431093007467753,0.009825195579772732,14,18,True,-0.0
immune cells,MIEF1,0.05560976298302966,0.05405818708145264,0.0015515759015770209,up_in_CKD,0.053118975909265335,0.15674967053876324,0.8765145719111748,1.0,0.03504944735311227,0.042090970807875085,-0.007041523454762812,14,18,True,-0.0
immune cells,MIEN1,0.31614026513680027,0.3078353173712625,0.008304947765537751,up_in_CKD,0.10645777183893237,0.31642314675764655,0.7539667641794734,1.0,0.19444444444444445,0.19891378139850646,-0.004469336954062014,14,18,True,-0.0
immune cells,MINDY2,0.059934200568883815,0.048758474145364196,0.011175726423519619,up_in_CKD,0.20855697076514848,0.6247456585883406,0.5372174913250605,1.0,0.03853984874927283,0.028513238289205704,0.010026610460067129,14,18,True,-0.0
immune cells,MIR4435-2HG,0.07772166803674238,0.06301605845627503,0.01470560958046735,up_in_CKD,0.19666620169183088,0.5811114528404235,0.5656127000024486,1.0,0.04668411867364747,0.038696537678207736,0.007987580995439732,14,18,True,-0.0
immune cells,MKRN1,0.16862616180903273,0.16671644002002187,0.0019097217890108598,up_in_CKD,0.037800517298199346,0.11236046029649073,0.9113183949205902,1.0,0.10543920884235021,0.11948404616429056,-0.014044837321940354,14,18,True,-0.0
immune cells,MLEC,0.17746679695123452,0.17746157784308952,5.2191081449937116e-06,up_in_CKD,9.859336516722699e-05,0.00029029877769924233,0.9997703278990131,1.0,0.11591041303083188,0.12627291242362526,-0.010362499392793378,14,18,True,-0.0
immune cells,MLH3,0.06111237210795528,0.05484739078700044,0.006264981320954842,up_in_CKD,0.17514853624045906,0.5266997572639325,0.602644112344782,1.0,0.04057591623036649,0.0373387644263408,0.003237151804025694,14,18,True,-0.0
immune cells,MLLT10,0.08471254284599336,0.0806178938769477,0.0040946489690456556,up_in_CKD,0.08794232123609275,0.26634795677456397,0.7920455029468869,1.0,0.05410122164048865,0.048200950441276307,0.005900271199212347,14,18,True,-0.0
immune cells,MLST8,0.06446918636530335,0.06106754391773575,0.0034016424475676044,up_in_CKD,0.14798874763804784,0.44547765867122463,0.6594955030470526,1.0,0.04217568353694008,0.04005431093007468,0.0021213726068654015,14,18,True,-0.0
immune cells,MMP24OS,0.19804037406800093,0.19443012393286815,0.0036102501351327754,up_in_CKD,0.022962478152385175,0.06805185096243756,0.9462109020003968,1.0,0.1272542175683537,0.10047522063815342,0.026778996930200277,14,18,True,-0.0
immune cells,MOB1B,0.0985624333820999,0.08587454863718551,0.01268788474491439,up_in_CKD,0.22123685041420837,0.6842160497308413,0.5007486208446971,1.0,0.06777196044211752,0.05702647657841141,0.010745483863706107,14,18,True,-0.0
immune cells,MOB3A,0.10949418833448352,0.10220019057380503,0.007293997760678489,up_in_CKD,0.12851132107842672,0.3865669375637225,0.7020696320818898,1.0,0.07242582897033159,0.06653088934147998,0.0058949396288516115,14,18,True,-0.0
immune cells,MORC3,0.13795680507152588,0.12454765784830957,0.013409147223216317,up_in_CKD,0.24155909671455383,0.6914166539438438,0.49467877728597337,1.0,0.08362420011634672,0.0814663951120163,0.0021578050043304237,14,18,True,-0.0
immune cells,MOSPD2,0.05814604169923464,0.05173727674288214,0.0064087649563524945,up_in_CKD,0.19125205032624254,0.5551027176215438,0.5829404048859752,1.0,0.03606748109365911,0.03326544467073999,0.002802036422919117,14,18,True,-0.0
immune cells,MOSPD3,0.0666919335152847,0.06044495006267661,0.0062469834526080875,up_in_CKD,0.15041728722963044,0.4601638359655902,0.6494259373861275,1.0,0.04464805119255381,0.04752206381534284,-0.002874012622789031,14,18,True,-0.0
immune cells,MPLKIP,0.20976450671894747,0.20768374586753705,0.002080760851410429,up_in_CKD,0.028233782866789306,0.08601610522277309,0.9321283318966531,1.0,0.1330715532286213,0.1452817379497624,-0.012210184721141104,14,18,True,-0.0
immune cells,MPPE1,0.09771945632603449,0.0945789054456822,0.003140550880352283,up_in_CKD,0.07298117867309889,0.22284234375312925,0.8254679142213354,1.0,0.06631762652705062,0.06992532247114731,-0.0036076959440966977,14,18,True,-0.0
immune cells,MRPL22,0.1742598159210512,0.16639832761785722,0.00786148830319397,up_in_CKD,0.16289206122709152,0.46554049597823893,0.6449527780121618,1.0,0.1154741128563118,0.12627291242362526,-0.010798799567313458,14,18,True,-0.0
immune cells,MRPL27,0.17960936359781215,0.17105427857831193,0.008555085019500225,up_in_CKD,0.14852172029909705,0.44506255442983983,0.6597161222614504,1.0,0.12012798138452589,0.11948404616429056,0.0006439352202353282,14,18,True,-0.0
immune cells,MRPL33,0.5352880302642464,0.5309061808548211,0.00438184940942532,up_in_CKD,0.037715255994285726,0.10376664464808115,0.9181604372230634,1.0,0.31399069226294357,0.33536999321113375,-0.021379300948190183,14,18,True,-0.0
immune cells,MRPL34,0.27524759317550535,0.25488383744625004,0.020363755729255306,up_in_CKD,0.21402169701812337,0.6108678806957598,0.5459628632953983,1.0,0.1765561372891216,0.18058384249830278,-0.004027705209181193,14,18,True,-0.0
immune cells,MRPL36,0.1868818982314046,0.17155845936920944,0.015323438862195171,up_in_CKD,0.2372601623206977,0.6811376570645085,0.5010432512205609,1.0,0.12216404886561955,0.12423625254582485,-0.0020722036802053034,14,18,True,-0.0
immune cells,MRPL37,0.08100243350851404,0.07069438563196664,0.010308047876547391,up_in_CKD,0.25666954974883144,0.6985131642683827,0.49151468078497434,1.0,0.052501454333915065,0.054989816700611,-0.0024883623666959315,14,18,True,-0.0
immune cells,MRPL38,0.030825620088336867,0.01926187859936123,0.011563741488975637,up_in_CKD,0.24401636824451975,0.6763906786147198,0.5046198150758434,1.0,0.03606748109365911,0.010183299389002037,0.025884181704657068,14,18,True,-0.0
immune cells,MRPL39,0.06643888742248663,0.06614349268765941,0.00029539473482721734,up_in_CKD,0.006704898353014358,0.019997410178851857,0.9841852849993321,1.0,0.041884816753926704,0.055668703326544465,-0.013783886572617761,14,18,True,-0.0
immune cells,MRPL4,0.18382946667122477,0.1787188561115164,0.005110610559708378,up_in_CKD,0.09420440831352102,0.28284695286162614,0.7794058390681557,1.0,0.1157649796393252,0.11608961303462322,-0.00032463339529802127,14,18,True,-0.0
immune cells,MRPL41,0.5259455996400262,0.5019982035382178,0.023947396101808405,up_in_CKD,0.21917029171167354,0.5938107690881455,0.5582917833604859,1.0,0.31079115764979637,0.3061778682959946,0.004613289353801786,14,18,True,-0.0
immune cells,MRPL57,0.3322801370023259,0.3154196223437355,0.016860514658590398,up_in_CKD,0.07071326759497194,0.20694703714412743,0.837457543356931,1.0,0.21291448516579406,0.17447386286490157,0.038440622300892485,14,18,True,-0.0
immune cells,MRPS30,0.09230423346208372,0.08823301045765164,0.0040712230044320785,up_in_CKD,0.0860117914620581,0.26217629200418535,0.7953080631492376,1.0,0.055264688772542175,0.06517311608961303,-0.009908427317070853,14,18,True,-0.0
immune cells,MRRF,0.053304168622937305,0.047707261280792605,0.0055969073421447,up_in_CKD,0.16997341941001504,0.5068228990416589,0.6161883367432771,1.0,0.033304246655032,0.0373387644263408,-0.004034517771308803,14,18,True,-0.0
immune cells,MSH3,0.07769417590349302,0.07593250721869868,0.0017616686847943402,up_in_CKD,0.04405334047740136,0.129410370494244,0.8979066727718911,1.0,0.04522978475858057,0.048879837067209775,-0.0036500523086292064,14,18,True,-0.0
immune cells,MSL3,0.1892289206053151,0.18031413296550686,0.008914787639808242,up_in_CKD,0.13207573310585835,0.39656582732845863,0.6947393258039809,1.0,0.11780104712041885,0.11948404616429056,-0.0016829990438717163,14,18,True,-0.0
immune cells,MT1X,0.391177848512258,0.347738525572301,0.043439322939957004,up_in_CKD,0.2238752081575431,0.5698257557203216,0.5767654493250765,1.0,0.1932809773123909,0.22539035980991173,-0.03210938249752082,14,18,True,-0.0
immune cells,MTA2,0.04942125561912097,0.04622260767531394,0.0031986479438070245,up_in_CKD,0.1686732213419877,0.4757589553377522,0.6378601078286132,1.0,0.032867946480511924,0.031228784792939578,0.0016391616875723464,14,18,True,-0.0
immune cells,MTF2,0.1079594807401981,0.10391486409628811,0.004044616643909982,up_in_CKD,0.0924598051134727,0.27778218531393745,0.7832571653490067,1.0,0.06951716114019779,0.07807196198234895,-0.008554800842151156,14,18,True,-0.0
immune cells,MTFR1L,0.07180966404253115,0.07005837319193517,0.001751290850595985,up_in_CKD,0.03297069363315523,0.1019750427245745,0.919670300528529,1.0,0.04697498545666085,0.048200950441276307,-0.0012259649846154547,14,18,True,-0.0
immune cells,MTHFD2L,0.07997349958018736,0.06993455881444155,0.01003894076574581,up_in_CKD,0.24697081628264989,0.6994860415557079,0.48982810806238547,1.0,0.05279232111692845,0.059063136456211814,-0.006270815339283364,14,18,True,-0.0
immune cells,MTHFS,0.12205596304396885,0.11532916395622868,0.006726799087740168,up_in_CKD,0.10734562852989768,0.3154441536106786,0.7546349461613926,1.0,0.08406050029086679,0.09911744738628649,-0.015056947095419701,14,18,True,-0.0
immune cells,MTMR10,0.05007028714647149,0.047983161550486784,0.002087125595984708,up_in_CKD,0.07129215108810351,0.20885901502287857,0.8359801045953784,1.0,0.03504944735311227,0.034623217922606926,0.00042622943050534684,14,18,True,-0.0
immune cells,MTMR9,0.07671380236410222,0.07623393157960881,0.00047987078449340803,up_in_CKD,0.010844361066556944,0.033629165197995456,0.9734725974095603,1.0,0.04581151832460733,0.04684317718940937,-0.0010316588648020403,14,18,True,-0.0
immune cells,MTPAP,0.055130808179954506,0.047442501867555935,0.007688306312398571,up_in_CKD,0.2219545014095399,0.6888263328819306,0.498094716042559,1.0,0.03301337987201861,0.03598099117447386,-0.0029676113024552503,14,18,True,-0.0
immune cells,MTURN,0.075366600886135,0.06335791674633015,0.012008684139804854,up_in_CKD,0.2300336963061775,0.644788320323262,0.5243183682129122,1.0,0.04741128563118092,0.0461642905634759,0.001246995067705016,14,18,True,-0.0
immune cells,MTX1,0.10399155716231079,0.09447687064418003,0.009514686518130755,up_in_CKD,0.1827657331514095,0.5461569499350228,0.5892567705750819,1.0,0.07068062827225131,0.06653088934147998,0.004149738930771335,14,18,True,-0.0
immune cells,MVB12A,0.10821770120826417,0.10108080373729361,0.007136897470970557,up_in_CKD,0.1557839512475999,0.44976477847470775,0.6561172613847029,1.0,0.06544502617801047,0.06992532247114731,-0.004480296293136843,14,18,True,-0.0
immune cells,MX1,0.08228771591280945,0.08029800416510326,0.0019897117477061937,up_in_CKD,0.06575895758148995,0.18491011187871847,0.8546183067622825,1.0,0.05715532286212915,0.05363204344874406,0.0035232794133850873,14,18,True,-0.0
immune cells,MXRA7,0.055441558546402425,0.05365847837838515,0.001783080168017273,up_in_CKD,0.048417982973072496,0.14367292162477144,0.8867552951809976,1.0,0.037521815008726006,0.03394433129667346,0.0035774837120525482,14,18,True,-0.0
immune cells,MYCBP,0.05602665388170662,0.05321010243382848,0.002816551447878138,up_in_CKD,0.11317040150580882,0.3370643823268636,0.7385339178922684,1.0,0.041884816753926704,0.04073319755600815,0.001151619197918556,14,18,True,-0.0
immune cells,MYDGF,0.27273740534826735,0.23796777888688073,0.03476962646138662,up_in_CKD,0.18141593425687813,0.5263422462683865,0.6025205171899839,1.0,0.17379290285049448,0.1296673455532926,0.044125557297201884,14,18,True,-0.0
immune cells,MYNN,0.08050248440867006,0.07178664001779964,0.00871584439087042,up_in_CKD,0.18138626385716417,0.5526754954644573,0.5853228542047259,1.0,0.04799301919720768,0.04412763068567549,0.003865388511532189,14,18,True,-0.0
immune cells,MYO9A,0.06575548231052096,0.060957568244059165,0.004797914066461795,up_in_CKD,0.12608733107381379,0.3540127631601254,0.7259677608340237,1.0,0.04144851657940663,0.041412084181941616,3.64323974650152e-05,14,18,True,-0.0
immune cells,MZT1,0.16546976202573946,0.15718664427216072,0.008283117753578734,up_in_CKD,0.18175074975916045,0.5424956828370885,0.5917224318661706,1.0,0.10805700988947062,0.11541072640868975,-0.007353716519219136,14,18,True,-0.0
immune cells,MZT2A,0.37968999375589574,0.3604724264549095,0.019217567300986227,up_in_CKD,0.12781206007286483,0.3583366958026355,0.7227797302982415,1.0,0.24403723094822571,0.2654446707399864,-0.021407439791760685,14,18,True,-0.0
immune cells,NAA50,0.1444972566235067,0.13103013404992386,0.013467122573582846,up_in_CKD,0.22065053821672265,0.6654252219511065,0.5114285475599203,1.0,0.09205933682373472,0.09708078750848609,-0.0050214506847513635,14,18,True,-0.0
immune cells,NAA60,0.06959377566746221,0.06773378250019808,0.0018599931672641234,up_in_CKD,0.027399848125934798,0.08287786975564865,0.9345707237175983,1.0,0.048283885980221056,0.031228784792939578,0.017055101187281478,14,18,True,-0.0
immune cells,NABP1,0.279258716221323,0.27046299132227875,0.008795724899044233,up_in_CKD,0.07975732819132325,0.24430910600262745,0.8090285972944778,1.0,0.16753926701570682,0.17990495587236932,-0.012365688856662505,14,18,True,-0.0
immune cells,NADK,0.10133714140444984,0.09882067634152272,0.0025164650629271174,up_in_CKD,0.043500505662644656,0.13256306497886752,0.8955857610093324,1.0,0.06442699243746364,0.07060420909708079,-0.006177216659617152,14,18,True,-0.0
immune cells,NAE1,0.11004887314872466,0.10490137100390287,0.005147502144821792,up_in_CKD,0.08482197418942279,0.25024884303720407,0.8041360481000711,1.0,0.06544502617801047,0.07739307535641547,-0.011948049178405001,14,18,True,-0.0
immune cells,NAGK,0.31782649496611753,0.3047412336580765,0.013085261308041052,up_in_CKD,0.11162942895806442,0.32375780916622,0.7483677246984272,1.0,0.1950261780104712,0.18058384249830278,0.01444233551216842,14,18,True,-0.0
immune cells,NAP1L1,0.8006294357236482,0.7993426952061783,0.0012867405174699087,up_in_CKD,0.006995657490206399,0.0199627147254923,0.984207517142179,1.0,0.4264107038976149,0.4290563475899525,-0.002645643692337607,14,18,True,-0.0
immune cells,NAPRT,0.11111451337860535,0.10574477613232923,0.005369737246276124,up_in_CKD,0.04991694367431958,0.14890379085534863,0.8826826637495516,1.0,0.08362420011634672,0.05363204344874406,0.02999215666760266,14,18,True,-0.0
immune cells,NASP,0.2098909605306815,0.20366361686329618,0.00622734366738531,up_in_CKD,0.07344680855528708,0.20767256737181605,0.836945049402325,1.0,0.12623618382780685,0.14188730482009504,-0.015651120992288187,14,18,True,-0.0
immune cells,NAT9,0.08029634453574998,0.07955157537274243,0.0007447691630075443,up_in_CKD,0.015615524099472415,0.048924840711650694,0.961455530369432,1.0,0.051919720767888304,0.05363204344874406,-0.001712322680855756,14,18,True,-0.0
immune cells,NBDY,0.18698328305692227,0.16599311220463764,0.020990170852284634,up_in_CKD,0.14977817798209375,0.43876838174214783,0.6639954759113507,1.0,0.12914485165794065,0.09029192124915139,0.03885293040878926,14,18,True,-0.0
immune cells,NBR1,0.12143188279824922,0.1128241342523846,0.008607748545864616,up_in_CKD,0.15127099207028158,0.46436335842434723,0.6465567363740243,1.0,0.07315299592786503,0.07128309572301425,0.001869900204850783,14,18,True,-0.0
immune cells,NCAPH2,0.04200592665652268,0.04004214888214202,0.0019637777743806636,up_in_CKD,0.08625807164613157,0.2531527417935662,0.8018940346743054,1.0,0.025596276905177427,0.031907671418873046,-0.006311394513695619,14,18,True,-0.0
immune cells,NCF1,0.46577235929842126,0.4211183297853287,0.04465402951309255,up_in_CKD,0.2711041789562312,0.7588106363279207,0.45434938093079064,1.0,0.2659976730657359,0.25118805159538354,0.014809621470352363,14,18,True,-0.0
immune cells,NCLN,0.05242607001772469,0.049026899403007515,0.003399170614717173,up_in_CKD,0.09664280757565867,0.30189365239018406,0.7657137626555267,1.0,0.036358347876672484,0.03054989816700611,0.0058084497096663745,14,18,True,-0.0
immune cells,NCOR2,0.08878477960610351,0.08848708742268231,0.0002976921834211971,up_in_CKD,0.008266171813462186,0.024634242566682164,0.9805184700745511,1.0,0.06326352530541013,0.06653088934147998,-0.0032673640360698503,14,18,True,-0.0
immune cells,NDFIP1,0.3856604397088476,0.38322658022822753,0.002433859480620082,up_in_CKD,0.03901695278362449,0.11126256884737959,0.9121626991590639,1.0,0.2325479930191972,0.253224711473184,-0.020676718453986775,14,18,True,-0.0
immune cells,NDRG1,0.11055401989335858,0.09726275434823278,0.013291265545125802,up_in_CKD,0.24484856763073032,0.6553207599685789,0.5190862354463969,1.0,0.07388016288539849,0.06992532247114731,0.003954840414251176,14,18,True,-0.0
immune cells,NDRG3,0.046679629423335436,0.041746371431306384,0.004933257992029053,up_in_CKD,0.19741367205203156,0.5770118560118206,0.5682549157548397,1.0,0.030250145433391506,0.029192124915139173,0.0010580205182523332,14,18,True,-0.0
immune cells,NDUFA5,0.3261209978141922,0.29918880290940364,0.026932194904788542,up_in_CKD,0.22071437793428061,0.6252627290202741,0.5366910047332122,1.0,0.19764397905759162,0.2219959266802444,-0.024351947622652775,14,18,True,-0.0
immune cells,NDUFA7,0.12166469546507987,0.10224763392695997,0.019417061538119895,up_in_CKD,0.18038786662664882,0.49518764161354323,0.6247267701873497,1.0,0.11023851076207097,0.05770536320434488,0.0525331475577261,14,18,True,-0.0
immune cells,NDUFAF8,0.2206289346827965,0.19998827857974708,0.020640656103049437,up_in_CKD,0.1319345191580191,0.3859415203610441,0.7022776450364056,1.0,0.14267015706806283,0.10319076714188731,0.039479389926175515,14,18,True,-0.0
immune cells,NDUFB8,0.45818463795137926,0.3857133087347979,0.07247132921658134,up_in_CKD,0.23952760239825577,0.6929443960863192,0.49367636896030825,1.0,0.283304246655032,0.2043448744059742,0.0789593722490578,14,18,True,-0.0
immune cells,NDUFB9,0.43397745337236027,0.41895970088147183,0.015017752490888436,up_in_CKD,0.14715835944194158,0.44444342688309746,0.6602956094355978,1.0,0.2559627690517743,0.285132382892057,-0.029169613840282715,14,18,True,-0.0
immune cells,NDUFS1,0.09354208377044641,0.08956559953757803,0.00397648423286838,up_in_CKD,0.09709916875910732,0.293268760188525,0.7715794941129496,1.0,0.05962769051774287,0.058384249830278345,0.0012434406874645282,14,18,True,-0.0
immune cells,NDUFS7,0.47050662193627263,0.4680064876866335,0.00250013424963913,up_in_CKD,0.025097130088813126,0.07458908309893846,0.9410579322757137,1.0,0.2895578824898197,0.2898845892735913,-0.0003267067837716131,14,18,True,-0.0
immune cells,NECAP2,0.16198696224433742,0.15984146506150204,0.002145497182835382,up_in_CKD,0.030655229076282545,0.09184016936345953,0.9274820469057378,1.0,0.10834787667248401,0.12152070604209098,-0.013172829369606967,14,18,True,-0.0
immune cells,NELFCD,0.11250978775567813,0.10545385824078926,0.00705592951488887,up_in_CKD,0.12618443124320827,0.367810194106123,0.7156018469030633,1.0,0.070826061663758,0.0746775288526816,-0.0038514671889235963,14,18,True,-0.0
immune cells,NEU1,0.10003635897132257,0.08964934454571871,0.010387014425603858,up_in_CKD,0.19093568020085785,0.5791870245059524,0.5674302861975459,1.0,0.06966259453170448,0.06042090970807875,0.00924168482362573,14,18,True,-0.0
immune cells,NFIA,0.07742775816998403,0.07528570676731909,0.002142051402664935,up_in_CKD,0.04776844248067707,0.14177819963828622,0.8882390763222604,1.0,0.05148342059336824,0.04955872369314324,0.0019246969002249953,14,18,True,-0.0
immune cells,NFKBIL1,0.045001191700445545,0.04401256070759428,0.0009886309928512638,up_in_CKD,0.029239779405048277,0.0869348658826146,0.9313264023393216,1.0,0.028504944735311226,0.035302104548540394,-0.006797159813229169,14,18,True,-0.0
immune cells,NINJ1,0.2018132467340494,0.19578550335855072,0.00602774337549869,up_in_CKD,0.05938337078141145,0.1734704448253058,0.863451141843592,1.0,0.1227457824316463,0.13034623217922606,-0.007600449747579757,14,18,True,-0.0
immune cells,NIPSNAP1,0.05490383344013456,0.05235826869031226,0.0025455647498223016,up_in_CKD,0.053971703653713184,0.15928064575324188,0.8745381723588758,1.0,0.03534031413612566,0.031228784792939578,0.004111529343186079,14,18,True,-0.0
immune cells,NIPSNAP2,0.10962222494967636,0.09156366318745245,0.01805856176222391,up_in_CKD,0.2334196326492636,0.674290996839881,0.5052944700233056,1.0,0.07431646305991856,0.05363204344874406,0.020684419611174495,14,18,True,-0.0
immune cells,NISCH,0.09085063533724531,0.08030195691508613,0.010548678422159188,up_in_CKD,0.21127940481909396,0.6406806667558899,0.5273062513355133,1.0,0.05991855730075625,0.05023761031907671,0.009680946981679539,14,18,True,-0.0
immune cells,NIT2,0.131341856319869,0.12354594710179972,0.007795909218069275,up_in_CKD,0.18372960681552478,0.5259598630303031,0.602824806983955,1.0,0.0866783013379872,0.0855397148676171,0.001138586470370101,14,18,True,-0.0
immune cells,NKIRAS2,0.07599475032046521,0.07237642112042669,0.003618329200038517,up_in_CKD,0.0744617685689276,0.2266883952956743,0.8224727236199258,1.0,0.050319953461314716,0.05227427019687712,-0.001954316735562407,14,18,True,-0.0
immune cells,NMD3,0.07015881026158241,0.06682050019468523,0.0033383100668971794,up_in_CKD,0.1133743612212681,0.33200140556377855,0.7422118556117432,1.0,0.0477021524141943,0.05091649694501019,-0.0032143445308158852,14,18,True,-0.0
immune cells,NMRK1,0.10431111826048604,0.09123851701827702,0.01307260124220902,up_in_CKD,0.23675605465622895,0.6472189824849305,0.5234319304546745,1.0,0.0679173938336242,0.06313645621181263,0.0047809376218115734,14,18,True,-0.0
immune cells,NNT,0.08194200870151506,0.07118698714572641,0.010755021555788655,up_in_CKD,0.2569533695032448,0.7524383482715651,0.4576895093468105,1.0,0.053810354857475276,0.051595383570943655,0.002214971286531621,14,18,True,-0.0
immune cells,NOL11,0.0983306012010866,0.09464211362731112,0.0036884875737754758,up_in_CKD,0.12985778327300093,0.388144987291457,0.7008287380209842,1.0,0.05904595695171611,0.06449422946367957,-0.005448272511963455,14,18,True,-0.0
immune cells,NOL8,0.10153304563594814,0.08946770556745659,0.012065340068491553,up_in_CKD,0.19200386557724633,0.5892690728091945,0.5611577300588525,1.0,0.060063990692262946,0.06177868295994569,-0.0017146922676827409,14,18,True,-0.0
immune cells,NOP53,0.6304606108712919,0.5127717203247778,0.1176888905465141,up_in_CKD,0.26429921177027615,0.7456567196601828,0.4619549828387125,1.0,0.3365328679464805,0.2505091649694501,0.08602370297703044,14,18,True,-0.0
immune cells,NPLOC4,0.07517832452050825,0.0724567475289382,0.0027215769915700516,up_in_CKD,0.07995149911880217,0.2437213293634555,0.8094127016193865,1.0,0.051047120418848166,0.05295315682281059,-0.0019060364039624259,14,18,True,-0.0
immune cells,NPRL3,0.05823422999549375,0.0544727281446345,0.0037615018508592515,up_in_CKD,0.1245786953598063,0.37201059799562763,0.7126600149980642,1.0,0.03737638161721931,0.035302104548540394,0.002074277068678916,14,18,True,-0.0
immune cells,NR2C1,0.04889128934095932,0.04631868254204839,0.0025726067989109286,up_in_CKD,0.07845292904777848,0.2347206778957865,0.8161314917552265,1.0,0.03446771378708551,0.031228784792939578,0.0032389289941459343,14,18,True,-0.0
immune cells,NRDC,0.1244317520680739,0.10191531000320947,0.02251644206486443,up_in_CKD,0.24266950199650617,0.7030009932431741,0.4874755189562882,1.0,0.08435136707388016,0.05091649694501019,0.033434870128869976,14,18,True,-0.0
immune cells,NRDE2,0.05794199461343661,0.05182614301596038,0.006115851597476234,up_in_CKD,0.1353098668191466,0.41805585706271614,0.6797947073021713,1.0,0.035631180919139034,0.032586558044806514,0.00304462287433252,14,18,True,-0.0
immune cells,NRGN,0.06494866162896529,0.05826594949758352,0.006682712131381767,up_in_CKD,0.17564877684224176,0.4891303800965081,0.6286673950121227,1.0,0.04275741710296684,0.0373387644263408,0.005418652676626043,14,18,True,-0.0
immune cells,NSA2,0.6753874661055261,0.661137426727182,0.014250039378344126,up_in_CKD,0.09709640396343511,0.2782451752301007,0.7827505382353876,1.0,0.3773996509598604,0.37474541751527496,0.00265423344458543,14,18,True,-0.0
immune cells,NSMCE1,0.13587250459254493,0.1335253378003354,0.002347166792209532,up_in_CKD,0.026943260287772552,0.0840137345207023,0.9338318900546607,1.0,0.08842350203606748,0.08757637474541752,0.0008471272906499655,14,18,True,-0.0
immune cells,NSMCE2,0.073414211756695,0.06897858045834632,0.004435631298348688,up_in_CKD,0.12457289970118932,0.3849969833181092,0.7037952455554465,1.0,0.04697498545666085,0.059063136456211814,-0.012088150999550962,14,18,True,-0.0
immune cells,NSMF,0.050352696938550996,0.047860573728614915,0.0024921232099360813,up_in_CKD,0.05302425040584145,0.16441077997879647,0.8708900029710592,1.0,0.03606748109365911,0.02987101154107264,0.006196469552586466,14,18,True,-0.0
immune cells,NT5C,0.4166859794015011,0.4006415733594205,0.016044406042080572,up_in_CKD,0.19247357329487885,0.5573449950992981,0.5814273601122121,1.0,0.23531122745782432,0.24100475220638154,-0.005693524748557222,14,18,True,-0.0
immune cells,NT5C2,0.08232348450127738,0.07785550045898976,0.004467984042287626,up_in_CKD,0.1078419417591297,0.3156362656237323,0.7544768559480066,1.0,0.05090168702734148,0.05023761031907671,0.0006640767082647658,14,18,True,-0.0
immune cells,NT5DC1,0.07405106394219975,0.07325458229456722,0.0007964816476325326,up_in_CKD,0.020236590496278253,0.05793520431111234,0.954188547132358,1.0,0.0477021524141943,0.05770536320434488,-0.010003210790150575,14,18,True,-0.0
immune cells,NTHL1,0.056560599290257016,0.051274973039065745,0.005285626251191271,up_in_CKD,0.1419400960217243,0.4433323020760393,0.6620706333185077,1.0,0.03606748109365911,0.03326544467073999,0.002802036422919117,14,18,True,-0.0
immune cells,NUDCD3,0.1006656971412759,0.0901540887694788,0.010511608371797113,up_in_CKD,0.22730620532120588,0.6748213306577449,0.5051576108939266,1.0,0.06253635834787667,0.058384249830278345,0.004152108517598327,14,18,True,-0.0
immune cells,NUDT2,0.08094615290088882,0.07875929018828202,0.0021868627126067908,up_in_CKD,0.06990010175052147,0.1999502838647038,0.8428850910185197,1.0,0.04930191972076789,0.06109979633401222,-0.011797876613244329,14,18,True,-0.0
immune cells,NUDT21,0.11324784994676854,0.11205298132663927,0.001194868620129269,up_in_CKD,0.013897731476659287,0.04391029180576149,0.9654373967531823,1.0,0.07533449680046539,0.06177868295994569,0.013555813840519702,14,18,True,-0.0
immune cells,NUMB,0.16462875589191098,0.1550221563237863,0.00960659956812468,up_in_CKD,0.1739463221030626,0.5000336707719827,0.6207178404697682,1.0,0.10165794066317627,0.10726408689748812,-0.005606146234311854,14,18,True,-0.0
immune cells,NUP210,0.10203035418430816,0.09510269244368222,0.006927661740625937,up_in_CKD,0.17029119641790763,0.49661824343676886,0.6230858048305364,1.0,0.06689936009307737,0.062457569585879155,0.004441790507198215,14,18,True,-0.0
immune cells,NXPE3,0.06405778196556342,0.06183529773864925,0.002222484226914165,up_in_CKD,0.05609725250824849,0.1650326876003994,0.8700411752446547,1.0,0.039848749272833044,0.04276985743380855,-0.0029211081609755093,14,18,True,-0.0
immune cells,OASL,0.04550587271967193,0.037459197668625974,0.008046675051045955,up_in_CKD,0.19429869438585093,0.5695790216650204,0.5732381671129072,1.0,0.030686445607911575,0.02172437202987101,0.008962073578040564,14,18,True,-0.0
immune cells,ORAI1,0.2209148546062225,0.21456907017354632,0.006345784432676194,up_in_CKD,0.06363337139117463,0.18057685977867513,0.8579505794703848,1.0,0.13089005235602094,0.12559402579769177,0.00529602655832917,14,18,True,-0.0
immune cells,ORAI2,0.09657227041554829,0.08471456284654148,0.011857707569006809,up_in_CKD,0.24836559627366456,0.7426601220666463,0.46385074289660544,1.0,0.05962769051774287,0.062457569585879155,-0.0028298790681362818,14,18,True,-0.0
immune cells,ORMDL2,0.15833748395155184,0.1564136100378857,0.0019238739136661354,up_in_CKD,0.037572330069872456,0.11051123741559003,0.9127501996577693,1.0,0.10354857475276323,0.12763068567549218,-0.024082110922728953,14,18,True,-0.0
immune cells,OSBP,0.061261280325720605,0.05251113842876249,0.008750141896958115,up_in_CKD,0.2168798065951434,0.6461408031432742,0.5233544367417482,1.0,0.04173938336242001,0.034623217922606926,0.0071161654398130825,14,18,True,-0.0
immune cells,OSBPL11,0.09865447824610021,0.0891154793890947,0.009538998857005515,up_in_CKD,0.1490661784811192,0.45762541222110603,0.651324218694398,1.0,0.07329842931937172,0.05974202308214528,0.01355640623722644,14,18,True,-0.0
immune cells,OSBPL9,0.0953434086146807,0.08870629018671866,0.006637118427962038,up_in_CKD,0.09602282511111951,0.29965844005286973,0.7673692400681156,1.0,0.060063990692262946,0.05091649694501019,0.00914749374725276,14,18,True,-0.0
immune cells,OTULINL,0.10841299299350557,0.0874824440707705,0.020930548922735076,up_in_CKD,0.25089249821717424,0.7294605170372687,0.4713800972283132,1.0,0.07402559627690518,0.051595383570943655,0.022430212705961523,14,18,True,-0.0
immune cells,OXA1L,0.1418884956603317,0.13316883807840083,0.008719657581930884,up_in_CKD,0.11517861692765881,0.34566285567161004,0.7322126867977496,1.0,0.0911867364746946,0.08961303462321792,0.0015737018514766776,14,18,True,-0.0
immune cells,OXLD1,0.22108888993882628,0.20897926051349924,0.012109629425327034,up_in_CKD,0.15641349699961984,0.44280859278318885,0.6611977985535042,1.0,0.13045375218150088,0.131704005431093,-0.0012502532495921315,14,18,True,-0.0
immune cells,P2RY10,0.08012050447320605,0.08002597051017213,9.453396303392425e-05,up_in_CKD,0.0013874070874178002,0.004243592421092926,0.9966481723451357,1.0,0.052501454333915065,0.04684317718940937,0.005658277144505695,14,18,True,-0.0
immune cells,P2RY13,0.2078606502654943,0.18971982980009916,0.01814082046539514,up_in_CKD,0.17040347949387152,0.4785102445358837,0.6359813868316591,1.0,0.12667248400232695,0.11948404616429056,0.007188437838036382,14,18,True,-0.0
immune cells,P4HA1,0.08078588334742723,0.07893965408732218,0.0018462292601050534,up_in_CKD,0.03354820881008313,0.09831446265958856,0.9223415428852499,1.0,0.060209424083769635,0.05431093007467753,0.005898494009092106,14,18,True,-0.0
immune cells,P4HTM,0.08233655410507605,0.07737615270821964,0.004960401396856412,up_in_CKD,0.08130458186205326,0.25422646089135276,0.8018237398299866,1.0,0.052065154159395,0.04684317718940937,0.00522197696998563,14,18,True,-0.0
immune cells,PABPN1,0.3662039929077937,0.35104917434515037,0.015154818562643335,up_in_CKD,0.11362962608297508,0.3487185427419086,0.7303239567587709,1.0,0.22076788830715532,0.2219959266802444,-0.0012280383730890743,14,18,True,-0.0
immune cells,PAG1,0.21582624861099248,0.20944897207588764,0.006377276535104837,up_in_CKD,0.07773911400349474,0.21606929458882518,0.8305583122568349,1.0,0.13205351948807445,0.1296673455532926,0.0023861739347818545,14,18,True,-0.0
immune cells,PAICS,0.05435415241289342,0.04923196230946211,0.005122190103431304,up_in_CKD,0.14851114812630536,0.44337057500299837,0.6608703258063888,1.0,0.03810354857475276,0.0373387644263408,0.0007647841484119608,14,18,True,-0.0
immune cells,PAK1,0.14194750616841442,0.14138643725144373,0.0005610689169706917,up_in_CKD,0.008609635246345936,0.024057853744361646,0.9809794151968708,1.0,0.0911867364746946,0.09911744738628649,-0.007930710911591893,14,18,True,-0.0
immune cells,PAK2,0.4398213250599789,0.4376054153049561,0.0022159097550227824,up_in_CKD,0.017596805771385792,0.05120132636830387,0.9595047642107919,1.0,0.25509016870273415,0.2817379497623897,-0.02664778105965554,14,18,True,-0.0
immune cells,PANK3,0.10539360794988561,0.10005071257338427,0.005342895376501344,up_in_CKD,0.12352649956812659,0.3381342279421225,0.738085059484352,1.0,0.062390924956369984,0.06313645621181263,-0.0007455312554426469,14,18,True,-0.0
immune cells,PAPOLA,0.3622405311211062,0.35591099614865573,0.006329534972450479,up_in_CKD,0.06037654945790357,0.1848009827427383,0.8549002518276089,1.0,0.2197498545666085,0.23761031907671418,-0.017860464510105672,14,18,True,-0.0
immune cells,PARG,0.048913955877523625,0.0464522956774792,0.002461660200044423,up_in_CKD,0.046815177737687404,0.14301834893682736,0.8874254628075978,1.0,0.0318499127399651,0.020366598778004074,0.011483313961961023,14,18,True,-0.0
immune cells,PARP1,0.16127798386279685,0.15616085106191385,0.005117132800882995,up_in_CKD,0.07097993724729065,0.21617725809290067,0.8305734372187545,1.0,0.09613147178592205,0.10047522063815342,-0.004343748852231377,14,18,True,-0.0
immune cells,PARVG,0.2716521867364155,0.2698600312552286,0.0017921554811868856,up_in_CKD,0.01569502041888733,0.045035127047301296,0.9643799323352151,1.0,0.17044793484584062,0.1758316361167685,-0.005383701270927882,14,18,True,-0.0
immune cells,PAXBP1,0.09198730153010366,0.08740580423281188,0.004581497297291778,up_in_CKD,0.08872506532974173,0.26156877237395365,0.7954752274871002,1.0,0.058027923211169286,0.06109979633401222,-0.003071873122842933,14,18,True,-0.0
immune cells,PBRM1,0.17016227039601653,0.16830604975475524,0.0018562206412612858,up_in_CKD,0.042643874382119244,0.12193953827523828,0.9037704723925751,1.0,0.10689354275741711,0.10658520027155464,0.0003083424858624645,14,18,True,-0.0
immune cells,PBX3,0.047946710687252515,0.04067159838488925,0.007275112302363267,up_in_CKD,0.25457902954835593,0.7424681126555317,0.4635908037521302,1.0,0.032867946480511924,0.031228784792939578,0.0016391616875723464,14,18,True,-0.0
immune cells,PBXIP1,0.16599343833974542,0.15974460797027684,0.006248830369468578,up_in_CKD,0.08089840327454687,0.23868083777136054,0.8130097218093517,1.0,0.09787667248400232,0.08689748811948404,0.01097918436451828,14,18,True,-0.0
immune cells,PCED1A,0.06970508318286585,0.06276149081849543,0.006943592364370421,up_in_CKD,0.17903668479075002,0.5398727226842805,0.5937115871106693,1.0,0.04741128563118092,0.03598099117447386,0.011430294456707055,14,18,True,-0.0
immune cells,PCIF1,0.059147418197717884,0.05528658717684877,0.003860831020869114,up_in_CKD,0.11896308527325561,0.36934447405720944,0.71539479474476,1.0,0.04057591623036649,0.04005431093007468,0.0005216053002918136,14,18,True,-0.0
immune cells,PCMTD2,0.09138361438381082,0.0825906390777259,0.008792975306084916,up_in_CKD,0.19624497879196262,0.5930917047193899,0.5581178154353821,1.0,0.059482257126236185,0.05431093007467753,0.0051713270515586565,14,18,True,-0.0
immune cells,PCNX1,0.09585861270252381,0.08088181009965005,0.014976802602873762,up_in_CKD,0.2197554924413878,0.6399066870157905,0.5270961242516938,1.0,0.05962769051774287,0.048200950441276307,0.011426740076466567,14,18,True,-0.0
immune cells,PCSK7,0.15820985250835573,0.1522127354631747,0.005997117045181022,up_in_CKD,0.12709364464229514,0.37040410607269814,0.7136883410805621,1.0,0.09554973821989529,0.10183299389002037,-0.006283255670125082,14,18,True,-0.0
immune cells,PDCL,0.08005586738573699,0.07794117084542712,0.0021146965403098655,up_in_CKD,0.047414948967050265,0.14684438493181207,0.8845626907651284,1.0,0.051047120418848166,0.05023761031907671,0.0008095100997714544,14,18,True,-0.0
immune cells,PDE12,0.04788144139871008,0.04126938336553608,0.006612058033174002,up_in_CKD,0.25024640198779435,0.7575024356856119,0.45545253453850765,1.0,0.032722513089005235,0.02987101154107264,0.0028515015479325945,14,18,True,-0.0
immune cells,PDE6D,0.0609758691637146,0.05819655489838133,0.0027793142653332673,up_in_CKD,0.11849858980729623,0.3559804060597226,0.7245703176469429,1.0,0.040430482838859805,0.04684317718940937,-0.006412694350549565,14,18,True,-0.0
immune cells,PDE7A,0.14588373558326356,0.13224333168773672,0.013640403895526843,up_in_CKD,0.2291972158854704,0.6588102286553285,0.5150683078503369,1.0,0.09031413612565445,0.09097080787508487,-0.0006566717494304181,14,18,True,-0.0
immune cells,PDHA1,0.1350175522971477,0.12183930270497645,0.01317824959217126,up_in_CKD,0.2363614941627205,0.6604971521042198,0.5144045196357072,1.0,0.08653286794648052,0.08825526137135098,-0.0017223934248704609,14,18,True,-0.0
immune cells,PDIA6,0.3872498467240222,0.3646243383467793,0.022625508377242864,up_in_CKD,0.2341247953774841,0.6796215491998934,0.5019552494805617,1.0,0.22774869109947643,0.22810590631364563,-0.0003572152141692042,14,18,True,-0.0
immune cells,PDLIM2,0.21863904819878588,0.19462366302680698,0.024015385171978904,up_in_CKD,0.2549417158082656,0.7291212468222581,0.47165243383117345,1.0,0.13932518906340896,0.12016293279022404,0.01916225627318492,14,18,True,-0.0
immune cells,PDLIM5,0.10428269075063741,0.09420955718728737,0.010073133563350045,up_in_CKD,0.18835275587704853,0.5432063628066529,0.5910094126514189,1.0,0.06748109365910412,0.06788866259334692,-0.0004075689342427913,14,18,True,-0.0
immune cells,PDXDC1,0.09225100691188255,0.08903426408336236,0.0032167428285201916,up_in_CKD,0.09995976577264624,0.2954661883981195,0.769725171891762,1.0,0.05686445607911576,0.06720977596741344,-0.010345319888297677,14,18,True,-0.0
immune cells,PDZK1IP1,0.10088280229880302,0.09767853101532602,0.0032042712834770004,up_in_CKD,0.027359239575916065,0.07688848447431736,0.9392543785997959,1.0,0.055264688772542175,0.04412763068567549,0.011137058086866686,14,18,True,-0.0
immune cells,PET100,0.5379146622363887,0.5168259410498364,0.02108872118655236,up_in_CKD,0.15906226751091582,0.4437010783007925,0.6607397986215074,1.0,0.3352239674229203,0.33061778682959947,0.004606180593320852,14,18,True,-0.0
immune cells,PEX1,0.05778165731762779,0.048001058219040584,0.009780599098587209,up_in_CKD,0.2551223265016385,0.7562053293157449,0.4556219312084105,1.0,0.03868528214077952,0.03054989816700611,0.008135383973773412,14,18,True,-0.0
immune cells,PEX19,0.040195956986828076,0.038158509567315126,0.00203744741951295,up_in_CKD,0.08840862579572804,0.2531698131504921,0.8018816713056691,1.0,0.02719604421175102,0.031228784792939578,-0.004032740581188559,14,18,True,-0.0
immune cells,PEX2,0.1825360523906238,0.17350105779705458,0.009034994593569212,up_in_CKD,0.16382028544374205,0.4869324349191245,0.6299973371827977,1.0,0.112565445026178,0.12152070604209098,-0.008955261015912971,14,18,True,-0.0
immune cells,PGM2,0.05549019250221484,0.04890399158882811,0.006586200913386728,up_in_CKD,0.1697350746681009,0.514130242136635,0.6114511817597924,1.0,0.038976148923792905,0.03326544467073999,0.005710704253052916,14,18,True,-0.0
immune cells,PGRMC2,0.08591432253193465,0.07909097409621013,0.006823348435724519,up_in_CKD,0.15435188953140405,0.4723982493778518,0.640803950891437,1.0,0.058027923211169286,0.06042090970807875,-0.0023929864969094647,14,18,True,-0.0
immune cells,PHF1,0.1251243696005197,0.1141468814534223,0.010977488147097397,up_in_CKD,0.1683389995467255,0.4667392744185209,0.6444742463224497,1.0,0.07460732984293193,0.0835030549898167,-0.008895725146884761,14,18,True,-0.0
immune cells,PHF12,0.06702645214502528,0.058234122918387685,0.008792329226637599,up_in_CKD,0.2531711078074734,0.7473728906171695,0.46078545091167583,1.0,0.04377545084351367,0.042090970807875085,0.0016844800356385844,14,18,True,-0.0
immune cells,PHF3,0.295910443804695,0.2785820310103053,0.01732841279438968,up_in_CKD,0.1831433755962952,0.5482072194033121,0.5878980465006531,1.0,0.17321116928446773,0.17515274949083504,-0.0019415802063673104,14,18,True,-0.0
immune cells,PHF5A,0.13354216450003742,0.1265305913388851,0.007011573161152307,up_in_CKD,0.11539822744079978,0.32958834783406443,0.7440356766326339,1.0,0.09467713787085515,0.09164969450101833,0.0030274433698368186,14,18,True,-0.0
immune cells,PHKG2,0.1059375383198542,0.09804272517480157,0.007894813145052623,up_in_CKD,0.16916034356367157,0.4953401781190663,0.6239924429919697,1.0,0.070826061663758,0.07603530210454854,-0.005209240440790533,14,18,True,-0.0
immune cells,PHLDA1,0.07569212492234824,0.07483642711749197,0.0008556978048562675,up_in_CKD,0.013923336059098066,0.04004375204610463,0.968324742335933,1.0,0.04595695171611402,0.05295315682281059,-0.006996205106696574,14,18,True,-0.0
immune cells,PHTF2,0.10659492723955566,0.10545169481830435,0.0011432324212513056,up_in_CKD,0.020666462749718208,0.061088447040333206,0.9517043143556007,1.0,0.06704479348458406,0.07128309572301425,-0.004238302238430192,14,18,True,-0.0
immune cells,PHYH,0.05670868622061124,0.04836052796833651,0.00834815825227473,up_in_CKD,0.2268654032240872,0.6065518132592023,0.5504254723396591,1.0,0.039121582315299594,0.04005431093007468,-0.0009327286147750857,14,18,True,-0.0
immune cells,PI4KA,0.06242324774099785,0.05786426781223164,0.0045589799287662075,up_in_CKD,0.15647524293537754,0.4716164942438872,0.6409813467131892,1.0,0.04813845258871437,0.04684317718940937,0.0012952753993049973,14,18,True,-0.0
immune cells,PIAS2,0.07097683502726185,0.06465114634268493,0.006325688684576919,up_in_CKD,0.14767477287935493,0.45052403841992306,0.6561911552983413,1.0,0.04493891797556719,0.03801765105227427,0.006921266923292924,14,18,True,-0.0
immune cells,PIBF1,0.07444609666048853,0.06956266244598355,0.004883434214504975,up_in_CKD,0.10967341071665673,0.3213235290650481,0.7502094297126437,1.0,0.04173938336242001,0.03801765105227427,0.003721732310145741,14,18,True,-0.0
immune cells,PIEZO1,0.11891720023749526,0.11072347102094277,0.008193729216552495,up_in_CKD,0.08130234883607337,0.2561136459316459,0.8005598145935044,1.0,0.07897033158813263,0.0658520027155465,0.013118328872586127,14,18,True,-0.0
immune cells,PIGBOS1,0.075598019818214,0.05978121241759379,0.015816807400620206,up_in_CKD,0.25539249464073954,0.7553168335369784,0.45610748355700775,1.0,0.0548283885980221,0.035302104548540394,0.01952628404948171,14,18,True,-0.0
immune cells,PIGH,0.06515236684384675,0.0640803945113711,0.0010719723324756486,up_in_CKD,0.033828416797312806,0.09785537278535326,0.9226982830137307,1.0,0.039121582315299594,0.048879837067209775,-0.009758254751910181,14,18,True,-0.0
immune cells,PIGK,0.059992534118690745,0.053313105756638626,0.006679428362052119,up_in_CKD,0.22282869676312636,0.6907138923374662,0.49686067733834344,1.0,0.04421175101803374,0.04073319755600815,0.0034785534620255937,14,18,True,-0.0
immune cells,PIH1D1,0.1655953793187396,0.1637502664667904,0.0018451128519492155,up_in_CKD,0.029246222455090846,0.08956124139011867,0.9293636060679098,1.0,0.10863874345549739,0.10658520027155464,0.002053543183942741,14,18,True,-0.0
immune cells,PIK3C2A,0.10770436893498833,0.10118530948614887,0.006519059448839459,up_in_CKD,0.13079585222530604,0.3736013954221741,0.711367125176505,1.0,0.070826061663758,0.07196198234894773,-0.001135920685189723,14,18,True,-0.0
immune cells,PILRB,0.08477829610985312,0.07735521392762745,0.007423082182225663,up_in_CKD,0.20579722477106052,0.5973158962699147,0.5547787770432355,1.0,0.05075625363583479,0.059063136456211814,-0.008306882820377025,14,18,True,-0.0
immune cells,PIM1,0.16852237922407692,0.1584141273649977,0.010108251859079237,up_in_CKD,0.09676717299347587,0.2950482690044664,0.7703689939596646,1.0,0.09554973821989529,0.07942973523421588,0.016120002985679407,14,18,True,-0.0
immune cells,PINK1,0.05703708383452,0.05533340623708094,0.0017036775974390572,up_in_CKD,0.03865382891070725,0.11204466248279314,0.9115343454341029,1.0,0.037667248400232695,0.04005431093007468,-0.002387062529841985,14,18,True,-0.0
immune cells,PIP5K1A,0.046976378494377906,0.04369036044791012,0.0032860180464677827,up_in_CKD,0.1052419125352331,0.32441084858592084,0.7485153629587238,1.0,0.030250145433391506,0.029192124915139173,0.0010580205182523332,14,18,True,-0.0
immune cells,PITPNA,0.09144191328202782,0.08424872910961732,0.007193184172410494,up_in_CKD,0.16731263740642036,0.5255960441695489,0.6049777292380628,1.0,0.06413612565445026,0.062457569585879155,0.0016785560685711048,14,18,True,-0.0
immune cells,PJA2,0.2706867324383929,0.2639336288251978,0.006753103613195144,up_in_CKD,0.07231704613777952,0.2049859065183166,0.8390136349395659,1.0,0.17408376963350786,0.17175831636116767,0.0023254532723401833,14,18,True,-0.0
immune cells,PLCB2,0.1419904246145466,0.1408887702170939,0.001101654397452717,up_in_CKD,0.01908726532884068,0.05610907809567226,0.9556317129607802,1.0,0.0897324025596277,0.08214528173794976,0.007587120821677937,14,18,True,-0.0
immune cells,PLD4,0.14229885409521148,0.1337032462843941,0.00859560781081739,up_in_CKD,0.11947520221953102,0.3376464422771282,0.7380802700148464,1.0,0.09045956951716114,0.08621860149355058,0.004240968023610556,14,18,True,-0.0
immune cells,PLEK,0.32008426698342285,0.31996964211726414,0.00011462486615870793,up_in_CKD,0.0006358435450266002,0.0019199278007470246,0.9984823434954471,1.0,0.18877254217568354,0.17990495587236932,0.008867586303314218,14,18,True,-0.0
immune cells,PLEKHA3,0.10861959039868829,0.10264113742369398,0.005978452974994317,up_in_CKD,0.15973228355299768,0.48598645775573435,0.6311091434856728,1.0,0.06544502617801047,0.07128309572301425,-0.0058380695450037795,14,18,True,-0.0
immune cells,PLEKHF2,0.09589813281843555,0.0914072619452298,0.004490870873205752,up_in_CKD,0.0875178026605771,0.267290570594142,0.7914403914124105,1.0,0.058027923211169286,0.06177868295994569,-0.0037507597487764013,14,18,True,-0.0
immune cells,PLEKHM2,0.07644452691696772,0.06984383069992067,0.00660069621704705,up_in_CKD,0.19909960276607153,0.5656370567238851,0.5759608195077348,1.0,0.04712041884816754,0.05227427019687712,-0.005153851348709583,14,18,True,-0.0
immune cells,PLEKHO1,0.3841458020958128,0.3573268327062399,0.0268189693895729,up_in_CKD,0.25271630144253754,0.7256579495529892,0.4737074919341081,1.0,0.2344386271087842,0.219959266802444,0.0144793603063402,14,18,True,-0.0
immune cells,PLIN3,0.10029201872115608,0.09678941384668571,0.0035026048744703636,up_in_CKD,0.06522893588742608,0.1954764183243677,0.8464401567003188,1.0,0.06908086096567773,0.0746775288526816,-0.005596667887003873,14,18,True,-0.0
immune cells,PLXNC1,0.12849043675617633,0.12024284400342175,0.008247592752754579,up_in_CKD,0.1314179547548687,0.3806210179174584,0.7061666592589387,1.0,0.08347876672484002,0.07875084860828242,0.0047279181165575945,14,18,True,-0.0
immune cells,PNISR,0.66782981930335,0.6664048925012871,0.0014249268020628536,up_in_CKD,0.010017714494609876,0.02959667503532899,0.9765894942503811,1.0,0.3819080860965678,0.3822131704005431,-0.0003050843039753004,14,18,True,-0.0
immune cells,PNKD,0.29346374628398914,0.2745090142541169,0.018954732029872245,up_in_CKD,0.2390769345524102,0.7270405253413206,0.47377497152340264,1.0,0.18426410703897614,0.19280380176510523,-0.008539694726129088,14,18,True,-0.0
immune cells,POGK,0.08071252679603404,0.06988513208420993,0.010827394711824104,up_in_CKD,0.22684194108146058,0.6974579434950354,0.4922717243287752,1.0,0.05017452006980803,0.04955872369314324,0.0006157963766647845,14,18,True,-0.0
immune cells,POGZ,0.10765315360743719,0.0976551579689687,0.009997995638468482,up_in_CKD,0.21203924398971166,0.6314221772504419,0.5327849037899685,1.0,0.06820826061663758,0.05974202308214528,0.008466237534492299,14,18,True,-0.0
immune cells,POLM,0.05632618132745722,0.05109398327320669,0.005232198054250528,up_in_CKD,0.11827518550633458,0.36712685021490005,0.717018481114716,1.0,0.03243164630599186,0.032586558044806514,-0.00015491173881465592,14,18,True,-0.0
immune cells,POLR2F,0.23794366455860397,0.2297765559473667,0.008167108611237262,up_in_CKD,0.10914976984887438,0.3273818415733848,0.7458387207714511,1.0,0.1545956951716114,0.1629327902240326,-0.008337095052421195,14,18,True,-0.0
immune cells,POLR2G,0.13638586662709612,0.1338431922551755,0.002542674371920628,up_in_CKD,0.05821851839803728,0.1722410549138189,0.8644372067131282,1.0,0.09904013961605584,0.10522742701968771,-0.006187287403631864,14,18,True,-0.0
immune cells,POLR2L,0.9270325383166365,0.9043614743312278,0.022671063985408635,up_in_CKD,0.13762455608855384,0.38788818000231096,0.7009780503439942,1.0,0.4826934264107039,0.5057705363204344,-0.023077109909730553,14,18,True,-0.0
immune cells,POLR2M,0.05842073136049227,0.052508613981367205,0.005912117379125066,up_in_CKD,0.14958690059897106,0.4586207669669442,0.6505804731161698,1.0,0.037085514834205933,0.03801765105227427,-0.0009321362180683343,14,18,True,-0.0
immune cells,PON2,0.05616465721651676,0.048355304596275586,0.0078093526202411764,up_in_CKD,0.22289372880391017,0.6527092748124304,0.518947107711763,1.0,0.04217568353694008,0.032586558044806514,0.009589125492133567,14,18,True,-0.0
immune cells,PPFIA1,0.06259019466100814,0.061570758645632565,0.0010194360153755744,up_in_CKD,0.02971555180830188,0.08841178037096364,0.9301643602684753,1.0,0.04435718440954043,0.042090970807875085,0.0022662136016653456,14,18,True,-0.0
immune cells,PPIL3,0.11686727850282139,0.10824892704143119,0.0086183514613902,up_in_CKD,0.14962207581017983,0.4520432026252656,0.6548877523931178,1.0,0.0737347294938918,0.07399864222674814,-0.0002639127328563362,14,18,True,-0.0
immune cells,PPP1CC,0.25923882309258894,0.2496811716435965,0.009557651448992455,up_in_CKD,0.1380375037594338,0.42491798069160797,0.6747460998112059,1.0,0.15779522978475857,0.1710794297352342,-0.01328419995047564,14,18,True,-0.0
immune cells,PPP1R15B,0.09970982545021459,0.08944890945837505,0.010260915991839537,up_in_CKD,0.20598612568019214,0.6160742089973167,0.5428087080566121,1.0,0.05977312390924956,0.062457569585879155,-0.002684445676629593,14,18,True,-0.0
immune cells,PPP1R16A,0.04443796239779646,0.04310287107495019,0.0013350913228462671,up_in_CKD,0.05399785805285009,0.16319625763435636,0.8715948225552211,1.0,0.033449680046538685,0.031228784792939578,0.0022208952535991075,14,18,True,-0.0
immune cells,PPP1R18,0.34926151907217556,0.32171509607696863,0.02754642299520693,up_in_CKD,0.24785978453610735,0.6996173388106672,0.48980486755124253,1.0,0.21160558464223386,0.20162932790224034,0.009976256739993528,14,18,True,-0.0
immune cells,PPP2CB,0.09815914932946071,0.09472172906873386,0.0034374202607268534,up_in_CKD,0.06761582020111213,0.196607130921908,0.8454615142132125,1.0,0.06471785922047703,0.06924643584521385,-0.004528576624736824,14,18,True,-0.0
immune cells,PPP3CC,0.07190888966754856,0.07085369785474975,0.0010551918127988114,up_in_CKD,0.02980790078792803,0.08488520659562498,0.9329285945120631,1.0,0.04363001745200698,0.05023761031907671,-0.006607592867069731,14,18,True,-0.0
immune cells,PPT1,0.35002502881190256,0.3461840407693859,0.0038409880425166465,up_in_CKD,0.03355278216826414,0.09656595552886205,0.9237157349249547,1.0,0.2066608493310064,0.2158859470468432,-0.009225097715836794,14,18,True,-0.0
immune cells,PRADC1,0.05402306917069073,0.051557450696676915,0.002465618474013817,up_in_CKD,0.08945002523372836,0.2743277749843413,0.7861554133786964,1.0,0.038394415357766144,0.04412763068567549,-0.005733215327909345,14,18,True,-0.0
immune cells,PRDX4,0.1643611795450603,0.15911823732418656,0.005242942220873736,up_in_CKD,0.08580604203869008,0.24186865454391387,0.8106114839598846,1.0,0.10500290866783013,0.11269517990495587,-0.007692271237125736,14,18,True,-0.0
immune cells,PRDX5,0.6269133016976289,0.6214786700637976,0.005434631633831288,up_in_CKD,0.03804892961204641,0.11166035861878869,0.9118437579154216,1.0,0.36314717859220474,0.35098438560760353,0.012162792984601212,14,18,True,-0.0
immune cells,PRELID3B,0.0872936330893734,0.07258426912545604,0.014709363963917366,up_in_CKD,0.22885044543797609,0.6615910150154239,0.5132863918421099,1.0,0.057300756253635836,0.042090970807875085,0.015209785445760751,14,18,True,-0.0
immune cells,PRKAG1,0.07755276229528933,0.07572692646346807,0.0018258358318212625,up_in_CKD,0.0495535658068467,0.15038086872331102,0.8816236544250827,1.0,0.05439208842350204,0.06177868295994569,-0.00738659453644365,14,18,True,-0.0
immune cells,PRKCA,0.053819110802675756,0.04868407102107191,0.005135039781603845,up_in_CKD,0.11846381101955443,0.3599338001580927,0.7218226625479035,1.0,0.03432228039557882,0.027834351663272233,0.006487928732306591,14,18,True,-0.0
immune cells,PRKCB,0.24499603217752827,0.22396578312881799,0.021030249048710287,up_in_CKD,0.22440848744840408,0.6233601297261857,0.5382939795256206,1.0,0.13830715532286214,0.1425661914460285,-0.00425903612316636,14,18,True,-0.0
immune cells,PRKCSH,0.18315183132175777,0.1645746387059683,0.018577192615789467,up_in_CKD,0.24527005482053385,0.7070452966095239,0.4850072370922894,1.0,0.1157649796393252,0.1120162932790224,0.0037486863603027887,14,18,True,-0.0
immune cells,PRKD3,0.10036124517383757,0.091635505206181,0.008725739967656576,up_in_CKD,0.18797656527076456,0.5702731532310944,0.573374184270475,1.0,0.06253635834787667,0.06856754921928038,-0.006031190871403705,14,18,True,-0.0
immune cells,PRKRIP1,0.10146663138759619,0.09215365294756693,0.009312978440029263,up_in_CKD,0.21502288672224365,0.668021510449304,0.5110914234498296,1.0,0.062245491564863295,0.06517311608961303,-0.0029276245247497334,14,18,True,-0.0
immune cells,PRMT1,0.22395091387956856,0.2156302971107434,0.008320616768825145,up_in_CKD,0.1383100149730229,0.38849434580645487,0.7005690246991909,1.0,0.14543339150668994,0.14731839782756279,-0.0018850063208728507,14,18,True,-0.0
immune cells,PRPF3,0.07434884682138405,0.06892144916866477,0.005427397652719282,up_in_CKD,0.12421737419708256,0.3651586638084968,0.7175877912179388,1.0,0.04537521815008726,0.04412763068567549,0.0012475874644117674,14,18,True,-0.0
immune cells,PRPF4B,0.4156103679009764,0.4000333118572547,0.015577056043721671,up_in_CKD,0.14000072358550217,0.3854530084119544,0.7030640146434717,1.0,0.23516579406631763,0.24643584521384929,-0.011270051147531657,14,18,True,-0.0
immune cells,PRPF6,0.13273162037928815,0.12434814709227175,0.0083834732870164,up_in_CKD,0.1492846850596892,0.4467096254905299,0.6585189588838323,1.0,0.08900523560209424,0.0835030549898167,0.0055021806122775435,14,18,True,-0.0
immune cells,PRR34-AS1,0.05845834054312545,0.05275940669333698,0.005698933849788472,up_in_CKD,0.10622893068822706,0.31581598096931035,0.7544246734012734,1.0,0.041157649796393254,0.031228784792939578,0.009928865003453677,14,18,True,-0.0
immune cells,PRRC2A,0.12184400291626037,0.11291235601552232,0.008931646900738041,up_in_CKD,0.19090255995310415,0.5734797907100988,0.5709777487113269,1.0,0.07911576497963932,0.07399864222674814,0.005117122752891182,14,18,True,-0.0
immune cells,PSENEN,0.24817759809981435,0.2419944286503807,0.006183169449433645,up_in_CKD,0.06992506212586444,0.21677805312250592,0.8303509772753477,1.0,0.15285049447353113,0.15885947046843177,-0.006008975994900634,14,18,True,-0.0
immune cells,PSMA2,0.2603041679498575,0.21973822728139866,0.04056594066845884,up_in_CKD,0.2176355432256328,0.6185652644350219,0.5409923524012181,1.0,0.19051774287376383,0.11948404616429056,0.07103369670947327,14,18,True,-0.0
immune cells,PSMD11,0.16509307812089494,0.15531936914771471,0.009773708973180223,up_in_CKD,0.185254854914708,0.5400915572621768,0.5931287481719679,1.0,0.10631180919139034,0.11065852002715547,-0.004346710835765127,14,18,True,-0.0
immune cells,PSMD5,0.0461991243201731,0.04086217195947897,0.005336952360694126,up_in_CKD,0.1685872970041566,0.5100280474037648,0.6142527412003166,1.0,0.030686445607911575,0.029192124915139173,0.0014943206927724023,14,18,True,-0.0
immune cells,PSMD6,0.149655304486476,0.14813683330645996,0.0015184711800160233,up_in_CKD,0.02520365531093504,0.07565264232439668,0.9402407428363839,1.0,0.09598603839441536,0.11880515953835709,-0.02281912114394173,14,18,True,-0.0
immune cells,PSME3,0.05879351974424342,0.053108967451259405,0.0056845522929840145,up_in_CKD,0.23251453045805798,0.6819814747634899,0.5005291480855809,1.0,0.039848749272833044,0.03937542430414121,0.00047332496869183227,14,18,True,-0.0
immune cells,PSMF1,0.16373459455163197,0.1514525163243961,0.01228207822723587,up_in_CKD,0.2070250151695964,0.6043122320401425,0.550192850161578,1.0,0.10500290866783013,0.10590631364562118,-0.000903404977791053,14,18,True,-0.0
immune cells,PSMG3,0.12528367835747023,0.12076533206639341,0.004518346291076822,up_in_CKD,0.10482540654723006,0.324882616707371,0.7482892125856587,1.0,0.08275159976730657,0.08757637474541752,-0.004824774978110943,14,18,True,-0.0
immune cells,PSTPIP1,0.2046406884654616,0.1994930005450248,0.005147687920436794,up_in_CKD,0.07595073458171353,0.20552067024816736,0.83894195957286,1.0,0.1214368819080861,0.12898845892735913,-0.007551577019273031,14,18,True,-0.0
immune cells,PTAFR,0.0572896765706996,0.051791014239190004,0.005498662331509599,up_in_CKD,0.14369351858581536,0.43705307385042075,0.6657288305434215,1.0,0.03941244909831297,0.03598099117447386,0.0034314579238391082,14,18,True,-0.0
immune cells,PTCD3,0.09561254232011225,0.09337846568554269,0.002234076634569565,up_in_CKD,0.030557650587413956,0.09617091791438016,0.9243631544117947,1.0,0.060209424083769635,0.05363204344874406,0.0065773806350255745,14,18,True,-0.0
immune cells,PTGES3,0.7724596737485326,0.7626635157042692,0.009796158044263481,up_in_CKD,0.0922465325410419,0.27944180727758683,0.7820913116586388,1.0,0.42306573589296104,0.47182620502376105,-0.04876046913080001,14,18,True,-0.0
immune cells,PTGS1,0.04248344276998763,0.0358967291844651,0.006586713585522534,up_in_CKD,0.21231630523970493,0.6316004430684592,0.5326515661942595,1.0,0.030250145433391506,0.02376103190767142,0.006489113525720087,14,18,True,-0.0
immune cells,PTGS2,0.05612604602364496,0.05429013928651838,0.0018359067371265803,up_in_CKD,0.044566022591688396,0.12729660698042397,0.8995676867615671,1.0,0.036358347876672484,0.0373387644263408,-0.0009804165496683157,14,18,True,-0.0
immune cells,PTP4A3,0.047411306217529904,0.045233382602578955,0.0021779236149509495,up_in_CKD,0.08394870503193794,0.2516510009774853,0.8031623315177636,1.0,0.029522978475858056,0.03665987780040733,-0.007136899324549275,14,18,True,-0.0
immune cells,PTPA,0.061055301858552666,0.05310048048405383,0.007954821374498836,up_in_CKD,0.16164020270763027,0.4775987805201212,0.6364820336312782,1.0,0.04537521815008726,0.03394433129667346,0.0114308868534138,14,18,True,-0.0
immune cells,PTPN11,0.10683624391264772,0.09972233240842975,0.0071139115042179735,up_in_CKD,0.16963564032536443,0.48520939878997876,0.6310956500703374,1.0,0.06588132635253054,0.07060420909708079,-0.0047228827445502525,14,18,True,-0.0
immune cells,PTPN7,0.13214625983946018,0.12264049595931309,0.009505763880147095,up_in_CKD,0.11885391175967853,0.3617089639147949,0.7205417730773146,1.0,0.08086096567771961,0.06856754921928038,0.012293416458439232,14,18,True,-0.0
immune cells,PTPRC,1.5977244653233669,1.5035408513039257,0.0941836140194412,up_in_CKD,0.2716519426367986,0.7019656126705492,0.491934061386103,1.0,0.6996800465386853,0.7175831636116768,-0.017903117072991526,14,18,True,-0.0
immune cells,PTRH1,0.05455252484060291,0.05091714222717561,0.0036353826134273015,up_in_CKD,0.08944683472222392,0.27714851732149676,0.7842061317550557,1.0,0.035631180919139034,0.03394433129667346,0.0016868496224655763,14,18,True,-0.0
immune cells,PTRH2,0.08469078207005655,0.08279096960807293,0.0018998124619836187,up_in_CKD,0.049548525828246454,0.15010530430373048,0.881826985326253,1.0,0.0535194880744619,0.05974202308214528,-0.006222535007683383,14,18,True,-0.0
immune cells,PTRHD1,0.21219015812257966,0.21038617042495406,0.001803987697625603,up_in_CKD,0.027339535088689616,0.08369709208476453,0.9339755637941116,1.0,0.14252472367655614,0.1500339443312967,-0.0075092206547405504,14,18,True,-0.0
immune cells,PTTG1,0.09112027058485193,0.08107806852922299,0.010042202055628946,up_in_CKD,0.2637533034179188,0.7517495550667433,0.4581720378428938,1.0,0.05366492146596859,0.05295315682281059,0.0007117646431579958,14,18,True,-0.0
immune cells,PURB,0.08386785139130327,0.07448633970655417,0.0093815116847491,up_in_CKD,0.26161594865521365,0.7425456885431736,0.4637019445869774,1.0,0.0548283885980221,0.05295315682281059,0.001875231775211511,14,18,True,-0.0
immune cells,PUS7L,0.14135143694334731,0.1353513250067584,0.00600011193658892,up_in_CKD,0.0930880268833026,0.27546435998005975,0.7849022233867876,1.0,0.09380453752181502,0.08282416836388323,0.010980369157931782,14,18,True,-0.0
immune cells,PYCARD,0.6476689445909782,0.6465407164659582,0.0011282281250200032,up_in_CKD,0.007018344776946431,0.019385921905274554,0.984680086823858,1.0,0.3440954043048284,0.3340122199592668,0.010083184345561602,14,18,True,-0.0
immune cells,PYCR2,0.09326064906871835,0.08621176882203908,0.007048880246679268,up_in_CKD,0.15954155610613838,0.4896492872470624,0.6288045816008013,1.0,0.06689936009307737,0.06856754921928038,-0.0016681891262030069,14,18,True,-0.0
immune cells,PYM1,0.08707188008263254,0.0845424743975443,0.0025294056850882485,up_in_CKD,0.03679075963917873,0.107918795159158,0.9147851638845594,1.0,0.058027923211169286,0.0461642905634759,0.011863632647693384,14,18,True,-0.0
immune cells,PYROXD1,0.07117199074317025,0.06224492796071969,0.008927062782450562,up_in_CKD,0.23271212657956278,0.6769901225245069,0.5036030638742012,1.0,0.05075625363583479,0.04684317718940937,0.003913076446425419,14,18,True,-0.0
immune cells,QPRT,0.048699744502073525,0.04781564921201225,0.000884095290061275,up_in_CKD,0.031128674825521323,0.09613335133189095,0.9242468823983004,1.0,0.03853984874927283,0.03665987780040733,0.0018799709488655017,14,18,True,-0.0
immune cells,QRSL1,0.05712995557522621,0.05554044963388702,0.001589505941339192,up_in_CKD,0.03136102633472377,0.09575312632334719,0.9244793768178778,1.0,0.035485747527632346,0.035302104548540394,0.0001836429790919511,14,18,True,-0.0
immune cells,QSER1,0.05631006826077502,0.051452124120354464,0.004857944140420553,up_in_CKD,0.15548085604987666,0.46224061465337596,0.6473897339746499,1.0,0.03810354857475276,0.04276985743380855,-0.004666308859055793,14,18,True,-0.0
immune cells,R3HDM4,0.14647085860099884,0.1404340856237076,0.006036772977291244,up_in_CKD,0.11080306718634225,0.3016252824743198,0.7655104763905782,1.0,0.08566026759744037,0.09572301425661914,-0.010062746659178765,14,18,True,-0.0
immune cells,RAB10,0.24829129562233493,0.24285000765750883,0.005441287964826097,up_in_CKD,0.07272079630788268,0.21657241369409355,0.8300813003682019,1.0,0.16157649796393253,0.15342837746096402,0.008148120502968509,14,18,True,-0.0
immune cells,RAB11A,0.2344395679765028,0.21885022439064755,0.015589343585855259,up_in_CKD,0.22228068547038954,0.6593250914083797,0.5148972758543735,1.0,0.14979639325189065,0.1493550577053632,0.00044133554652744933,14,18,True,-0.0
immune cells,RAB11B,0.1995368751534646,0.18360232217343955,0.015934552980025052,up_in_CKD,0.20135777687461498,0.6049163720093929,0.5501922302200958,1.0,0.12390924956369982,0.10726408689748812,0.016645162666211702,14,18,True,-0.0
immune cells,RAB11FIP2,0.06649798920076568,0.06219337677837538,0.004304612422390296,up_in_CKD,0.09279098781127583,0.286481859131232,0.7770666226454057,1.0,0.04275741710296684,0.0373387644263408,0.005418652676626043,14,18,True,-0.0
immune cells,RAB24,0.07572577929259813,0.059932031299303835,0.015793747993294298,up_in_CKD,0.24855351472302317,0.7443033905669657,0.4629108447498488,1.0,0.050319953461314716,0.0373387644263408,0.012981189034973917,14,18,True,-0.0
immune cells,RAB30-AS1,0.0670666841138273,0.0611944087953458,0.005872275318481494,up_in_CKD,0.1329701736507438,0.37027316163249674,0.7140447650310634,1.0,0.03228621291448516,0.05363204344874406,-0.021345830534258897,14,18,True,-0.0
immune cells,RAB34,0.10096431422739595,0.09022693454319414,0.010737379684201812,up_in_CKD,0.21690168114350442,0.6212789993487963,0.5391550458009331,1.0,0.0679173938336242,0.07399864222674814,-0.006081248393123934,14,18,True,-0.0
immune cells,RABIF,0.09191887074839891,0.08707625632651503,0.004842614421883884,up_in_CKD,0.1114625179807862,0.33490012247824535,0.7402423798172763,1.0,0.062390924956369984,0.06856754921928038,-0.0061766242629103935,14,18,True,-0.0
immune cells,RACK1,1.7106777781659237,1.4455205791652337,0.26515719900069,up_in_CKD,0.23966801723671544,0.6903412764061836,0.49530203438790227,1.0,0.6909540430482839,0.4528173794976239,0.23813666355066,14,18,True,-0.0
immune cells,RAD23B,0.11231921090521275,0.11136384563638241,0.0009553652688303466,up_in_CKD,0.013613844281351057,0.0419764311054966,0.9668751156398403,1.0,0.07286212914485166,0.06449422946367957,0.008367899681172089,14,18,True,-0.0
immune cells,RAD50,0.05331722096837906,0.044382102401847666,0.008935118566531397,up_in_CKD,0.17543468306715118,0.5023275511532925,0.6191429824790757,1.0,0.04159394997091332,0.04276985743380855,-0.001175907462895233,14,18,True,-0.0
immune cells,RAF1,0.09260471894511817,0.09026392725121242,0.002340791693905747,up_in_CKD,0.05020793586419724,0.1502090838821274,0.8816749940008018,1.0,0.05715532286212915,0.062457569585879155,-0.005302246723750008,14,18,True,-0.0
immune cells,RALBP1,0.20292895087163335,0.18733888876422955,0.015590062107403796,up_in_CKD,0.25551929626094483,0.7030431822267503,0.4883507242631541,1.0,0.12114601512507271,0.13509843856076034,-0.01395242343568763,14,18,True,-0.0
immune cells,RALGAPB,0.07540355543341681,0.07467929309264473,0.0007242623407720805,up_in_CKD,0.011580834625273585,0.03634230045019313,0.971368194057311,1.0,0.04784758580570099,0.038696537678207736,0.009151048127493254,14,18,True,-0.0
immune cells,RALGDS,0.07877264820530916,0.07791041850777941,0.0008622296975297483,up_in_CKD,0.019279834507289522,0.058159692185307324,0.9540507790153662,1.0,0.056719022687609075,0.04752206381534284,0.009196958872266237,14,18,True,-0.0
immune cells,RANGRF,0.09955698949428608,0.09703282430157263,0.002524165192713451,up_in_CKD,0.055735532678272075,0.16237646797656508,0.8720997739688495,1.0,0.06602675974403723,0.06313645621181263,0.0028903035322245946,14,18,True,-0.0
immune cells,RAP1GDS1,0.11926861195291236,0.11249501843578297,0.006773593517129389,up_in_CKD,0.1358647897602224,0.38758031563862516,0.7011106208756525,1.0,0.0780977312390925,0.0855397148676171,-0.007441983628524607,14,18,True,-0.0
immune cells,RAPGEF6,0.05751188824141538,0.046801157502808804,0.010710730738606573,up_in_CKD,0.26028275738487155,0.7304331953921409,0.47117329236139827,1.0,0.046829552065154156,0.031907671418873046,0.01492188064628111,14,18,True,-0.0
immune cells,RAPH1,0.04781816060105367,0.0457563813971755,0.002061779203878171,up_in_CKD,0.06592787365940149,0.1926637289372364,0.8485259839771003,1.0,0.030977312390924956,0.03937542430414121,-0.008398111913216256,14,18,True,-0.0
immune cells,RARS,0.08538987461484489,0.08262806239702938,0.002761812217815504,up_in_CKD,0.06038117649019269,0.18818255635677109,0.8525110486921652,1.0,0.055410122164048864,0.05363204344874406,0.0017780787153048039,14,18,True,-0.0
immune cells,RASSF1,0.21652827403244243,0.2140293995003352,0.0024988745321072314,up_in_CKD,0.030664097117554634,0.08515069628402037,0.9327726500166788,1.0,0.12696335078534032,0.12695179904955872,1.1551735781600847e-05,14,18,True,-0.0
immune cells,RASSF4,0.21421005245042796,0.2101361709840461,0.004073881466381851,up_in_CKD,0.0383337046254793,0.11680410734309617,0.907935214401247,1.0,0.13379872018615474,0.12559402579769177,0.008204694388462969,14,18,True,-0.0
immune cells,RB1,0.2530039288285613,0.2453358234567818,0.007668105371779532,up_in_CKD,0.06472258501059555,0.1889498087665725,0.8514085610997365,1.0,0.1516870273414776,0.1493550577053632,0.0023319696361144004,14,18,True,-0.0
immune cells,RB1CC1,0.1331213436855805,0.1271633247568692,0.005958018928711312,up_in_CKD,0.12017992718598118,0.36972227301308264,0.7148718086767659,1.0,0.0839150668993601,0.08418194161575017,-0.00026687471639007254,14,18,True,-0.0
immune cells,RBM14,0.056048916855823375,0.04944840776227777,0.006600509093545606,up_in_CKD,0.20735286915245546,0.614374739795306,0.5437497298179972,1.0,0.039848749272833044,0.042090970807875085,-0.002242221535042041,14,18,True,-0.0
immune cells,RBM15B,0.05710391715117947,0.0560953445274789,0.0010085726237005696,up_in_CKD,0.038670207411350875,0.1169959288387971,0.9077455591372133,1.0,0.03723094822571262,0.04412763068567549,-0.006896682459962868,14,18,True,-0.0
immune cells,RBM23,0.13841930008854822,0.12902948799222957,0.009389812096318645,up_in_CKD,0.2387389272148137,0.7005007399425921,0.48906363255539886,1.0,0.08478766724840023,0.09911744738628649,-0.014329780137886258,14,18,True,-0.0
immune cells,RBM4B,0.049480072907539044,0.045656459433414426,0.003823613474124618,up_in_CKD,0.10778585677512567,0.321614437044854,0.7501042561229702,1.0,0.0289412449098313,0.03665987780040733,-0.007718632890576033,14,18,True,-0.0
immune cells,RBM7,0.10409699814262126,0.10243459894782879,0.0016623991947924688,up_in_CKD,0.03926476857891284,0.12130929330998208,0.9045023954987697,1.0,0.07038976148923792,0.08010862186014936,-0.009718860370911436,14,18,True,-0.0
immune cells,RCAN3,0.13409429003691872,0.12601396317915017,0.00808032685776855,up_in_CKD,0.10040291137910774,0.29070598835308537,0.7732767806721595,1.0,0.08289703315881326,0.0855397148676171,-0.002642681708803843,14,18,True,-0.0
immune cells,RCE1,0.05246185510810202,0.05082366994891939,0.0016381851591826327,up_in_CKD,0.06138493578571876,0.1876037362181474,0.8527101436661476,1.0,0.03315881326352531,0.035302104548540394,-0.0021432912850150865,14,18,True,-0.0
immune cells,RCN1,0.04170059282696894,0.04009518151898497,0.0016054113079839727,up_in_CKD,0.05633220992184288,0.16763599236722967,0.8680478804173306,1.0,0.030831878999418267,0.029192124915139173,0.0016397540842790943,14,18,True,-0.0
immune cells,RCN2,0.1921383810391156,0.18203643956707038,0.010101941472045212,up_in_CKD,0.17031122472487437,0.4818772922510555,0.633524937992977,1.0,0.12347294938917976,0.12016293279022404,0.0033100165989557173,14,18,True,-0.0
immune cells,RCOR1,0.08015088817093359,0.07707814953009216,0.003072738640841427,up_in_CKD,0.0847183376927114,0.2547452116100262,0.8008232545207897,1.0,0.051047120418848166,0.05702647657841141,-0.005979356159563243,14,18,True,-0.0
immune cells,RECQL,0.14761688405652681,0.14167768179805054,0.005939202258476273,up_in_CKD,0.09543071849555501,0.28178804546033653,0.7800849420049123,1.0,0.09205933682373472,0.10386965376782077,-0.011810316944086047,14,18,True,-0.0
immune cells,REEP5,0.4909743543897772,0.4719781665736604,0.01899618781611684,up_in_CKD,0.17388877600634026,0.4955028318208749,0.6239270253483594,1.0,0.29246655031995344,0.30210454854039376,-0.009637998220440314,14,18,True,-0.0
immune cells,RELA,0.08671552116060162,0.08367564819183017,0.003039872968771451,up_in_CKD,0.10432160218222626,0.3151381645197774,0.7551039638999285,1.0,0.056719022687609075,0.06109979633401222,-0.004380773646403144,14,18,True,-0.0
immune cells,RELB,0.07341910083627216,0.0644281419944242,0.00899095884184796,up_in_CKD,0.21059611143750995,0.6335576766191625,0.5316383640166336,1.0,0.04842931937172775,0.04005431093007468,0.008375008441653072,14,18,True,-0.0
immune cells,RELT,0.08324553410354571,0.08205760705983793,0.0011879270437077788,up_in_CKD,0.020837009977039092,0.06277926822108318,0.9504028357868018,1.0,0.05221058755090169,0.05227427019687712,-6.368264597543527e-05,14,18,True,-0.0
immune cells,REPIN1,0.07218906411766794,0.06597768053364891,0.0062113835840190285,up_in_CKD,0.21377857499846586,0.6329420033150819,0.5317118390538029,1.0,0.05017452006980803,0.04955872369314324,0.0006157963766647845,14,18,True,-0.0
immune cells,RERE,0.11312741131296673,0.10768245540788832,0.005444955905078416,up_in_CKD,0.1312523036006116,0.3970113190540915,0.6945347630267233,1.0,0.0737347294938918,0.07603530210454854,-0.0023005726106567342,14,18,True,-0.0
immune cells,RETREG3,0.062111378171682954,0.05018123932413017,0.011930138847552785,up_in_CKD,0.24258497021564868,0.7200300971862924,0.47729143525580126,1.0,0.04101221640488656,0.027155465037338764,0.013856751367547795,14,18,True,-0.0
immune cells,RFX5,0.05462197894838745,0.05128829017558888,0.0033336887727985695,up_in_CKD,0.110709994915016,0.33573472821760997,0.7397511841027434,1.0,0.03868528214077952,0.035302104548540394,0.003383177592239127,14,18,True,-0.0
immune cells,RGS3,0.05505025716190879,0.05117225448866525,0.0038780026732435427,up_in_CKD,0.10059804491153919,0.3049302482740303,0.7628278027564157,1.0,0.030977312390924956,0.03054989816700611,0.00042741422391884623,14,18,True,-0.0
immune cells,RHOG,0.4324910506344263,0.42581223638627347,0.006678814248152809,up_in_CKD,0.07209206221230709,0.20243318839082913,0.8410337372094209,1.0,0.2593077370564282,0.25865580448065173,0.0006519325757764483,14,18,True,-0.0
immune cells,RHOT2,0.14199619083265272,0.12989994417602968,0.012096246656623039,up_in_CKD,0.19777775515643087,0.596879863799754,0.5555839442501419,1.0,0.09162303664921466,0.08282416836388323,0.008798868285331427,14,18,True,-0.0
immune cells,RICTOR,0.16192128482754864,0.15513702214466074,0.006784262682887898,up_in_CKD,0.11915242033156973,0.33897790647250814,0.737043440437285,1.0,0.10369400814426992,0.09572301425661914,0.007970993887650782,14,18,True,-0.0
immune cells,RIF1,0.13864712074347368,0.1362329527817783,0.002414167961695385,up_in_CKD,0.048858037156661684,0.14648856245194278,0.8845940347647825,1.0,0.09016870273414776,0.09029192124915139,-0.00012321851500363135,14,18,True,-0.0
immune cells,RIPK1,0.04448704912343343,0.040857524165606604,0.003629524957826827,up_in_CKD,0.12651849797852843,0.3848856903039318,0.703497450593153,1.0,0.029522978475858056,0.03054989816700611,-0.0010269196911480531,14,18,True,-0.0
immune cells,RLF,0.07478040687316523,0.0696729776152783,0.005107429257886931,up_in_CKD,0.11691734818900991,0.36005924041706033,0.722015952394062,1.0,0.04857475276323444,0.04955872369314324,-0.0009839709299088034,14,18,True,-0.0
immune cells,RMND1,0.04811171971322078,0.0416266013553953,0.006485118357825476,up_in_CKD,0.18176544718665727,0.5659652190882244,0.577273557093632,1.0,0.032722513089005235,0.027155465037338764,0.005567048051666471,14,18,True,-0.0
immune cells,RMND5B,0.045806517849078424,0.04439552851272548,0.0014109893363529469,up_in_CKD,0.05055758407506911,0.14509942684532282,0.8856096717260584,1.0,0.028504944735311226,0.03598099117447386,-0.007476046439162637,14,18,True,-0.0
immune cells,RNF10,0.13917030888387236,0.13185534059232493,0.00731496829154743,up_in_CKD,0.1387882343854304,0.4192068828656346,0.6784127544044768,1.0,0.08929610238510761,0.09097080787508487,-0.0016747054899772518,14,18,True,-0.0
immune cells,RNF14,0.058017551955956995,0.05573215291700489,0.002285399038952106,up_in_CKD,0.039694892803365724,0.12429079025264961,0.9022962107777119,1.0,0.04013961605584642,0.03598099117447386,0.004158624881372558,14,18,True,-0.0
immune cells,RNF181,0.3698686066651304,0.34516439972998236,0.02470420693514802,up_in_CKD,0.24126935074438927,0.7062042649831651,0.48554234782788613,1.0,0.22629435718440954,0.23150033944331297,-0.005205982258903424,14,18,True,-0.0
immune cells,RNF2,0.08180539801428975,0.07446702705862628,0.007338370955663476,up_in_CKD,0.13360219160009765,0.4125008875265849,0.6837827342142425,1.0,0.05511925538103549,0.051595383570943655,0.0035238718100918318,14,18,True,-0.0
immune cells,RNF214,0.053947152506594355,0.050971617586696466,0.002975534919897889,up_in_CKD,0.09743256598552455,0.29387379043744677,0.7711053766838771,1.0,0.03388598022105876,0.038696537678207736,-0.004810557457148978,14,18,True,-0.0
immune cells,RNF216,0.1066106545609746,0.10617616993228168,0.00043448462869291604,up_in_CKD,0.009588501841930318,0.02839121165001466,0.9775438949972158,1.0,0.06457242582897033,0.06449422946367957,7.819636529075857e-05,14,18,True,-0.0
immune cells,RNF5,0.14766826683699716,0.14029393600387763,0.00737433083311953,up_in_CKD,0.11272772683057622,0.33751601332386044,0.7382502565060362,1.0,0.09322280395578825,0.08486082824168364,0.008361975714104602,14,18,True,-0.0
immune cells,RNF6,0.08207633490220365,0.08119054331198036,0.0008857915902232838,up_in_CKD,0.024445610937621178,0.07554811489341076,0.9404351639565169,1.0,0.05410122164048865,0.059063136456211814,-0.0049619148157231605,14,18,True,-0.0
immune cells,RNPEP,0.11731812815081961,0.11171304411432925,0.005605084036490363,up_in_CKD,0.13629945119517176,0.38971285431884645,0.6995375591239695,1.0,0.07998836532867946,0.08078750848608282,-0.0007991431574033564,14,18,True,-0.0
immune cells,RPAP2,0.08692453628927377,0.07410025365648631,0.012824282632787454,up_in_CKD,0.2487721729479219,0.7585064170301914,0.45516803399971373,1.0,0.05075625363583479,0.048200950441276307,0.0025553031945584823,14,18,True,-0.0
immune cells,RPE,0.06385691912675642,0.05972953164538993,0.0041273874813664915,up_in_CKD,0.1469820226821122,0.4498195751071965,0.6567753902607785,1.0,0.04522978475858057,0.03801765105227427,0.007212133706306301,14,18,True,-0.0
immune cells,RPL36,3.2554988732500614,3.2000713414972863,0.05542753175277504,up_in_CKD,0.19534147782260936,0.5387791343054853,0.594620067849215,1.0,0.9760034904013961,0.9775967413441955,-0.0015932509427993846,14,18,True,-0.0
immune cells,RPS10,2.48245485501543,2.418455559599251,0.06399929541617899,up_in_CKD,0.13668137658771862,0.37951848427147344,0.7072858116743581,1.0,0.9114310645724258,0.9124236252545825,-0.0009925606821566957,14,18,True,-0.0
immune cells,RPS17,0.3268427072484407,0.2509969867509461,0.0758457204974946,up_in_CKD,0.28160784037728187,0.754899359936828,0.4582733930109862,1.0,0.2642524723676556,0.14596062457569586,0.11829184779195973,14,18,True,-0.0
immune cells,RPS19BP1,0.47671481736117094,0.4636527561362683,0.013062061224902666,up_in_CKD,0.14660186968001082,0.40151485983965124,0.6914427140590197,1.0,0.2801047120418848,0.29463679565512557,-0.014532083613240765,14,18,True,-0.0
immune cells,RPS27L,0.6487635926408668,0.6364534938185104,0.012310098822356452,up_in_CKD,0.0996451072144116,0.27390877835754923,0.7863554466119951,1.0,0.362565445026178,0.3971486761710794,-0.034583231144901416,14,18,True,-0.0
immune cells,RPUSD1,0.056055003649915135,0.05100965471023575,0.005045348939679388,up_in_CKD,0.12384943672846464,0.354093405239513,0.7257779536970611,1.0,0.030686445607911575,0.03801765105227427,-0.007331205444362693,14,18,True,-0.0
immune cells,RRAGC,0.06964593530948066,0.06685117530642992,0.0027947600030507336,up_in_CKD,0.10212973956325921,0.3054144034054721,0.7623022804000148,1.0,0.04493891797556719,0.05023761031907671,-0.00529869234350952,14,18,True,-0.0
immune cells,RRP15,0.08603463839620171,0.079214783976338,0.0068198544198637134,up_in_CKD,0.17091059075149848,0.49237388241639257,0.626049426118201,1.0,0.055991855730075625,0.05702647657841141,-0.0010346208483357835,14,18,True,-0.0
immune cells,RSBN1L,0.26905321052744896,0.26263192353284887,0.006421286994600095,up_in_CKD,0.07888017975537273,0.24193976722763427,0.8108621907386349,1.0,0.16055846422338568,0.16836388323150034,-0.007805419008114656,14,18,True,-0.0
immune cells,RTF2,0.18534123197602126,0.16804082906976298,0.017300402906258283,up_in_CKD,0.12091740719032501,0.358671804866747,0.7224430142784605,1.0,0.12754508435136708,0.0855397148676171,0.04200536948374997,14,18,True,-0.0
immune cells,RTL8C,0.054955660582518086,0.04556533264912275,0.009390327933395337,up_in_CKD,0.22528375095319625,0.6585640248512412,0.5152208749862005,1.0,0.04072134962187318,0.026476578411405296,0.014244771210467886,14,18,True,-0.0
immune cells,RTN4,0.5390529566751405,0.4820274105799736,0.05702554609516691,up_in_CKD,0.2719315033996746,0.7073714230509701,0.4882657730254541,1.0,0.2892670157068063,0.29938900203665986,-0.01012198632985356,14,18,True,-0.0
immune cells,RTRAF,0.324962896321538,0.2879057837365973,0.03705711258494071,up_in_CKD,0.16320754130883908,0.47270950462194244,0.639841860497178,1.0,0.2152414194299011,0.15207060420909707,0.06317081522080403,14,18,True,-0.0
immune cells,RUFY1,0.08046910689073263,0.07656121570719825,0.003907891183534379,up_in_CKD,0.08632844098605919,0.26196190718407075,0.7954122455849462,1.0,0.052065154159395,0.05227427019687712,-0.00020911603748212382,14,18,True,-0.0
immune cells,RUFY2,0.05054706748908115,0.04654563759270884,0.0040014298963723105,up_in_CKD,0.15934447933106222,0.48069674919883526,0.6346144518668568,1.0,0.031268179173938336,0.034623217922606926,-0.00335503874866859,14,18,True,-0.0
immune cells,RUNX1,0.14893392216066825,0.13411807882276733,0.014815843337900925,up_in_CKD,0.23166173440596066,0.6880769679701151,0.49690424282936024,1.0,0.09729493891797557,0.09640190088255261,0.000893038035422955,14,18,True,-0.0
immune cells,S100A8,0.3075804180933669,0.2903387325189447,0.017241685574422183,up_in_CKD,0.09047510637840664,0.2532132659932774,0.8019665577716832,1.0,0.10514834205933682,0.09708078750848609,0.00806755455085073,14,18,True,-0.0
immune cells,S100A9,0.494748199955921,0.4790056430306323,0.015742556925288698,up_in_CKD,0.06547733641886277,0.18352069563759685,0.8557138557914645,1.0,0.16215823152995928,0.1500339443312967,0.012124287198662598,14,18,True,-0.0
immune cells,SACS,0.05556264623823055,0.05173393023791764,0.0038287160003129053,up_in_CKD,0.13435516582095655,0.38826040009695606,0.7005671609399808,1.0,0.03795811518324607,0.03394433129667346,0.004013783886572614,14,18,True,-0.0
immune cells,SAMD9,0.3023493278227572,0.27840053641197776,0.023948791410779435,up_in_CKD,0.2425523412374408,0.6745934249829466,0.5056547832408347,1.0,0.17844677137870854,0.16429056347589951,0.014156207902809026,14,18,True,-0.0
immune cells,SAMD9L,0.15646560548242858,0.14303206302833496,0.013433542454093617,up_in_CKD,0.18236074529043042,0.5468011036101076,0.5888842774823783,1.0,0.09453170447934846,0.08893414799728445,0.005597556482064003,14,18,True,-0.0
immune cells,SAP30BP,0.13438858645709917,0.12707093388271803,0.007317652574381134,up_in_CKD,0.14707995231572552,0.4509742424936647,0.6560076563075484,1.0,0.08609656777196044,0.09572301425661914,-0.009626446484658699,14,18,True,-0.0
immune cells,SAP30L,0.07550540414855103,0.07521838332463683,0.0002870208239141997,up_in_CKD,0.008514241499102921,0.02486512015760441,0.9803277731835723,1.0,0.0491564863292612,0.05295315682281059,-0.003796670493549391,14,18,True,-0.0
immune cells,SAR1A,0.28642987892597294,0.27461464529144675,0.01181523363452619,up_in_CKD,0.12864241960952782,0.3720123653300131,0.7124999080154664,1.0,0.1878999418266434,0.17243720298710116,0.015462738839542245,14,18,True,-0.0
immune cells,SART1,0.07047868969190876,0.06849965397118356,0.0019790357207252057,up_in_CKD,0.052738913249689386,0.15798426470004606,0.8756078834008513,1.0,0.04784758580570099,0.05702647657841141,-0.009178890772710419,14,18,True,-0.0
immune cells,SART3,0.05904172339003912,0.05408710560958072,0.004954617780458401,up_in_CKD,0.15374926102552403,0.4600045316559986,0.649061127049623,1.0,0.03606748109365911,0.038696537678207736,-0.0026290565845486294,14,18,True,-0.0
immune cells,SBNO1,0.11652656241057364,0.10935428350909074,0.007172278901482906,up_in_CKD,0.1702219822664988,0.5060016579386537,0.6167138987183047,1.0,0.07635253054101222,0.06992532247114731,0.006427208069864909,14,18,True,-0.0
immune cells,SCAF1,0.05780626576646932,0.05586665720177017,0.001939608564699151,up_in_CKD,0.04513782424102366,0.13660740122381057,0.8923756646912431,1.0,0.036940081442699245,0.03665987780040733,0.0002802036422919138,14,18,True,-0.0
immune cells,SCAP,0.042488844205266774,0.04183099371066837,0.0006578504945984054,up_in_CKD,0.024444709095499475,0.07140084521246368,0.9435543146771698,1.0,0.03228621291448516,0.031907671418873046,0.0003785414956121169,14,18,True,-0.0
immune cells,SCIMP,0.16142676346229387,0.15089741708584567,0.010529346376448201,up_in_CKD,0.14514816854563864,0.4232201686072412,0.6751594983073941,1.0,0.09278650378126818,0.1079429735234216,-0.015156469742153414,14,18,True,-0.0
immune cells,SCO1,0.05494868652032133,0.05110149268042658,0.0038471938398947497,up_in_CKD,0.12824887371860028,0.3642438092993466,0.7183018697870552,1.0,0.036794648051192556,0.03326544467073999,0.003529203380452567,14,18,True,-0.0
immune cells,SCRN2,0.04845375701158382,0.04183892232314998,0.006614834688433838,up_in_CKD,0.19648885802844945,0.5836239299384736,0.5640127109379065,1.0,0.030395578824898198,0.025797691785471828,0.00459788703942637,14,18,True,-0.0
immune cells,SDAD1,0.10180872694323798,0.09894484388201756,0.0028638830612204152,up_in_CKD,0.08000260713768716,0.23749173943050247,0.8139521051406281,1.0,0.06704479348458406,0.06856754921928038,-0.0015227557346963183,14,18,True,-0.0
immune cells,SDF2L1,0.28489931432360094,0.27361019180843305,0.011289122515167893,up_in_CKD,0.16391810102427384,0.4865050857152561,0.6302785108886071,1.0,0.17670157068062828,0.1670061099796334,0.00969546070099489,14,18,True,-0.0
immune cells,SDHA,0.1292269373610556,0.12395361888350608,0.005273318477549513,up_in_CKD,0.09870745025943936,0.278965364284301,0.7822661843261205,1.0,0.08158813263525305,0.09097080787508487,-0.009382675239831814,14,18,True,-0.0
immune cells,SDHAF1,0.12156060258080661,0.11631483854842789,0.005245764032378725,up_in_CKD,0.10665248297221487,0.30122526332738647,0.7654126790805991,1.0,0.07533449680046539,0.08282416836388323,-0.0074896715634178435,14,18,True,-0.0
immune cells,SEC23A,0.07844469287616443,0.07315706242093599,0.00528763045522844,up_in_CKD,0.1217555462210387,0.36979443364482567,0.7145429511960409,1.0,0.04813845258871437,0.04344874405974202,0.004689708528972346,14,18,True,-0.0
immune cells,SEC23B,0.06500919328318946,0.06419711700273693,0.0008120762804525311,up_in_CKD,0.019706288359461636,0.0593480369951667,0.9531092697925961,1.0,0.04581151832460733,0.051595383570943655,-0.0057838652463363255,14,18,True,-0.0
immune cells,SEC24B,0.05348101559652653,0.0474439793292689,0.006037036267257628,up_in_CKD,0.221102920481961,0.6719630541387503,0.5075826473851487,1.0,0.03606748109365911,0.03801765105227427,-0.001950169958615161,14,18,True,-0.0
immune cells,SEC24C,0.05524362988246373,0.054945102907422674,0.0002985269750410552,up_in_CKD,0.008070603528408994,0.025308103807341584,0.9800573302657545,1.0,0.03926701570680628,0.038696537678207736,0.0005704780285985464,14,18,True,-0.0
immune cells,SEC31A,0.1600175116028694,0.15360028052266667,0.006417231080202729,up_in_CKD,0.10081949837232301,0.29133408751294393,0.7728023684960137,1.0,0.10616637579988365,0.10047522063815342,0.00569115516173023,14,18,True,-0.0
immune cells,SEH1L,0.053736212981848344,0.04726496698234762,0.006471245999500726,up_in_CKD,0.1903255863013112,0.5857006801355839,0.5636245703100203,1.0,0.029959278650378125,0.03598099117447386,-0.0060217125240957375,14,18,True,-0.0
immune cells,SEL1L3,0.10208541675894575,0.097327035191145,0.004758381567800757,up_in_CKD,0.10465609021919098,0.3034746400335592,0.763622896369628,1.0,0.06442699243746364,0.06042090970807875,0.004006082729384887,14,18,True,-0.0
immune cells,SELENOK,0.31105199287466656,0.31077981547719624,0.000272177397470319,up_in_CKD,0.00116415792541145,0.00341465743868872,0.9972983116152432,1.0,0.19822571262361838,0.1629327902240326,0.035292922399585785,14,18,True,-0.0
immune cells,SELL,0.22272803011833756,0.207958282475049,0.014769747643288561,up_in_CKD,0.1266928467795935,0.3501142612093699,0.7290447747364558,1.0,0.1127108784176847,0.11608961303462322,-0.0033787346169385085,14,18,True,-0.0
immune cells,SEM1,0.4668587397057947,0.3962530697325588,0.07060566997323592,up_in_CKD,0.2211323259890332,0.6395288730250515,0.5273350747927295,1.0,0.28984874927283305,0.21384928716904278,0.07599946210379027,14,18,True,-0.0
immune cells,SEMA4A,0.050298563762189365,0.04830428649092691,0.0019942772712624526,up_in_CKD,0.05712802473994554,0.17804618996791993,0.8603657568640883,1.0,0.03504944735311227,0.032586558044806514,0.0024628893083057588,14,18,True,-0.0
immune cells,SERBP1,0.5664967702725517,0.5487529720687201,0.01774379820383165,up_in_CKD,0.1575599829841728,0.46460382391484195,0.6456347127482823,1.0,0.3264979639325189,0.33129667345553293,-0.004798709523014033,14,18,True,-0.0
immune cells,SERINC1,0.3084135107080076,0.30410310220596887,0.004310408502038732,up_in_CKD,0.045778090148636964,0.1355304752609137,0.8931250478121142,1.0,0.1892088423502036,0.1887304820095044,0.0004783603406992021,14,18,True,-0.0
immune cells,SERINC5,0.06304162710592508,0.05553035531666742,0.007511271789257659,up_in_CKD,0.1697270253372619,0.5007879720357504,0.6202512148174355,1.0,0.04072134962187318,0.035302104548540394,0.005419245073332787,14,18,True,-0.0
immune cells,SERPINB8,0.04289498665786891,0.0424297187097738,0.00046526794809510774,up_in_CKD,0.018048668029307,0.05371395390509836,0.9575361307771028,1.0,0.029522978475858056,0.03801765105227427,-0.008494672576416212,14,18,True,-0.0
immune cells,SERPING1,0.058410371413708806,0.055316162082910264,0.003094209330798542,up_in_CKD,0.07244956417661741,0.22051814050968993,0.8272207055297219,1.0,0.039848749272833044,0.03598099117447386,0.003867758098359181,14,18,True,-0.0
immune cells,SESTD1,0.058227292818761,0.05489696640339244,0.0033303264153685605,up_in_CKD,0.09617695682403182,0.3020770304688177,0.7657232575929162,1.0,0.03853984874927283,0.03598099117447386,0.00255885757479897,14,18,True,-0.0
immune cells,SETD2,0.1611354110569531,0.13817925707087353,0.022956153986079558,up_in_CKD,0.25372952636643636,0.7500491470353166,0.45921762441417774,1.0,0.09409540430482839,0.08757637474541752,0.006519029559410874,14,18,True,-0.0
immune cells,SETDB1,0.04828874501945529,0.0447443736176414,0.003544371401813892,up_in_CKD,0.08007770305421659,0.25238939237429747,0.8034084026231652,1.0,0.030686445607911575,0.026476578411405296,0.004209867196506279,14,18,True,-0.0
immune cells,SETDB2,0.06177566885177367,0.05715276312852538,0.004622905723248291,up_in_CKD,0.1319900286107418,0.40364514809332014,0.6899400545532,1.0,0.04057591623036649,0.04412763068567549,-0.0035517144553089963,14,18,True,-0.0
immune cells,SF3B6,0.3933557957288723,0.36251524928633083,0.030840546442541472,up_in_CKD,0.11066420628946673,0.3242112440845269,0.7480440281203375,1.0,0.2486910994764398,0.20095044127630685,0.04774065820013296,14,18,True,-0.0
immune cells,SFI1,0.05819245845588817,0.046818359649161714,0.011374098806726456,up_in_CKD,0.20372439590073685,0.6274897059861566,0.5363904477573319,1.0,0.03810354857475276,0.027155465037338764,0.010948083537413996,14,18,True,-0.0
immune cells,SFXN1,0.09768661534024257,0.09689713104495982,0.0007894842952827497,up_in_CKD,0.01434740784863347,0.043630689862275154,0.9655361448213815,1.0,0.058027923211169286,0.06381534283774609,-0.005787419626576806,14,18,True,-0.0
immune cells,SFXN4,0.03903334438662888,0.037718982195252444,0.001314362191376435,up_in_CKD,0.061998275384993196,0.1896484750092279,0.8511341384268213,1.0,0.030250145433391506,0.029192124915139173,0.0010580205182523332,14,18,True,-0.0
immune cells,SGK3,0.10037904918817377,0.09451784286245113,0.005861206325722637,up_in_CKD,0.1272150194072399,0.3717882137385706,0.7126745786607734,1.0,0.07184409540430482,0.05702647657841141,0.014817618825893414,14,18,True,-0.0
immune cells,SGMS1,0.05038893005731128,0.046645634849550796,0.003743295207760483,up_in_CKD,0.10842027749330663,0.3253512228493432,0.7473638573577388,1.0,0.03592204770215241,0.03665987780040733,-0.0007378300982549199,14,18,True,-0.0
immune cells,SGTB,0.0505722397966591,0.04591181651359967,0.004660423283059427,up_in_CKD,0.15670923002908574,0.4767570254609844,0.6375763105271882,1.0,0.03243164630599186,0.031907671418873046,0.0005239748871188124,14,18,True,-0.0
immune cells,SH3BGRL3,2.0597552675243502,2.043140697311509,0.016614570212841073,up_in_CKD,0.05773625021011702,0.15234342725247121,0.8804412961991231,1.0,0.8071553228621291,0.814663951120163,-0.007508628258033889,14,18,True,-0.0
immune cells,SH3GLB1,0.3169561908914304,0.3092929730721575,0.007663217819272927,up_in_CKD,0.08879542196033931,0.24463746741339262,0.8086672313187401,1.0,0.19255381035485747,0.21792260692464357,-0.025368796569786106,14,18,True,-0.0
immune cells,SHOC2,0.2195345765010209,0.2013438362037742,0.01819074029724671,up_in_CKD,0.2570895480923013,0.7461450490524137,0.46138731681937833,1.0,0.1255090168702734,0.1446028513238289,-0.019093834453555503,14,18,True,-0.0
immune cells,SIK3,0.0891715123156681,0.07990064300303427,0.009270869312633823,up_in_CKD,0.2446687410292685,0.7309871176155834,0.4708172021630554,1.0,0.053810354857475276,0.055668703326544465,-0.001858348469069189,14,18,True,-0.0
immune cells,SINHCAF,0.09793638442960285,0.07786436883472306,0.020072015594879797,up_in_CKD,0.25105012933679605,0.7354698171809338,0.46780551468788334,1.0,0.06122745782431646,0.03054989816700611,0.030677559657310352,14,18,True,-0.0
immune cells,SIRT2,0.1056641667817705,0.10302243304419641,0.0026417337375740924,up_in_CKD,0.05655306954280634,0.17097275890338598,0.8655386088086204,1.0,0.06529959278650378,0.06381534283774609,0.0014842499487576905,14,18,True,-0.0
immune cells,SIRT6,0.05763698384734506,0.051568534616900384,0.006068449230444674,up_in_CKD,0.2020452390352853,0.6236160249775718,0.5389851911137928,1.0,0.03650378126817917,0.029192124915139173,0.00731165635304,14,18,True,-0.0
immune cells,SKAP2,0.25549202631146395,0.24765075187739694,0.007841274434067014,up_in_CKD,0.09859340161387391,0.2758974460526751,0.7846684838808535,1.0,0.15357766143106458,0.16225390359809913,-0.008676242167034554,14,18,True,-0.0
immune cells,SKP1,1.0163892438463784,0.9877536961116345,0.02863554773474386,up_in_CKD,0.19250615950439579,0.5664822291256492,0.5753425182684672,1.0,0.5247236765561373,0.5661914460285132,-0.04146776947237596,14,18,True,-0.0
immune cells,SLC15A3,0.10318268562217518,0.09802736902007964,0.005155316602095547,up_in_CKD,0.09148761647754537,0.2764363562050869,0.7843421784307747,1.0,0.07009889470622455,0.059063136456211814,0.011035758250012732,14,18,True,-0.0
immune cells,SLC18B1,0.0549697272868385,0.04745766725254737,0.007512060034291133,up_in_CKD,0.20811060196360526,0.6178387943939943,0.5415248221829326,1.0,0.03723094822571262,0.028513238289205704,0.008717709936506918,14,18,True,-0.0
immune cells,SLC25A13,0.05932082016435997,0.055551489220977975,0.003769330943381999,up_in_CKD,0.13873263296635158,0.4191960445636885,0.6784275254475451,1.0,0.04086678301337987,0.048200950441276307,-0.007334167427896436,14,18,True,-0.0
immune cells,SLC25A24,0.0987620749902345,0.08745652791158504,0.011305547078649461,up_in_CKD,0.22847307355230526,0.6970848245444199,0.4921450238948127,1.0,0.0664630599185573,0.06109979633401222,0.005363263584545086,14,18,True,-0.0
immune cells,SLC25A26,0.05840025504003222,0.05533536196670084,0.0030648930733313817,up_in_CKD,0.08106763010976707,0.25089613086041035,0.8041590738219273,1.0,0.03810354857475276,0.04073319755600815,-0.0026296489812553878,14,18,True,-0.0
immune cells,SLC25A32,0.05171682594943754,0.048004538155755686,0.003712287793681858,up_in_CKD,0.12453540914589174,0.3772881569317688,0.7089880156887227,1.0,0.034904013961605584,0.04073319755600815,-0.0058291835944025636,14,18,True,-0.0
immune cells,SLC25A36,0.14456357996143718,0.13539752444612996,0.00916605551530722,up_in_CKD,0.1605397931749864,0.4838822670475743,0.63236327518007,1.0,0.08798720186154742,0.09368635437881874,-0.005699152517271322,14,18,True,-0.0
immune cells,SLC25A38,0.06972332874283604,0.06785615214747315,0.001867176595362896,up_in_CKD,0.04216279568500816,0.1261455961999483,0.9005170433217935,1.0,0.04508435136707388,0.05295315682281059,-0.007868805455736712,14,18,True,-0.0
immune cells,SLC25A4,0.06388639748076026,0.05782473214573166,0.006061665335028603,up_in_CKD,0.14495966795491905,0.3927646557620426,0.698019938400147,1.0,0.03941244909831297,0.042090970807875085,-0.0026785217095621136,14,18,True,-0.0
immune cells,SLC25A45,0.060429755603291904,0.05322406892556016,0.007205686677731742,up_in_CKD,0.16929384551519183,0.5042919620306716,0.6179283753567615,1.0,0.04159394997091332,0.04412763068567549,-0.0025336807147621696,14,18,True,-0.0
immune cells,SLC26A2,0.0483708949518885,0.04734319035734917,0.0010277045945393318,up_in_CKD,0.03924272708168886,0.11703035055224423,0.9076594626011417,1.0,0.031413612565445025,0.0373387644263408,-0.005925151860895775,14,18,True,-0.0
immune cells,SLC2A3,0.18566511035705388,0.1855902223177548,7.488803929908694e-05,up_in_CKD,0.000607417747021552,0.0018460044430201295,0.9985413063088593,1.0,0.1114019778941245,0.14731839782756279,-0.03591641993343829,14,18,True,-0.0
immune cells,SLC2A6,0.08390167733582223,0.07169891561946355,0.012202761716358673,up_in_CKD,0.227691205056352,0.6307277382309271,0.5336059207635099,1.0,0.04668411867364747,0.0461642905634759,0.0005198281101715663,14,18,True,-0.0
immune cells,SLC30A1,0.06085827293109113,0.054175626713565087,0.006682646217526046,up_in_CKD,0.20233566628995958,0.5792236661983116,0.5668094556200881,1.0,0.040430482838859805,0.042090970807875085,-0.00166048796901528,14,18,True,-0.0
immune cells,SLC38A1,0.25037399192124415,0.24733346965713648,0.00304052226410767,up_in_CKD,0.032549531219146034,0.09634635741240875,0.9239051563834668,1.0,0.13859802210587552,0.1452817379497624,-0.006683715843886884,14,18,True,-0.0
immune cells,SLC38A10,0.11126792391937926,0.1074990711521918,0.0037688527671874555,up_in_CKD,0.059167204080289644,0.1834449490552005,0.8561068852873035,1.0,0.07737056428155904,0.07739307535641547,-2.2511074856429447e-05,14,18,True,-0.0
immune cells,SLC39A9,0.03944424740311455,0.03877845198493818,0.0006657954181763723,up_in_CKD,0.02981520838918781,0.08753681214878672,0.9308326814433077,1.0,0.030977312390924956,0.032586558044806514,-0.0016092456538815587,14,18,True,-0.0
immune cells,SLC50A1,0.10024460896349073,0.09943933470803805,0.0008052742554526815,up_in_CKD,0.017245811191640942,0.051846182993685076,0.9590271958315786,1.0,0.07068062827225131,0.07060420909708079,7.64191751705251e-05,14,18,True,-0.0
immune cells,SLC7A6OS,0.0699811113211261,0.06838048625058106,0.0016006250705450364,up_in_CKD,0.03906921003607642,0.10768149506329695,0.9150774885000427,1.0,0.04304828388598022,0.04276985743380855,0.00027842645217166645,14,18,True,-0.0
immune cells,SLFN12L,0.061424489936521984,0.06052225614854824,0.0009022337879737441,up_in_CKD,0.016969194130728487,0.051969593799209735,0.9589743504921635,1.0,0.034031413612565446,0.034623217922606926,-0.0005918043100414799,14,18,True,-0.0
immune cells,SMAD2,0.15199517923008796,0.14236416827783283,0.009631010952255131,up_in_CKD,0.17827397979464504,0.5171750405773742,0.6088264064048379,1.0,0.09162303664921466,0.09029192124915139,0.001331115400063268,14,18,True,-0.0
immune cells,SMARCAD1,0.07815903904468029,0.0679610340937003,0.010198004950979986,up_in_CKD,0.24854172096682,0.7422085374065652,0.4640865014892106,1.0,0.04886561954624782,0.0461642905634759,0.0027013289827719153,14,18,True,-0.0
immune cells,SMARCC1,0.12282083290062663,0.12050042756132608,0.0023204053393005575,up_in_CKD,0.04514780046570262,0.1358886502782846,0.8929081266549548,1.0,0.07431646305991856,0.07331975560081466,0.0009967074591038932,14,18,True,-0.0
immune cells,SMC6,0.06597519268157684,0.058457180472180764,0.007518012209396074,up_in_CKD,0.20789201717896133,0.6123836462413568,0.5449767381177425,1.0,0.038394415357766144,0.04276985743380855,-0.004375442076042409,14,18,True,-0.0
immune cells,SMIM14,0.21453987922987522,0.21073248781336396,0.0038073914165112632,up_in_CKD,0.04441896535484321,0.12674013367538167,0.9000061156630752,1.0,0.12638161721931354,0.131704005431093,-0.005322388211779466,14,18,True,-0.0
immune cells,SMIM25,0.2092232678350509,0.19398318526842454,0.015240082566626373,up_in_CKD,0.07895947229547384,0.22025915482689298,0.827300678747708,1.0,0.08435136707388016,0.059063136456211814,0.02528823061766835,14,18,True,-0.0
immune cells,SMIM26,0.2973076432926936,0.2698741839985568,0.02743345929413682,up_in_CKD,0.12497899863654709,0.36150675367303653,0.7202554390803791,1.0,0.18949970913321698,0.1513917175831636,0.03810799155005337,14,18,True,-0.0
immune cells,SMIM29,0.06362873349047722,0.05455354192394535,0.009075191566531873,up_in_CKD,0.15274182849167253,0.45810845570863684,0.6504448123112405,1.0,0.04508435136707388,0.025797691785471828,0.019286659581602052,14,18,True,-0.0
immune cells,SMIM37,0.19421182747528673,0.1526897657959255,0.04152206167936123,up_in_CKD,0.2718841029343507,0.744458047671689,0.4635290163277101,1.0,0.09191390343222804,0.08757637474541752,0.004337528686810518,14,18,True,-0.0
immune cells,SMIM4,0.1505410571005076,0.14314671365596413,0.007394343444543483,up_in_CKD,0.1360877955678718,0.39589193664767836,0.6949882848335756,1.0,0.09671320535194881,0.11405295315682282,-0.017339747804874003,14,18,True,-0.0
immune cells,SMIM8,0.07239067086641472,0.06497696048498497,0.007413710381429753,up_in_CKD,0.24587118571037658,0.7012144976061258,0.48867010499199043,1.0,0.049592786503781267,0.051595383570943655,-0.0020025970671623886,14,18,True,-0.0
immune cells,SMU1,0.14253271089056413,0.13546811097608927,0.007064599914474862,up_in_CKD,0.15526742188073028,0.47876678895197844,0.6365682092133357,1.0,0.09409540430482839,0.09504412763068568,-0.0009487233258572841,14,18,True,-0.0
immune cells,SMURF2,0.1030028989933267,0.09316209232948226,0.009840806663844431,up_in_CKD,0.2525544445098037,0.7606569601486878,0.45341561945427766,1.0,0.06675392670157068,0.06042090970807875,0.006333016993491931,14,18,True,-0.0
immune cells,SNAP23,0.2096549174817066,0.20407506682436774,0.005579850657338847,up_in_CKD,0.08595098165017291,0.23626243745023479,0.8151116434594664,1.0,0.13365328679464805,0.13509843856076034,-0.0014451517661122903,14,18,True,-0.0
immune cells,SND1,0.10036777883147677,0.09644040358314691,0.0039273752483298535,up_in_CKD,0.07579281472074359,0.2236253369881953,0.8245963162394866,1.0,0.07126236183827807,0.07196198234894773,-0.0006996205106696574,14,18,True,-0.0
immune cells,SNHG12,0.2258375343317598,0.21146965591320388,0.014367878418555913,up_in_CKD,0.11392731026970948,0.34624106252929193,0.7319703903703767,1.0,0.13118091913903432,0.143245078071962,-0.012064158932927671,14,18,True,-0.0
immune cells,SNHG9,0.24683773877473753,0.2444761826338348,0.002361556140902721,up_in_CKD,0.028508688554149206,0.08368641117151408,0.9338674132146637,1.0,0.15372309482257127,0.16021724372029872,-0.006494148897727453,14,18,True,-0.0
immune cells,SNIP1,0.05018898807912629,0.049558323914361734,0.0006306641647645592,up_in_CKD,0.02206800141361517,0.06581432026364965,0.9479867063034205,1.0,0.033595113438045374,0.04073319755600815,-0.007138084117962774,14,18,True,-0.0
immune cells,SNRNP35,0.10676540719249424,0.10424253192373113,0.002522875268763103,up_in_CKD,0.06947150967573645,0.21214858834967013,0.8337116072708551,1.0,0.07140779522978476,0.07196198234894773,-0.0005541871191629688,14,18,True,-0.0
immune cells,SNRPA,0.13250900996885354,0.12372440411259139,0.008784605856262145,up_in_CKD,0.16462664184093384,0.49366355403767087,0.6254285382604204,1.0,0.08566026759744037,0.09640190088255261,-0.01074163328511224,14,18,True,-0.0
immune cells,SNRPN,0.21401193851811068,0.18231901749468274,0.03169292102342794,up_in_CKD,0.21441060478877627,0.613641976565064,0.5441291993846509,1.0,0.14063408958696916,0.09979633401221996,0.040837755574749196,14,18,True,-0.0
immune cells,SNU13,0.39000084659058876,0.35577424503624594,0.03422660155434282,up_in_CKD,0.1230926569964471,0.3588020009026519,0.7222606943670493,1.0,0.2370564281559046,0.19687712152070605,0.04017930663519856,14,18,True,-0.0
immune cells,SNX29,0.07362902947063722,0.07125502568141581,0.00237400378922141,up_in_CKD,0.06081238163913487,0.17839518430683732,0.8596228924279165,1.0,0.04406631762652705,0.051595383570943655,-0.007529065944416602,14,18,True,-0.0
immune cells,SNX30,0.06114573384051712,0.056970190565385784,0.004175543275131338,up_in_CKD,0.11585072892921312,0.33710704614854775,0.738385258027881,1.0,0.039121582315299594,0.03665987780040733,0.002461704514892263,14,18,True,-0.0
immune cells,SNX5,0.17817934742822755,0.16564291100957715,0.012536436418650404,up_in_CKD,0.1809001294311796,0.561234755171246,0.5802646744693981,1.0,0.1156195462478185,0.11337406653088934,0.0022454797169291635,14,18,True,-0.0
immune cells,SORL1,0.2911311152438011,0.27429474771362095,0.01683636753018014,up_in_CKD,0.21168530569021782,0.6239604110567988,0.5374569256868755,1.0,0.1733566026759744,0.16021724372029872,0.013139358955675695,14,18,True,-0.0
immune cells,SORT1,0.07707796140113181,0.07343944099174254,0.003638520409389265,up_in_CKD,0.093157117476857,0.26250360692653163,0.7948209193588756,1.0,0.052646887725421754,0.055668703326544465,-0.0030218156011227112,14,18,True,-0.0
immune cells,SOS2,0.09662335742751783,0.094361684762238,0.0022616726652798375,up_in_CKD,0.05128071211489009,0.1536659555670265,0.8789815991761801,1.0,0.06035485747527632,0.07128309572301425,-0.010928238247737927,14,18,True,-0.0
immune cells,SPAG16,0.047132923342248154,0.04054155075945375,0.006591372582794401,up_in_CKD,0.23172493035934622,0.7197514680927963,0.47926694836589795,1.0,0.03388598022105876,0.031907671418873046,0.0019783088021857118,14,18,True,-0.0
immune cells,SPAG7,0.23551318213945013,0.23336223994249788,0.002150942196952249,up_in_CKD,0.02513380478078868,0.06948782058012494,0.9451264817597778,1.0,0.14325189063408958,0.1581805838424983,-0.014928693208408728,14,18,True,-0.0
immune cells,SPATA20,0.05224661140022045,0.04684142364515145,0.005405187755068999,up_in_CKD,0.20218855745997832,0.5826866442508232,0.5644697423291228,1.0,0.03577661431064572,0.03598099117447386,-0.00020437686382814013,14,18,True,-0.0
immune cells,SPG21,0.16332677347267915,0.14726870915084878,0.01605806432183038,up_in_CKD,0.21916506981710424,0.6803112390706699,0.5033787421809754,1.0,0.1070389761489238,0.10454854039375425,0.002490435755169551,14,18,True,-0.0
immune cells,SPI1,0.444698129359218,0.42085914085342413,0.023838988505793857,up_in_CKD,0.1639082283808731,0.44976134154213804,0.6567078900887154,1.0,0.23356602675974403,0.2219959266802444,0.011570100079499629,14,18,True,-0.0
immune cells,SPOCK2,0.23357104478972412,0.22368413820212973,0.00988690658759439,up_in_CKD,0.09371298247884519,0.2521044957920739,0.803238677415744,1.0,0.11940081442699244,0.13441955193482688,-0.015018737507834445,14,18,True,-0.0
immune cells,SPPL3,0.07932861151499089,0.07065546718721001,0.00867314432778088,up_in_CKD,0.17131569572367683,0.5353885214077532,0.5980483223261238,1.0,0.057300756253635836,0.04752206381534284,0.009778692438292998,14,18,True,-0.0
immune cells,SPRYD7,0.06467480180522234,0.060622977791530044,0.004051824013692293,up_in_CKD,0.13450159446809865,0.363277383916833,0.7196936430210472,1.0,0.036940081442699245,0.04412763068567549,-0.007187549242976245,14,18,True,-0.0
immune cells,SPSB3,0.3876812572731251,0.3655664122463271,0.022114845026798002,up_in_CKD,0.2357871683407155,0.6614123259153543,0.513744929050422,1.0,0.22905759162303665,0.23828920570264767,-0.009231614079611011,14,18,True,-0.0
immune cells,SQOR,0.09323372429571827,0.07944768429929924,0.01378603999641903,up_in_CKD,0.18912015002183172,0.5540617557568113,0.5836729157061559,1.0,0.06253635834787667,0.04684317718940937,0.015693181158467302,14,18,True,-0.0
immune cells,SQSTM1,0.37979493227259314,0.37786941555780335,0.001925516714789799,up_in_CKD,0.020801486389358456,0.05946183892001455,0.9529838832085308,1.0,0.22745782431646305,0.24711473183978275,-0.019656907523319694,14,18,True,-0.0
immune cells,SRA1,0.1741433773245362,0.17160983427562265,0.002533543048913539,up_in_CKD,0.04020740777971055,0.12254035095440041,0.9034382247628155,1.0,0.11329261198371146,0.13509843856076034,-0.02180582657704888,14,18,True,-0.0
immune cells,SRD5A3,0.048633706988781784,0.04760529113380687,0.001028415854974915,up_in_CKD,0.04297556926981567,0.13015286716704472,0.8974342550427113,1.0,0.033449680046538685,0.03801765105227427,-0.004567971005735583,14,18,True,-0.0
immune cells,SREBF2,0.07216747049273439,0.06637160412102142,0.005795866371712977,up_in_CKD,0.17909511999223207,0.532912352262908,0.5982045061937228,1.0,0.04653868528214078,0.04480651731160896,0.0017321679705318213,14,18,True,-0.0
immune cells,SRPRA,0.12360105792184961,0.119915714760556,0.003685343161293611,up_in_CKD,0.036903987379747386,0.10951645463914798,0.9135495543390594,1.0,0.08347876672484002,0.059063136456211814,0.024415630268628204,14,18,True,-0.0
immune cells,SRRT,0.08309894989179746,0.07519523799045319,0.00790371190134427,up_in_CKD,0.2534822956363481,0.7371177863795264,0.4667799552399087,1.0,0.053228621291448515,0.048879837067209775,0.00434878422423874,14,18,True,-0.0
immune cells,SRSF10,0.25862479655576254,0.24648191686671708,0.012142879689045455,up_in_CKD,0.09419339701857204,0.2753812498668968,0.7849198307180248,1.0,0.1633216986620128,0.16089613034623218,0.002425568315780613,14,18,True,-0.0
immune cells,SRSF2,0.6162328903372088,0.5942770151311987,0.021955875206010167,up_in_CKD,0.14025225385041953,0.41363441853498545,0.682142251793787,1.0,0.3423502036067481,0.3761031907671419,-0.033752987160393766,14,18,True,-0.0
immune cells,SRSF4,0.18230779766440156,0.17667684313647675,0.0056309545279248086,up_in_CKD,0.08629429175678889,0.2605321191742394,0.7964438054661519,1.0,0.11300174520069808,0.1208418194161575,-0.007840074215459417,14,18,True,-0.0
immune cells,SS18,0.09893455095303504,0.09766988862524412,0.0012646623277909191,up_in_CKD,0.014411095294742635,0.04481806391769153,0.9646615446789589,1.0,0.06180919139034322,0.05363204344874406,0.008177147941599162,14,18,True,-0.0
immune cells,SSFA2,0.10399223159444784,0.0918665189458049,0.012125712648642942,up_in_CKD,0.22382910863530564,0.6241300439195802,0.5377082361239198,1.0,0.052501454333915065,0.05974202308214528,-0.007240568748230217,14,18,True,-0.0
immune cells,SSR1,0.29727127043542334,0.2758908392215628,0.021380431213860518,up_in_CKD,0.25299118264638953,0.7564821422884641,0.4556554574601361,1.0,0.1878999418266434,0.18601493550577053,0.0018850063208728784,14,18,True,-0.0
immune cells,STAC3,0.046632726928256325,0.04322036690760745,0.0034123600206488747,up_in_CKD,0.1083238591987989,0.31685949766953264,0.7535560695331374,1.0,0.03388598022105876,0.031907671418873046,0.0019783088021857118,14,18,True,-0.0
immune cells,STARD3,0.09804372506248915,0.09065972895688663,0.007383996105602517,up_in_CKD,0.17700510730566482,0.514174801847823,0.6108976120074521,1.0,0.06195462478184991,0.06042090970807875,0.0015337150737711608,14,18,True,-0.0
immune cells,STAT5B,0.0728029776548605,0.06624923852968542,0.0065537391251750815,up_in_CKD,0.1689417390715367,0.5068791147296895,0.6162540626311767,1.0,0.04522978475858057,0.0461642905634759,-0.0009345058048953331,14,18,True,-0.0
immune cells,STAU1,0.11461802017915802,0.11213228341064675,0.002485736768511271,up_in_CKD,0.05454091307032677,0.1626248459433844,0.8719643184642385,1.0,0.08086096567771961,0.08621860149355058,-0.005357635815830972,14,18,True,-0.0
immune cells,STAU2,0.054306590147181054,0.054028949481556954,0.0002776406656241001,up_in_CKD,0.008205299627477675,0.025442834477992993,0.9799282846600165,1.0,0.034031413612565446,0.03054989816700611,0.003481515445559337,14,18,True,-0.0
immune cells,STK11,0.11021288577517516,0.10623593493140197,0.003976950843773183,up_in_CKD,0.06621735761943191,0.20581205114975898,0.8388437857316028,1.0,0.07155322862129145,0.06788866259334692,0.0036645660279445297,14,18,True,-0.0
immune cells,STK24,0.1461996626298808,0.13754550438138463,0.008654158248496163,up_in_CKD,0.17770974179672816,0.5271162852512904,0.6021286135682867,1.0,0.09278650378126818,0.09979633401221996,-0.00700983023095178,14,18,True,-0.0
immune cells,STK26,0.05731434063254687,0.05424985163330678,0.0030644889992400906,up_in_CKD,0.05873398776422058,0.17251216489979224,0.8642065601114333,1.0,0.03534031413612566,0.025118805159538356,0.010221508976587301,14,18,True,-0.0
immune cells,STK38,0.15455819479106345,0.1364745628933005,0.018083631897762936,up_in_CKD,0.2360975978951792,0.6795021754466152,0.5020489033332303,1.0,0.08929610238510761,0.07942973523421588,0.00986636715089173,14,18,True,-0.0
immune cells,STK38L,0.09776435938561323,0.0873465109618888,0.010417848423724424,up_in_CKD,0.21677645424549216,0.6382752525756871,0.5282151167518733,1.0,0.06878999418266434,0.0658520027155465,0.0029379914671178314,14,18,True,-0.0
immune cells,STOML2,0.17427126502881116,0.16442671622996524,0.009844548798845915,up_in_CKD,0.15647144674562843,0.4748120535277223,0.6388797591865872,1.0,0.11460151250727167,0.12830957230142567,-0.013708059794154001,14,18,True,-0.0
immune cells,STX10,0.21382126438269375,0.2102627779903522,0.0035584863923415477,up_in_CKD,0.056644759757928695,0.16667988170736456,0.8687568551960556,1.0,0.1329261198371146,0.14052953156822812,-0.007603411731113507,14,18,True,-0.0
immune cells,STX2,0.04643806039788876,0.044214290155372406,0.002223770242516354,up_in_CKD,0.0652151665201565,0.20321864453508728,0.8408864826153799,1.0,0.030686445607911575,0.02987101154107264,0.000815434066838934,14,18,True,-0.0
immune cells,STX7,0.26190575571763125,0.2490506779814788,0.012855077736152437,up_in_CKD,0.16839729724547925,0.49463054352703606,0.6245048372130471,1.0,0.1633216986620128,0.1710794297352342,-0.007757731073221419,14,18,True,-0.0
immune cells,STXBP3,0.15715674120614037,0.1442393142166779,0.012917426989462466,up_in_CKD,0.23588829000322356,0.6998150839071033,0.4896309661438494,1.0,0.09962187318208261,0.09300746775288526,0.006614405429197348,14,18,True,-0.0
immune cells,STYX,0.0841603211230332,0.08018474574618836,0.003975575376844842,up_in_CKD,0.14023745314951008,0.40431588810482677,0.6888549342450034,1.0,0.05366492146596859,0.055668703326544465,-0.0020037818605758775,14,18,True,-0.0
immune cells,SUCLA2,0.08392888776488303,0.08258448483917874,0.0013444029257042855,up_in_CKD,0.033478119278034145,0.0979380558637962,0.9226363644602333,1.0,0.0535194880744619,0.05363204344874406,-0.00011255537428216111,14,18,True,-0.0
immune cells,SUCO,0.075319360086215,0.0684675507924475,0.006851809293767497,up_in_CKD,0.23414469730022722,0.7062028086744423,0.4861209174277444,1.0,0.050465386852821405,0.05227427019687712,-0.0018088833440557187,14,18,True,-0.0
immune cells,SUDS3,0.0940736366906029,0.08566319037167103,0.008410446318931869,up_in_CKD,0.2381170720800009,0.7166032911858998,0.47971148917827594,1.0,0.059336823734729496,0.06042090970807875,-0.0010840859733492539,14,18,True,-0.0
immune cells,SUMF1,0.04160031838649524,0.037657184492723296,0.003943133893771947,up_in_CKD,0.21170517145890855,0.6384593232034043,0.5285589419056315,1.0,0.031413612565445025,0.029192124915139173,0.002221487650305852,14,18,True,-0.0
immune cells,SUMF2,0.23862907230301517,0.22168629066089038,0.016942781642124788,up_in_CKD,0.23144497511075182,0.6611329520704426,0.513646955799393,1.0,0.14557882489819662,0.1500339443312967,-0.004455119433100063,14,18,True,-0.0
immune cells,SUMO2,1.2630067012970319,1.2537994812140767,0.009207220082955159,up_in_CKD,0.06307436953970023,0.16978932948231196,0.866680592925077,1.0,0.6273996509598604,0.6530889341479973,-0.025689283188136902,14,18,True,-0.0
immune cells,SUPT16H,0.14073070099275106,0.135704227608141,0.0050264733846100695,up_in_CKD,0.08316512381168609,0.2560661620393841,0.8001228273472193,1.0,0.09322280395578825,0.1011541072640869,-0.007931303308298651,14,18,True,-0.0
immune cells,SUPT7L,0.0412268774904766,0.03850220518988258,0.0027246723005940193,up_in_CKD,0.13281509260184257,0.3912616625195439,0.6984166530649909,1.0,0.031268179173938336,0.032586558044806514,-0.0013183788708681782,14,18,True,-0.0
immune cells,SURF6,0.07439712998856281,0.07144692052487248,0.0029502094636903314,up_in_CKD,0.08457390311175438,0.2566577790875019,0.7994612107007234,1.0,0.04799301919720768,0.0461642905634759,0.001828728633731777,14,18,True,-0.0
immune cells,SVBP,0.10920007770315313,0.0925954388397862,0.016604638863366925,up_in_CKD,0.19422850805339764,0.5543041287810043,0.5835476352597652,1.0,0.08027923211169284,0.05770536320434488,0.022573868907347965,14,18,True,-0.0
immune cells,SWI5,0.08587134894871315,0.08256367653038398,0.0033076724183291745,up_in_CKD,0.07266731345608227,0.21836168024702282,0.828761113688233,1.0,0.056719022687609075,0.05770536320434488,-0.0009863405167358022,14,18,True,-0.0
immune cells,SYNGR1,0.06690521837890735,0.062221095756119116,0.0046841226227882365,up_in_CKD,0.10486191138302084,0.3128553124805042,0.756679630450107,1.0,0.04435718440954043,0.04073319755600815,0.0036239868535322822,14,18,True,-0.0
immune cells,SYT11,0.05497131040441351,0.052342692278569906,0.0026286181258436056,up_in_CKD,0.0628359642900965,0.18849436923392668,0.85186318143682,1.0,0.03170447934845841,0.02987101154107264,0.0018334678073857677,14,18,True,-0.0
immune cells,TAF2,0.05228471414280167,0.047319767500983975,0.004964946641817694,up_in_CKD,0.1959287533709488,0.5969688503351983,0.555817916978106,1.0,0.035631180919139034,0.03394433129667346,0.0016868496224655763,14,18,True,-0.0
immune cells,TANK,0.24589159495236293,0.2445270597669921,0.0013645351853708299,up_in_CKD,0.012582954006971596,0.03927843256148179,0.969038498946344,1.0,0.14906922629435718,0.15274949083503056,-0.0036802645406733836,14,18,True,-0.0
immune cells,TAX1BP1,0.3421291910184659,0.33523854853049373,0.006890642487972165,up_in_CKD,0.07071476717154077,0.21173761775832017,0.8338489007600988,1.0,0.20331588132635253,0.208418194161575,-0.005102312835222472,14,18,True,-0.0
immune cells,TAX1BP3,0.0773213087821831,0.07675074793031739,0.0005705608518657146,up_in_CKD,0.012519671138531339,0.03674414183978308,0.9709348517738985,1.0,0.05439208842350204,0.051595383570943655,0.002796704852558382,14,18,True,-0.0
immune cells,TBC1D10B,0.05730245647860838,0.05069833981811278,0.006604116660495596,up_in_CKD,0.19166036276738616,0.5931357996901735,0.5589709992259185,1.0,0.038394415357766144,0.032586558044806514,0.00580785731295963,14,18,True,-0.0
immune cells,TBC1D20,0.060975876557955326,0.05689199773388346,0.004083878824071865,up_in_CKD,0.12799567329421124,0.38048529212538457,0.7063823507832605,1.0,0.04304828388598022,0.04548540393754243,-0.002437120051562214,14,18,True,-0.0
immune cells,TBC1D7,0.03484302331854395,0.03284062846726205,0.0020023948512818968,up_in_CKD,0.07695233832161909,0.23799276866045205,0.8140170024326295,1.0,0.02326934264107039,0.03054989816700611,-0.00728055552593572,14,18,True,-0.0
immune cells,TBCB,0.4074858595633947,0.402998454332079,0.004487405231315744,up_in_CKD,0.05444076591788647,0.1606073885287963,0.8735013939759821,1.0,0.25087260034904013,0.2545824847250509,-0.0037098843760107747,14,18,True,-0.0
immune cells,TCAIM,0.0551840005342461,0.05058938489662849,0.004594615637617615,up_in_CKD,0.20472893267244163,0.626976217271739,0.5364729412024436,1.0,0.03723094822571262,0.04073319755600815,-0.003502249330295526,14,18,True,-0.0
immune cells,TCEA1,0.32741859334608214,0.3252076803967648,0.0022109129493173563,up_in_CKD,0.03352621897998958,0.09683562950821946,0.9235016388148368,1.0,0.1950261780104712,0.21792260692464357,-0.022896428914172373,14,18,True,-0.0
immune cells,TCEAL1,0.039052458515823375,0.035503602552315376,0.003548855963507999,up_in_CKD,0.13920321173561045,0.4153194590780093,0.6810336797078372,1.0,0.030541012216404886,0.024439918533604887,0.006101093682799999,14,18,True,-0.0
immune cells,TCEAL4,0.1470010579586629,0.1429955195111898,0.004005538447473089,up_in_CKD,0.06235785362207998,0.18232317981900303,0.8565612621974024,1.0,0.09453170447934846,0.09911744738628649,-0.0045857429069380284,14,18,True,-0.0
immune cells,TCOF1,0.06497981485705627,0.055862242108664514,0.009117572748391756,up_in_CKD,0.24177606581523622,0.7385378705687143,0.4670797116941514,1.0,0.04086678301337987,0.03394433129667346,0.006922451716706413,14,18,True,-0.0
immune cells,TCTA,0.060455240527714955,0.05824762052030081,0.002207620007414146,up_in_CKD,0.06470527297797875,0.1811144460569395,0.857591051670117,1.0,0.04057591623036649,0.034623217922606926,0.005952698307759567,14,18,True,-0.0
immune cells,TDP2,0.08829279576756165,0.08082095624323676,0.007471839524324883,up_in_CKD,0.15722483141540322,0.48849017182242016,0.6300555177916857,1.0,0.055264688772542175,0.04955872369314324,0.005705965079398932,14,18,True,-0.0
immune cells,TECPR1,0.05141897349333073,0.046585138852665596,0.004833834640665134,up_in_CKD,0.14459097430751897,0.4451479917069117,0.6602734822341463,1.0,0.03461314717859221,0.03598099117447386,-0.0013678439958816555,14,18,True,-0.0
immune cells,TET2,0.1455988030304718,0.14152704077912778,0.004071762251344008,up_in_CKD,0.06806621667971727,0.19770970029730553,0.8446060152885522,1.0,0.09089586969168122,0.1079429735234216,-0.01704710383174038,14,18,True,-0.0
immune cells,TEX264,0.2463780411680048,0.24399603639258638,0.002382004775418417,up_in_CKD,0.029190264342225786,0.08631573735011931,0.93180422999911,1.0,0.15008726003490402,0.15478615071283094,-0.00469889067792692,14,18,True,-0.0
immune cells,TFAM,0.1330827487002971,0.12993045500703224,0.0031522936932648626,up_in_CKD,0.05449726926185759,0.1612907971430523,0.8729771874207781,1.0,0.08566026759744037,0.09504412763068568,-0.009383860033245303,14,18,True,-0.0
immune cells,TFCP2,0.04692254505599764,0.04322061188028502,0.0037019331757126225,up_in_CKD,0.13471709260774192,0.4067947055581505,0.687390805794343,1.0,0.03155904595695171,0.03326544467073999,-0.0017063987137882763,14,18,True,-0.0
immune cells,TFDP1,0.10029888585449957,0.09541524492634838,0.0048836409281511894,up_in_CKD,0.1507100227725849,0.43864670211764156,0.664063301986127,1.0,0.06311809191390343,0.06653088934147998,-0.0034127974275765527,14,18,True,-0.0
immune cells,TFEC,0.11791413126257703,0.1006257294945878,0.017288401767989237,up_in_CKD,0.26120217326178924,0.7482953986787718,0.46016466854030696,1.0,0.0737347294938918,0.06109979633401222,0.012634933159879583,14,18,True,-0.0
immune cells,TFPT,0.09646976668419928,0.0938978831877354,0.002571883496463881,up_in_CKD,0.06542355018333536,0.19173419155425572,0.8492522134400414,1.0,0.07315299592786503,0.0658520027155465,0.0073009932123185295,14,18,True,-0.0
immune cells,TGDS,0.0458470530711873,0.04426569452723558,0.001581358543951715,up_in_CKD,0.05740563753860498,0.17925063982822986,0.8594594348001222,1.0,0.029959278650378125,0.031228784792939578,-0.0012695061425614523,14,18,True,-0.0
immune cells,TGFBR3,0.05349016932107659,0.04807872319959768,0.005411446121478911,up_in_CKD,0.1291891035257788,0.35458154250354756,0.7258342985479255,1.0,0.031268179173938336,0.027155465037338764,0.004112714136599572,14,18,True,-0.0
immune cells,TGIF2,0.04632125847000836,0.04487183568082059,0.0014494227891877695,up_in_CKD,0.06592514430033372,0.2021791214771089,0.8414626235531825,1.0,0.03155904595695171,0.03326544467073999,-0.0017063987137882763,14,18,True,-0.0
immune cells,THAP2,0.044444257443012995,0.037361609861798185,0.00708264758121481,up_in_CKD,0.2537143713008101,0.7244174688704458,0.47450902233591236,1.0,0.024869109947643978,0.03054989816700611,-0.005680788219362132,14,18,True,-0.0
immune cells,THAP6,0.09328167407108687,0.08639316152766482,0.006888512543422043,up_in_CKD,0.14515697061096458,0.43341321460849197,0.6680035845284403,1.0,0.05511925538103549,0.05974202308214528,-0.004622767701109795,14,18,True,-0.0
immune cells,THAP7,0.13759481926124537,0.1351490431381342,0.0024457761231111708,up_in_CKD,0.0510717643868862,0.1394588394470713,0.8902200409298435,1.0,0.08755090168702734,0.09029192124915139,-0.002741019562124053,14,18,True,-0.0
immune cells,THOC2,0.20499529594896962,0.19937113388554456,0.005624162063425059,up_in_CKD,0.07797430907713605,0.23276287921024996,0.8176207977647162,1.0,0.12536358347876672,0.13034623217922606,-0.004982648700459336,14,18,True,-0.0
immune cells,THUMPD1,0.19116099046822183,0.17673607876207217,0.014424911706149651,up_in_CKD,0.2675057638494002,0.7590693891420802,0.45391295550799937,1.0,0.12187318208260617,0.13238289205702647,-0.0105097099744203,14,18,True,-0.0
immune cells,THUMPD2,0.056531236953648,0.05265814041307102,0.0038730965405769785,up_in_CKD,0.10564105234922491,0.32141691418205254,0.7505031708872985,1.0,0.03853984874927283,0.042090970807875085,-0.003551122058602252,14,18,True,-0.0
immune cells,THYN1,0.1605220076663059,0.1509177080814359,0.009604299584869996,up_in_CKD,0.21898452065285873,0.6427004324534884,0.5253489568557208,1.0,0.10747527632344386,0.12016293279022404,-0.012687656466780176,14,18,True,-0.0
immune cells,TIGAR,0.05868478762535848,0.04926035189203415,0.009424435733324334,up_in_CKD,0.1913663585999706,0.5692880123921109,0.5735940442063118,1.0,0.04377545084351367,0.027155465037338764,0.016619985806174905,14,18,True,-0.0
immune cells,TIGIT,0.10089969620370445,0.08567758170086934,0.015222114502835116,up_in_CKD,0.23670407755790515,0.676683456347728,0.5038598714454687,1.0,0.052646887725421754,0.058384249830278345,-0.0057373621048565915,14,18,True,-0.0
immune cells,TIMM17A,0.10249043059378492,0.09447272320095436,0.008017707392830559,up_in_CKD,0.20833294864654148,0.629489406620043,0.5343798840907832,1.0,0.06762652705061083,0.07671418873048201,-0.009087661679871184,14,18,True,-0.0
immune cells,TIMM23,0.054311202216796035,0.05117936508160022,0.0031318371351958182,up_in_CKD,0.13438631018948968,0.39546391294658284,0.6953405300495816,1.0,0.03519488074461896,0.035302104548540394,-0.00010722380392143294,14,18,True,-0.0
immune cells,TIMP1,0.598647654974856,0.5890212058166744,0.00962644915818156,up_in_CKD,0.05396352376144231,0.15089885545578818,0.881148861249676,1.0,0.3065735892961024,0.2756279701289885,0.030945619167113914,14,18,True,-0.0
immune cells,TIPRL,0.14355909830134952,0.14246450292251953,0.001094595378829999,up_in_CKD,0.01902825270059806,0.057303252552563064,0.9547228783426548,1.0,0.09147760325770797,0.10319076714188731,-0.01171316388417934,14,18,True,-0.0
immune cells,TM7SF3,0.07491750883117378,0.06671088310861914,0.008206625722554636,up_in_CKD,0.1844152516128824,0.5563620499470183,0.5825590633943463,1.0,0.054537521815008726,0.04752206381534284,0.0070154579996658875,14,18,True,-0.0
immune cells,TM9SF4,0.07257208442445816,0.07127195631564293,0.0013001281088152322,up_in_CKD,0.035282150214827376,0.10696823737355288,0.9156298209175862,1.0,0.051047120418848166,0.05023761031907671,0.0008095100997714544,14,18,True,-0.0
immune cells,TMBIM1,0.07640797346987606,0.07636702741887383,4.0946051002230255e-05,up_in_CKD,0.0008867079144547719,0.0027688712375392,0.997816911216408,1.0,0.050465386852821405,0.04684317718940937,0.003622209663412035,14,18,True,-0.0
immune cells,TMC8,0.1897648053573873,0.17001204081415516,0.019752764543232132,up_in_CKD,0.288022424957799,0.7666397433893744,0.45176544684550063,1.0,0.11503781268179174,0.10319076714188731,0.011847045539904427,14,18,True,-0.0
immune cells,TMCO1,0.383175816367529,0.36564011585388667,0.01753570051364234,up_in_CKD,0.2169918809703943,0.6341096780895317,0.5308345572369102,1.0,0.23371146015125072,0.24779361846571624,-0.01408215831446552,14,18,True,-0.0
immune cells,TMEM101,0.09678837528052432,0.09482909332750167,0.001959281953022654,up_in_CKD,0.05323575612292713,0.15263588413348247,0.8797159950230846,1.0,0.06442699243746364,0.07671418873048201,-0.012287196293018374,14,18,True,-0.0
immune cells,TMEM107,0.14967717153434368,0.14906265831557208,0.0006145132187715951,up_in_CKD,0.00938681163156044,0.028647099065749217,0.9773726024133789,1.0,0.10005817335660268,0.09708078750848609,0.00297738584811659,14,18,True,-0.0
immune cells,TMEM115,0.07175601245310197,0.07074609683926872,0.0010099156138332482,up_in_CKD,0.026732468551364946,0.08263280786660232,0.9348632102418309,1.0,0.04537521815008726,0.04752206381534284,-0.002146845665255581,14,18,True,-0.0
immune cells,TMEM131,0.10479086639120096,0.09914839280609877,0.005642473585102184,up_in_CKD,0.09224592989201943,0.28069834368843566,0.7811989589391585,1.0,0.06428155904595695,0.06381534283774609,0.00046621620821085674,14,18,True,-0.0
immune cells,TMEM131L,0.06307082482191514,0.05145921443006876,0.011611610391846383,up_in_CKD,0.21035097523390361,0.618903057250174,0.5407197859161643,1.0,0.039848749272833044,0.027155465037338764,0.01269328423549428,14,18,True,-0.0
immune cells,TMEM138,0.06102585395449792,0.06062811777697466,0.0003977361775232627,up_in_CKD,0.012685798311007662,0.03827606864332869,0.9697501851887217,1.0,0.039848749272833044,0.041412084181941616,-0.0015633349091085727,14,18,True,-0.0
immune cells,TMEM150A,0.04755482542978667,0.04663148190907119,0.0009233435207154778,up_in_CKD,0.020951968468804188,0.06360622775162303,0.9497708991620709,1.0,0.034176847004072135,0.027834351663272233,0.006342495340799902,14,18,True,-0.0
immune cells,TMEM170B,0.04861629985089079,0.04203899443532526,0.006577305415565532,up_in_CKD,0.27175650114857436,0.7551581122117373,0.45669982566661005,1.0,0.029668411867364748,0.034623217922606926,-0.004954806055242178,14,18,True,-0.0
immune cells,TMEM175,0.1006494977933337,0.0974194287754368,0.0032300690178968944,up_in_CKD,0.08776437008046302,0.26369390408551613,0.7939822633933004,1.0,0.06486329261198372,0.06924643584521385,-0.004383143233230136,14,18,True,-0.0
immune cells,TMEM208,0.269089493107118,0.26450865071570273,0.004580842391415263,up_in_CKD,0.07084595108633994,0.19955734537653555,0.8432452248995033,1.0,0.17044793484584062,0.1846571622539036,-0.014209227408062991,14,18,True,-0.0
immune cells,TMEM222,0.08277906279320099,0.07899166383722361,0.003787398955977378,up_in_CKD,0.08478365550696192,0.253536651017557,0.801699834712232,1.0,0.053810354857475276,0.054989816700611,-0.0011794618431357207,14,18,True,-0.0
immune cells,TMEM50A,0.5314051155742002,0.5313084242297559,9.669134444434402e-05,up_in_CKD,0.0012253889369632574,0.0037373408830025257,0.9970474614863709,1.0,0.3183536940081443,0.3367277664630007,-0.018374072454856394,14,18,True,-0.0
immune cells,TMEM87B,0.07415450184969094,0.0690319437620967,0.005122558087594237,up_in_CKD,0.11415837404666782,0.3476897354437603,0.7309336514075383,1.0,0.04842931937172775,0.04684317718940937,0.0015861421823183813,14,18,True,-0.0
immune cells,TMEM8A,0.08320082734273859,0.0774612476034919,0.005739579739246686,up_in_CKD,0.1596925904357276,0.48765823465060615,0.6300418338110138,1.0,0.056137289121582314,0.05227427019687712,0.00386301892470519,14,18,True,-0.0
immune cells,TMEM9,0.06753662285452317,0.05828958047542226,0.009247042379100907,up_in_CKD,0.2316758861107877,0.6518371496909611,0.5197545743185139,1.0,0.04508435136707388,0.042090970807875085,0.0029933805591987953,14,18,True,-0.0
immune cells,TMOD3,0.19261898255137158,0.18065336528679754,0.011965617264574041,up_in_CKD,0.21770426794272635,0.635178683566078,0.530139429040666,1.0,0.12463641652123328,0.11676849966055669,0.007867916860676588,14,18,True,-0.0
immune cells,TMUB2,0.11536339119974455,0.10384219595628415,0.011521195243460403,up_in_CKD,0.1948373129187906,0.6078958365191172,0.5497310926380092,1.0,0.08042466550319953,0.07331975560081466,0.007104909902384868,14,18,True,-0.0
immune cells,TNFRSF14,0.32018612156022036,0.31528584353072425,0.004900278029496108,up_in_CKD,0.05884707269307489,0.1628417509736,0.8718812295379088,1.0,0.19342641070389763,0.20977596741344195,-0.016349556709544327,14,18,True,-0.0
immune cells,TNFRSF18,0.07965447007303086,0.07800725098918056,0.001647219083850307,up_in_CKD,0.02403871108330948,0.07072082680565803,0.9440960414036795,1.0,0.04203025014543339,0.04752206381534284,-0.0054918136699094455,14,18,True,-0.0
immune cells,TNKS2,0.14148545783994051,0.12995749903780557,0.011527958802134947,up_in_CKD,0.1895122263875408,0.5538657047108312,0.5837930004549207,1.0,0.08609656777196044,0.09368635437881874,-0.007589786606858301,14,18,True,-0.0
immune cells,TNRC6B,0.36148664678943104,0.3551722365226378,0.006314410266793247,up_in_CKD,0.07596600599525095,0.2285643216689645,0.8209108961173156,1.0,0.21189645142524724,0.2240325865580448,-0.01213613513279757,14,18,True,-0.0
immune cells,TOMM40,0.09523334943647925,0.0914369568570435,0.003796392579435745,up_in_CKD,0.06616923793570356,0.20087279644646774,0.8423629608398117,1.0,0.0591913903432228,0.06177868295994569,-0.002587292616722886,14,18,True,-0.0
immune cells,TOMM70,0.054568931410010936,0.05034867718417007,0.0042202542258408665,up_in_CKD,0.0782020975837776,0.2371425037447668,0.8143947566994774,1.0,0.03664921465968586,0.02308214528173795,0.01356706937794791,14,18,True,-0.0
immune cells,TOP2B,0.1898092660602851,0.18277463290281745,0.007034633157467635,up_in_CKD,0.11277637122703006,0.34297525204493146,0.734408796048178,1.0,0.11649214659685864,0.1208418194161575,-0.004349672819298864,14,18,True,-0.0
immune cells,TOR1AIP1,0.15891585183512383,0.14718827220802616,0.011727579627097667,up_in_CKD,0.16295937944536276,0.48961987995338235,0.6282869093699017,1.0,0.09554973821989529,0.08689748811948404,0.008652250100411249,14,18,True,-0.0
immune cells,TOR3A,0.08818230551967977,0.08375428225770531,0.004428023261974459,up_in_CKD,0.12892807239616208,0.3843494283185348,0.7035774677117088,1.0,0.060063990692262946,0.06788866259334692,-0.00782467190108397,14,18,True,-0.0
immune cells,TP53BP1,0.04714331443728277,0.0392859998709977,0.007857314566285072,up_in_CKD,0.15411979832574157,0.48078366468246786,0.6356014042764697,1.0,0.031413612565445025,0.020366598778004074,0.01104701378744095,14,18,True,-0.0
immune cells,TP53TG1,0.12969329579672426,0.11732304671200465,0.012370249084719606,up_in_CKD,0.24683416981867554,0.7317437302876765,0.4701964566208185,1.0,0.08376963350785341,0.08078750848608282,0.0029821250217705875,14,18,True,-0.0
immune cells,TPCN1,0.060951788050719616,0.05147082987658429,0.009480958174135329,up_in_CKD,0.2474889550039908,0.7432641420241157,0.463612858578365,1.0,0.04101221640488656,0.038696537678207736,0.002315678726678823,14,18,True,-0.0
immune cells,TPD52,0.11217480779651265,0.10200073985069069,0.010174067945821957,up_in_CKD,0.19543367484294197,0.5675834522098833,0.5745419117595056,1.0,0.06980802792321117,0.07807196198234895,-0.008263934059137779,14,18,True,-0.0
immune cells,TPGS2,0.09717194990702512,0.09125209982343899,0.005919850083586128,up_in_CKD,0.14383716337913263,0.4194738627572656,0.677865093268503,1.0,0.06631762652705062,0.06381534283774609,0.002502283689304524,14,18,True,-0.0
immune cells,TPK1,0.049488704558511246,0.04546054318675656,0.004028161371754685,up_in_CKD,0.13873263540293532,0.4208103819680684,0.6773384178641266,1.0,0.03461314717859221,0.03326544467073999,0.0013477025078522178,14,18,True,-0.0
immune cells,TRAF3,0.05478052371362747,0.04776658323907543,0.00701394047455204,up_in_CKD,0.11914427369760694,0.3733006264728731,0.7127807298244659,1.0,0.039703315881326355,0.028513238289205704,0.01119007759212065,14,18,True,-0.0
immune cells,TRAF7,0.05895721786933961,0.05227605676189177,0.00668116110744784,up_in_CKD,0.20609125916290819,0.6379527875795244,0.5299189240501878,1.0,0.040430482838859805,0.041412084181941616,-0.0009816013430818116,14,18,True,-0.0
immune cells,TRAK1,0.0500699076613275,0.04301122253269126,0.007058685128636236,up_in_CKD,0.2058373516846142,0.6356724329467355,0.5312602310440276,1.0,0.034758580570098896,0.026476578411405296,0.0082820021586936,14,18,True,-0.0
immune cells,TRAM1,0.4533913544407987,0.4358137321951705,0.0175776222456282,up_in_CKD,0.1655258039067685,0.49546717984479655,0.6241400448700055,1.0,0.26803374054682955,0.2661235573659199,0.0019101831809096304,14,18,True,-0.0
immune cells,TRANK1,0.07675714473576786,0.06505730224399761,0.011699842491770251,up_in_CKD,0.21424634560897368,0.6484908336860086,0.5222627521416114,1.0,0.04537521815008726,0.0373387644263408,0.008036453723746458,14,18,True,-0.0
immune cells,TRAPPC13,0.04073465126616365,0.04028049308185245,0.00045415818431120136,up_in_CKD,0.016523653849588912,0.05070337817404768,0.9599787585273263,1.0,0.030686445607911575,0.03054989816700611,0.00013654744090546567,14,18,True,-0.0
immune cells,TRAPPC6A,0.28337910974072306,0.2732796252601108,0.010099484480612264,up_in_CKD,0.10402499826952506,0.3047581604748088,0.7626697288966926,1.0,0.1864456079115765,0.1955193482688391,-0.009073740357262605,14,18,True,-0.0
immune cells,TRBC1,0.35506806632793714,0.3283188100034837,0.026749256324453463,up_in_CKD,0.09004954757941172,0.259047971203891,0.7973749700798392,1.0,0.16535776614310646,0.12559402579769177,0.03976374034541469,14,18,True,-0.0
immune cells,TRIM23,0.04382012553219111,0.04033261425351575,0.0034875112786753593,up_in_CKD,0.09952521870056769,0.3032621246497021,0.7641638145601299,1.0,0.0289412449098313,0.032586558044806514,-0.0036453131349752158,14,18,True,-0.0
immune cells,TRIM26,0.061783893938971816,0.0563666937148402,0.005417200224131613,up_in_CKD,0.14891750697746686,0.4526166947346499,0.6546111424079514,1.0,0.039848749272833044,0.03665987780040733,0.0031888714724257125,14,18,True,-0.0
immune cells,TRIM4,0.07695455001111239,0.07303895346041545,0.00391559655069694,up_in_CKD,0.0876792077264273,0.265230542276016,0.7928825769578798,1.0,0.04988365328679465,0.05227427019687712,-0.002390616910082473,14,18,True,-0.0
immune cells,TRIM52,0.06551196922066348,0.057434540517369674,0.008077428703293803,up_in_CKD,0.23035803386947762,0.6818187837096369,0.5007370906211493,1.0,0.04450261780104712,0.04005431093007468,0.004448306870972439,14,18,True,-0.0
immune cells,TRIM8,0.1428804831569567,0.13385527168145336,0.009025211475503336,up_in_CKD,0.1479705429568644,0.4483840594629761,0.6575544454547273,1.0,0.09424083769633508,0.07942973523421588,0.014811102462119197,14,18,True,-0.0
immune cells,TRIOBP,0.09489687827817252,0.08542218720862697,0.009474691069545543,up_in_CKD,0.19345394711853364,0.5963082015531449,0.5567054207853913,1.0,0.0636998254799302,0.051595383570943655,0.01210444190898654,14,18,True,-0.0
immune cells,TRIR,0.638417949976427,0.6074372712344647,0.03098067874196231,up_in_CKD,0.06809712576006396,0.200235997445928,0.8426653003794677,1.0,0.36372891215823155,0.27766463000678887,0.08606428215144268,14,18,True,-0.0
immune cells,TRMT13,0.07355976784168504,0.07106098514761262,0.0024987826940724156,up_in_CKD,0.08042080885666619,0.228331341665742,0.8209823553998926,1.0,0.04857475276323444,0.04752206381534284,0.0010526889478916016,14,18,True,-0.0
immune cells,TRNT1,0.0757139793259313,0.06764662983532016,0.008067349490611136,up_in_CKD,0.23105444931953978,0.7020322081056442,0.4889371833767963,1.0,0.04697498545666085,0.04005431093007468,0.006920674526586172,14,18,True,-0.0
immune cells,TRPM7,0.11473801472143137,0.11304752568864769,0.001690489032783682,up_in_CKD,0.02582410563935979,0.07673856433082535,0.9393624985916186,1.0,0.07722513089005235,0.06720977596741344,0.010015354922638914,14,18,True,-0.0
immune cells,TSC22D2,0.06030366794259408,0.05716504204072925,0.003138625901864825,up_in_CKD,0.09322897312432141,0.2659181221530053,0.7921535118861814,1.0,0.04057591623036649,0.04752206381534284,-0.006946147584976345,14,18,True,-0.0
immune cells,TSPO,1.003404973174368,0.9967340885854523,0.0066708845889156265,up_in_CKD,0.0295063241629932,0.08603859713289008,0.9320086055348434,1.0,0.49345549738219896,0.4989816700610998,-0.00552617267890082,14,18,True,-0.0
immune cells,TSR3,0.19020378497037255,0.1869665818126881,0.003237203157684443,up_in_CKD,0.06391694509358034,0.17633812215126157,0.8613920526406815,1.0,0.11765561372891216,0.13509843856076034,-0.017442824831848183,14,18,True,-0.0
immune cells,TSTD1,0.5148885691165105,0.48994289860010504,0.02494567051640545,up_in_CKD,0.1616850545248939,0.4594088714604369,0.6493407142312941,1.0,0.27937754508435136,0.29938900203665986,-0.020011456952308493,14,18,True,-0.0
immune cells,TTC17,0.13368400554368878,0.13261198102340804,0.00107202452028074,up_in_CKD,0.02281853450554875,0.06649892028791053,0.9474225558682111,1.0,0.0795520651541594,0.07807196198234895,0.0014801031718104513,14,18,True,-0.0
immune cells,TTC37,0.1587610993389866,0.15258285245588474,0.006178246883101868,up_in_CKD,0.09103939090694656,0.2731016734540697,0.7868008227135042,1.0,0.09584060500290867,0.10251188051595383,-0.006671275513045166,14,18,True,-0.0
immune cells,TTC9C,0.06642667014342778,0.06538679384664264,0.0010398762967851333,up_in_CKD,0.025625941421698297,0.07836680124958009,0.9381663800691397,1.0,0.04842931937172775,0.04548540393754243,0.002943915434185318,14,18,True,-0.0
immune cells,TULP4,0.08162635627027678,0.07725598597779039,0.004370370292486395,up_in_CKD,0.08419941588346239,0.2595931641988191,0.7974558739595332,1.0,0.049738219895287955,0.041412084181941616,0.008326135713346339,14,18,True,-0.0
immune cells,TVP23B,0.052063213650987684,0.04750151973270359,0.004561693918284093,up_in_CKD,0.15933176858327247,0.47576105500772653,0.6379010088713558,1.0,0.033449680046538685,0.03801765105227427,-0.004567971005735583,14,18,True,-0.0
immune cells,TXLNA,0.0636603221333123,0.0620662129681134,0.0015941091651988995,up_in_CKD,0.06166501932767146,0.18263457739897732,0.8563517603368105,1.0,0.04363001745200698,0.04548540393754243,-0.0018553864855354527,14,18,True,-0.0
immune cells,TXNRD2,0.04948724857349506,0.0442898332369306,0.005197415336564461,up_in_CKD,0.16799954755119184,0.5084024404263943,0.6153838228720419,1.0,0.033449680046538685,0.0373387644263408,-0.0038890843798021144,14,18,True,-0.0
immune cells,TYSND1,0.05963830682419231,0.05643970883972947,0.003198597984462835,up_in_CKD,0.0979733236309455,0.28462605142129227,0.7778866637604338,1.0,0.03781268179173938,0.04005431093007468,-0.0022416291383352965,14,18,True,-0.0
immune cells,TYW3,0.092340057358942,0.08783177744596242,0.004508279912979585,up_in_CKD,0.11224026298383113,0.3300899310789655,0.7436574349063708,1.0,0.0578824898196626,0.06788866259334692,-0.010006172773684319,14,18,True,-0.0
immune cells,U2AF2,0.1204219787557222,0.11798412601905658,0.0024378527366656216,up_in_CKD,0.047087201645778495,0.14000959529898288,0.889629684041064,1.0,0.08027923211169284,0.0746775288526816,0.0056017032590112426,14,18,True,-0.0
immune cells,UBA3,0.09361963308369488,0.0931818623680391,0.00043777071565577474,up_in_CKD,0.008397858981423886,0.026460822658960437,0.9791607448083736,1.0,0.0651541593949971,0.06042090970807875,0.0047332496869183435,14,18,True,-0.0
immune cells,UBAC1,0.11187676315230692,0.11013178704566358,0.0017449761066433422,up_in_CKD,0.04260768017333544,0.12921272864759137,0.8981786850535401,1.0,0.07475276323443862,0.08010862186014936,-0.005355858625710738,14,18,True,-0.0
immune cells,UBE2E2,0.0916743012725083,0.08813753934158532,0.003536761930922977,up_in_CKD,0.062399950615830146,0.18643976246244245,0.8534348819104082,1.0,0.062390924956369984,0.06720977596741344,-0.004818851011043457,14,18,True,-0.0
immune cells,UBE2G1,0.11665544996499624,0.1160885133904374,0.0005669365745588489,up_in_CKD,0.01246238033063399,0.036454731509220906,0.9711625221496282,1.0,0.07984293193717278,0.08825526137135098,-0.008412329434178203,14,18,True,-0.0
immune cells,UBE2Z,0.1536192272695305,0.1427091663843921,0.010910060885138406,up_in_CKD,0.18941384694927416,0.5797711770285021,0.5673422570313607,1.0,0.10020360674810937,0.0943652410047522,0.005838365743357166,14,18,True,-0.0
immune cells,UBE3C,0.06943936191078849,0.0675646968073688,0.001874665103419687,up_in_CKD,0.05047976579011733,0.1538113362602411,0.8789755834067485,1.0,0.04697498545666085,0.05227427019687712,-0.0052992847402162715,14,18,True,-0.0
immune cells,UBE4A,0.09690905976074085,0.09227848332516149,0.004630576435579362,up_in_CKD,0.12117044710131958,0.3385821141595457,0.7374848730090074,1.0,0.07024432809773123,0.07331975560081466,-0.0030754275030834277,14,18,True,-0.0
immune cells,UBN1,0.07944200061317432,0.07879289685287257,0.0006491037603017502,up_in_CKD,0.016699915997689902,0.05032064570582538,0.9602360030599199,1.0,0.04799301919720768,0.05770536320434488,-0.009712344007137198,14,18,True,-0.0
immune cells,UBN2,0.06838726227223087,0.06682197676109844,0.0015652855111324276,up_in_CKD,0.04169158689561568,0.1258417646088869,0.9007948313369867,1.0,0.04610238510762071,0.03937542430414121,0.006726960803479495,14,18,True,-0.0
immune cells,UBR3,0.06221372905717957,0.061055311325590673,0.0011584177315888955,up_in_CKD,0.03786999950182234,0.11355362127893585,0.9104089923510594,1.0,0.04013961605584642,0.041412084181941616,-0.0012724681260951956,14,18,True,-0.0
immune cells,UBXN2B,0.07337042888833457,0.06901031182655705,0.004360117061777524,up_in_CKD,0.11428896954581505,0.34350717753377547,0.733834463173791,1.0,0.04784758580570099,0.06653088934147998,-0.01868330353577899,14,18,True,-0.0
immune cells,UFD1,0.12670913717473284,0.12017052242367271,0.006538614751060129,up_in_CKD,0.056949105462638795,0.16929899783113134,0.8667474332251064,1.0,0.0882780686445608,0.06177868295994569,0.026499385684615108,14,18,True,-0.0
immune cells,UFL1,0.13738242907163403,0.13476304321494903,0.0026193858566850026,up_in_CKD,0.04672432251739381,0.14341645692838867,0.8871532596186275,1.0,0.08856893542757417,0.09164969450101833,-0.003080759073444156,14,18,True,-0.0
immune cells,UHMK1,0.2340613885845372,0.21903578135074825,0.015025607233788957,up_in_CKD,0.18817783996091442,0.5407345149822371,0.5927049499356832,1.0,0.14674229203025013,0.13441955193482688,0.012322740095423251,14,18,True,-0.0
immune cells,UHRF2,0.07515573530694605,0.07206789126961242,0.0030878440373336286,up_in_CKD,0.07618242856905026,0.22543012751685074,0.8232170661260625,1.0,0.04988365328679465,0.05091649694501019,-0.0010328436582155362,14,18,True,-0.0
immune cells,UPF1,0.10463230130977834,0.09530837226021796,0.009323929049560378,up_in_CKD,0.22354672883999047,0.6575236806258676,0.5159277315827064,1.0,0.06428155904595695,0.06381534283774609,0.00046621620821085674,14,18,True,-0.0
immune cells,UQCR11,0.9218059056881114,0.7728622799747793,0.14894362571333208,up_in_CKD,0.2472511250428932,0.7135810643632086,0.48100945281579355,1.0,0.4895287958115183,0.3428377460964019,0.14669104971511643,14,18,True,-0.0
immune cells,USP1,0.11085354819755222,0.10288298995388671,0.007970558243665507,up_in_CKD,0.20235388799566012,0.5972923440617419,0.5548920257774302,1.0,0.07053519488074463,0.07535641547861507,-0.004821220597870449,14,18,True,-0.0
immune cells,USP12,0.0881331508015284,0.07961462220799724,0.008518528593531166,up_in_CKD,0.14461927857165313,0.4513120664209538,0.6563681429384974,1.0,0.05570098894706225,0.05023761031907671,0.0054633786279855365,14,18,True,-0.0
immune cells,USP24,0.09580019621799918,0.09392897676206345,0.001871219455935727,up_in_CKD,0.035782019916220334,0.10481950212693167,0.9172216423003001,1.0,0.06137289121582315,0.05974202308214528,0.001630868133677868,14,18,True,-0.0
immune cells,USP3,0.20572015410649896,0.19973728542540936,0.005982868681089604,up_in_CKD,0.07013667805921446,0.20266421415145905,0.8407668638349817,1.0,0.1212914485165794,0.1364562118126273,-0.015164763296047892,14,18,True,-0.0
immune cells,USP5,0.049809870176300224,0.045162068352734175,0.004647801823566049,up_in_CKD,0.16466576220798604,0.5018108374525989,0.6201325245350435,1.0,0.034904013961605584,0.03394433129667346,0.0009596826649321266,14,18,True,-0.0
immune cells,USP7,0.12480100047584142,0.1189716453934367,0.005829355082404716,up_in_CKD,0.10527229877789251,0.31876842328199545,0.7524135028358583,1.0,0.07446189645142524,0.07671418873048201,-0.0022522922790567668,14,18,True,-0.0
immune cells,UTP3,0.07994918761346452,0.0799399375591379,9.250054326614965e-06,up_in_CKD,0.0002261883818011975,0.0006891633776670253,0.9994555167159425,1.0,0.0535194880744619,0.05363204344874406,-0.00011255537428216111,14,18,True,-0.0
immune cells,UVSSA,0.051143253510430205,0.04625400483957597,0.004889248670854232,up_in_CKD,0.17491494161084903,0.5152279271181762,0.6102338032306097,1.0,0.029377545084351368,0.0373387644263408,-0.007961219341989432,14,18,True,-0.0
immune cells,VAMP3,0.1649292086776031,0.15429257646661526,0.010636632210987845,up_in_CKD,0.196498784701741,0.5965913953443802,0.5559494429880874,1.0,0.10514834205933682,0.10658520027155464,-0.0014368582122178258,14,18,True,-0.0
immune cells,VARS,0.04475998520968188,0.038896793085996334,0.005863192123685544,up_in_CKD,0.18799278730130758,0.5725698829772832,0.5719624573840256,1.0,0.03446771378708551,0.027155465037338764,0.007312248749746748,14,18,True,-0.0
immune cells,VBP1,0.15467617496758843,0.14597345995350752,0.008702715014080903,up_in_CKD,0.1285269634900171,0.37347080431991975,0.7114250799144564,1.0,0.11082024432809773,0.11133740665308893,-0.0005171623249912022,14,18,True,-0.0
immune cells,VCAN,0.16428830647325024,0.14964861174615,0.01463969472710025,up_in_CKD,0.12461124252144566,0.3542469836765041,0.7256946462558245,1.0,0.0810063990692263,0.07128309572301425,0.009723303346212048,14,18,True,-0.0
immune cells,VCP,0.19904561992317946,0.1952142586101562,0.0038313613130232516,up_in_CKD,0.06101937972372979,0.18649324490683045,0.8535718897906107,1.0,0.1273996509598604,0.13781398506449424,-0.010414334104633854,14,18,True,-0.0
immune cells,VCPIP1,0.10914127999594116,0.1030007332866853,0.006140546709255859,up_in_CKD,0.08781680769008286,0.26509389619574103,0.7929630881952235,1.0,0.06617219313554393,0.06109979633401222,0.005072396801531709,14,18,True,-0.0
immune cells,VEGFB,0.2555432855827276,0.23524779616769395,0.020295489415033646,up_in_CKD,0.22543650031160845,0.6472754270713919,0.5224080066719126,1.0,0.15546829552065153,0.16089613034623218,-0.005427834825580652,14,18,True,-0.0
immune cells,VPS13A,0.1196164944083394,0.11810705388306267,0.0015094405252767257,up_in_CKD,0.03243679190506538,0.09495030145628798,0.9249895183447167,1.0,0.07257126236183828,0.07331975560081466,-0.0007484932389763832,14,18,True,-0.0
immune cells,VPS13C,0.4068568788862884,0.3853706683506373,0.021486210535651085,up_in_CKD,0.17575004962764956,0.4958540230445852,0.623783162686585,1.0,0.235456660849331,0.23828920570264767,-0.0028325448533166597,14,18,True,-0.0
immune cells,VPS45,0.06967712461572549,0.061286050121079766,0.008391074494645726,up_in_CKD,0.23514503571753767,0.7123477984825225,0.48252194004183036,1.0,0.04741128563118092,0.04412763068567549,0.003283654945505428,14,18,True,-0.0
immune cells,VPS51,0.13514241910583183,0.1286046880495349,0.00653773105629693,up_in_CKD,0.12658859774245496,0.377566373938166,0.7085604305740705,1.0,0.0897324025596277,0.09640190088255261,-0.006669498322924919,14,18,True,-0.0
immune cells,VPS72,0.08517258935461587,0.08274366675609801,0.0024289225985178603,up_in_CKD,0.05840165621220093,0.1740473535801094,0.8630593693194527,1.0,0.05148342059336824,0.05770536320434488,-0.0062219426109766385,14,18,True,-0.0
immune cells,VTA1,0.07568671399042029,0.06815108197050729,0.007535632019913002,up_in_CKD,0.19672705293963458,0.6118332651153469,0.546996992663147,1.0,0.04610238510762071,0.05363204344874406,-0.007529658341123353,14,18,True,-0.0
immune cells,WASHC1,0.060613837713437965,0.052187009339378435,0.00842682837405953,up_in_CKD,0.170326353535296,0.4902139233736611,0.6275620449344977,1.0,0.04013961605584642,0.029192124915139173,0.010947491140707248,14,18,True,-0.0
immune cells,WASHC3,0.14746497970787262,0.13355694721193911,0.013908032495933503,up_in_CKD,0.12161186106355908,0.3516031403889287,0.7275950054986242,1.0,0.09656777196044211,0.0746775288526816,0.021890243107760513,14,18,True,-0.0
immune cells,WDR26,0.14840756687629172,0.14386299961497134,0.004544567261320381,up_in_CKD,0.08009540301695102,0.2265238489544863,0.8223917813161601,1.0,0.08929610238510761,0.0923285811269518,-0.0030324787418441884,14,18,True,-0.0
immune cells,WDR46,0.10119850096780243,0.09433907802756855,0.006859422940233881,up_in_CKD,0.18066159046068186,0.5471735170246871,0.5888671140364937,1.0,0.06835369400814427,0.06720977596741344,0.0011439180407308291,14,18,True,-0.0
immune cells,WDR55,0.060283794573942624,0.057217486168294175,0.003066308405648449,up_in_CKD,0.10243451158558137,0.3037267731059416,0.7635055343210344,1.0,0.039121582315299594,0.04480651731160896,-0.005684934996309364,14,18,True,-0.0
immune cells,WDR75,0.072561734697152,0.07226893866484946,0.00029279603230254747,up_in_CKD,0.004369430673109446,0.013848833699335173,0.9891003788240678,1.0,0.048283885980221056,0.04412763068567549,0.004156255294545566,14,18,True,-0.0
immune cells,WDR82,0.18707601149606506,0.1823753153761708,0.004700696119894265,up_in_CKD,0.07916607920415653,0.23998961659563867,0.8122066074828312,1.0,0.12100058173356602,0.12152070604209098,-0.0005201243085249524,14,18,True,-0.0
immune cells,WIPF1,0.3508158025404101,0.3477111135074082,0.0031046890330019283,up_in_CKD,0.0303099852466944,0.09174551724354565,0.9275921965972814,1.0,0.21378708551483422,0.23421588594704684,-0.020428800432212624,14,18,True,-0.0
immune cells,WIPF2,0.06749982285334388,0.06434918980804503,0.003150633045298848,up_in_CKD,0.08121445298528471,0.24882723985178004,0.8055745233319135,1.0,0.04537521815008726,0.04073319755600815,0.004642020594079109,14,18,True,-0.0
immune cells,WNK1,0.2940417054519702,0.28958239740156105,0.004459308050409172,up_in_CKD,0.03676420150155377,0.0975925067404442,0.9231902093854042,1.0,0.16463059918557302,0.1690427698574338,-0.004412170671860782,14,18,True,-0.0
immune cells,WSB1,0.6116456683129662,0.6042962540338384,0.0073494142791278305,up_in_CKD,0.04258294088048485,0.11756159218611154,0.9073137034658653,1.0,0.314717859220477,0.35098438560760353,-0.03626652638712652,14,18,True,-0.0
immune cells,XAB2,0.054010219239712005,0.04715474642760374,0.006855472812108264,up_in_CKD,0.231320638213155,0.6975684467527743,0.49141468956157985,1.0,0.037667248400232695,0.032586558044806514,0.00508069035542618,14,18,True,-0.0
immune cells,XIST,0.5894765318517056,0.5120172068553239,0.07745932499638164,up_in_CKD,0.18752021431884178,0.5256048784019494,0.6033059846489018,1.0,0.35238510762070974,0.31160896130346233,0.04077614631724741,14,18,True,-0.0
immune cells,XPO1,0.20589839779973687,0.19776521769570563,0.008133180104031246,up_in_CKD,0.10387621245095602,0.30549051083890477,0.7621311398536327,1.0,0.13278068644560792,0.12287847929395791,0.009902207151650008,14,18,True,-0.0
immune cells,XPO6,0.09425236846533684,0.09332913120860642,0.000923237256730422,up_in_CKD,0.027865865535893788,0.08016492529063025,0.9366407096806943,1.0,0.0621000581733566,0.0726408689748812,-0.010540810801524601,14,18,True,-0.0
immune cells,XPO7,0.03881906689340146,0.037472365743503364,0.0013467011498980996,up_in_CKD,0.06469987423796267,0.2022560339512665,0.8416828024733621,1.0,0.02545084351367074,0.031228784792939578,-0.005777941279268839,14,18,True,-0.0
immune cells,XRCC4,0.07703049432070272,0.07089227985486875,0.006138214465833972,up_in_CKD,0.17874989933851793,0.5237206973731058,0.6043486781329577,1.0,0.052501454333915065,0.05431093007467753,-0.0018094757407624631,14,18,True,-0.0
immune cells,YARS,0.04775417762413894,0.04577824867081546,0.0019759289533234775,up_in_CKD,0.05161817470284926,0.1588279768897943,0.8751516347224754,1.0,0.03155904595695171,0.029192124915139173,0.0023669210418125405,14,18,True,-0.0
immune cells,YIF1A,0.17613135917738654,0.1669825966274973,0.00914876254988925,up_in_CKD,0.17838367470744362,0.5317106331225163,0.5990520776818347,1.0,0.12041884816753927,0.11948404616429056,0.0009348020032487053,14,18,True,-0.0
immune cells,YIPF1,0.04481986778715217,0.04219000711417742,0.00262986067297475,up_in_CKD,0.09813178553724543,0.30336293692248756,0.7643604997724343,1.0,0.030977312390924956,0.038696537678207736,-0.007719225287282781,14,18,True,-0.0
immune cells,YWHAZ,0.8117776870292107,0.7738498956298394,0.0379277913993713,up_in_CKD,0.1942111168675283,0.5248759593835018,0.6046412463437454,1.0,0.4309191390343223,0.451459606245757,-0.02054046721143471,14,18,True,-0.0
immune cells,ZADH2,0.06577141337762013,0.059032342489736385,0.0067390708878837455,up_in_CKD,0.21107599411436348,0.6248369780506472,0.5369422982177475,1.0,0.03999418266433973,0.04005431093007468,-6.0128265734947506e-05,14,18,True,-0.0
immune cells,ZBP1,0.05625433547896015,0.0493343745266032,0.006919960952356953,up_in_CKD,0.18218373537812196,0.5361491427685224,0.5958683237049421,1.0,0.03301337987201861,0.03801765105227427,-0.005004271180255655,14,18,True,-0.0
immune cells,ZBTB1,0.14508975002431088,0.141975078962841,0.0031146710614698703,up_in_CKD,0.04936158553740266,0.14523041866476552,0.8855144438431694,1.0,0.08653286794648052,0.10386965376782077,-0.017336785821340253,14,18,True,-0.0
immune cells,ZBTB14,0.060030910563967796,0.056741801184393675,0.0032891093795741205,up_in_CKD,0.09088163088754965,0.27464682038132915,0.7857039409203459,1.0,0.036358347876672484,0.0373387644263408,-0.0009804165496683157,14,18,True,-0.0
immune cells,ZBTB33,0.04522959305147737,0.0379092492462458,0.007320343805231569,up_in_CKD,0.17596242789989183,0.5462624058572559,0.590367653686831,1.0,0.030104712041884817,0.02308214528173795,0.0070225667601468665,14,18,True,-0.0
immune cells,ZBTB37,0.058883959835950385,0.05884159470133567,4.236513461471775e-05,up_in_CKD,0.0012388959885722038,0.00371429143529334,0.9970629792784387,1.0,0.03606748109365911,0.03394433129667346,0.002123149796985649,14,18,True,-0.0
immune cells,ZBTB43,0.06352749970017922,0.05643777988792304,0.00708971981225618,up_in_CKD,0.24934339653845158,0.7558728661609907,0.45646979760196116,1.0,0.03737638161721931,0.04005431093007468,-0.002677929312855369,14,18,True,-0.0
immune cells,ZBTB48,0.05942797536790095,0.057004198683650795,0.002423776684250152,up_in_CKD,0.06722576948361021,0.19976649884352898,0.8430679202839829,1.0,0.03926701570680628,0.04073319755600815,-0.0014661818492018655,14,18,True,-0.0
immune cells,ZC3H14,0.0639646279847599,0.059760809510648154,0.004203818474111741,up_in_CKD,0.15637995844561406,0.45688113850239465,0.6510601633729142,1.0,0.04552065154159395,0.04684317718940937,-0.0013225256478154174,14,18,True,-0.0
immune cells,ZC3H4,0.11074105227160723,0.09768959303687316,0.013051459234734067,up_in_CKD,0.24362722237810164,0.7079891620547757,0.48441843807845403,1.0,0.07009889470622455,0.06788866259334692,0.0022102321128776303,14,18,True,-0.0
immune cells,ZCCHC3,0.05426058393641532,0.05406358854766383,0.0001969953887514947,up_in_CKD,0.005611586858808646,0.017556857226550367,0.9861610199277452,1.0,0.03519488074461896,0.034623217922606926,0.0005716628220120354,14,18,True,-0.0
immune cells,ZCCHC8,0.05844107440644581,0.052261951241062504,0.006179123165383306,up_in_CKD,0.15898029696062674,0.4751243804238269,0.6383621578877865,1.0,0.04101221640488656,0.031228784792939578,0.009783431611946981,14,18,True,-0.0
immune cells,ZDHHC12,0.14246503391889775,0.13755171046201123,0.004913323456886526,up_in_CKD,0.08731944412123384,0.26892482487149333,0.7903335008808351,1.0,0.09336823734729494,0.09775967413441955,-0.004391436787124614,14,18,True,-0.0
immune cells,ZDHHC2,0.1567460397184422,0.14653003817255106,0.01021600154589114,up_in_CKD,0.14570175801432064,0.44867271142521936,0.6577720781376889,1.0,0.10413030831879,0.10386965376782077,0.00026065455096922763,14,18,True,-0.0
immune cells,ZDHHC20,0.12430926541874712,0.11528962944758209,0.009019635971165035,up_in_CKD,0.11346165170231497,0.32368436162208275,0.7484617182843566,1.0,0.07620709714950552,0.06313645621181263,0.01307064093769289,14,18,True,-0.0
immune cells,ZDHHC21,0.07519289837057148,0.07039698299381242,0.004795915376759066,up_in_CKD,0.12625804121007606,0.38610754248382334,0.7027158061100627,1.0,0.0462478184991274,0.04684317718940937,-0.0005953586902819677,14,18,True,-0.0
immune cells,ZDHHC5,0.08786798937504202,0.08071917657093844,0.00714881280410358,up_in_CKD,0.14912283570345217,0.42357247012444976,0.6749823878461791,1.0,0.05991855730075625,0.05634758995247793,0.003570967348278317,14,18,True,-0.0
immune cells,ZDHHC6,0.07882562012398577,0.07713158229362023,0.0016940378303655357,up_in_CKD,0.04279972879827738,0.1280104380950929,0.8990533534314996,1.0,0.056719022687609075,0.058384249830278345,-0.0016652271426692705,14,18,True,-0.0
immune cells,ZDHHC7,0.08043577201185446,0.07730298483709593,0.003132787174758539,up_in_CKD,0.07716571804754359,0.2290642172110969,0.8204333157015858,1.0,0.05002908667830134,0.05634758995247793,-0.006318503274176594,14,18,True,-0.0
immune cells,ZFAND1,0.11787660126057943,0.11552441625692676,0.002352185003652668,up_in_CKD,0.0465849708399456,0.13651449677051145,0.8923334760438721,1.0,0.07824316463059919,0.0835030549898167,-0.005259890359217506,14,18,True,-0.0
immune cells,ZFAND6,0.23610989670188184,0.22289379351359598,0.013216103188285866,up_in_CKD,0.20700257873667516,0.6345599943974229,0.5316363351982337,1.0,0.1486329261198371,0.15953835709436523,-0.010905430974528119,14,18,True,-0.0
immune cells,ZFC3H1,0.1507293883486933,0.14037810787218993,0.010351280476503355,up_in_CKD,0.1572093690509868,0.4629830856359279,0.6467728599438122,1.0,0.09438627108784177,0.08961303462321792,0.004773236464623853,14,18,True,-0.0
immune cells,ZFP62,0.04034653172937632,0.03575549477492587,0.004591036954450449,up_in_CKD,0.15662025042038813,0.48068523292589316,0.6350704077739474,1.0,0.027632344386271088,0.032586558044806514,-0.0049542136585354266,14,18,True,-0.0
immune cells,ZFYVE16,0.13337463861563711,0.12997871437077077,0.003395924244866344,up_in_CKD,0.04056185626163013,0.12583782113704653,0.9009938189950045,1.0,0.08595113438045375,0.0835030549898167,0.0024480793906370563,14,18,True,-0.0
immune cells,ZKSCAN1,0.1122790416462051,0.10198061131674344,0.010298430329461664,up_in_CKD,0.21401627429548387,0.6367294447984848,0.5293541468951127,1.0,0.06995346131471786,0.07331975560081466,-0.003366294286096805,14,18,True,-0.0
immune cells,ZMIZ1,0.0736304601833394,0.0680158481730349,0.005614612010304498,up_in_CKD,0.13081979524092002,0.39308462667674754,0.6972896108605471,1.0,0.05090168702734148,0.04684317718940937,0.0040585098379321075,14,18,True,-0.0
immune cells,ZMYM1,0.060960265814569765,0.06057801675485927,0.00038224905971049467,up_in_CKD,0.009648249890204448,0.02970856224916823,0.976549868105379,1.0,0.03461314717859221,0.03326544467073999,0.0013477025078522178,14,18,True,-0.0
immune cells,ZMYND19,0.047934030285468845,0.04225522864615042,0.005678801639318429,up_in_CKD,0.22423134657830263,0.6837395154402764,0.5003683924699247,1.0,0.031268179173938336,0.031228784792939578,3.939438099875847e-05,14,18,True,-0.0
immune cells,ZNF100,0.04818373640326832,0.04644057799425978,0.001743158409008537,up_in_CKD,0.05377722371752198,0.15564387903980864,0.8773565704756132,1.0,0.0318499127399651,0.0373387644263408,-0.005488851686375702,14,18,True,-0.0
immune cells,ZNF101,0.051012755381415,0.04591439217029932,0.005098363211115675,up_in_CKD,0.1323190701290962,0.4053405501411775,0.6887514571290635,1.0,0.030977312390924956,0.031228784792939578,-0.0002514724020146221,14,18,True,-0.0
immune cells,ZNF106,0.22858174858779248,0.21564361672730128,0.012938131860491198,up_in_CKD,0.16800553699966891,0.4827915974361883,0.6327671442535234,1.0,0.13656195462478185,0.14052953156822812,-0.003967576943446266,14,18,True,-0.0
immune cells,ZNF107,0.05050139069188409,0.04580342230926595,0.004697968382618142,up_in_CKD,0.1438668034907862,0.4232291878044409,0.6751899123742291,1.0,0.029086678301337987,0.03598099117447386,-0.006894312873135876,14,18,True,-0.0
immune cells,ZNF141,0.04574952836253594,0.03726732728987744,0.008482201072658506,up_in_CKD,0.26501625972986204,0.7545925006530441,0.45650317348457314,1.0,0.03374054682955206,0.03054989816700611,0.003190648662545953,14,18,True,-0.0
immune cells,ZNF195,0.047055294873583245,0.04636488402229289,0.0006904108512903531,up_in_CKD,0.02143034041665384,0.06563104999046387,0.9482041343801352,1.0,0.030831878999418267,0.031907671418873046,-0.001075792419454779,14,18,True,-0.0
immune cells,ZNF217,0.17555952537401917,0.17040999758506561,0.005149527788953556,up_in_CKD,0.0697287142030897,0.20050309949854683,0.8424465706292532,1.0,0.1156195462478185,0.11676849966055669,-0.001148953412738185,14,18,True,-0.0
immune cells,ZNF224,0.057089656265475,0.04979412190690001,0.0072955343585749885,up_in_CKD,0.15741581135042873,0.49459274920359036,0.6263130631046272,1.0,0.037085514834205933,0.029192124915139173,0.00789338991906676,14,18,True,-0.0
immune cells,ZNF267,0.0846374699195683,0.07815383594631581,0.006483633973252495,up_in_CKD,0.19697430748455386,0.5716316338108247,0.5718301751008316,1.0,0.057300756253635836,0.06788866259334692,-0.01058790633971108,14,18,True,-0.0
immune cells,ZNF302,0.07982614658312047,0.07323286924980503,0.006593277333315439,up_in_CKD,0.12846829081603114,0.38679437081927526,0.7019172025573294,1.0,0.053810354857475276,0.048879837067209775,0.004930517790265501,14,18,True,-0.0
immune cells,ZNF335,0.05358135812331866,0.04891311846054449,0.0046682396627741735,up_in_CKD,0.15392907582829396,0.4417824580254122,0.6618370346653474,1.0,0.033304246655032,0.04073319755600815,-0.0074289509009761515,14,18,True,-0.0
immune cells,ZNF384,0.053217294414900855,0.04572188177196258,0.007495412642938272,up_in_CKD,0.24146449506615247,0.726522657043345,0.47370220705584,1.0,0.032722513089005235,0.028513238289205704,0.004209274799799531,14,18,True,-0.0
immune cells,ZNF414,0.06695660291283238,0.06255825512548811,0.00439834778734427,up_in_CKD,0.10522860860996586,0.32041603229966825,0.7512661054493432,1.0,0.04159394997091332,0.04005431093007468,0.0015396390408386404,14,18,True,-0.0
immune cells,ZNF493,0.08136873579113267,0.07457729914706497,0.0067914366440677,up_in_CKD,0.17120810851866425,0.4945702514392089,0.6245095587721619,1.0,0.053228621291448515,0.048200950441276307,0.005027670850172208,14,18,True,-0.0
immune cells,ZNF511,0.1452108090579117,0.13649429737335766,0.008716511684554035,up_in_CKD,0.13303981435815854,0.3790719894395557,0.7073575978406786,1.0,0.0911867364746946,0.09572301425661914,-0.004536277781924544,14,18,True,-0.0
immune cells,ZNF524,0.16250492032947003,0.15977813478343986,0.002726785546030175,up_in_CKD,0.031218956301004363,0.09410446787663516,0.925719968233391,1.0,0.10616637579988365,0.10047522063815342,0.00569115516173023,14,18,True,-0.0
immune cells,ZNF567,0.04804216482839945,0.046921794280572644,0.0011203705478268072,up_in_CKD,0.026785531779748815,0.08160723482992788,0.9355991195377923,1.0,0.03170447934845841,0.029192124915139173,0.002512354433319236,14,18,True,-0.0
immune cells,ZNF576,0.04563662550994618,0.042574903805008564,0.0030617217049376186,up_in_CKD,0.11669147121112428,0.3532459498133202,0.7267079801603364,1.0,0.0274869109947644,0.03665987780040733,-0.009172966805642932,14,18,True,-0.0
immune cells,ZNF639,0.041779134751429046,0.03555594414952759,0.006223190601901456,up_in_CKD,0.24602231236995337,0.7519738105876969,0.4591332363994991,1.0,0.025887143688190808,0.031907671418873046,-0.006020527730682238,14,18,True,-0.0
immune cells,ZNF652,0.16682120216337187,0.16344720264600437,0.0033739995173674986,up_in_CKD,0.05621398685428994,0.16824796723500568,0.8675981372723814,1.0,0.10442117510180338,0.1079429735234216,-0.003521798421618219,14,18,True,-0.0
immune cells,ZNF654,0.04940610438856332,0.04683424829694957,0.0025718560916137487,up_in_CKD,0.08610668829115094,0.26537483849088345,0.7930461474187077,1.0,0.033304246655032,0.028513238289205704,0.004791008365826292,14,18,True,-0.0
immune cells,ZNF766,0.057056308962822,0.05210780838761778,0.004948500575204226,up_in_CKD,0.1420805239708627,0.38939652430965865,0.7002584330046575,1.0,0.030250145433391506,0.03598099117447386,-0.005730845741082357,14,18,True,-0.0
immune cells,ZNF780A,0.06800551734370744,0.06266132137510283,0.005344195968604609,up_in_CKD,0.14753338653467757,0.43061052012695156,0.6698384683468946,1.0,0.04464805119255381,0.0461642905634759,-0.0015162393709220942,14,18,True,-0.0
immune cells,ZNF787,0.07994989441667762,0.07867273140533114,0.0012771630113464771,up_in_CKD,0.028541158223426105,0.08581752392282387,0.9322356822910588,1.0,0.0533740546829552,0.05770536320434488,-0.0043313085213896735,14,18,True,-0.0
immune cells,ZNF791,0.12178351032749209,0.11827104620530944,0.003512464122182646,up_in_CKD,0.06147864816132294,0.18441656260251663,0.8550298497797607,1.0,0.07547993019197208,0.07196198234894773,0.003517947843024352,14,18,True,-0.0
immune cells,ZNF92,0.05317525771824708,0.05111928364331044,0.0020559740749366423,up_in_CKD,0.06982940552129731,0.20864337502602953,0.8362267989494805,1.0,0.03301337987201861,0.03801765105227427,-0.005004271180255655,14,18,True,-0.0
immune cells,ZNHIT6,0.0555463578759907,0.051875536930321244,0.0036708209456694577,up_in_CKD,0.134806124104324,0.3623447477457695,0.7204779003517323,1.0,0.03446771378708551,0.038696537678207736,-0.004228823891122224,14,18,True,-0.0
immune cells,ZPR1,0.05753497743500798,0.05221684901909053,0.005318128415917452,up_in_CKD,0.10873134004067309,0.3248219781047854,0.747712228057264,1.0,0.04057591623036649,0.031228784792939578,0.009347131437426916,14,18,True,-0.0
immune cells,ZSCAN18,0.054138357599443875,0.047460292569868646,0.006678065029575228,up_in_CKD,0.14381638332972732,0.4338782293699424,0.6678342648032445,1.0,0.03301337987201861,0.031907671418873046,0.0011057084531455666,14,18,True,-0.0
immune cells,ZSWIM6,0.05540030249409446,0.05525134425990182,0.00014895823419263515,up_in_CKD,0.0048907815188614,0.014040081017351668,0.9888915826072721,1.0,0.03868528214077952,0.03937542430414121,-0.00069014216336169,14,18,True,-0.0
immune cells,SLC35F6,0.07411815562345932,0.07074229228487877,0.0033758633385805453,up_in_CKD,0.10085985303688162,0.3046173821564378,0.763014098784494,1.0,0.0533740546829552,0.054989816700611,-0.0016157620176557932,14,18,True,-0.0
immune cells,NPHP3,0.07757778502601105,0.0686409391892158,0.008936845836795257,up_in_CKD,0.2114200060328072,0.6233614157222216,0.5378482167218098,1.0,0.05511925538103549,0.05770536320434488,-0.00258610782330939,14,18,True,-0.0
immune cells,PELO,0.04155864208580235,0.040725755456858824,0.0008328866289435272,up_in_CKD,0.03534683684094747,0.10257661461505647,0.918981631720236,1.0,0.027341477603257707,0.031228784792939578,-0.0038873071896818705,14,18,True,-0.0
immune cells,BLOC1S5,0.06518681600824036,0.060876262458434645,0.0043105535498057165,up_in_CKD,0.13845183045742654,0.39544448601177146,0.6953547928348393,1.0,0.041884816753926704,0.048879837067209775,-0.006995020313283071,14,18,True,-0.0
immune cells,POLR2J3,0.06179946029492343,0.04308069772947176,0.01871876256545167,up_in_CKD,0.2820907479159401,0.7575428344344101,0.456634345644277,1.0,0.059482257126236185,0.041412084181941616,0.01807017294429457,14,18,True,-0.0
immune cells,POLR2J3.1,0.12351138615894779,0.09857757703608432,0.02493380912286347,up_in_CKD,0.20709314053363465,0.5827067487010051,0.5646947534614732,1.0,0.06326352530541013,0.04344874405974202,0.019814781245668107,14,18,True,-0.0
immune cells,CYBB,0.4502175239230555,0.422238011689294,0.027979512233761494,up_in_CKD,0.14826378157900222,0.412825203388318,0.6829698198152476,1.0,0.2284758580570099,0.21792260692464357,0.010553251132366326,14,18,True,-0.0
immune cells,FAM122A,0.07810168533960192,0.07803805308103512,6.363225856680088e-05,up_in_CKD,0.0014902518927463455,0.004484809738259965,0.9964542971041312,1.0,0.04595695171611402,0.05431093007467753,-0.00835397835856351,14,18,True,-0.0
immune cells,FKBP11,0.23234683029972142,0.2302606117852696,0.0020862185144518153,up_in_CKD,0.027284943231726186,0.07475197094348751,0.9410042355063774,1.0,0.12216404886561955,0.1384928716904277,-0.01632882282480816,14,18,True,-0.0
immune cells,SPATA13,0.08985916943106904,0.08952576331027182,0.00033340612079722776,up_in_CKD,0.0064154771343534435,0.019006544123027498,0.9849657814282453,1.0,0.06384525887143688,0.059063136456211814,0.004782122415225069,14,18,True,-0.0
immune cells,NSMCE3,0.09785422909509464,0.09126013743527978,0.006594091659814866,up_in_CKD,0.08043156880190731,0.22965603424088482,0.819941977361843,1.0,0.06559045956951716,0.054989816700611,0.010600642868906163,14,18,True,-0.0
immune cells,UNC119,0.1644214964435548,0.15904012674538118,0.005381369698173627,up_in_CKD,0.10594415902128758,0.3040373206791246,0.7632132992179638,1.0,0.1055846422338569,0.11744738628649015,-0.011862744052633253,14,18,True,-0.0
immune cells,PIGS,0.0673299393073301,0.06547558504526153,0.0018543542620685638,up_in_CKD,0.05299744894592459,0.15658614756744793,0.8766456611405453,1.0,0.04392088423502036,0.03801765105227427,0.00590323318274609,14,18,True,-0.0
immune cells,RBM12,0.08519434243165656,0.08392948494552291,0.0012648574861336553,up_in_CKD,0.02723590473471101,0.08013282041046801,0.9366715355901765,1.0,0.05410122164048865,0.06042090970807875,-0.006319688067590097,14,18,True,-0.0
immune cells,PRDX2,0.42228512740700824,0.39968396810560713,0.022601159301401108,up_in_CKD,0.17161836034137964,0.47010695661873314,0.6423382216409314,1.0,0.24360093077370565,0.24507807196198234,-0.0014771411882766872,14,18,True,-0.0
immune cells,IFI30,0.17821409981695582,0.168951555649079,0.009262544167876835,up_in_CKD,0.07400375854597656,0.19544589265687012,0.8470029174478849,1.0,0.133216986620128,0.11473183978275628,0.018485146837371708,14,18,True,-0.0
immune cells,U2AF1L4,0.141651884022047,0.1387210189843567,0.0029308650376903,up_in_CKD,0.042804869744107216,0.12243943245973271,0.9033775360742792,1.0,0.09424083769633508,0.0923285811269518,0.0019122565693832777,14,18,True,-0.0
immune cells,RAB4B,0.04908534138712433,0.04298048187907622,0.006104859508048108,up_in_CKD,0.10325294421778622,0.28607335033162257,0.777038337131464,1.0,0.04581151832460733,0.04005431093007468,0.00575720739453265,14,18,True,-0.0
immune cells,EGLN2,0.0627627540682547,0.04939427188580793,0.013368482182446767,up_in_CKD,0.1947627472658967,0.5380867106393895,0.5950532204446339,1.0,0.050465386852821405,0.051595383570943655,-0.0011299967181222503,14,18,True,-0.0
immune cells,NUP62,0.10681990648211637,0.09652695172990262,0.010292954752213743,up_in_CKD,0.17353767693457386,0.540860886466048,0.594204820955356,1.0,0.07111692844677138,0.06313645621181263,0.00798047223495875,14,18,True,-0.0
immune cells,ZNF581,0.06566281802660863,0.06429186811093082,0.0013709499156778077,up_in_CKD,0.04399321045104879,0.1275445516877274,0.8993605321285095,1.0,0.04581151832460733,0.04752206381534284,-0.0017105454907355086,14,18,True,-0.0
immune cells,ATP5PO,0.3419328909424716,0.3359520189651131,0.005980871977358471,up_in_CKD,0.022777978663684816,0.06700153817376017,0.9470312858683385,1.0,0.22309482257126237,0.1697216564833673,0.05337316608789508,14,18,True,-0.0
immune cells,MT-CO1,5.6191031914224725,5.581899373476386,0.03720381794608674,up_in_CKD,0.06366203615618249,0.17129100213080634,0.8655177066269606,1.0,0.9995636998254799,1.0,-0.00043630017452012115,14,18,True,-0.0
immune cells,MT-ATP8,1.70818996884393,1.5565287315895355,0.1516612372543944,up_in_CKD,0.24090209406806215,0.641837570965702,0.5278303090270424,1.0,0.6950261780104712,0.7257298031228785,-0.030703625112407318,14,18,True,-0.0
immune cells,MT-ND5,3.493677248539137,3.377588510376666,0.11608873816247112,up_in_CKD,0.1644454493487153,0.4299219119839007,0.6721240726424401,1.0,0.9745491564863292,0.9708078750848609,0.0037412814014683438,14,18,True,-0.0
immune cells,MT-ND6,0.741226788433333,0.7212412491414377,0.019985539291895282,up_in_CKD,0.053335844393219006,0.14553504308577442,0.8854760281060555,1.0,0.3957242582897033,0.42362525458248473,-0.02790099629278142,14,18,True,-0.0
immune cells,C5orf56,0.06543052141429537,0.06174793671635562,0.0036825846979397503,up_in_CKD,0.03740495788423934,0.10511194256272745,0.9170301740664771,1.0,0.05439208842350204,0.06042090970807875,-0.006028821284576713,14,18,True,-0.0
immune cells,PRKCQ-AS1,0.05596659415220168,0.04526110184434731,0.010705492307854371,up_in_CKD,0.12605482791386713,0.34000828086500356,0.7369403062420812,1.0,0.052646887725421754,0.041412084181941616,0.011234803543480137,14,18,True,-0.0
immune cells,TUG1,0.05094292010248248,0.045195026776527994,0.005747893325954483,up_in_CKD,0.08198962537846007,0.2254823105708516,0.8233923251943488,1.0,0.04726585223967423,0.04276985743380855,0.004495994805865676,14,18,True,-0.0
immune cells,FAM195A,0.04652696014998629,0.04334735621685003,0.0031796039331362658,up_in_CKD,0.04157476398656321,0.10990093844079034,0.9135697132548916,1.0,0.02181500872600349,0.0461642905634759,-0.02434928183747241,14,18,True,-0.0
