gene,mean_expr_CKD,mean_expr_Ref,diff_mean_log_expr,direction,cohen_d,t_stat,p_value,adj_p_value,f_classif_score,f_classif_p_value,statistical_rank_score,random_forest_importance,knn_permutation_importance_mean,knn_permutation_importance_std,knn_single_gene_accuracy_mean,knn_single_gene_balanced_accuracy_mean,knn_single_gene_roc_auc_mean,knn_single_gene_importance_score,rf_importance_scaled,knn_permutation_importance_scaled,knn_single_gene_importance_scaled,statistical_score_scaled,combined_ml_biomarker_score
KLF9,0.16416456627134768,0.5761277252314803,-0.4119631589601326,down_in_CKD,-3.59877751873338,-11.042265060926027,1.43121029527382e-10,5.93134438084193e-07,105.96436060369732,1.597337329925569e-11,9.231697462032285,0.028999999999999998,0.0,0.0,1.0,1.0,1.0,0.5,1.0,0.0,1.0,0.4283768232632437,0.8856753646526487
ZFAND5,0.3517882468992523,0.9000471989175569,-0.5482589520183045,down_in_CKD,-4.088845992895221,-12.176236263512633,6.091375512178585e-13,9.574600732366685e-09,136.78904907503434,6.705754803229655e-13,17.976294016755624,0.015999999999999993,0.0,0.0,0.9714285714285715,0.975,1.0,0.475,0.5517241379310343,0.0,0.95,0.834150789344498,0.7675198130413133
ELL2,0.05310205946929169,0.13870227787373154,-0.08560021840443985,down_in_CKD,-2.57852250716316,-7.951227601747888,8.090424838445513e-08,9.388128982532173e-05,54.399095345020825,2.6427141621363575e-08,0.8889407689921892,0.02599999999999999,0.0,0.0,1.0,1.0,1.0,0.5,0.8965517241379307,0.0,1.0,0.04124936115554079,0.7668705618862806
PDK4,0.14016515537514512,0.9770571631953469,-0.8368920078202018,down_in_CKD,-4.135404463522512,-12.912062588997014,1.1590233676988412e-10,5.93134438084193e-07,139.92193699299753,5.024377813585101e-13,21.550413002524355,0.011105263157894731,0.0,0.0,1.0,1.0,1.0,0.5,0.3829401088929218,0.0,1.0,1.0,0.7531760435571688
CEBPD,0.49193591819781346,1.3076637403616838,-0.8157278221638703,down_in_CKD,-2.9078986547741783,-8.94972415991379,9.392177782133214e-09,2.2705589788307047e-05,69.18442843448845,2.143559340400494e-09,11.015503038956675,0.019105854523950316,0.0,0.0,0.9428571428571428,0.95,1.0,0.44999999999999996,0.6588225697913902,0.0,0.8999999999999999,0.5111504377046672,0.7257591154574895
NFIL3,0.04227822542631762,0.15090612895325076,-0.10862790352693313,down_in_CKD,-2.134858802772823,-6.678512084120169,2.935516232934927e-06,0.0010260159749089426,37.289635427263185,9.065412383806471e-07,0.6931290087497762,0.023999999999999994,0.0,0.0,0.9714285714285715,0.975,1.0,0.475,0.8275862068965516,0.0,0.95,0.032163142704902455,0.7174671112996012
PER1,0.05506156979772047,0.3446930832111041,-0.2896315134133836,down_in_CKD,-4.063882500368329,-12.599412597490499,5.5651934819129995e-11,5.381542097009871e-07,135.1238807192723,7.835105186838183e-13,7.378901051016746,0.017117056856187286,0.0,0.0,1.0,1.0,1.0,0.5,0.5902433398685272,0.0,1.0,0.3424018393592922,0.7045777038192693
SLC25A33,0.08015389779293702,0.22070924627014657,-0.14055534847720955,down_in_CKD,-4.287671668178622,-12.955612108748193,6.600896747581306e-13,9.574600732366685e-09,150.41559546083167,1.9834629420500713e-13,4.832619208351057,0.018222138022942848,0.0,0.0,1.0,1.0,1.0,0.5,0.6283495869980292,0.0,1.0,0.2242471737216812,0.6961892695435479
TIPARP,0.042599480799684106,0.27665373835528323,-0.2340542575555991,down_in_CKD,-3.2251584101549984,-10.121835131279502,1.1331916418487035e-08,2.528760733079299e-05,85.1043826684924,2.120715439251228e-10,3.4701705211434666,0.01910585452395032,0.0,0.0,1.0,1.0,1.0,0.5,0.6588225697913903,0.0,1.0,0.1610257084510158,0.6957341696067594
APOLD1,0.017205668624403998,0.1709055689491428,-0.1536999003247388,down_in_CKD,-1.5652999153235427,-4.914197237704577,0.00012771919678674086,0.00914847876242803,20.04679493109728,9.546118147172193e-05,0.4904718163096163,0.019105416423995335,0.0,0.0,1.0,1.0,1.0,0.5,0.6588074628963909,0.0,1.0,0.02275927687567583,0.6680748405336916
CSRNP1,0.03132065846009116,0.26502274465154396,-0.2337020861914528,down_in_CKD,-2.7005558814206143,-8.473974995283422,1.4638766101587347e-07,0.00013699051761517707,59.6700169255266,1.029029808281339e-08,2.438233303178654,0.018999999999999986,0.0,0.0,0.9714285714285715,0.975,0.975,0.475,0.655172413793103,0.0,0.95,0.11314090838505259,0.6646971471942517
F2RL3,0.0020764427530400465,0.04643953873498481,-0.04436309598194477,down_in_CKD,-2.0604009563350676,-6.466804238993011,5.446484897951361e-06,0.001350448947774094,34.733880825271044,1.6617543828863813e-06,0.2622908390921423,0.02010585452395032,0.0,0.0,0.9714285714285715,0.975,0.975,0.475,0.69330532841208,0.0,0.95,0.01217103537929497,0.659756338440691
USP2,0.09699924525970588,0.38572904814395853,-0.28872980288425265,down_in_CKD,-2.4122272997983054,-7.443662520348659,2.4331894987731955e-07,0.00020760831576297178,47.60869537548183,9.766880794538116e-08,2.564972424163375,0.01798977649143721,0.0,0.0,0.9666666666666666,0.9666666666666666,0.9666666666666666,0.46666666666666656,0.6203371203943866,0.0,0.9333333333333331,0.11902196138249979,0.645272573767588
TLR1,0.039319711028651935,0.011836180309643871,0.027483530719008064,up_in_CKD,2.050007942846147,5.384443002622505,7.289627912363061e-05,0.006447320296879646,34.384357355991476,1.8087883096308513e-06,0.12342276341350883,0.01811044417767106,0.0,0.0,0.9714285714285715,0.975,1.0,0.475,0.6244980750921055,0.0,0.95,0.005727164644086006,0.6309446629656594
ERRFI1,0.057893996505786985,0.3733335625443239,-0.31543956603853696,down_in_CKD,-3.339899314850781,-10.396124227151663,2.656961222399745e-09,8.56427167353518e-06,91.26758809096951,9.433389650428427e-11,5.338595028163687,0.012215316490555145,0.0,0.0,1.0,1.0,1.0,0.5,0.421217810019143,0.0,1.0,0.24772588012760308,0.6180323000331779
NR4A3,0.002787625412840693,0.11921544908448817,-0.11642782367164747,down_in_CKD,-2.04944124465471,-6.438073665546712,6.075526755124404e-06,0.0013557771628166075,34.36534976147875,1.8171719170110403e-06,0.6842942356735499,0.01599999999999999,0.0,0.0,0.9428571428571428,0.95,0.975,0.44999999999999996,0.5517241379310341,0.0,0.8999999999999999,0.031753184293655694,0.5870402920311448
TOB2,0.1298848875368658,0.22920485396622928,-0.09931996642936347,down_in_CKD,-2.5776692521925937,-7.920544386219215,6.509724770926746e-08,8.210744156721083e-05,54.363099057538285,2.6603315852947902e-08,1.0459753699428425,0.015682874528104004,0.0,0.0,0.9428571428571428,0.9416666666666667,0.975,0.44166666666666665,0.5407887768311727,0.0,0.8833333333333333,0.048536209947360166,0.5793560860552744
ITPRIP,0.02307166759059353,0.10294507389181078,-0.07987340630121725,down_in_CKD,-1.8524273048985342,-5.7811583899153804,1.5921353845459744e-05,0.002551814779319266,28.075802072184384,9.120449722565925e-06,0.3836817669981771,0.013999999999999997,0.0,0.0,0.9714285714285715,0.975,0.975,0.475,0.4827586206896551,0.0,0.95,0.017803917119975088,0.576664231699857
TSC22D3,0.2675386179937494,0.7158396138307911,-0.4483009958370417,down_in_CKD,-2.6834224425884967,-8.137852129006426,1.531307793903453e-08,3.1730885072242265e-05,58.915276407716846,1.1737174300182377e-08,5.411631248061883,0.009679687644724365,0.0,0.0,0.9714285714285715,0.975,0.975,0.475,0.33378233257670226,0.0,0.95,0.2511149669116773,0.5637359264130164
GADD45A,0.22046047835645854,0.6222350065225292,-0.4017745281660706,down_in_CKD,-3.4697994196342106,-10.561000784257118,1.3090586493068663e-10,5.93134438084193e-07,98.50506555676833,3.835127354918563e-11,8.680704142989647,0.011894583576004656,0.0,0.0,0.880952380952381,0.875,0.9666666666666666,0.375,0.41015805434498814,0.0,0.75,0.4028091778089271,0.5446250572997807
HERPUD1,0.5762212359912442,0.8611035200164215,-0.28488228402517735,down_in_CKD,-3.262715824940638,-9.61989675105256,9.861970810485158e-11,5.93134438084193e-07,87.09802817169324,1.624232607180866e-10,5.7877914910787105,0.00997888458850027,0.0,0.0,0.9380952380952381,0.9333333333333332,0.9333333333333332,0.43333333333333324,0.34409946856897483,0.0,0.8666666666666665,0.268569864085702,0.538020426911397
ZNF331,0.04672623013768298,0.163161439784287,-0.116435209646604,down_in_CKD,-2.2170041833392045,-6.915375286114001,1.5210464524338266e-06,0.0007004056759540525,40.21451630953801,4.661245059132088e-07,0.814333069893506,0.011107228915662643,0.0,0.0,0.9666666666666666,0.9666666666666666,1.0,0.46666666666666656,0.38300789364353943,0.0,0.9333333333333331,0.0377873533002879,0.5340939614508067
NFKBIA,0.28492091859358104,0.7022551607462311,-0.41733424215265,down_in_CKD,-2.8931668355264852,-8.752890576818196,3.2043395406525373e-09,9.29578900743301e-06,68.48520822155729,2.3928214080992273e-09,6.075379673892828,0.00889414547604967,0.0,0.0,0.9380952380952381,0.9416666666666667,0.975,0.44166666666666665,0.30669467158791963,0.0,0.8833333333333333,0.2819147676279417,0.5323941554940895
MCL1,0.21270493439113924,0.4853608493956807,-0.27265591500454145,down_in_CKD,-1.757202493626113,-5.4688527925879775,2.752887018436302e-05,0.003533683734727306,25.26349584768406,1.99195565747318e-05,1.1746726920545056,0.013441713179996857,0.0,0.0,0.9095238095238095,0.9083333333333332,0.975,0.4083333333333332,0.4635073510343744,0.0,0.8166666666666664,0.054508129005087176,0.5229712328814338
LINC00473,0.00944382377423526,0.09898716523144264,-0.08954334145720738,down_in_CKD,-1.9742097501107663,-6.161306725965652,7.201872652038744e-06,0.00151395888141771,31.88867021535612,3.3608356372540515e-06,0.49849192572374446,0.010679687644724368,0.0,0.0,0.9380952380952381,0.9416666666666667,0.9416666666666667,0.44166666666666665,0.36826509119739204,0.0,0.8833333333333333,0.023131432593210745,0.5052656563309323
CDC42EP4,0.07066823137632693,0.1374038155597885,-0.06673558418346158,down_in_CKD,-2.338253437277709,-7.020679490892149,1.341575249135105e-07,0.00012973032659136465,44.73351112042655,1.760011319569956e-07,0.6065393066580609,0.010999999999999996,0.0,0.0,0.9428571428571428,0.9333333333333332,0.9666666666666666,0.43333333333333324,0.3793103448275861,0.0,0.8666666666666665,0.0281451360856524,0.5040198318148316
PROM1,0.24432366462331837,0.057343507998450796,0.18698015662486756,up_in_CKD,1.9638649028516397,5.122089666268675,0.00014658767668992252,0.009885614532265018,31.555352918065747,3.657872191954431e-06,0.7362422046774291,0.011748921765344398,0.0,0.0,0.9095238095238095,0.9083333333333332,0.9222222222222222,0.4083333333333332,0.4051352332877379,0.0,0.8166666666666664,0.0341637167042315,0.4955535033226081
DYRK2,0.08655637913577865,0.04087807341340592,0.04567830572237273,up_in_CKD,2.1792481584878294,5.7707244945200165,2.643948702193554e-05,0.0034864069023015907,38.85645711495759,6.32515105266659e-07,0.2446424107912561,0.009999999999999998,0.0,0.0,0.9428571428571428,0.9416666666666667,0.9583333333333333,0.44166666666666665,0.3448275862068965,0.0,0.8833333333333333,0.011352098484729706,0.4935347875130379
FKBP5,0.0892744088026857,0.5185646827957151,-0.42929027399302944,down_in_CKD,-2.7267107698917137,-8.415242210731186,3.439885825279986e-08,6.236942986960775e-05,60.83142236708286,8.422669332370751e-09,4.922197528629544,0.009877496003137327,0.0,0.0,0.880952380952381,0.8833333333333332,0.975,0.3833333333333332,0.3406033104530113,0.0,0.7666666666666664,0.2284038606616482,0.48858876298020076
GABARAPL1,0.3669094375191278,0.6219690898483805,-0.2550596523292527,down_in_CKD,-2.9297293603565517,-8.768546944156009,1.5134425435373482e-09,5.48812102350231e-06,70.22711556765172,1.821881858258726e-09,3.930995914462371,0.00887568681318681,0.0,0.0,0.9095238095238095,0.9083333333333332,0.9583333333333333,0.4083333333333332,0.306058165971959,0.0,0.8166666666666664,0.1824093076082535,0.48557179457710087
TP53INP2,0.061718319231079635,0.17693400132591686,-0.11521568209483722,down_in_CKD,-2.5815688611062932,-8.015159341270271,1.2602530293829106e-07,0.00012606875993930426,54.527709147002554,2.580775759880662e-08,1.1598244596593796,0.010577458104108662,0.0,0.0,0.9142857142857143,0.9083333333333332,0.975,0.4083333333333332,0.36473993462443666,0.0,0.8166666666666664,0.05381912910548494,0.48332646633753823
MEPCE,0.08763651223731189,0.14651853262856154,-0.05888202039124965,down_in_CKD,-2.025978653318117,-6.246709228646603,3.134177377705493e-06,0.0010450860428417971,33.5830050302784,2.2008503126056583e-06,0.35559643017709963,0.008665516575437973,0.0,0.0,0.9380952380952381,0.9416666666666667,0.9666666666666666,0.44166666666666665,0.2988109163944129,0.0,0.8833333333333333,0.016500678206744626,0.4761578355324474
SH3RF3-AS1,0.00042916692186150665,0.006318982293048972,-0.005889815371187466,down_in_CKD,-2.177147379835139,-6.794484010865882,1.9980432530046628e-06,0.0007995571276150148,38.78157856518826,6.433657888529184e-07,0.039714748803367186,0.0077867722403353505,0.0,0.0,0.9428571428571428,0.95,0.95,0.44999999999999996,0.2685093875977707,0.0,0.8999999999999999,0.00184287645896694,0.46777233033090165
ESM1,0.013739136601197709,0.09870747907962224,-0.08496834247842452,down_in_CKD,-2.6250561873010514,-8.12241578270072,7.646211621741885e-08,9.242358297780503e-05,56.380254434898,1.8413092493641955e-08,0.8998187250436704,0.008105854523950325,0.0,0.0,0.9380952380952381,0.9333333333333332,1.0,0.43333333333333324,0.27951222496380435,0.0,0.8666666666666665,0.041754129024732294,0.4668223824571348
LRRC10B,0.00110485089283304,0.020352163126385,-0.019247312233551958,down_in_CKD,-2.2554599728780365,-7.070110328096093,1.5959438933442894e-06,0.0007122820360910436,41.62172473026813,3.418801151099179e-07,0.13663123129360596,0.005999999999999997,0.0,0.0,0.9714285714285715,0.975,0.975,0.475,0.20689655172413782,0.0,0.95,0.006340074841145799,0.46402663565788427
GALNT3,0.15364201078626563,0.07310349693912606,0.08053851384713957,up_in_CKD,1.706541564703643,4.508032327246676,0.0003586953718214684,0.016235728043851618,23.827779098682207,3.0167725905821097e-05,0.2459569144785074,0.005999999999999995,0.0,0.0,0.9714285714285715,0.9666666666666666,0.9666666666666666,0.46666666666666656,0.20689655172413776,0.0,0.9333333333333331,0.011413095166653961,0.4583745730563192
WFDC1,0.02193029495860157,0.08827268340420723,-0.06634238844560567,down_in_CKD,-1.9987766553055681,-6.228684586115888,5.767887504644463e-06,0.0013557771628166075,32.68724823650055,2.7488558207014164e-06,0.38028220321788203,0.010015041301209077,0.0,0.0,0.8761904761904763,0.8833333333333332,0.975,0.3833333333333332,0.3453462517658303,0.0,0.7666666666666664,0.01764616776362183,0.4483344009257231
BRSK2,0.001683443047020173,0.015332437266639782,-0.013648994219619608,down_in_CKD,-2.040957874907783,-6.3865306236080315,5.310374398228644e-06,0.00134389327395492,34.08143765848441,1.947449034164573e-06,0.07999520617077524,0.006779359341892058,0.0,0.0,0.9428571428571428,0.9416666666666667,0.975,0.44166666666666665,0.2337710117893813,0.0,0.8833333333333333,0.0037120033922971606,0.4475841387275453
NR4A1,0.08547374703117035,0.8395070919923092,-0.7540333449611388,down_in_CKD,-2.209905888646691,-6.929798123755536,2.1285401844175992e-06,0.00081876110896258,39.957414845525356,4.936245608340521e-07,5.143738046911556,0.0047818888067112965,0.0,0.0,0.9142857142857143,0.9166666666666666,0.95,0.41666666666666663,0.16489271747280335,0.0,0.8333333333333333,0.23868396611744905,0.44702721354594444
GATA6,0.004986263091929419,0.026007233924056995,-0.021020970832127575,down_in_CKD,-2.2909234456209355,-7.114307315328989,7.528128411493725e-07,0.000454981260869652,42.940883730237545,2.570993752746492e-07,0.16094246007876925,0.009999999999999998,0.0,0.0,0.8761904761904763,0.8833333333333332,0.9527777777777778,0.3833333333333332,0.3448275862068965,0.0,0.7666666666666664,0.007468184487226157,0.44609133804687046
MIR22HG,0.09376957899772292,0.2643171142071885,-0.17054753520946558,down_in_CKD,-2.109028370320312,-6.578892832918992,2.9859239523769556e-06,0.0010312101649816129,36.392732728494146,1.1182995622036778e-06,1.0742679271048494,0.00487568681318681,0.0,0.0,0.9428571428571428,0.9416666666666667,0.975,0.44166666666666665,0.16812713148920036,0.0,0.8833333333333333,0.0498490644693915,0.4305539988228918
SGK1,0.19273798346344634,0.6259850977623299,-0.4332471142988836,down_in_CKD,-2.5406291290429603,-7.759263225619817,5.872420565891417e-08,8.175809830153725e-05,52.811970310976655,3.5520519451365084e-08,4.499160094048736,0.007764672140807274,0.0,0.0,0.8523809523809524,0.85,0.9833333333333332,0.35,0.26774731520025086,0.0,0.7,0.20877372946503236,0.4288536719731068
C9orf139,0.0023138887297189073,0.0,0.0023138887297189073,up_in_CKD,1.801432493014981,4.688638964928898,0.0003486032570236457,0.01613489746409808,26.55130112910139,1.385901418171021e-05,0.007470593813402503,0.003999999999999998,0.0,0.0,0.9714285714285715,0.9666666666666666,0.9666666666666666,0.46666666666666656,0.13793103448275856,0.0,0.9333333333333331,0.00034665664238209346,0.42857507845491316
KLF15,0.03532261134837492,0.13019879627728692,-0.094876184928912,down_in_CKD,-1.7486344096051931,-5.338002314606055,1.8134356654868978e-05,0.002768829929251311,25.01772789645247,2.136901736467637e-05,0.4243326681294685,0.008213083439612972,0.0,0.0,0.8809523809523808,0.8833333333333332,0.9444444444444444,0.3833333333333332,0.2832097737797577,0.0,0.7666666666666664,0.019690233689709954,0.4238886229165117
SLC3A2,0.38943326369966763,0.6255945203757883,-0.2361612566761207,down_in_CKD,-2.416228677887155,-7.068109166633904,6.239954983168894e-08,8.210744156721083e-05,47.76677201327162,9.461832155346081e-08,2.3313334162732,0.0030074128984432895,0.0,0.0,0.9428571428571428,0.95,0.9333333333333332,0.44999999999999996,0.10370389304976861,0.0,0.8999999999999999,0.10818045185491869,0.42311764759089115
ERF,0.08020545084678771,0.16845308732962694,-0.08824763648283923,down_in_CKD,-2.1038936995128656,-6.49791746543372,1.960698396591396e-06,0.0007995571276150148,36.215743899681264,1.165999964470782e-06,0.575028255420133,0.006114050448050352,0.0,0.0,0.9142857142857143,0.9166666666666666,0.9583333333333333,0.41666666666666663,0.21082932579483973,0.0,0.8333333333333333,0.026682934352709426,0.4230016505218111
CTH,0.030424995333708824,0.056266975665476684,-0.02584198033176786,down_in_CKD,-2.3718327029585358,-7.092209739389774,9.493842042095325e-08,0.00010328390412371845,46.027557579465764,1.3464400252610212e-07,0.2443113153251891,0.005333747738454765,0.0,0.0,0.9333333333333333,0.9333333333333332,0.9666666666666666,0.43333333333333324,0.183922335808785,0.0,0.8666666666666665,0.01133673472042374,0.4225029479342654
IKBKE,0.01655419803977991,0.007347110543959161,0.00920708749582075,up_in_CKD,2.0729572056892054,5.668841307636711,1.0802484701904924e-05,0.0019977316603494006,35.15851289960835,1.5000577874943432e-06,0.05152167355655965,0.008786462673122388,0.0,0.0,0.8714285714285716,0.875,0.9333333333333333,0.375,0.3029814714869789,0.0,0.75,0.0023907510983907617,0.42167073881446976
GRHL3,0.00153005421805724,0.0,0.00153005421805724,up_in_CKD,2.4138410178675844,6.282571839578488,2.013408279166457e-05,0.002921065976348714,47.672414668963775,9.642676562314798e-08,0.009360535412826824,0.0028756868131868114,0.0,0.0,0.9714285714285715,0.9666666666666666,0.9666666666666666,0.46666666666666656,0.09916161424782109,0.0,0.9333333333333331,0.0004343552678888501,0.4130848500860395
CDADC1,0.04860444773125948,0.08076835019164787,-0.03216390246038839,down_in_CKD,-2.140309139410392,-6.474860700521876,7.375513365073526e-07,0.000454981260869652,37.48028082744806,8.672996445938765e-07,0.23006604745042086,0.0038947368421052664,0.0,0.0,0.9380952380952381,0.9416666666666667,0.95,0.44166666666666665,0.13430127041742299,0.0,0.8833333333333333,0.010675714076731225,0.4091889843156488
CREM,0.14827724281216756,0.3461387102399836,-0.19786146742781605,down_in_CKD,-2.747565619293846,-8.487886108355696,3.2620467103324464e-08,6.236942986960775e-05,61.76550135539107,7.183032097001254e-09,2.2860104656866063,0.002000000000000001,0.0,0.0,0.9428571428571428,0.95,0.9833333333333332,0.44999999999999996,0.06896551724137935,0.0,0.8999999999999999,0.10607733900129104,0.40880167469680995
PRKAG2-AS1,0.03796865393862013,0.07592654341329,-0.03795788947466987,down_in_CKD,-1.6745367470898054,-5.000590536586603,2.6205095577817674e-05,0.0034712777292807795,22.942418051079063,3.9197340209060065e-05,0.15633112191810952,0.0038936915887850462,0.0,0.0,0.9428571428571428,0.9416666666666667,0.9333333333333332,0.44166666666666665,0.13426522719948436,0.0,0.8833333333333333,0.007254205378792385,0.4084902652888856
PGAM2,0.028139670081693248,0.07821705449220881,-0.05007738441051556,down_in_CKD,-2.4424742354234983,-7.178786188309342,4.8393942792905905e-08,7.388990949590527e-05,48.810112287607666,7.686489129145863e-08,0.5053245945919245,0.0049999999999999975,0.0,0.0,0.9142857142857143,0.9166666666666666,0.9583333333333333,0.41666666666666663,0.1724137931034482,0.0,0.8333333333333333,0.023448487717276333,0.40698854811816787
TCEAL2,0.06354494091902955,0.16411176570490074,-0.10056682478587119,down_in_CKD,-2.4855367095454,-7.458654870494808,4.298192258482894e-08,6.927253189921598e-05,50.54639510043633,5.4726753425922e-08,1.0397039003249098,0.005894583576004658,0.0,0.0,0.880952380952381,0.8916666666666666,0.8916666666666668,0.3916666666666666,0.2032615026208503,0.0,0.7833333333333332,0.04824519605276807,0.40428697359222704
TSPYL2,0.03987352445338048,0.11245658649285716,-0.07258306203947668,down_in_CKD,-1.7099568870257582,-5.323151551758205,3.833194714115452e-05,0.004310115451801909,23.92324818125581,2.9335882952564947e-05,0.2935928238109494,0.006870373398656996,0.0,0.0,0.880952380952381,0.8833333333333332,0.9833333333333332,0.3833333333333332,0.23690942753989644,0.0,0.7666666666666664,0.013623535835557248,0.4041551448497366
GRASP,0.04384792795489736,0.18377701359386528,-0.13992908563896791,down_in_CKD,-2.0970519273986374,-6.494341590769244,2.306974641587016e-06,0.0008580171070825556,35.98058279623369,1.2327598921125354e-06,0.8998305297166551,0.008852368623058762,0.0,0.0,0.8476190476190475,0.8416666666666666,0.9777777777777779,0.34166666666666656,0.30525409045030216,0.0,0.6833333333333331,0.0417546767948833,0.4037859048724308
SLC25A25,0.03983540564606041,0.16438533964645327,-0.12454993400039285,down_in_CKD,-2.372049393425039,-7.402054493170692,6.107179922289926e-07,0.0004218316417753113,46.03596811239351,1.34411850333783e-07,0.9970641482252021,0.0058756868131868145,0.0,0.0,0.8857142857142858,0.8916666666666666,0.9666666666666666,0.3916666666666666,0.20260989010989017,0.0,0.7833333333333332,0.046266591183584685,0.4036306076140063
IP6K3,0.002103854830437473,0.016071663444317402,-0.01396780861387993,down_in_CKD,-2.3373837535913173,-7.259535640646106,5.672116113459003e-07,0.000401336801101087,44.70024118543067,1.7722837242437084e-07,0.11088907656621479,0.004113846153846154,0.0,0.0,0.9142857142857143,0.925,0.925,0.42500000000000004,0.14185676392572943,0.0,0.8500000000000001,0.005145566191850966,0.397771818808662
MAP3K1,0.23565418905579014,0.1014300524638433,0.13422413659194682,up_in_CKD,2.7904194364277957,7.457572963970682,7.113292144493698e-07,0.0004486013154603526,63.707241527951034,5.185904646894896e-09,1.254017641871597,0.004105263157894735,0.0,0.0,0.9095238095238095,0.9083333333333332,0.9666666666666666,0.4083333333333332,0.14156079854809434,0.0,0.8166666666666664,0.058189958666903734,0.3949289778192851
ADCY1,0.014216772147810391,0.039476644904125266,-0.025259872756314874,down_in_CKD,-2.083430030308932,-6.322607997512379,1.234235330778894e-06,0.0006173304645844088,35.51466020067063,1.3773642351250275e-06,0.16890599406661372,0.0008927710843373484,0.0,0.0,0.9714285714285715,0.975,1.0,0.475,0.030785209804736154,0.0,0.95,0.007837714945269426,0.39388162691094836
CEBPB,0.17673714950243904,0.41977998411583395,-0.2430428346133949,down_in_CKD,-2.1774046534577502,-6.702590454071129,1.0287557354819302e-06,0.0005526704423394592,38.79074474917745,6.420269242240007e-07,1.7238953331821418,0.0029936323548769247,0.0,0.0,0.9095238095238095,0.9166666666666666,0.95,0.41666666666666663,0.10322870189230776,0.0,0.8333333333333333,0.07999361000553491,0.3906235360913634
RASGRP1,0.06881902888903942,0.03029861113722533,0.038520417751814084,up_in_CKD,2.198079460418709,6.09842896180831,2.3525470037835117e-06,0.0008637559144951415,39.53089075348311,5.43129980254552e-07,0.25939864806950425,0.0038936915887850462,0.0,0.0,0.9142857142857143,0.9166666666666666,0.925,0.41666666666666663,0.13426522719948436,0.0,0.8333333333333333,0.012036829551207164,0.3894467901233685
TLR7,0.007975983873467506,0.00015225414973155555,0.00782372972373595,up_in_CKD,2.147598291411499,5.59676244604196,6.315730885644533e-05,0.005929428899435208,37.736005264965726,8.174809442670313e-07,0.03741834689037803,0.005875512995896029,0.0,0.0,0.8857142857142858,0.8833333333333332,0.9666666666666666,0.3833333333333332,0.2026038964102079,0.0,0.7666666666666664,0.0017363169274758194,0.38805548861624495
PLEKHH1,0.04462945107658314,0.0216795080440225,0.022949943032560642,up_in_CKD,2.155316265212733,5.808774835654694,1.2985039918095639e-05,0.002255664718706314,38.007721661650066,7.678709622605793e-07,0.13091864814404686,0.0039999999999999975,0.0,0.0,0.9095238095238095,0.9083333333333332,0.9055555555555556,0.4083333333333332,0.13793103448275854,0.0,0.8166666666666664,0.006074994856419291,0.38305407943105385
DDIT4,0.12738822233176253,0.3053009315763203,-0.1779127092445578,down_in_CKD,-1.9668586935450114,-5.990914765292731,3.284225080867791e-06,0.0010787274234149325,31.651634621238454,3.569297917362933e-06,1.0382707062843546,0.0018861538461538451,0.0,0.0,0.9380952380952381,0.9333333333333332,0.9777777777777779,0.43333333333333324,0.06503978779840845,0.0,0.8666666666666665,0.048178691803388386,0.38231832014670764
SAMD12,0.122503746441488,0.0625172479248144,0.05998649851667359,up_in_CKD,2.3971327150612525,6.416226677133594,4.836319276896938e-06,0.0013099642578916417,47.01473389322944,1.1010119242491536e-07,0.4145254019775561,0.004999999999999995,0.0,0.0,0.8809523809523808,0.8833333333333332,0.9333333333333332,0.3833333333333332,0.17241379310344812,0.0,0.7666666666666664,0.019235148854409415,0.37947921367892773
CDH6,0.2161553174282284,0.06979773104210038,0.14635758638612803,up_in_CKD,1.9361754901926,5.100873666580845,0.00011561375534527098,0.008556007761648754,30.671799781275443,4.589177379800344e-06,0.5859405307115667,0.006682120019675353,0.0,0.0,0.8476190476190476,0.85,0.9333333333333333,0.35,0.23041793171294322,0.0,0.7,0.027189294731517735,0.37760503163148085
UBALD1,0.06700077852298715,0.10653671664363917,-0.03953593812065202,down_in_CKD,-1.9070712721931897,-5.346611919430981,1.2332010902238193e-05,0.002168191734993515,29.756625031837224,5.825696370179141e-06,0.2008525120115264,0.003999999999999998,0.0,0.0,0.9142857142857143,0.9,0.9,0.4,0.13793103448275856,0.0,0.8,0.00932012356273632,0.3770364385056508
TBL1XR1,0.36524492809980363,0.22884792133015136,0.13639700676965227,up_in_CKD,2.341218876303682,6.374020981745161,2.5323370165371607e-06,0.0009069518129597904,44.847047673496434,1.7188077045056612e-07,0.9715505964879222,0.0010000000000000007,0.0,0.0,0.9428571428571428,0.9416666666666667,0.9416666666666667,0.44166666666666665,0.03448275862068968,0.0,0.8833333333333333,0.045082690358375845,0.3761429748532844
CDKN1A,0.053289701503323204,0.2570319255740471,-0.20374222407072387,down_in_CKD,-1.728002583108891,-5.410230779429076,4.031540363772879e-05,0.0044639307615668405,24.430851222799088,2.530536596020978e-05,0.8274571369121801,0.003,0.0,0.0,0.9142857142857143,0.9083333333333332,0.95,0.4083333333333332,0.10344827586206898,0.0,0.8166666666666664,0.03839634705911456,0.3757252464233171
MLIP,0.00124712531865148,0.0,0.00124712531865148,up_in_CKD,1.6602273584384901,4.321120393686019,0.0007041902338180105,0.023763560067963745,22.551994486698927,4.405998849388208e-05,0.0033626940277842747,0.001999999999999999,0.0,0.0,0.9428571428571428,0.9333333333333332,0.9333333333333332,0.43333333333333324,0.06896551724137928,0.0,0.8666666666666665,0.00015603849575367203,0.37428408126236906
VCAM1,0.27255927749054343,0.1302220118352116,0.14233726565533183,up_in_CKD,1.680986979278144,4.449412536634199,0.00038854366643477665,0.016773291314394152,23.11950456411267,3.718360338983424e-05,0.42479041586058813,0.0049999999999999975,0.0,0.0,0.8761904761904763,0.8749999999999998,0.9222222222222222,0.3749999999999998,0.1724137931034482,0.0,0.7499999999999996,0.019711474476652925,0.3729078121367097
CSRP1,0.2307744067680591,0.49226166131547217,-0.26148725454741306,down_in_CKD,-2.114897202648089,-6.531871931816707,1.8191868894913336e-06,0.0007876807711066207,36.595555999925836,1.066180840729963e-06,1.7163762392418844,0.002107228915662653,0.0,0.0,0.9142857142857143,0.9083333333333332,0.9833333333333332,0.4083333333333332,0.07266306605733286,0.0,0.8166666666666664,0.07964470282035119,0.37166083365367
SESN3,0.18645645891585252,0.10075617969532577,0.08570027922052675,up_in_CKD,2.209695732166867,6.048342134566925,4.296067291904238e-06,0.0012287994588098456,39.94981550800747,4.944632493629662e-07,0.5511694666740862,0.0008941454760496755,0.0,0.0,0.9380952380952381,0.9416666666666667,0.95,0.44166666666666665,0.030832602622402606,0.0,0.8833333333333333,0.02557581920167951,0.37078153822263027
RASD1,0.11915575213630572,0.48421517158008776,-0.36505941944378206,down_in_CKD,-2.7026987158582343,-8.128247532563938,9.253452857662799e-09,2.2705589788307047e-05,59.764748307559756,1.012257355113676e-08,4.581851264425527,0.001999999999999999,0.0,0.0,0.8857142857142858,0.875,0.9416666666666667,0.375,0.06896551724137928,0.0,0.75,0.212610833207179,0.3701083735379876
CXADR,0.21832412902930423,0.11229492668490461,0.10602920234439962,up_in_CKD,1.6408155226000507,4.375188420744889,0.0003923342174508921,0.016836709538831922,22.027709284406825,5.162741200798684e-05,0.30858576688660355,0.0028734087694483722,0.0,0.0,0.9095238095238095,0.9083333333333332,0.9277777777777778,0.4083333333333332,0.09908306101546112,0.0,0.8166666666666664,0.014319250719253346,0.3691637412167017
ITGB8,0.4141085393672916,0.17161738845061597,0.2424911509166756,up_in_CKD,2.3821813502610243,6.2807668729069865,1.1934546964834152e-05,0.002137167947221227,46.430083517984485,1.2399741811044796e-07,1.5424397897217934,0.0019518240044555833,0.0,0.0,0.9095238095238095,0.9083333333333332,0.9361111111111111,0.4083333333333332,0.06730427601570978,0.0,0.8166666666666664,0.07157356054109573,0.3679030891811697
SYT16,0.011267388550879697,0.0006194378718480332,0.010647950679031664,up_in_CKD,1.7260034599938137,4.502044604751694,0.0004750628197655094,0.01894398740748152,24.374355904723224,2.5723208700799604e-05,0.03165731919629348,0.0059999999999999975,0.0,0.0,0.8476190476190476,0.8499999999999999,0.8583333333333332,0.34999999999999987,0.20689655172413787,0.0,0.6999999999999997,0.0014689889791246798,0.36305241848548003
CLDN1,0.08223732256545749,0.030082190811926868,0.05215513175353062,up_in_CKD,1.618543879941515,4.251420140626668,0.0006792388955677854,0.023236698538232847,21.43378056515018,6.190978760607795e-05,0.13791998940714675,0.007999999999999993,0.0,0.0,0.8095238095238095,0.8083333333333332,0.9666666666666666,0.30833333333333324,0.275862068965517,0.0,0.6166666666666665,0.00639987685577029,0.3582914696240274
NAP1L5,0.027744611726410826,0.06339939621577634,-0.035654784489365515,down_in_CKD,-2.530469932310682,-7.654653791634436,4.0351641292757805e-08,6.8858889053112e-05,52.39045700450528,3.8459827998968446e-08,0.3755132325909988,0.0019927403676573163,0.0,0.0,0.9047619047619048,0.9083333333333332,0.975,0.4083333333333332,0.0687151850916316,0.0,0.8166666666666664,0.01742487406375981,0.3576377155160712
ENPP5,0.09693005847175808,0.05512439174770243,0.04180566672405565,up_in_CKD,2.1078160665035424,5.66192058228006,2.000316715851556e-05,0.002921065976348714,36.35090648354018,1.129381391324853e-06,0.223333088474695,0.0018744855967078216,0.0,0.0,0.9095238095238095,0.9083333333333332,0.9027777777777779,0.4083333333333332,0.06463743436923523,0.0,0.8166666666666664,0.01036328577315592,0.35459429756899186
AP1G2,0.11709446990215851,0.06793349321478691,0.0491609766873716,up_in_CKD,1.6724863803495615,4.48840447234686,0.0002685302653036417,0.01383670159228889,22.88626930190273,3.9859890377898925e-05,0.15284627955013352,0.0018947368421052637,0.0,0.0,0.9095238095238095,0.9083333333333332,0.8722222222222221,0.4083333333333332,0.06533575317604358,0.0,0.8166666666666664,0.007092498855229806,0.35421946770813
STARD8,0.05389540112822253,0.12336197964914916,-0.06946657852092664,down_in_CKD,-2.047376030117069,-6.185383032096916,1.4648553172775144e-06,0.0006901911999440749,34.29612498025577,1.8480564234529292e-06,0.4495750702718304,0.004999999999999998,0.0,0.0,0.8428571428571429,0.85,0.9333333333333333,0.35,0.17241379310344823,0.0,0.7,0.02086155240826097,0.35313782772303143
TMEM132C,0.0007614363829852333,0.0061747913214715115,-0.005413354938486279,down_in_CKD,-1.7765317661030264,-5.507387759086207,2.1432814271586875e-05,0.0030478722647977216,25.822350948871136,1.6999730237995375e-05,0.024196395616213773,0.001406618652520257,0.0,0.0,0.9095238095238095,0.9166666666666666,0.95,0.41666666666666663,0.04850409146621576,0.0,0.8333333333333333,0.001122781062867773,0.3529595261323932
DUSP8,0.024922528028738282,0.09736390720824993,-0.07244137917951166,down_in_CKD,-2.0052417333065127,-6.258531361116827,5.916047598294637e-06,0.0013557771628166075,32.899045164497224,2.6073089938648786e-06,0.4165854283251756,0.002577513003417246,0.0,0.0,0.8857142857142858,0.8916666666666666,0.8916666666666668,0.3916666666666666,0.08887975873852573,0.0,0.7833333333333332,0.01933073989238062,0.35275138480721974
DTX4,0.025702603068353282,0.011477817387002183,0.014224785681351099,up_in_CKD,1.8537125174719824,5.214536614618385,1.64265310814062e-05,0.0026039797558008683,28.114773524446207,9.024778341052136e-06,0.06814618181455215,0.004124487004103966,0.0,0.0,0.8523809523809524,0.8666666666666666,0.8916666666666666,0.3666666666666666,0.14222368979668848,0.0,0.7333333333333332,0.0031621752124457985,0.3508552442944978
PIM3,0.22082843841333474,0.445810770300238,-0.22498233188690328,down_in_CKD,-2.250762961365614,-6.8184482452913615,3.3243970147353293e-07,0.00024728399332685105,41.448550158452534,3.550544244081752e-07,1.8264202581598508,0.0018920353982300878,0.0,0.0,0.880952380952381,0.8833333333333332,0.9666666666666666,0.3833333333333332,0.06524259993896855,0.0,0.7666666666666664,0.08475105595173091,0.3497139178326002
GPX8,0.06992464562883056,0.030399605852931895,0.03952503977589867,up_in_CKD,1.79014635911372,4.722222476541357,0.0002387534798533486,0.012959494162914672,26.219650803120885,1.5203477992774701e-05,0.13354497635652807,0.0029999999999999988,0.0,0.0,0.8809523809523808,0.8833333333333332,0.925,0.3833333333333332,0.10344827586206894,0.0,0.7666666666666664,0.006196863899586749,0.3492853497914115
ORC5,0.04036433795155237,0.027393864523475885,0.012970473428076487,up_in_CKD,2.176763352951469,6.247498527120729,6.707364606486888e-07,0.00043240143829818806,38.76789841161155,6.45369525608845e-07,0.0949811894688771,0.002999999999999999,0.0,0.0,0.8857142857142858,0.8833333333333332,0.9,0.3833333333333332,0.10344827586206895,0.0,0.7666666666666664,0.004407395322667425,0.3489274560760277
MEGF11,0.005085398682847413,0.0,0.005085398682847413,up_in_CKD,1.616986000543764,4.208574896528739,0.0008758229211131229,0.02632914294455098,21.3925395759915,6.270072500332386e-05,0.012988778018169734,0.0,0.0,0.0,0.9380952380952381,0.9333333333333332,0.9333333333333332,0.43333333333333324,0.0,0.0,0.8666666666666665,0.000602715967283238,0.3467872098601233
FOXO3,0.1460670502213194,0.22237443051392292,-0.0763073802926035,down_in_CKD,-2.0771463718729644,-6.173782432003132,9.370679161702808e-07,0.0005248316824227265,35.30075768333197,1.4497117500270575e-06,0.519882064811922,0.003,0.0,0.0,0.8714285714285716,0.875,0.8861111111111111,0.375,0.10344827586206898,0.0,0.75,0.02412399543113278,0.34620410943105423
SLC35F5,0.30507880303286644,0.169932200866988,0.13514660216587845,up_in_CKD,1.688872610925928,4.493670608238723,0.00031734878349452025,0.015292837556770819,23.33692387583805,3.486101672184438e-05,0.4143822360991044,0.0010000000000000044,0.0,0.0,0.9095238095238095,0.9083333333333332,0.9194444444444443,0.4083333333333332,0.03448275862068981,0.0,0.8166666666666664,0.019228505553492866,0.34430547122564115
GALNT7,0.0966177093554921,0.04973102556037814,0.046886683795113966,up_in_CKD,2.3991775681678726,6.454533857795596,3.573523159853399e-06,0.0011147086759929795,47.094979120362886,1.0832733276493833e-07,0.33216328075777996,0.001,0.0,0.0,0.9095238095238095,0.9083333333333332,0.9055555555555556,0.4083333333333332,0.03448275862068966,0.0,0.8166666666666664,0.01541331392205204,0.3435424328993529
ADAMTS8,0.002841089536713747,0.015286513479141959,-0.012445423942428212,down_in_CKD,-1.860839547762975,-5.596788190766696,5.986356232907853e-06,0.0013557771628166075,28.33137672969857,8.512179511321351e-06,0.06641547033288338,0.0038927710843373498,0.0,0.0,0.8523809523809524,0.8583333333333332,0.9194444444444445,0.35833333333333317,0.13423348566680518,0.0,0.7166666666666663,0.003081865313908539,0.3409764339961704
CYCS,0.7067783184723455,1.038439379622642,-0.3316610611502966,down_in_CKD,-2.276220280491585,-6.777795454244455,1.9000139563559082e-07,0.00017224814023089033,42.3914626253552,2.89315474710694e-07,2.8414535284341333,0.0018941454760496748,0.0,0.0,0.8523809523809524,0.8583333333333332,0.9166666666666667,0.35833333333333317,0.06531536124309224,0.0,0.7166666666666663,0.13185146512511353,0.33916310418892615
EPAS1,0.22270911434341828,0.4514775528710591,-0.22876843852764084,down_in_CKD,-1.867099612404016,-5.5666678743727935,5.327394915712368e-06,0.00134389327395492,28.522316967048223,8.086028831963725e-06,1.2265714955718072,0.002000000000000003,0.0,0.0,0.8761904761904763,0.875,0.8666666666666666,0.375,0.06896551724137942,0.0,0.75,0.05691637999829192,0.3389694828962102
NDUFA8,0.3839120978247319,0.5252422549601214,-0.14133015713538954,down_in_CKD,-1.7380860286560238,-5.128698972185088,1.5777737452670315e-05,0.002551814779319266,24.716806715530378,2.3298669026292448e-05,0.636991874000819,0.0018895558223289313,0.0,0.0,0.8857142857142858,0.8833333333333332,0.9166666666666666,0.3833333333333332,0.06515709732168729,0.0,0.7666666666666664,0.029558221177765995,0.33864114983089466
EXOC3L1,0.02166674251789961,0.04442833043315563,-0.02276158791525602,down_in_CKD,-1.881547503336708,-5.365569267899709,8.673676442817441e-06,0.0017001577946360404,28.965444605284905,7.182246714568677e-06,0.11860986239616048,0.001,0.0,0.0,0.9047619047619048,0.9,0.888888888888889,0.4,0.03448275862068966,0.0,0.8,0.0055038324500911815,0.3348938699382942
LRRK2,0.2547665503962797,0.10573257368029176,0.14903397671598795,up_in_CKD,2.304040176178338,6.120611009061764,1.1877155294085508e-05,0.002137167947221227,43.43400927363195,2.3142921616229235e-07,0.9168807245014061,0.0032322777885830985,0.0,0.0,0.8476190476190476,0.8499999999999999,0.9111111111111111,0.34999999999999987,0.11145785477872755,0.0,0.6999999999999997,0.04254585396549037,0.33309231270458906
ISCA1,0.2733665900804994,0.357701249597288,-0.08433465951678859,down_in_CKD,-2.1394309701910244,-6.524435324599331,9.407531018952699e-07,0.0005248316824227265,37.44953080537506,8.735046387397695e-07,0.5918008218453666,0.0028861538461538473,0.0,0.0,0.8523809523809526,0.8583333333333332,0.8194444444444444,0.35833333333333317,0.09952254641909819,0.0,0.7166666666666663,0.027461228783691744,0.3319679309910442
BEX1,0.06286826760193152,0.12112181716546444,-0.058253549563532916,down_in_CKD,-2.055046721349588,-6.12990393603734,1.1469156470100656e-06,0.0005941432664243215,34.553593856697475,1.7359359857747086e-06,0.38620963654664336,0.0010000000000000009,0.0,0.0,0.8857142857142858,0.8916666666666666,0.8833333333333332,0.3916666666666666,0.03448275862068969,0.0,0.7833333333333332,0.017921217403184052,0.330710680262246
HSF1,0.18327616555911402,0.27349997939594783,-0.09022381383683381,down_in_CKD,-1.7297133497803872,-5.214643534293542,1.762430143466962e-05,0.0027195797054242856,24.479249501523995,2.4953167322187298e-05,0.4003750760084693,8.868788275308314e-19,0.0,0.0,0.9047619047619048,0.9083333333333332,0.9527777777777778,0.4083333333333332,3.0582028535545914e-17,0.0,0.8166666666666664,0.01857853378316093,0.3303823734232988
NDUFAF4,0.16853849180025582,0.27636469590025936,-0.10782620410000354,down_in_CKD,-1.8758412999105853,-5.816079035478404,1.0811577755079486e-05,0.0019977316603494006,28.79002294732011,7.526437527462623e-06,0.5460064394770165,0.0027887290520543346,0.0,0.0,0.8523809523809524,0.8583333333333332,0.8527777777777779,0.35833333333333317,0.0961630707604943,0.0,0.7166666666666663,0.025336240164541574,0.3301991430037726
ARRDC3,0.34711712415066304,0.20960542095004875,0.1375117032006143,up_in_CKD,1.7334209258758346,4.726428470499132,0.00011037761118112659,0.008338683594699173,24.584302687616475,2.4206554717065527e-05,0.49553897570953853,0.0028036545644517332,0.0,0.0,0.8523809523809526,0.8583333333333332,0.8833333333333332,0.35833333333333317,0.09667774360178391,0.0,0.7166666666666663,0.022994407376391926,0.3299366455826585
SEMA4D,0.1601523415178681,0.09139823242257455,0.06875410909529356,up_in_CKD,1.6107524724777393,4.235735760741343,0.0006866961700749812,0.023352619611442485,21.227919771216683,6.596700927325111e-05,0.18070006230451058,0.001999999999999999,0.0,0.0,0.880952380952381,0.875,0.9333333333333332,0.375,0.06896551724137928,0.0,0.75,0.008384993006089669,0.3292632054977697
TPBG,0.06896611088544079,0.02432287003703179,0.044643240848409,up_in_CKD,1.8300362459769277,4.826557288183713,0.0001941776772058871,0.011444248103122463,27.401176322094482,1.0959910686133156e-05,0.15861099157613825,0.0020000000000000013,0.0,0.0,0.8761904761904763,0.875,0.875,0.375,0.06896551724137936,0.0,0.75,0.007359997766982889,0.3290582064499483
ANKRD9,0.18178516134371356,0.2915866123040931,-0.10980145096037955,down_in_CKD,-1.8604450115528663,-5.52465583746035,5.5824992615522825e-06,0.0013557771628166075,28.319364335552283,8.539778301928308e-06,0.5858353142092309,0.0012117248352102945,0.0,0.0,0.880952380952381,0.8833333333333332,0.9333333333333332,0.3833333333333332,0.041783615007251536,0.0,0.7666666666666664,0.027184412388783812,0.32881699514732393
TRIM59,0.019701136138992083,0.004336007625571145,0.015365128513420938,up_in_CKD,1.7179319121867274,4.512385902095594,0.00040134560220586184,0.017071900175941426,24.146918631078105,2.7481324394911557e-05,0.046661120351601484,0.003886153846153842,0.0,0.0,0.8428571428571429,0.8416666666666666,0.9,0.34166666666666656,0.13400530503978766,0.0,0.6833333333333331,0.0021652077083690103,0.3273684968909221
PRR26,0.006674950027988927,0.01742648290147327,-0.010751532873484345,down_in_CKD,-1.6780596252288054,-5.072288104299758,2.7364351795503364e-05,0.0035281770915002336,23.039051774915766,3.808443532604101e-05,0.04424639281761572,1.3621582494439414e-18,0.0,0.0,0.9095238095238095,0.9083333333333332,0.888888888888889,0.4083333333333332,4.6970974118756604e-17,0.0,0.8166666666666664,0.0020531575340311495,0.3270772981734728
MRPL54,0.5012187242708447,0.6254490696999775,-0.1242303454291328,down_in_CKD,-1.9371990539625763,-5.584568641523244,4.16519157962112e-06,0.001208322077248087,30.70423779278318,4.55084607739344e-06,0.7021987215685279,0.0008941454760496747,0.0,0.0,0.880952380952381,0.8833333333333332,0.8777777777777779,0.3833333333333332,0.030832602622402578,0.0,0.7666666666666664,0.032584002983435834,0.3255165083123148
HOXA3,0.09276497300017708,0.03454625322589621,0.05821871977428087,up_in_CKD,2.1976149433566285,5.8280784535304,2.239790750272487e-05,0.0031238620031444637,39.514184503072016,5.451736249061008e-07,0.3205349596671127,0.002999999999999998,0.0,0.0,0.8476190476190476,0.85,0.9444444444444444,0.35,0.1034482758620689,0.0,0.7,0.014873726996766427,0.3243540557441808
KANSL1L,0.2159020436384984,0.12197748362500499,0.09392456001349342,up_in_CKD,1.9742719235483301,5.270961970045963,5.5723885557522266e-05,0.005424664161153426,31.890678775455463,3.3591256784722657e-06,0.4201211811917535,0.0028927710843373506,0.0,0.0,0.8523809523809524,0.85,0.9083333333333332,0.35,0.09975072704611554,0.0,0.7,0.019494808806798353,0.32379925257980585
BMP4,0.04773745275015194,0.019025285979816117,0.028712166770335824,up_in_CKD,1.7589259403402484,4.680613429865772,0.00021230431044369453,0.012161320646771508,25.313076520378587,1.964006799134935e-05,0.09671340371765792,0.0019999999999999974,0.0,0.0,0.8571428571428571,0.8666666666666666,0.95,0.3666666666666666,0.06896551724137923,0.0,0.7333333333333332,0.004487774953840986,0.32181709522065316
NEDD9,0.16000430161859708,0.3235088324969938,-0.16350453087839673,down_in_CKD,-1.9988962419082663,-5.99346679252231,1.9014491836768061e-06,0.0007994353741806398,32.69115970294083,2.746168746107553e-06,1.0122589540572262,0.0008936915887850486,0.0,0.0,0.8761904761904763,0.8749999999999998,0.875,0.3749999999999998,0.03081695133741547,0.0,0.7499999999999996,0.046971673069033666,0.3217211151487727
IKZF2,0.042080681328424574,0.017990905214037838,0.024089776114386736,up_in_CKD,2.1152498288823227,5.634774939874074,2.8149885580502506e-05,0.003555714118632119,36.6077604975275,1.0631283980531885e-06,0.12479471450199439,0.000999999999999999,0.0,0.0,0.8857142857142858,0.8833333333333332,0.9083333333333332,0.3833333333333332,0.03448275862068962,0.0,0.7666666666666664,0.00579082704760119,0.32161793552446266
TRDMT1,0.03819298808871975,0.022440675046081913,0.015752313042637838,up_in_CKD,1.713016576593959,4.572155182016602,0.0002506327740710116,0.013316587501465285,24.008938295610175,2.8610072321290445e-05,0.050611330752006925,1.5161483180037284e-18,0.0,0.0,0.9047619047619048,0.8999999999999998,0.8861111111111111,0.3999999999999998,5.228097648288719e-17,0.0,0.7999999999999996,0.0023485086223673977,0.3204697017244733
EMD,0.14127669202436785,0.24168761509621678,-0.10041092307184893,down_in_CKD,-1.9259198019816524,-5.832667160820924,3.962230014183435e-06,0.0011783676210816779,30.34773068453221,4.99158187683568e-06,0.5663656327358448,0.0018945835760046602,0.0,0.0,0.8523809523809524,0.8583333333333332,0.9583333333333333,0.35833333333333317,0.06533046813809174,0.0,0.7166666666666663,0.026280964205628095,0.31805504676302887
GNG7,0.086425494134231,0.14345036093848706,-0.05702486680425606,down_in_CKD,-2.2348828315207236,-6.689899865179419,2.8303586150040334e-07,0.000221915414652073,40.8657376687589,4.035150679917052e-07,0.46565610328977836,0.004314734056176895,0.0,0.0,0.8142857142857143,0.8166666666666667,0.9277777777777778,0.31666666666666665,0.1487839329716171,0.0,0.6333333333333333,0.02160775773695069,0.31716845806937033
DCDC1,0.0186411024337761,0.006874567476957777,0.011766534956818325,up_in_CKD,1.917714337112864,5.087879678760811,9.767814595577082e-05,0.007827743133085392,30.08968591719463,5.338881871689903e-06,0.04752978080242987,0.003127423822714679,0.0,0.0,0.8476190476190476,0.8416666666666666,0.9111111111111111,0.34166666666666656,0.10784220078326481,0.0,0.6833333333333331,0.002205516005510538,0.3169113168477413
KLF6,0.3492260578390296,0.8752952175136586,-0.526069159674629,down_in_CKD,-1.9829019896567268,-6.10804453705486,4.096574754369655e-06,0.0012004205416592292,32.1700933684195,3.1300532228087698e-06,3.0466746038031216,0.001,0.0,0.0,0.8285714285714285,0.8416666666666666,0.8166666666666668,0.34166666666666656,0.03448275862068966,0.0,0.6833333333333331,0.1413743023600635,0.31540129725362187
WDR5B,0.03340178825325997,0.019486408277097928,0.013915379976162042,up_in_CKD,1.9579853029455434,5.27676429754748,4.1690518827695286e-05,0.0044913165817702765,31.36668910814252,3.838299788770045e-06,0.06396368404248516,0.001999999999999999,0.0,0.0,0.8476190476190476,0.8583333333333334,1.0,0.3583333333333334,0.06896551724137928,0.0,0.7166666666666668,0.0029680955086564993,0.31484649266494974
HRK,0.00507089726621334,0.0008411897539187278,0.004229707512294612,up_in_CKD,1.7517621281873383,4.659506235577441,0.00022429994104084121,0.01243999917670603,25.107304530693543,2.0828100128500405e-05,0.014116317024730866,0.001,0.0,0.0,0.8761904761904763,0.875,0.9277777777777778,0.375,0.03448275862068966,0.0,0.75,0.0006550369602233294,0.3139241108403206
ZDHHC2,0.2783042997292143,0.17225236223888063,0.10605193749033365,up_in_CKD,1.6341039432774092,4.402479205479712,0.00030165534173721503,0.014857421840062153,21.847873888102725,5.4533352926615485e-05,0.3168019969109975,0.0,0.0,0.0,0.8809523809523808,0.8833333333333332,0.875,0.3833333333333332,0.0,0.0,0.7666666666666664,0.014700506986751863,0.30960676806401694
TMEM159,0.12467203343732841,0.06361521955078053,0.06105681388654788,up_in_CKD,2.1130966886391542,5.582841338411918,4.1222250976869976e-05,0.0044640360409861565,36.533271399854385,1.0819048484933198e-06,0.303229668276673,0.0028905380333951727,0.0,0.0,0.8380952380952381,0.8333333333333333,0.9444444444444444,0.33333333333333326,0.09967372528948872,0.0,0.6666666666666665,0.01407071262351926,0.30935029930716595
P2RY6,0.023283383768792323,0.007696580912609306,0.015586802856183017,up_in_CKD,1.806311864724615,4.757154610516952,0.00023121984448376103,0.012703953955443008,26.69532997618568,1.3315166873955215e-05,0.05338289260106291,0.0011058545239503257,0.0,0.0,0.8714285714285716,0.8666666666666666,0.9111111111111111,0.3666666666666666,0.03813291461897675,0.0,0.7333333333333332,0.0024771169162655857,0.30908192256417705
ZBTB16,0.03213709427177148,0.138615459539057,-0.10647836526728552,down_in_CKD,-2.261405019586879,-6.813722957818851,2.6347913682076525e-07,0.00021232027108806668,41.84143087592236,3.259107757187185e-07,0.8844263330489686,0.0009999999999999994,0.0,0.0,0.8523809523809524,0.8583333333333332,0.875,0.35833333333333317,0.034482758620689634,0.0,0.7166666666666663,0.04103987858355055,0.3086677458316525
TBXA2R,0.010358823719186174,0.03502503950079327,-0.024666215781607097,down_in_CKD,-1.7812029639204057,-5.439384777859778,1.4244079156601392e-05,0.0023748318180057838,25.958323625554122,1.6360740064362226e-05,0.11530297873103951,0.0010000000000000005,0.0,0.0,0.8714285714285713,0.8666666666666666,0.9222222222222222,0.3666666666666666,0.034482758620689676,0.0,0.7333333333333332,0.005350383712717397,0.30819651352415267
CRY2,0.07412523690021851,0.1016058369660506,-0.027480600065832098,down_in_CKD,-1.8143296369338968,-5.349975325845681,8.36495652665379e-06,0.001662105403001551,26.93284389373651,1.2467434269717413e-05,0.13857481553132522,4.186465988690692e-19,0.0,0.0,0.880952380952381,0.8833333333333332,0.9111111111111111,0.3833333333333332,1.44360896161748e-17,0.0,0.7666666666666664,0.006430262636502278,0.30795271919396705
COX7A1,0.3837776076167534,0.7418129629645929,-0.3580353553478395,down_in_CKD,-2.07109735651963,-6.015400602563111,1.1770785613948666e-06,0.0005990710362467558,35.09545303785762,1.5229703502125592e-06,2.389583860476243,0.0008927710843373492,0.0,0.0,0.8428571428571429,0.8416666666666666,0.861111111111111,0.34166666666666656,0.03078520980473618,0.0,0.6833333333333331,0.1108834369065843,0.3078241046365446
OLIG1,0.038315994798813244,0.06881226507272778,-0.030496270273914536,down_in_CKD,-1.6426666737265572,-4.710802941253666,5.1858888396986114e-05,0.005187677077229541,22.07744018976986,5.085331807092868e-05,0.11446890351998577,6.500110907042506e-19,0.0,0.0,0.8761904761904763,0.8833333333333332,0.8638888888888889,0.3833333333333332,2.2414175541525885e-17,0.0,0.7666666666666664,0.005311680268335331,0.30772900272033366
ITGB6,0.22289025704961998,0.08050084897705731,0.14238940807256267,up_in_CKD,1.8660109982749715,4.983257338064158,0.00010190970277074819,0.007990271560484877,28.489066737407647,8.158570887207513e-06,0.5572898215471342,0.0020184586628628595,0.0,0.0,0.8428571428571429,0.8416666666666666,0.9361111111111111,0.34166666666666656,0.06960202285733999,0.0,0.6833333333333331,0.025859820945512965,0.3063461066653719
CISH,0.07577132837297147,0.16613808399287272,-0.09036675561990125,down_in_CKD,-1.9826088339510937,-6.0375907760361915,2.8998273600828897e-06,0.0010259023380000565,32.160581905589304,3.137570968525645e-06,0.5354960080857404,0.0010000000000000013,0.0,0.0,0.8523809523809524,0.8583333333333332,0.9,0.35833333333333317,0.0344827586206897,0.0,0.7166666666666663,0.024848526477103425,0.30542947541036314
DSC2,0.09899214135111793,0.050586270318081744,0.04840587103303619,up_in_CKD,1.8026806862469011,4.89205114762999,8.316479393448824e-05,0.006873534678175225,26.588108099189437,1.3717815585022252e-05,0.18872837318351762,0.0021079646017699103,0.0,0.0,0.8476190476190476,0.8416666666666666,0.8972222222222224,0.34166666666666656,0.07268843454379001,0.0,0.6833333333333331,0.008757529294747646,0.3041602130097988
RAB3A,0.01994139618719807,0.03929455030409531,-0.01935315411689724,down_in_CKD,-1.895401826085439,-5.7749469234072235,5.686510024070964e-06,0.0013557771628166075,29.393575219047413,6.410745570930423e-06,0.10519707873557989,0.002112676056338025,0.0,0.0,0.8428571428571429,0.8416666666666666,0.9333333333333333,0.34166666666666656,0.07285089849441466,0.0,0.6833333333333331,0.004881441424034769,0.3034499810159061
PIP5K1B,0.03547619121253267,0.07169125228763445,-0.036215061075101786,down_in_CKD,-2.4233678177336673,-7.08650533298045,5.9183731965952514e-08,8.175809830153725e-05,48.04945838204101,8.941334514120004e-08,0.35872616385857803,0.0,0.0,0.0,0.8761904761904763,0.8749999999999998,1.0,0.3749999999999998,0.0,0.0,0.7499999999999996,0.016645906684784086,0.30332918133695663
ANKS1A,0.0685490854702984,0.11552597621017292,-0.04697689073987453,down_in_CKD,-1.8974240213422204,-5.800217797461472,6.064208664587986e-06,0.0013557771628166075,29.456328409907606,6.305302428594315e-06,0.255622626725737,0.0009999999999999994,0.0,0.0,0.8476190476190476,0.8583333333333332,0.8555555555555555,0.35833333333333317,0.034482758620689634,0.0,0.7166666666666663,0.01186161150117142,0.30283209241517667
SEL1L3,0.06359746416559478,0.01708782609472051,0.04650963807087427,up_in_CKD,2.326393782607858,6.113000605176464,1.855252270973651e-05,0.0027886460301008087,44.28088389618952,1.9350375876425258e-07,0.2764077525315074,2.5896064420133235e-18,0.0,0.0,0.8761904761904763,0.875,0.861111111111111,0.375,8.92967738625284e-17,0.0,0.75,0.012826100014841005,0.3025652200029683
SOCS2,0.10385082958171814,0.21838629144226906,-0.11453546186055093,down_in_CKD,-2.218846353238115,-6.590725997264077,2.9515402227932444e-07,0.00022532679437692636,40.28137477591158,4.592438911885432e-07,0.9268837151883209,0.0009999999999999992,0.0,0.0,0.8476190476190476,0.8499999999999999,0.9,0.34999999999999987,0.03448275862068963,0.0,0.6999999999999997,0.04301002097174418,0.30239510764262456
PIK3CG,0.015585794543502486,0.0036040943470406115,0.011981700196461874,up_in_CKD,1.766353196774377,4.702408184457857,0.0002006549466666614,0.011712273647484601,25.527302310723233,1.8479671756396955e-05,0.04087511217770292,0.003999999999999998,0.0,0.0,0.8190476190476191,0.8083333333333332,0.8666666666666668,0.30833333333333324,0.13793103448275856,0.0,0.6166666666666665,0.0018967205952347607,0.302218424578817
TMEM204,0.05669812432483412,0.1869658659676649,-0.13026774164283078,down_in_CKD,-2.1009321404826644,-6.385292295887277,1.1269732766629865e-06,0.0005941432664243215,36.11385702747058,1.1944390483549309e-06,0.8829333511213937,0.001,0.0,0.0,0.8476190476190476,0.85,0.9333333333333333,0.35,0.03448275862068966,0.0,0.7,0.040970600007432315,0.3019872234497623
SH3BGR,0.04944980696497714,0.08200866625366891,-0.032558859288691774,down_in_CKD,-1.8009754355037442,-5.446854258215775,1.0353684941051456e-05,0.0019564876618663033,26.537829703264656,1.391107996763432e-05,0.15882156813768192,0.0009999999999999987,0.0,0.0,0.8571428571428571,0.8583333333333332,0.8583333333333334,0.35833333333333317,0.03448275862068961,0.0,0.7166666666666663,0.0073697691138948475,0.3019337239377214
PLCH1,0.01473158003235635,0.006885439792423206,0.007846140239933144,up_in_CKD,1.6930882428606517,4.506536275140368,0.0003063401551390349,0.014961158081790242,23.453572893651565,3.367916417396496e-05,0.02424414135444558,0.0019999999999999987,0.0,0.0,0.8476190476190476,0.8416666666666666,0.8055555555555556,0.34166666666666656,0.06896551724137927,0.0,0.6833333333333331,0.0011249965999076534,0.30114453954986653
UBE2B,0.47017295628583206,0.6240128295507058,-0.15383987326487375,down_in_CKD,-1.9290015018083007,-5.801371172047196,3.4597403824901977e-06,0.0011029348186378093,30.444928314371015,4.8670799962939545e-06,0.8776450599412396,0.0008895558223289318,0.0,0.0,0.8523809523809526,0.85,0.8722222222222221,0.35,0.03067433870099765,0.0,0.7,0.040725208367859804,0.30041477715397097
ADAM12,0.009595686023600867,0.002342507327592967,0.0072531786960079,up_in_CKD,1.9321951650197406,5.30034998454517,2.3802310393476262e-05,0.0032261414399629984,30.545821274119056,4.741339549566237e-06,0.03491469796366314,8.465450562766812e-19,0.0,0.0,0.880952380952381,0.875,0.8777777777777779,0.375,2.9191208837126936e-17,0.0,0.75,0.0016201405494907836,0.3003240281098982
BCL2L15,0.01078969407615184,0.001909308940547611,0.00888038513560423,up_in_CKD,1.7594984666342073,4.718194001769073,0.0001638842190582268,0.01054164344762563,25.329557897084673,1.9548090540682848e-05,0.03089210496284696,2.040414334453478e-18,0.0,0.0,0.8809523809523808,0.875,0.8916666666666666,0.375,7.035911498115441e-17,0.0,0.75,0.0014334808784977043,0.30028669617569964
MED9,0.04581667135734464,0.08871233528713682,-0.042895663929792174,down_in_CKD,-1.9502772819814616,-5.8870511059245505,3.085920114716544e-06,0.0010409597968363596,31.120212081379062,4.088438464530426e-06,0.24951681896094763,0.00410721312835301,0.0,0.0,0.7904761904761904,0.7999999999999999,0.9166666666666667,0.29999999999999993,0.1416280389087245,0.0,0.5999999999999999,0.011578284784227566,0.29896687252033527
PLEKHA1,0.2888670053350855,0.1917711386402878,0.09709586669479772,up_in_CKD,1.9080823508210665,5.132041472182816,6.080328114856975e-05,0.005769089091137679,29.78818574330329,5.777597607417202e-06,0.4147927414562427,0.00010796460176991158,0.0,0.0,0.8761904761904763,0.8666666666666666,0.95,0.3666666666666666,0.0037229173024107445,0.0,0.7333333333333332,0.01924755416091817,0.2986720110864812
TAL1,0.008114637055267448,0.04159404486698064,-0.033479407811713185,down_in_CKD,-1.8325750287162161,-5.697150847389802,1.5901192317457473e-05,0.002551814779319266,27.47725556624379,1.0733959231279767e-05,0.15909895009339142,0.0021104441776710683,0.0,0.0,0.819047619047619,0.8333333333333333,0.913888888888889,0.33333333333333326,0.07277393716107133,0.0,0.6666666666666665,0.007382640419687317,0.2972527696150326
IRF5,0.038566079530571194,0.01690724501690786,0.021658834513663336,up_in_CKD,1.94980048103461,5.251041221746523,4.5045646534405555e-05,0.0047519062035022005,31.10499749325924,4.104438165543049e-06,0.09810681337056015,0.001999999999999999,0.0,0.0,0.8238095238095238,0.8333333333333333,0.95,0.33333333333333326,0.06896551724137928,0.0,0.6666666666666665,0.004552433095322498,0.29516336018228284
F2RL1,0.1292447980803958,0.07973911964495255,0.04950567843544325,up_in_CKD,1.587196229669725,4.324708482221272,0.0002935144884989771,0.014652304557316082,20.611569857545557,7.990596575338606e-05,0.14411435578563261,0.001,0.0,0.0,0.8523809523809524,0.85,0.9416666666666667,0.35,0.03448275862068966,0.0,0.7,0.006687312942390082,0.29513056603675386
C1orf115,0.12913216606890085,0.18836765337754424,-0.05923548730864339,down_in_CKD,-1.852075736149826,-5.496947256834509,5.984190849660592e-06,0.0013557771628166075,28.065146174467532,9.14679686036922e-06,0.31462363024139745,0.0008725761772853182,0.0,0.0,0.8523809523809526,0.85,0.9444444444444443,0.35,0.030088833699493733,0.0,0.7,0.014599424623766762,0.29495541840455086
CASP2,0.07345110225840533,0.04705384803990485,0.026397254218500477,up_in_CKD,1.747843663799104,4.7353233915568484,0.00012458850255705957,0.008990827012886313,24.99510659794916,2.150797533041962e-05,0.09440815182119795,0.0010000000000000013,0.0,0.0,0.8476190476190476,0.85,0.85,0.35,0.0344827586206897,0.0,0.7,0.004380804758133371,0.29466926439990254
SLC41A2,0.03506129200669878,0.01777633453282568,0.0172849574738731,up_in_CKD,1.7615220274702454,4.747243827347915,0.00013680201868946523,0.00950482905316584,25.387853344878142,1.9226431054665515e-05,0.061567214630091266,4.91670196619712e-19,0.0,0.0,0.8761904761904763,0.8666666666666666,0.861111111111111,0.3666666666666666,1.6954144711024553e-17,0.0,0.7333333333333332,0.0028568925627030653,0.2939047118458739
MAPK15,0.02959943924895555,0.011299904085385967,0.01829953516356958,up_in_CKD,1.738606929157266,4.591528036911038,0.0003037373926504525,0.014918999654037878,24.731624079111754,2.3199425524538043e-05,0.05810374721174178,1.1787223618816759e-18,0.0,0.0,0.8761904761904763,0.8666666666666666,0.8916666666666666,0.3666666666666666,4.064559868557503e-17,0.0,0.7333333333333332,0.002696177897144508,0.2938725689127622
SPATA2,0.025797844523551206,0.03812057404179863,-0.012322729518247425,down_in_CKD,-1.6279524713507687,-4.896446189427834,3.942507878004887e-05,0.004382074848311179,21.683693855266974,5.733908044038902e-05,0.047309832429164304,1.5758636226002948e-18,0.0,0.0,0.8571428571428571,0.8666666666666666,0.925,0.3666666666666666,5.434012491725155e-17,0.0,0.7333333333333332,0.0021953097800781157,0.2937723952893489
SIK2,0.10297570946206805,0.17416942337055566,-0.07119371390848761,down_in_CKD,-2.2428998361510906,-6.698635232972992,2.5679597042399903e-07,0.00021232027108806668,41.15945188641754,3.7826762395614203e-07,0.5865073599599077,0.0019999999999999987,0.0,0.0,0.8190476190476191,0.825,0.8833333333333334,0.32499999999999996,0.06896551724137927,0.0,0.6499999999999999,0.027215597208796224,0.2930293263383109
MACC1,0.23821964542516774,0.1038930472099045,0.13432659821526324,up_in_CKD,1.6421519788712178,4.344704279864136,0.0004880718120769262,0.01899821907234383,22.063607359450835,5.1067383498996635e-05,0.37968958167892686,0.0010000000000000007,0.0,0.0,0.8428571428571429,0.8416666666666666,0.9222222222222222,0.34166666666666656,0.03448275862068968,0.0,0.6833333333333331,0.017618668451247366,0.29065017047185865
STX7,0.3061649641663406,0.24050924662128428,0.06565571754505631,up_in_CKD,1.6975401754703996,4.876373205947645,3.207344756302669e-05,0.00386079134358259,23.577076205476978,3.247432254741647e-05,0.2689726896865472,0.001999561900045015,0.0,0.0,0.8238095238095238,0.825,0.8777777777777779,0.32499999999999996,0.06895041034637983,0.0,0.6499999999999999,0.012481092109698338,0.2900763825604915
DLGAP1-AS1,0.0964450052006414,0.16437089365293203,-0.06792588845229063,down_in_CKD,-1.6933801262733905,-5.09479007762973,2.3235796854383646e-05,0.00317957767332863,23.46166024410832,3.359882603460945e-05,0.2872883307603015,0.0009852522336233466,0.0,0.0,0.8428571428571429,0.8416666666666666,0.9277777777777778,0.34166666666666656,0.0339742149525292,0.0,0.6833333333333331,0.013330989560462223,0.2895892172264374
SLC2A4,0.008242818835113833,0.019410645246734252,-0.011167826411620419,down_in_CKD,-2.00638296935019,-5.804954813601131,2.173202529821395e-06,0.00081876110896258,32.9365032520785,2.5830941664632636e-06,0.06916669115028486,0.0011072289156626525,0.0,0.0,0.8428571428571429,0.8416666666666666,0.9027777777777779,0.34166666666666656,0.03818030743664319,0.0,0.6833333333333331,0.003209529726515351,0.2892473622532936
TNFRSF11B,0.27012503428312334,0.09822480715142573,0.1719002271316976,up_in_CKD,2.1441420389914208,5.645172909398381,4.111012994861784e-05,0.0044640360409861565,37.61464159121144,8.40733000496931e-07,0.866259850010111,0.002016522402334055,0.0,0.0,0.8095238095238095,0.8166666666666667,0.9,0.31666666666666665,0.06953525525289846,0.0,0.6333333333333333,0.040196902486678086,0.2891868159318283
ZFP36,0.41986195449932745,1.0296103443450455,-0.6097483898457181,down_in_CKD,-1.63673898722084,-4.935239259104863,3.7322674141783507e-05,0.004212960221218441,21.918391464180274,5.337357888706556e-05,2.3706593506343094,0.001000000000000001,0.0,0.0,0.8238095238095238,0.8166666666666667,0.875,0.31666666666666665,0.034482758620689696,0.0,0.6333333333333333,0.11000528622614411,0.28912749402683807
SLC25A4,0.3771671843926359,0.6141733741895036,-0.23700618979686766,down_in_CKD,-1.6720155695884193,-5.042041682755922,2.8108434137228428e-05,0.003555714118632119,22.87338598592253,4.001359178498349e-05,0.9705139117744839,2.9874738160878298e-18,0.0,0.0,0.8476190476190476,0.8499999999999999,0.8694444444444445,0.34999999999999987,1.0301633848578724e-16,0.0,0.6999999999999997,0.04503458526111776,0.28900691705222353
FOXO1,0.10018505445798437,0.14305409113373257,-0.04286903667574821,down_in_CKD,-1.7281737242404296,-4.946505432918059,2.7071102444825625e-05,0.0035216712193918897,24.435690718541206,2.52699110284576e-05,0.18174946479305168,0.001000000000000001,0.0,0.0,0.8380952380952381,0.8416666666666666,0.8777777777777779,0.34166666666666656,0.034482758620689696,0.0,0.6833333333333331,0.008433688244014723,0.2888131744304121
FZD1,0.12303748126610324,0.06692372506240869,0.05611375620369455,up_in_CKD,1.6658897699871933,4.456721638993471,0.0003072033410333108,0.014978099030884616,22.706089574301686,4.206795144853786e-05,0.1705570898627061,9.35759406469774e-19,0.0,0.0,0.8523809523809524,0.8583333333333332,0.8777777777777779,0.35833333333333317,3.2267565740337035e-17,0.0,0.7166666666666663,0.007914330451241352,0.28824953275691484
TMEM139,0.16365775667715082,0.0808820945709051,0.08277566210624572,up_in_CKD,1.6183415359580002,4.29616451635915,0.0005067881005135833,0.019446987825263298,21.428421766420087,6.201195610163646e-05,0.22922412899323236,0.0018936915887850486,0.0,0.0,0.8238095238095238,0.825,0.9,0.32499999999999996,0.06529970995810513,0.0,0.6499999999999999,0.01063664668358707,0.2882472133199594
SERPINA4,0.020350859470820923,0.06451545835767422,-0.0441645988868533,down_in_CKD,-1.6196640192962344,-5.019952523140898,6.459320535522903e-05,0.005994208699538006,21.46345801693227,6.134721418872293e-05,0.15896286625994047,4.440892098500621e-19,0.0,0.0,0.8523809523809526,0.8583333333333332,0.8,0.35833333333333317,1.5313421029312488e-17,0.0,0.7166666666666663,0.007376325745651371,0.28814193181579684
SLC31A2,0.027216844286945537,0.0482619551539699,-0.021045110867024364,down_in_CKD,-2.1263029157019626,-6.340393712220901,6.421364328133664e-07,0.0004233722253617218,36.991342549003654,9.717845379532505e-07,0.15094837421502214,0.0,0.0,0.0,0.8571428571428571,0.8583333333333332,0.925,0.35833333333333317,0.0,0.0,0.7166666666666663,0.0070044306899055934,0.2880675528046477
EPHA7,0.05480768880675643,0.02057811634048957,0.03422957246626686,up_in_CKD,1.8140281756903145,4.973088031574286,5.370926915604441e-05,0.005281714909209655,26.92389454525907,1.249831027343876e-05,0.14140066582821526,6.004533938224797e-19,0.0,0.0,0.8523809523809524,0.8583333333333332,0.9,0.35833333333333317,2.0705289442154474e-17,0.0,0.7166666666666663,0.006561390067635919,0.28797894468019375
DNMT3B,0.011345741095647038,0.00545277469506344,0.005892966400583599,up_in_CKD,2.3743602829654358,6.564986505001757,8.528779966595489e-07,0.0005049385853692554,46.12570979992122,1.3196112920440918e-07,0.04612836972267681,0.0009999999999999992,0.0,0.0,0.8428571428571429,0.8416666666666666,0.8388888888888889,0.34166666666666656,0.03448275862068963,0.0,0.6833333333333331,0.002140486575235169,0.28755453409665616
MBNL1-AS1,0.009401735449237362,0.021983283040947914,-0.012581547591710552,down_in_CKD,-1.6032199724057443,-4.897266930826465,5.595500576680692e-05,0.005428945542792872,21.029844108441893,7.013970062673218e-05,0.045693027629492115,0.001,0.0,0.0,0.8523809523809524,0.8416666666666666,0.9222222222222222,0.34166666666666656,0.03448275862068966,0.0,0.6833333333333331,0.0021202854731433574,0.2875504938762378
VPS37B,0.09489729612140684,0.20352392914106038,-0.10862663301965354,down_in_CKD,-2.215646799194404,-6.787049707334816,6.415004957456935e-07,0.0004233722253617218,40.16528786274879,4.712609356055943e-07,0.8118745642584115,0.0,0.0,0.0,0.8428571428571429,0.85,0.8833333333333334,0.35,0.0,0.0,0.7,0.03767327169847329,0.2875346543396946
SLC12A8,0.021831340274540804,0.010704836021272444,0.01112650425326836,up_in_CKD,1.5687070245683783,4.177034087142722,0.000619509789967754,0.022051507984005576,20.134159600337792,9.285734589932429e-05,0.02891400137609156,0.001,0.0,0.0,0.8476190476190476,0.8416666666666666,0.8833333333333334,0.34166666666666656,0.03448275862068966,0.0,0.6833333333333331,0.0013416912878980395,0.28739477503918875
NOD2,0.004520589373358686,0.00037253426880223887,0.004148055104556447,up_in_CKD,1.8070377366940018,4.7967687435938435,0.00017617654288662647,0.010970560974842981,26.716789487750574,1.323610477051763e-05,0.01468984125011723,0.0009999999999999998,0.0,0.0,0.8523809523809524,0.8416666666666666,0.85,0.34166666666666656,0.03448275862068965,0.0,0.6833333333333331,0.0006816501033366044,0.2872627668022764
HTRA3,0.0026395548592565866,0.014641651526328008,-0.012002096667071421,down_in_CKD,-1.7455938657690917,-5.414244744012649,2.7003693514734114e-05,0.0035216712193918897,24.93080136172376,2.1908280415757808e-05,0.05139754150658896,0.0,0.0,0.0,0.8476190476190475,0.8583333333333332,0.8805555555555555,0.35833333333333317,0.0,0.0,0.7166666666666663,0.002384991020848111,0.2871436648708362
SEC14L1,0.2726386719131655,0.5088663537317395,-0.236227681818574,down_in_CKD,-2.2603029471478457,-6.666583803697114,2.0792004199820825e-07,0.0001827806187384249,41.800658832697394,3.288131382127674e-07,1.995927916590419,0.0011072289156626519,0.0,0.0,0.8142857142857143,0.8166666666666667,0.8833333333333334,0.31666666666666665,0.03818030743664317,0.0,0.6333333333333333,0.0926166898219826,0.28712879427238713
SEPT4,0.019521670102560004,0.04840640264614788,-0.028884732543587876,down_in_CKD,-1.7295082374641222,-5.186953773622414,1.6961258632637854e-05,0.002659708718555806,24.47344426464208,2.4995135143676388e-05,0.12864597481031181,0.0018620689655172416,0.0,0.0,0.8238095238095238,0.825,0.9277777777777778,0.32499999999999996,0.06420927467300834,0.0,0.6499999999999999,0.005969536397991193,0.2868776171488015
WNT7A,0.006717784848912394,0.0011418863636480443,0.005575898485264349,up_in_CKD,1.637210796507024,4.3434366527624615,0.00046404111366222156,0.01872299402968157,21.9310297543568,5.316851875159958e-05,0.015771349760818877,8.049116928532376e-19,0.0,0.0,0.8523809523809524,0.8583333333333332,0.875,0.35833333333333317,2.7755575615628883e-17,0.0,0.7166666666666663,0.0007318351513250102,0.28681303369693156
ARG2,0.15853319763321275,0.38689589517575906,-0.22836269754254632,down_in_CKD,-1.965476697635473,-5.788486179935842,2.381953573237205e-06,0.0008637559144951415,31.60717076412037,3.6099148869438996e-06,1.3750750293726843,2.9226621123257213e-18,0.0,0.0,0.8476190476190476,0.8416666666666666,0.8916666666666666,0.34166666666666656,1.0078145214916281e-16,0.0,0.6833333333333331,0.06380736319121179,0.28609480597157566
PRR15,0.04510005185357067,0.1096529053034995,-0.06455285344992884,down_in_CKD,-1.8941623364012319,-5.853322466185869,8.518455697131182e-06,0.0016810911549236434,29.355144190698866,6.4762476149168506e-06,0.339236898940866,0.001129172714078376,0.0,0.0,0.8285714285714285,0.8333333333333333,0.875,0.33333333333333326,0.038936990140633655,0.0,0.6666666666666665,0.015741549774527696,0.2853897726778256
TNFAIP8,0.15754999339819475,0.06959079509785818,0.08795919830033658,up_in_CKD,1.9967091600212548,5.291626602047336,6.65897649774235e-05,0.006079610653886344,32.619661115831875,2.7957316919838826e-06,0.38921554313323653,0.0030041357664561128,0.0,0.0,0.7904761904761904,0.7999999999999999,0.9166666666666666,0.29999999999999993,0.10359088849848666,0.0,0.5999999999999999,0.018060699954457714,0.28504849539028615
STAT1,0.2501106839252592,0.14169028991232102,0.10842039401293818,up_in_CKD,1.8276340781149985,4.903539613449845,0.00010746073935921588,0.008247185314314424,27.329288101259397,1.1178080458776598e-05,0.4128898636284574,0.0010000000000000005,0.0,0.0,0.8428571428571429,0.8333333333333333,0.9277777777777778,0.33333333333333326,0.034482758620689676,0.0,0.6666666666666665,0.019159255257896572,0.2842916211665218
PPTC7,0.09164825281730322,0.1440028484083924,-0.05235459559108917,down_in_CKD,-1.9720599055850685,-5.58505195331328,5.268174588408252e-06,0.00134389327395492,31.819256764496096,3.420503620191647e-06,0.29648599520661856,0.001999999999999999,0.0,0.0,0.8142857142857144,0.8166666666666667,0.9055555555555556,0.31666666666666665,0.06896551724137928,0.0,0.6333333333333333,0.013757787155721285,0.2836710976610293
KCNA5,0.006023267020954627,0.034766858684411504,-0.02874359166345688,down_in_CKD,-1.8721796231435348,-5.842336522171586,1.3939147389228433e-05,0.0023510154986134697,28.677735338022558,7.755956360874482e-06,0.14146106617226703,0.0020945835760046608,0.0,0.0,0.819047619047619,0.8166666666666667,0.9277777777777778,0.31666666666666665,0.07222701986222968,0.0,0.6333333333333333,0.00656419281410972,0.28353697984104714
FAS,0.057622481299838296,0.024780350658688395,0.0328421306411499,up_in_CKD,1.71093990763179,4.507483051242733,0.0003803111832812463,0.016615703956308667,23.950762097948832,2.9100716892510605e-05,0.09999067450329471,0.00298077615379077,0.0,0.0,0.7857142857142857,0.7999999999999999,0.9,0.29999999999999993,0.10278538461347483,0.0,0.5999999999999999,0.004639849570009729,0.28204212375939186
BTG2,0.24224759869948884,0.740876759244904,-0.4986291605454152,down_in_CKD,-1.7496353555822455,-5.449285704244478,2.963689454886408e-05,0.003658580046223604,25.046377179573355,2.1194403833323095e-05,2.12581292680679,0.00010630841121495574,0.0,0.0,0.8285714285714285,0.825,0.9,0.32499999999999996,0.003665807283274336,0.0,0.6499999999999999,0.09864372096060424,0.2811950671054305
GPR180,0.058208479119216366,0.03031383981000625,0.027894639309210115,up_in_CKD,1.7217244344098157,4.624504030951602,0.00019448515390690707,0.011444248103122463,24.253650229449264,2.664082334020196e-05,0.09324000053484016,8.881784197001249e-19,0.0,0.0,0.8523809523809524,0.85,0.9277777777777778,0.35,3.0626842058624995e-17,0.0,0.7,0.004326599240762499,0.2808653198481525
ANKRD45,0.0158107144454379,0.006200737275418856,0.009609977170019043,up_in_CKD,1.5946071871297482,4.216591145149361,0.0006451725029739303,0.022577146334467692,20.804498846556942,7.523211595118705e-05,0.025228603796164064,0.0010000000000000005,0.0,0.0,0.8428571428571429,0.8333333333333333,0.8111111111111111,0.33333333333333326,0.034482758620689676,0.0,0.6666666666666665,0.0011706784363347865,0.28069390580220943
VWDE,0.003946220260653821,0.00036682972692270003,0.003579390533731121,up_in_CKD,1.6613857429501335,4.375112032223235,0.0005025718452642303,0.019336351765404932,22.58347571081973,4.3644984346408614e-05,0.010190499475659138,0.0010000000000000002,0.0,0.0,0.8428571428571429,0.8333333333333333,0.9222222222222222,0.33333333333333326,0.03448275862068967,0.0,0.6666666666666665,0.00047286794338769524,0.28055434370362003
SAMD13,0.017952385440421704,0.008044347345143954,0.00990803809527775,up_in_CKD,1.9449550154727553,5.336777628685162,2.162607556329977e-05,0.0030603534248357387,30.95059100901239,4.270641029088866e-06,0.04845091234084453,3.255786033967568e-18,0.0,0.0,0.8428571428571429,0.85,0.8888888888888887,0.35,1.1226848392991615e-16,0.0,0.7,0.0022482591092416247,0.28044965182184833
RGS17,0.00435982903797908,0.0008104658133720888,0.0035493632246069912,up_in_CKD,2.082815361921954,5.73272586051557,7.530543936274658e-06,0.0015493693588037435,35.493707715202476,1.3842778984334976e-06,0.020772252191349188,8.534839501805886e-19,0.0,0.0,0.8523809523809524,0.85,0.8166666666666667,0.35,2.9430481040709955e-17,0.0,0.7,0.0009638911416183061,0.2801927782283236
ATP4B,0.0012380464040819866,0.005297741332527311,-0.004059694928445325,down_in_CKD,-1.6739008214572861,-5.120064812384947,3.3257233968823465e-05,0.0039011716074381407,22.924996036980353,3.940165173754597e-05,0.016369098261547997,4.952465452984764e-19,0.0,0.0,0.8523809523809524,0.85,0.9194444444444445,0.35,1.7077467079257805e-17,0.0,0.7,0.0007595723691991688,0.2801519144738398
SYT8,0.005584436256408234,0.001226390136624911,0.004358046119783323,up_in_CKD,1.6581905420747354,4.467637368157367,0.00025969437533799163,0.013509346524364143,22.496693513122665,4.479923029926136e-05,0.013508916451545304,1.022330368508997e-18,0.0,0.0,0.8523809523809526,0.85,0.8833333333333332,0.35,3.525277132789645e-17,0.0,0.7,0.0006268518589394508,0.28012537037178786
CDCA2,0.001514715281341513,0.00016469666281963334,0.0013500186185218797,up_in_CKD,1.7535073848327531,4.6684371600184775,0.0002154983229978355,0.012161320646771508,25.15735757997001,2.0532227501136117e-05,0.004533363082283682,0.0,0.0,0.0,0.8476190476190476,0.8499999999999999,0.836111111111111,0.34999999999999987,0.0,0.0,0.6999999999999997,0.00021036084467395853,0.28004207216893473
MRPS36,0.4755730400423196,0.629896008693813,-0.15432296865149342,down_in_CKD,-1.5658472787991686,-4.380513390071788,0.00016794946685940866,0.010708162711189989,20.060817549731684,9.503804882425675e-05,0.4761118934458044,2.636759168494073e-18,0.0,0.0,0.8476190476190476,0.8416666666666666,0.925,0.34166666666666656,9.092272994807149e-17,0.0,0.6833333333333331,0.022092935916821363,0.2777519205166976
MT1M,0.15126607185407792,0.3807006400340252,-0.22943456817994728,down_in_CKD,-1.835140895907008,-5.5212949624202645,7.388802756472816e-06,0.00153106548546626,27.55425360952125,1.0510329721715384e-05,1.1852436212231447,0.002873408769448373,0.0,0.0,0.7952380952380953,0.7833333333333332,0.9083333333333332,0.2833333333333332,0.09908306101546115,0.0,0.5666666666666664,0.05499864996017982,0.277299621064887
GADD45B,0.3288445449951525,0.7886342083614896,-0.4597896633663371,down_in_CKD,-1.626097235217602,-4.996436758289004,5.1710514123688946e-05,0.005187677077229541,21.634299968582685,5.8213043623003755e-05,1.7084295064089872,0.0010000000000000013,0.0,0.0,0.8238095238095238,0.8083333333333332,0.95,0.30833333333333324,0.0344827586206897,0.0,0.6166666666666665,0.07927595198332703,0.27631496051160787
SEMA3B-AS1,0.024663271011852797,0.05035676216784329,-0.02569349115599049,down_in_CKD,-2.3558780896143934,-6.940046640814518,9.612772876044116e-08,0.00010328390412371845,45.410412871024064,1.529014852782263e-07,0.24127352510210007,9.046412856290026e-19,0.0,0.0,0.8428571428571429,0.8416666666666666,0.9277777777777777,0.34166666666666656,3.119452709065526e-17,0.0,0.6833333333333331,0.011195772678409363,0.2755724878690151
CCDC151,0.036378193751146135,0.062436678970808006,-0.02605848521966187,down_in_CKD,-1.7321578377289437,-5.166165365825985,1.6244602478140553e-05,0.002589318230169547,24.548488157502078,2.445837498467411e-05,0.1167621083655122,0.001,0.0,0.0,0.8190476190476191,0.825,0.925,0.32499999999999996,0.03448275862068966,0.0,0.6499999999999999,0.00541809144687088,0.27487672173765004
MESP1,0.055311636420807796,0.03012413446856877,0.025187501952239025,up_in_CKD,1.8278987645896771,4.946946641217738,7.833770623164068e-05,0.006684049581705576,27.337204583905645,1.1153829784554958e-05,0.100135616967931,0.0010000000000000005,0.0,0.0,0.8142857142857144,0.825,0.9444444444444444,0.32499999999999996,0.034482758620689676,0.0,0.6499999999999999,0.0046465753095405364,0.274722418510184
SLITRK2,0.011552560989754048,0.002190471513422911,0.009362089476331137,up_in_CKD,1.6038999585459204,4.198868381306607,0.0008031457678516606,0.025079934042386086,21.047686993829505,6.97525149726083e-05,0.024035482706655616,0.0020000000000000005,0.0,0.0,0.819047619047619,0.8083333333333333,0.85,0.30833333333333335,0.06896551724137934,0.0,0.6166666666666667,0.0011153142496081244,0.27447593641314005
CDT1,0.003807601041773707,0.0009822184079713444,0.0028253826338023626,up_in_CKD,2.0536172028852677,5.790153475865472,3.309436080107859e-06,0.0010787274234149325,34.50553867625164,1.7562991997056491e-06,0.017215800975800107,0.0,0.0,0.0,0.8476190476190476,0.8416666666666666,0.888888888888889,0.34166666666666656,0.0,0.0,0.6833333333333331,0.0007988617653770021,0.27349310568640867
TNFRSF11A,0.004095362493781141,0.0011675804836688724,0.0029277820101122685,up_in_CKD,1.6576589092104461,4.536498984828958,0.00016213200503664617,0.010498771129716753,22.482270485057175,4.499420050981396e-05,0.009603937300647854,2.0490553698238027e-18,0.0,0.0,0.8476190476190476,0.8416666666666666,0.8527777777777779,0.34166666666666656,7.065708171806217e-17,0.0,0.6833333333333331,0.0004456498026057726,0.27342246329385445
CCNB1IP1,0.19122858605734355,0.2609622083677899,-0.06973362231044633,down_in_CKD,-1.9909396331814047,-5.860527350571527,1.9325807502462276e-06,0.0007995571276150148,32.43142327886596,2.9308345694715855e-06,0.42999422906811047,0.00011384615384615479,0.0,0.0,0.8285714285714285,0.8333333333333333,0.8833333333333332,0.33333333333333326,0.0039257294429708555,0.0,0.6666666666666665,0.01995294609981452,0.27222754766381785
SNCG,0.1023218160027254,0.19498570840764806,-0.09266389240492266,down_in_CKD,-1.794435868295818,-5.2040788137949185,1.2015714649636431e-05,0.0021385023434721036,26.345455244399176,1.4677791473668977e-05,0.44394778472158936,0.0010000000000000007,0.0,0.0,0.819047619047619,0.8166666666666667,0.7833333333333334,0.31666666666666665,0.03448275862068968,0.0,0.6333333333333333,0.02060043047293741,0.2712465228761967
GSTCD,0.03888320120404498,0.025106809562407215,0.013776391641637766,up_in_CKD,2.173191985583327,5.941706067925694,5.739123273998937e-06,0.0013557771628166075,38.64079150530221,6.643080147163535e-07,0.08585867963059363,0.0012307775611869168,0.0,0.0,0.819047619047619,0.8166666666666667,0.8166666666666668,0.31666666666666665,0.042440605558169545,0.0,0.6333333333333333,0.003984085113382114,0.2711063925792776
MAP2K3,0.1486394360500029,0.24062018686074355,-0.09198075081074064,down_in_CKD,-1.5886150658545237,-4.851029877255307,6.233186225780896e-05,0.005878627991231786,20.648436770127052,7.898942665752726e-05,0.3259578700241371,0.001,0.0,0.0,0.8285714285714285,0.8166666666666667,0.9166666666666667,0.31666666666666665,0.03448275862068966,0.0,0.6333333333333333,0.01512536534617482,0.2701515098508442
GEM,0.02401929735174858,0.07750828424777544,-0.05348898689602685,down_in_CKD,-1.8116734834132688,-5.569429403741702,1.3223555429749139e-05,0.00228342466081561,26.854042995022652,1.2742124773240862e-05,0.2559650456180827,0.0020058815520762434,0.0,0.0,0.7904761904761906,0.7999999999999998,0.8972222222222221,0.2999999999999998,0.06916832938193943,0.0,0.5999999999999996,0.011877500704422679,0.2700428318936602
CEPT1,0.12048239241851004,0.07827446681668404,0.042207925601826,up_in_CKD,1.679613937037983,4.556530422656637,0.00018388863721223493,0.011203124940748415,23.08175163402737,3.7603459053811123e-05,0.13828823675286037,0.0011054164239953437,0.0,0.0,0.8238095238095238,0.8166666666666667,0.9333333333333332,0.31666666666666665,0.038117807723977375,0.0,0.6333333333333333,0.006416964572171386,0.26986384933735863
COQ10A,0.0655207633835299,0.09249234783971004,-0.026971584456180142,down_in_CKD,-1.8035957994001217,-5.4233471788950665,9.476652795858062e-06,0.0018086690632094892,26.615109335021714,1.361520964103576e-05,0.13341806010881158,0.003997766949057825,0.0,0.0,0.7571428571428571,0.7666666666666665,0.9166666666666666,0.2666666666666665,0.13785403272613192,0.0,0.533333333333333,0.006190974627408921,0.26971314134926777
CMTM8,0.05843789627680181,0.10847557873826275,-0.05003768246146094,down_in_CKD,-1.831761929688281,-5.441458492772184,7.084262910849476e-06,0.0015055656014022222,27.452878094089108,1.0805813323047817e-05,0.2586839238077987,0.0010000000000000015,0.0,0.0,0.8238095238095238,0.8166666666666667,0.8055555555555556,0.31666666666666665,0.03448275862068971,0.0,0.6333333333333333,0.012003664327801847,0.2695271696471696
JMJD6,0.059854782002456954,0.11841198293164726,-0.058557200929190305,down_in_CKD,-1.8332215565001253,-5.6873189134339555,1.4788412711856423e-05,0.0024493391200013388,27.496646797227893,1.067716628740881e-05,0.28028122006803724,1.7280566955593265e-18,0.0,0.0,0.8285714285714285,0.8333333333333333,0.8916666666666668,0.33333333333333326,5.958816191583884e-17,0.0,0.6666666666666665,0.013005839843310933,0.2692678346353288
STK32A,0.03624262624028686,0.02329575700014483,0.012946869240142031,up_in_CKD,1.5752822407833902,4.273143690210534,0.0003588486997931251,0.016235728043851618,20.303297493770767,8.802941191472967e-05,0.036497380308967264,0.0011244870041039667,0.0,0.0,0.8285714285714285,0.8166666666666667,0.8833333333333332,0.31666666666666665,0.03877541393461954,0.0,0.6333333333333333,0.0016935814782153857,0.26918221520282426
AVPI1,0.036828232497932475,0.0761289475600683,-0.039300715062135824,down_in_CKD,-1.832710214564125,-5.57844729582872,8.997496156006503e-06,0.0017401157565716577,27.481309613735576,1.0722059175853669e-05,0.19875238698509498,0.0009999999999999996,0.0,0.0,0.819047619047619,0.8166666666666667,0.8777777777777779,0.31666666666666665,0.03448275862068964,0.0,0.6333333333333333,0.009222671832869917,0.2689709711481832
PDLIM3,0.013875479991391042,0.04649796708439105,-0.03262248709300001,down_in_CKD,-1.9747061206559022,-6.10327315289967,4.890247922616673e-06,0.0013099642578916417,31.90470760600268,3.347208264589736e-06,0.1857056418059215,0.001,0.0,0.0,0.819047619047619,0.8166666666666667,0.9444444444444443,0.31666666666666665,0.03448275862068966,0.0,0.6333333333333333,0.008617266025675167,0.26884988998674425
SPSB1,0.013830207068196657,0.040592368169145555,-0.026762161100948898,down_in_CKD,-1.5865683640315058,-4.918070129403962,8.209159345919215e-05,0.00682371669412941,20.59526596700953,8.031490811659092e-05,0.09196746487337733,8.965259612386594e-19,0.0,0.0,0.8238095238095238,0.8333333333333333,0.9,0.33333333333333326,3.0914688318574467e-17,0.0,0.6666666666666665,0.004267549993710307,0.26752017666540867
RLN2,0.02509184819197494,0.013158096856967368,0.011933751335007571,up_in_CKD,2.030823058070645,5.630595451220046,7.782945037709713e-06,0.0015900227855208365,33.74380058065696,2.115464105328725e-06,0.06782493405437351,0.0009797487546025555,0.0,0.0,0.8142857142857143,0.8166666666666667,0.8444444444444444,0.31666666666666665,0.033784439813881226,0.0,0.6333333333333333,0.0031472684094930657,0.2674765629407844
ATF3,0.07742936525367666,0.5154486781087682,-0.4380193128550915,down_in_CKD,-1.5699806167258874,-4.906850957905486,0.00011087208607511701,0.008354283680621155,20.166865665504524,9.190217046120025e-05,1.429065273664311,0.0010000000000000015,0.0,0.0,0.8,0.8,0.8833333333333332,0.30000000000000004,0.03448275862068971,0.0,0.6000000000000001,0.0663126629404696,0.26705563603636984
EIF4H,0.26043390794649196,0.3960425515670713,-0.13560864362057934,down_in_CKD,-1.6995042472336173,-4.999709096276444,2.2244883102140882e-05,0.0031175075304014834,23.6316656157145,3.1956507437443054e-05,0.5775958316878838,0.00011267605633802942,0.0,0.0,0.8190476190476191,0.8249999999999998,0.9222222222222222,0.32499999999999984,0.0038853812530354973,0.0,0.6499999999999997,0.026802077139785014,0.2669145679291711
WFDC2,1.487985768992105,0.7588548440418017,0.7291309249503033,up_in_CKD,1.6631589641903648,4.429956049296075,0.00035607337666367263,0.016235728043851618,22.63170878318264,4.301721956634946e-05,2.170090440116291,3.5487485965696973e-19,0.0,0.0,0.8142857142857143,0.8083333333333333,0.8472222222222221,0.30833333333333335,1.2237064126102405e-17,0.0,0.6166666666666667,0.10069832257331184,0.26680633118132907
TGM7,0.00030247552400592,0.0024939431885339447,-0.0021914676645280245,down_in_CKD,-1.7899269241067943,-5.538797674165249,1.8502062667690373e-05,0.0027886460301008087,26.213223220710628,1.5230869966819534e-05,0.010020615518643226,0.0,0.0,0.0,0.8238095238095238,0.8333333333333333,0.9194444444444443,0.33333333333333326,0.0,0.0,0.6666666666666665,0.00046498484820079497,0.26675966363630677
C11orf96,0.06912565621918124,0.24553766772330418,-0.17641201150412295,down_in_CKD,-1.6379289436645574,-5.103786581949532,6.456763091775315e-05,0.005994208699538006,21.950273654951665,5.285789406779341e-05,0.6421251339552216,0.0010000000000000007,0.0,0.0,0.8142857142857143,0.8083333333333332,0.9388888888888889,0.30833333333333324,0.03448275862068968,0.0,0.6166666666666665,0.029796418930811436,0.26641905390110476
EIF1,2.1275035119493904,2.5300941177538117,-0.4025906058044213,down_in_CKD,-1.638449912860387,-4.705840725525365,5.2053049876941266e-05,0.005189206106288887,21.9642391386999,5.2633684000888416e-05,1.5071755111376897,0.0008947368421052659,0.0,0.0,0.7952380952380953,0.8,0.8583333333333332,0.30000000000000004,0.030852994555353997,0.0,0.6000000000000001,0.06993719846395256,0.2663286375149322
IDI1,0.18147986146021663,0.34573799103732583,-0.1642581295771092,down_in_CKD,-2.163966670024041,-6.630391416433874,9.339650424961228e-07,0.0005248316824227265,38.31342340070402,7.158646719850939e-07,1.1658659813366992,0.0008941454760496764,0.0,0.0,0.7904761904761906,0.7999999999999998,0.9777777777777779,0.2999999999999998,0.030832602622402637,0.0,0.5999999999999996,0.05409947276649097,0.2631529356022591
HES4,0.19513864828616603,0.3951653049624782,-0.20002665667631217,down_in_CKD,-1.828484300331271,-5.406668773747703,7.3358734624840065e-06,0.0015310337348680648,27.35472139001948,1.1100369505510013e-05,1.0295794418237565,2.89497262141394e-18,0.0,0.0,0.819047619047619,0.8166666666666667,0.8694444444444445,0.31666666666666665,9.982664211772207e-17,0.0,0.6333333333333333,0.047775392597030716,0.26288841185273953
CX3CR1,0.03747663552496747,0.008710864943024598,0.028765770581942875,up_in_CKD,1.858201459222532,4.865058200178808,0.00021591469525693234,0.012161320646771508,28.251103606827936,8.698431645663232e-06,0.10236275254330734,0.001999999999999999,0.0,0.0,0.7952380952380953,0.7916666666666666,0.8666666666666666,0.29166666666666663,0.06896551724137928,0.0,0.5833333333333333,0.0047499206874279795,0.2618695243673706
AGPS,0.1262316799133238,0.08422984727081126,0.04200183264251253,up_in_CKD,1.8268999775073418,5.002688206754631,5.1348799740026736e-05,0.005187677077229541,27.307337954860852,1.1245615229916291e-05,0.17533731798472033,6.2796989830360405e-19,0.0,0.0,0.8238095238095238,0.825,0.9027777777777779,0.32499999999999996,2.165413442426221e-17,0.0,0.6499999999999999,0.008136146530657293,0.2616272293061314
GRPEL1,0.16795722052570963,0.2296687781615844,-0.06171155763587477,down_in_CKD,-1.6605907618558808,-4.784389775235823,4.0902832205667126e-05,0.0044640360409861565,22.561868277499862,4.39293748530208e-05,0.2408503653516149,0.0018771186440677955,0.0,0.0,0.7952380952380953,0.7916666666666666,0.8083333333333332,0.29166666666666663,0.06472822910578606,0.0,0.5833333333333333,0.011176136871409488,0.26145985234992963
TP53INP1,0.10501017409089478,0.06361630556505665,0.04139386852583812,up_in_CKD,1.6621349403483765,4.4562385206511514,0.00029437504482881475,0.014652304557316082,22.60384821758374,4.337864676285276e-05,0.12618969771320196,1.0408035849535386e-18,0.0,0.0,0.8238095238095238,0.825,0.85,0.32499999999999996,3.588977879150133e-17,0.0,0.6499999999999999,0.005855558206630214,0.261171111641326
EPG5,0.07914143343986664,0.05061651641886242,0.028524917021004223,up_in_CKD,1.7978249205408126,5.001702073723639,3.5995510965296546e-05,0.0041273904075227385,26.445063640234736,1.427532573290909e-05,0.12227484979881693,3.7143490897385717e-19,0.0,0.0,0.8190476190476191,0.825,0.8527777777777776,0.32499999999999996,1.2808100309443352e-17,0.0,0.6499999999999999,0.0056738982118112544,0.2611347796423622
RHOB,0.5787094934679027,0.9664895699118902,-0.3877800764439875,down_in_CKD,-1.6965905341323986,-4.777097876918828,5.28781423234461e-05,0.005217669757833917,23.55070451324447,3.272767550766528e-05,1.501681298992004,0.0,0.0,0.0,0.8238095238095238,0.8083333333333332,0.875,0.30833333333333324,0.0,0.0,0.6166666666666665,0.06968225151026579,0.26060311696871974
DNAJC22,0.03565015844667361,0.017855751826516317,0.017794406620157292,up_in_CKD,1.5774688961156298,4.378777091220689,0.00018868720555363384,0.01127175616584669,20.359702785373056,8.647954587589442e-05,0.054680835740528205,0.0,0.0,0.0,0.819047619047619,0.825,0.85,0.32499999999999996,0.0,0.0,0.6499999999999999,0.0025373451420222454,0.2605074690284044
MMP7,0.42805640014055263,0.14754696377971604,0.2805094363608366,up_in_CKD,1.5819513000485952,4.2112050120956255,0.0005779389479176622,0.02126297666596728,20.475572037753608,8.338643052184837e-05,0.7421206143825251,0.0,0.0,0.0,0.8142857142857143,0.8166666666666667,0.8555555555555555,0.31666666666666665,0.0,0.0,0.6333333333333333,0.034436491509262264,0.26022063163518583
SLC7A10,0.00023930128213298,0.0034130518622201445,-0.0031737505800871644,down_in_CKD,-1.5822656651927136,-4.887951740246219,7.905058222983044e-05,0.006708959461107367,20.483710652026968,8.317365746449273e-05,0.010913921762883095,7.948494271569955e-19,0.0,0.0,0.8190476190476191,0.8249999999999998,0.8166666666666667,0.32499999999999984,2.7408600936448122e-17,0.0,0.6499999999999997,0.0005064367797315378,0.26010128735594623
RPS20,0.6066999809703232,0.7837238714463661,-0.17702389047604294,down_in_CKD,-1.676893084898662,-4.732842992911166,5.76713111111267e-05,0.005558288157255102,23.00703069420778,3.844943087250788e-05,0.6694145576617186,8.187894806610524e-19,0.0,0.0,0.8238095238095238,0.8166666666666667,0.775,0.31666666666666665,2.8234120022794915e-17,0.0,0.6333333333333333,0.031062725228667556,0.25954587837906684
IER3,0.3959700543927637,0.8446288518479094,-0.44865879745514564,down_in_CKD,-1.7456073899050861,-5.312674796034645,1.7595769580124247e-05,0.0027195797054242856,24.931187670201112,2.1905852021652244e-05,2.0092523061417182,2.210372441785675e-18,0.0,0.0,0.7952380952380953,0.8,0.8916666666666668,0.30000000000000004,7.621973937191983e-17,0.0,0.6000000000000001,0.09323497911183234,0.25864699582236655
C17orf107,0.0037881248989163,0.009476931258902832,-0.005688806359986533,down_in_CKD,-1.7286632668073632,-5.278962056003596,2.126940855236884e-05,0.003039534690168571,24.449536554619943,2.5168766593904844e-05,0.024754151927955475,0.001789320418109923,0.0,0.0,0.7904761904761904,0.7916666666666666,0.8333333333333334,0.29166666666666663,0.06170070407275597,0.0,0.5833333333333333,0.001148662530275213,0.25824334746849076
MDM4,0.446416628928475,0.27800863836324036,0.16840799056523464,up_in_CKD,1.6239165986317516,4.379429344584808,0.0003118947724034705,0.015143158737484308,21.576314612550412,5.9257204575324277e-05,0.4976753651667238,1.3533860023012087e-18,0.0,0.0,0.8142857142857144,0.8166666666666667,0.9,0.31666666666666665,4.666848283797272e-17,0.0,0.6333333333333333,0.023093541878219572,0.2579520417089773
GOT1,0.3056721986558246,0.43302204652793397,-0.12734984787210935,down_in_CKD,-1.6911548190304058,-5.088327796597784,2.3666406136674066e-05,0.0032232978498822284,23.40003781578898,3.421616788692064e-05,0.5366331209285138,0.0018941454760496735,0.0,0.0,0.7666666666666667,0.7833333333333332,0.8083333333333333,0.2833333333333332,0.06531536124309219,0.0,0.5666666666666664,0.024901291723070648,0.2577730695085176
PLAT,0.09410660669455287,0.238928914200439,-0.14482230750588612,down_in_CKD,-1.9148877589214792,-5.683412637549818,3.553178645666178e-06,0.0011147086759929795,30.001051057641753,5.464045865776909e-06,0.8188766697587312,0.00022814451382694123,0.0,0.0,0.8142857142857143,0.8083333333333332,0.8555555555555555,0.30833333333333324,0.007867052200929009,0.0,0.6166666666666665,0.037998189160588725,0.25741312537915595
XRCC4,0.08394195005443213,0.0571762501826146,0.026765699871817525,up_in_CKD,2.1958864275159082,6.161947784123392,1.3948170193709295e-06,0.0006743940288658443,39.45204983903382,5.528466435236738e-07,0.18637881122614508,0.001999999999999999,0.0,0.0,0.7904761904761906,0.7833333333333332,0.8944444444444445,0.2833333333333332,0.06896551724137928,0.0,0.5666666666666664,0.008648502987126659,0.25598257416064363
BEX5,0.1273587196202709,0.19524168681654172,-0.06788296719627082,down_in_CKD,-1.6649021944184734,-4.8249114892080165,3.56395523914386e-05,0.004104793859444595,22.67917622983185,4.240881992570086e-05,0.269742233840776,1.013681892049055e-18,0.0,0.0,0.8238095238095238,0.8166666666666667,0.8277777777777778,0.31666666666666665,3.4954548001691556e-17,0.0,0.6333333333333333,0.012516801130872952,0.25583669355950794
PPIF,0.15727719401675394,0.22107987851649058,-0.06380268449973664,down_in_CKD,-1.6779621232007376,-4.967062130107388,2.569638954285743e-05,0.003435263873909189,23.036374529151768,3.811481006706495e-05,0.26379638569789177,5.836601043743676e-19,0.0,0.0,0.819047619047619,0.8166666666666667,0.9166666666666666,0.31666666666666665,2.012621049566785e-17,0.0,0.6333333333333333,0.012240896991950521,0.25578151273172345
PRKACB,0.22763303037766155,0.14780916528810553,0.07982386508955602,up_in_CKD,1.7071537710830216,4.562458837665814,0.00024884210639946567,0.013245705516786237,23.84487816646076,3.0016907351605595e-05,0.2559078545430275,9.670626872392806e-19,0.0,0.0,0.8238095238095238,0.8166666666666667,0.9,0.31666666666666665,3.3346989215147607e-17,0.0,0.6333333333333333,0.011874846877090067,0.2557083027087514
MAP3K6,0.03553711060311871,0.08212265482474061,-0.0465855442216219,down_in_CKD,-1.8814005745197544,-5.686901221409,5.434569882432429e-06,0.001350448947774094,28.960920996572135,7.1909084016677766e-06,0.2515023101401349,2.1522202009989413e-18,0.0,0.0,0.819047619047619,0.8166666666666667,0.9333333333333333,0.31666666666666665,7.421448968961867e-17,0.0,0.6333333333333333,0.011670417179971198,0.25566741676932764
GALNT1,0.14370987311804792,0.10108041755059376,0.042629455567454164,up_in_CKD,1.9862989625732856,5.439719369909911,1.7820336181260996e-05,0.002735280172584029,32.280411016797636,3.0442487396043024e-06,0.2170214696669256,2.7650472497584317e-18,0.0,0.0,0.819047619047619,0.8166666666666667,0.925,0.31666666666666665,9.534645688822179e-17,0.0,0.6333333333333333,0.010070408842814488,0.2553474151018963
PIGH,0.12143078246288504,0.18276538478666376,-0.06133460232377873,down_in_CKD,-1.6220897686204299,-4.606862852760267,7.562913931079042e-05,0.006588592586804895,21.52779723378883,6.014623754118924e-05,0.21700882254813517,2.451557475543114e-18,0.0,0.0,0.8238095238095238,0.8166666666666667,0.8833333333333332,0.31666666666666665,8.453646467390049e-17,0.0,0.6333333333333333,0.010069821980799875,0.2553472977294934
STK40,0.05881032565474964,0.08795235800815164,-0.029142032353402,down_in_CKD,-1.9110969319332303,-5.883098369879053,6.686873555269532e-06,0.0014476582226743966,29.882384862910417,5.636538311753302e-06,0.15813173207015185,0.0010000000000000018,0.0,0.0,0.7857142857142858,0.7999999999999999,0.888888888888889,0.29999999999999993,0.03448275862068972,0.0,0.5999999999999999,0.007337758772958493,0.2552606552028675
RSPRY1,0.11989089661105362,0.09185847134816627,0.02803242526288735,up_in_CKD,1.768887990332982,4.818955462550044,9.020824515484185e-05,0.007330367484431266,25.60062045554391,1.8099512846239214e-05,0.10586034520146835,0.0019999999999999983,0.0,0.0,0.7904761904761906,0.7833333333333332,0.9111111111111111,0.2833333333333332,0.06896551724137925,0.0,0.5666666666666664,0.004912218860449132,0.25523531733530813
TMEM144,0.03272746350632798,0.022113737619189153,0.010613725887138825,up_in_CKD,1.6150130018554987,4.399944796441205,0.00024557584417872605,0.013119991233194923,21.34036633223708,6.371681497848013e-05,0.03226107571375815,0.00010526315789473725,0.0,0.0,0.819047619047619,0.8166666666666667,0.8416666666666666,0.31666666666666665,0.0036297640653357678,0.0,0.6333333333333333,0.0014970049859359623,0.2550846399566548
NDEL1,0.0585637103646541,0.10380420636686288,-0.04524049600220879,down_in_CKD,-1.6492542081618897,-5.013170362755811,3.662916141367548e-05,0.004167105774944022,22.25486817114302,4.8190927214296625e-05,0.17759147325984861,1.3131652628029603e-18,0.0,0.0,0.819047619047619,0.8166666666666667,0.85,0.31666666666666665,4.528156078630898e-17,0.0,0.6333333333333333,0.00824074569888967,0.2549814824731113
MST1R,0.00604824010739228,0.0013545130145426556,0.004693727092849624,up_in_CKD,1.7633014688408244,4.737100607347953,0.00015057403232668126,0.009986103154814675,25.439171481950808,1.8947941862225087e-05,0.01655791033695113,0.00010541642399534077,0.0,0.0,0.8190476190476191,0.8166666666666667,0.75,0.31666666666666665,0.0036350491032876133,0.0,0.6333333333333333,0.0007683337825131974,0.254941019731151
MBTD1,0.07067458558826493,0.04628117327198536,0.024393412316279575,up_in_CKD,1.6371940293203884,4.5168045903250755,0.00014667588191760535,0.009885614532265018,21.930580551619055,5.317579277177386e-05,0.08007303509120683,0.0010000000000000007,0.0,0.0,0.7904761904761904,0.8,0.836111111111111,0.30000000000000004,0.03448275862068968,0.0,0.6000000000000001,0.0037156148739157483,0.25453622642305906
ZNRF2,0.13367730707560904,0.1016134954430214,0.03206381163258765,up_in_CKD,1.66283212090074,4.856877232568299,3.246610841305219e-05,0.0038919082853828262,22.62281450972116,4.313225194323811e-05,0.1284846643609766,9.469938061237196e-19,0.0,0.0,0.8142857142857143,0.8166666666666667,0.8638888888888889,0.31666666666666665,3.2654958831852404e-17,0.0,0.6333333333333333,0.005962051137763637,0.2545257435608861
ETV4,0.03933627181785961,0.010846947176459678,0.028489324641399937,up_in_CKD,1.8327330691349604,4.888442993815352,0.00012879625012517278,0.00920290447322971,27.481995022097877,1.0720048652019722e-05,0.10631025504879321,9.481304630298832e-19,0.0,0.0,0.8095238095238095,0.8166666666666667,0.8388888888888889,0.31666666666666665,3.269415389758218e-17,0.0,0.6333333333333333,0.004933095947457728,0.2543199525228249
B3GALT5,0.008466600763667554,0.00035909032570816113,0.008107510437959393,up_in_CKD,1.919265113450036,5.009630626524522,0.00017721053542013988,0.010970560974842981,30.138370164870377,5.271437079202491e-06,0.03049494461573271,8.280413391995957e-19,0.0,0.0,0.8142857142857144,0.8166666666666667,0.8527777777777776,0.31666666666666665,2.855314962757227e-17,0.0,0.6333333333333333,0.001415051517210395,0.25361634363677543
EFCAB12,0.006045264868738367,0.0018738999815386724,0.004171364887199694,up_in_CKD,1.8758129540897577,5.173938128373975,2.8190770330416662e-05,0.003555714118632119,28.789152862344075,7.5281878995702705e-06,0.01916326349914638,2.1312316990572187e-18,0.0,0.0,0.8142857142857143,0.8166666666666667,0.8388888888888889,0.31666666666666665,7.349074824335237e-17,0.0,0.6333333333333333,0.0008892295241349505,0.2535111792381604
PAPPA-AS1,0.00268690278729046,0.00027438747629787225,0.0024125153109925876,up_in_CKD,2.2143873735789015,5.874910200019326,2.013833834090806e-05,0.002921065976348714,40.11963905671908,4.760777806441473e-07,0.013539695018385197,9.904930905969527e-19,0.0,0.0,0.8238095238095238,0.8166666666666667,0.95,0.31666666666666665,3.415493415851561e-17,0.0,0.6333333333333333,0.000628280071328526,0.2534589893475991
MSMP,0.002364146947855547,0.00038743839835701674,0.00197670854949853,up_in_CKD,1.6510695742126542,4.486077222699167,0.0002104695663905651,0.012114528017837883,22.303887863651628,4.7481883634720545e-05,0.0062554806541915845,5.366077952354921e-19,0.0,0.0,0.8238095238095238,0.8166666666666667,0.8,0.31666666666666665,1.8503717077085935e-17,0.0,0.6333333333333333,0.0002902719615377596,0.2533913877256409
RGS3,0.10370122265000667,0.22197687323261786,-0.11827565058261119,down_in_CKD,-2.1163822292075563,-6.434313076781756,1.0130566421180977e-06,0.0005526704423394592,36.64696696449991,1.0533853958955002e-06,0.815414401088647,0.0008947368421052645,0.0,0.0,0.7952380952380953,0.7916666666666666,1.0,0.29166666666666663,0.03085299455535395,0.0,0.5833333333333333,0.03783753012033374,0.25324203717954163
SPN,0.04567743851414066,0.014485691620897558,0.031191746893243104,up_in_CKD,1.6346761625235715,4.296544088027702,0.0006123151506505292,0.02192995372885414,21.863177642641002,5.427939201128328e-05,0.08458784103894663,0.00021570733556580728,0.0,0.0,0.819047619047619,0.8083333333333332,0.8277777777777778,0.30833333333333324,0.007438183985027838,0.0,0.6166666666666665,0.003925114615160195,0.25042696318370977
JPH2,0.004471118883560993,0.015244872272069212,-0.01077375338850822,down_in_CKD,-1.9669485216271647,-6.04807747630195,4.320494477718175e-06,0.0012287994588098456,31.654525800528727,3.566673797835451e-06,0.06167802535691867,0.0011063084112149539,0.0,0.0,0.7857142857142857,0.7916666666666666,0.9166666666666666,0.29166666666666663,0.03814856590396393,0.0,0.5833333333333333,0.002862034493245855,0.24916516659356805
HEY1,0.014040028613453161,0.029708860597111825,-0.015668831983658663,down_in_CKD,-1.6785196643338516,-4.93237349405404,2.6765179816832565e-05,0.0035133840112502837,23.051685792726214,3.794144402801797e-05,0.06454850244498567,0.001103760233440383,0.0,0.0,0.7904761904761906,0.7916666666666666,0.8055555555555556,0.29166666666666663,0.038060697704840794,0.0,0.5833333333333333,0.002995232733471263,0.2491566589619639
LONRF1,0.06264790766633854,0.11418894958069384,-0.051541041914355296,down_in_CKD,-1.9277482182782029,-5.8801258184072625,4.572228737217081e-06,0.0012753880352564186,30.405380670611887,4.917332974203477e-06,0.28757802766497603,0.001894145476049674,0.0,0.0,0.7761904761904762,0.7749999999999999,0.8166666666666667,0.2749999999999999,0.06531536124309222,0.0,0.5499999999999998,0.013344432314651693,0.24879503096016717
MIDN,0.20615482095808335,0.41172703180382114,-0.2055722108457378,down_in_CKD,-1.998463770273973,-6.040080095837999,2.1627295634414514e-06,0.00081876110896258,32.67701542716271,2.755898756667771e-06,1.2681633516639106,0.0002606680691018044,0.0,0.0,0.8,0.7916666666666666,0.85,0.29166666666666663,0.008988554106958773,0.0,0.5833333333333333,0.0588463595345185,0.2486980268830205
UNC5CL,0.04993977580053808,0.017610223526482685,0.032329552274055394,up_in_CKD,1.847905759833876,4.985757917427823,7.753807599550887e-05,0.006674481856995558,27.938910250040845,9.465171278136571e-06,0.12997357204320922,0.001000000000000002,0.0,0.0,0.7857142857142857,0.7916666666666667,0.8444444444444444,0.29166666666666674,0.034482758620689724,0.0,0.5833333333333335,0.006031140657396426,0.24833266491308856
TMEM63A,0.09971916210028252,0.06406527570950964,0.03565388639077288,up_in_CKD,1.8752196086915975,5.151689986033119,3.29206539919747e-05,0.0039011716074381407,28.770942933993826,7.564921056897988e-06,0.1610499691870058,2.0187581246670894e-18,0.0,0.0,0.7952380952380953,0.8083333333333332,0.95,0.30833333333333324,6.961234912645136e-17,0.0,0.6166666666666665,0.007473173213345881,0.24816130130933578
RNF217,0.06110143188240078,0.03412553045766074,0.026975901424740045,up_in_CKD,1.6854303451352404,4.489816178258862,0.00031215473716013847,0.015143158737484308,23.241890031567497,3.585658327424053e-05,0.08273828293858106,0.0010000000000000024,0.0,0.0,0.7904761904761906,0.7916666666666666,0.825,0.29166666666666663,0.03448275862068974,0.0,0.5833333333333333,0.003839289898012132,0.24789429476121164
RAP1GDS1,0.09869950722401045,0.07517635249458872,0.023523154729421736,up_in_CKD,1.6357928531890613,4.580624946318705,9.734222748078576e-05,0.007822432186198323,21.893058478999716,5.378716080289472e-05,0.08106211829000065,3.12285809747127e-18,0.0,0.0,0.8142857142857143,0.8083333333333333,0.85,0.30833333333333335,1.0768476198176793e-16,0.0,0.6166666666666667,0.003761511126515546,0.24741896889196988
RHOBTB2,0.02162023690333436,0.03460556473284257,-0.01298532782950821,down_in_CKD,-1.886155109360926,-5.51289471871503,4.967117144711499e-06,0.0013099642578916417,29.107481699195397,6.915858531806697e-06,0.07060506878777216,4.093947403305262e-19,0.0,0.0,0.819047619047619,0.8083333333333332,0.9027777777777779,0.30833333333333324,1.4117060011397457e-17,0.0,0.6166666666666665,0.003276274509425953,0.2473219215685518
NEXN,0.020132211752327944,0.05674459301732566,-0.03661238126499772,down_in_CKD,-1.586082082427605,-4.88303764846249,7.21698764736291e-05,0.006422233486196259,20.58264304525544,8.063305733414501e-05,0.12730819907681382,0.0018945835760046607,0.0,0.0,0.780952380952381,0.775,0.8722222222222221,0.275,0.06533046813809175,0.0,0.55,0.005907459827424249,0.24731367922072156
TIMP3,0.4370064689467202,0.7711972608708411,-0.3341907919241209,down_in_CKD,-1.7150733432779581,-4.9839234899745275,2.2508351115211536e-05,0.0031242452911592667,24.066626504912456,2.8132249771097818e-05,1.4359161907955895,0.0,0.0,0.0,0.7904761904761904,0.7916666666666666,0.9,0.29166666666666663,0.0,0.0,0.5833333333333333,0.06663056483545769,0.24665944630042486
MVD,0.07795358575950698,0.11664153556938807,-0.03868794980988109,down_in_CKD,-1.7189211840887058,-5.214026518910377,2.0615536451127743e-05,0.0029754065295881384,24.174736667254788,2.7259568578637197e-05,0.168013052157982,0.0008000000000000023,0.0,0.0,0.7952380952380953,0.7916666666666666,0.875,0.29166666666666663,0.027586206896551807,0.0,0.5833333333333333,0.00779627991993942,0.24592707207594192
C9orf24,0.04159540500506125,0.06988021529601936,-0.028284810290958105,down_in_CKD,-1.565989103276101,-4.606148846505152,6.798877125469393e-05,0.0061444057760083205,20.064451676559436,9.49287161362891e-05,0.09795641875485556,0.00030615106022548096,0.0,0.0,0.7857142857142858,0.7999999999999999,0.8333333333333334,0.29999999999999993,0.010556933111223483,0.0,0.5999999999999999,0.004545454360590733,0.2451318641166075
ITGA8,0.020380011966365644,0.07890001460465318,-0.058520002638287535,down_in_CKD,-2.0455328523857017,-6.1775888910536905,1.475072540383752e-06,0.0006901911999440749,34.234401683366066,1.8760661521858223e-06,0.3783898632559864,2.188575831284647e-18,0.0,0.0,0.8095238095238095,0.7999999999999999,0.9166666666666667,0.29999999999999993,7.54681321132637e-17,0.0,0.5999999999999999,0.01755835784732584,0.24351167156946515
DHRS3,0.19681576842344672,0.3696828125684126,-0.1728670441449659,down_in_CKD,-2.4047435568889513,-7.283728022325562,1.0577126910346714e-07,0.0001095865898818422,47.31374924508211,1.0364417198942306e-07,1.6462764497383187,0.00010630841121495416,0.0,0.0,0.7857142857142857,0.7833333333333332,0.9111111111111111,0.2833333333333332,0.0036658072832742817,0.0,0.5666666666666664,0.07639187469611271,0.24341136451919884
UAP1,0.09342702286470403,0.19045798904299016,-0.09703096617828613,down_in_CKD,-1.5986397428942714,-4.841592962582397,5.2505455595916055e-05,0.005216381050813441,20.909855680045062,7.280376190576792e-05,0.3540761005452727,2.0932329943453447e-18,0.0,0.0,0.7904761904761906,0.7999999999999998,0.9166666666666667,0.2999999999999998,7.218044808087396e-17,0.0,0.5999999999999996,0.016430130619946692,0.24328602612398925
FAM53B,0.057105797079785275,0.07747004286473833,-0.02036424578495305,down_in_CKD,-1.5699080454715384,-4.756246338361978,6.618314322662286e-05,0.006075863876595979,20.165001310114906,9.195633568137523e-05,0.07085803625397559,0.0011058545239503246,0.0,0.0,0.7857142857142858,0.7833333333333333,0.8083333333333332,0.2833333333333333,0.038132914618976714,0.0,0.5666666666666667,0.0032880129139833876,0.24257743509705404
PRICKLE2,0.04848554171729856,0.03245700550005932,0.016028536217239243,up_in_CKD,1.584715073735069,4.268320635834854,0.00041174762820856553,0.017336427713106655,20.547178894825738,8.153412187301063e-05,0.044731593315527646,0.00010796460176991128,0.0,0.0,0.8,0.8,0.8583333333333332,0.30000000000000004,0.003722917302410734,0.0,0.6000000000000001,0.002075672206852273,0.2419043013623348
MAP1LC3A,0.3069178459147517,0.47619682059198826,-0.16927897467723657,down_in_CKD,-1.8676122199785579,-5.653437045701143,6.20294221895601e-06,0.0013736439219230064,28.53798057992649,8.052094115720405e-06,0.9048538738109253,8.280413391995954e-19,0.0,0.0,0.7952380952380953,0.7916666666666666,0.8777777777777779,0.29166666666666663,2.855314962757226e-17,0.0,0.5833333333333333,0.04198777414172681,0.24173088816167868
TOB1,0.3397020137108277,0.5576245767149168,-0.21792256300408913,down_in_CKD,-1.6877389774644354,-5.190570424894007,3.32690120236299e-05,0.0039011716074381407,23.305605185885714,3.5185809888886244e-05,0.8859497959491314,0.0018927710843373489,0.0,0.0,0.761904761904762,0.7583333333333332,0.9,0.2583333333333332,0.06526796842542583,0.0,0.5166666666666664,0.041110571562844464,0.2409959683494058
ARNT,0.08735905500558952,0.06298646451762814,0.02437259048796138,up_in_CKD,1.9456308937450202,5.471143033577211,8.284949366703809e-06,0.001657561249159155,30.97210561114129,4.247058754018551e-06,0.13185293304554485,0.0018945835760046585,0.0,0.0,0.7619047619047619,0.7666666666666666,0.8444444444444444,0.2666666666666666,0.06533046813809168,0.0,0.5333333333333332,0.006118348313329307,0.2406891902512358
TTC30B,0.03600516165773512,0.023093936904831268,0.01291122475290385,up_in_CKD,1.5649702755371229,4.665863537241122,6.467381326974821e-05,0.005994208699538006,20.038352427120586,9.57169040391644e-05,0.04490244549408413,8.881784197001247e-19,0.0,0.0,0.7904761904761906,0.7999999999999998,0.8111111111111111,0.2999999999999998,3.062684205862499e-17,0.0,0.5999999999999996,0.002083600230251939,0.24041672004605028
UNC79,0.0036781731397544466,0.001060073985701989,0.002618099154052458,up_in_CKD,1.6544775996319976,4.702645966593857,5.748776949484824e-05,0.005558288157255102,22.396059226505916,4.617864918393843e-05,0.009767982653073671,1.1442014469418354e-18,0.0,0.0,0.7952380952380953,0.8,0.8916666666666666,0.30000000000000004,3.945522230833915e-17,0.0,0.6000000000000001,0.0004532619700573477,0.24009065239401153
RCAN1,0.17286926170729847,0.40632366977626133,-0.23345440806896287,down_in_CKD,-2.0449233845220216,-6.38497883686681,4.6804308185485045e-06,0.001293136171867544,34.21400439735001,1.8854215261606793e-06,1.3788905694353673,0.0010000000000000024,0.0,0.0,0.7571428571428571,0.7666666666666665,0.8277777777777778,0.2666666666666665,0.03448275862068974,0.0,0.533333333333333,0.06398441502136631,0.23992331978588236
CHSY1,0.0514982246333561,0.11062312852413858,-0.05912490389078248,down_in_CKD,-1.6754858457060406,-5.11650625928605,3.196020646118214e-05,0.00386079134358259,22.96843215677416,3.889436921514934e-05,0.23907093686989211,0.0001265912305516255,0.0,0.0,0.780952380952381,0.7916666666666666,0.8333333333333334,0.29166666666666663,0.004365214846607776,0.0,0.5833333333333333,0.011093566366541931,0.2372981325452848
PTP4A1,0.15770409909125707,0.36727397826416475,-0.20956987917290767,down_in_CKD,-1.8864845361091278,-5.698055936889427,5.160487276978192e-06,0.001336658356295869,29.1176501316453,6.8971962362441785e-06,1.1362287943321177,1.7162197588997201e-18,0.0,0.0,0.7761904761904762,0.7833333333333333,0.861111111111111,0.2833333333333333,5.917999168619724e-17,0.0,0.5666666666666667,0.05272422362388243,0.2372115113914432
PAPPA2,0.23359020065960598,0.08415896448408877,0.1494312361755172,up_in_CKD,1.6119641567767935,4.298699201933277,0.0004625063616473763,0.01868706065653257,21.259869076907336,6.531916115181089e-05,0.41634739660177866,1.2212453270876714e-18,0.0,0.0,0.7857142857142857,0.7916666666666666,0.7166666666666666,0.29166666666666663,4.211190783060936e-17,0.0,0.5833333333333333,0.019319694548452917,0.23719727224302392
PPP1R15B,0.09488849664457441,0.16305153661250368,-0.06816303996792927,down_in_CKD,-1.9799238799492473,-6.07655580852235,3.7038397009099447e-06,0.0011430679757808244,32.07353375776322,3.2072736780512347e-06,0.3970356243759449,0.0,0.0,0.0,0.7857142857142857,0.7916666666666665,0.8944444444444443,0.2916666666666665,0.0,0.0,0.583333333333333,0.018423573800160454,0.23701804809336532
JOSD1,0.08636986438547459,0.15113519835272707,-0.06476533396725248,down_in_CKD,-1.796266395859015,-5.4326275086064655,1.074787124750197e-05,0.0019977316603494006,26.39923334911912,1.445902038822141e-05,0.31404415110532286,1.5231480793980201e-18,0.0,0.0,0.7904761904761904,0.7916666666666666,0.8777777777777779,0.29166666666666663,5.252234756544897e-17,0.0,0.5833333333333333,0.014572535155986876,0.23624784036453073
CCDC51,0.0746192001493172,0.049182564909987084,0.02543663523933011,up_in_CKD,1.8052521672512154,4.996248740223054,4.0794590904146566e-05,0.0044640360409861565,26.664016805715352,1.3431437272218433e-05,0.10792342534503156,0.000125514403292181,0.0,0.0,0.7857142857142858,0.7916666666666666,0.861111111111111,0.29166666666666663,0.0043280828721441724,0.0,0.5833333333333333,0.005007951603172974,0.23606615680282558
SYNM,0.022076879394975157,0.05197647325296864,-0.029899593857993484,down_in_CKD,-1.6671128325771198,-5.116769314472456,3.72555695395367e-05,0.004212960221218441,22.739442517172513,4.164957492586731e-05,0.11840481047256193,0.00010946196660482472,0.0,0.0,0.7857142857142857,0.7916666666666665,0.8777777777777779,0.2916666666666665,0.003774550572580163,0.0,0.583333333333333,0.0054943174619758945,0.23594201705476048
CLN8,0.08001748072203523,0.12994365231125932,-0.04992617158922409,down_in_CKD,-1.750630009304179,-5.091699924155342,1.651610737908858e-05,0.0026039797558008683,25.074862604806494,2.102229731221653e-05,0.2258790992057919,0.0,0.0,0.0,0.7952380952380953,0.7916666666666666,0.9111111111111111,0.29166666666666663,0.0,0.0,0.5833333333333333,0.010481427858451393,0.2354296189050236
COL27A1,0.1022626004426546,0.05371928456110136,0.048543315881553244,up_in_CKD,1.7441910975252488,4.677175199939842,0.0001794312771816214,0.011048408186961622,24.890748420160897,2.216162458298987e-05,0.16567150339770437,0.0010000000000000002,0.0,0.0,0.7809523809523808,0.7749999999999999,0.8138888888888888,0.2749999999999999,0.03448275862068967,0.0,0.5499999999999998,0.007687625447284842,0.2353306285377328
DOCK11,0.07004397103228538,0.031129114207716618,0.03891485682456876,up_in_CKD,1.6468951547405837,4.394859681442635,0.00037007356857945083,0.016541582853754063,22.19124805124736,4.912805520402629e-05,0.11416906075646167,0.0010190705801086271,0.0,0.0,0.7571428571428571,0.7749999999999999,0.8833333333333332,0.2749999999999999,0.03514036483133197,0.0,0.5499999999999998,0.005297766717653542,0.23511569927606343
ACO2,0.33740044062870017,0.48280236206155497,-0.1454019214328548,down_in_CKD,-1.7511608778265209,-5.209965600103716,1.3840001336923966e-05,0.002347944086457101,25.090072527519414,2.0931011376932643e-05,0.6694811547525276,0.0020927710843373485,0.0,0.0,0.7523809523809525,0.75,0.8,0.25,0.07216452014956375,0.0,0.5,0.03106581552168427,0.23507897116416238
FILIP1,0.022408130204834863,0.05587584376645213,-0.03346771356161727,down_in_CKD,-1.883618444758034,-5.72323989277687,5.865848950023376e-06,0.0013557771628166075,29.029241826267334,7.061267140341176e-06,0.18078800316187624,1.0869083411080267e-18,0.0,0.0,0.7904761904761906,0.7916666666666666,0.8861111111111111,0.29166666666666663,3.7479597969242304e-17,0.0,0.5833333333333333,0.008389073710127933,0.23501114807535892
ECSIT,0.13696756797386295,0.18123889975081325,-0.04427133177695031,down_in_CKD,-1.5967938566393531,-4.780361109153688,4.992958776900887e-05,0.005064536157968346,20.861595986736916,7.390553910137325e-05,0.16227111874711975,6.933451634178669e-19,0.0,0.0,0.7904761904761906,0.7916666666666666,0.913888888888889,0.29166666666666663,2.390845391096093e-17,0.0,0.5833333333333333,0.0075298380002328386,0.23483930093337987
ZBTB10,0.12489799735444453,0.17475047784045053,-0.049852480486006004,down_in_CKD,-1.5661929493179387,-4.34018987598319,0.00021376756833913843,0.012161320646771508,20.069675627671835,9.477178885109547e-05,0.1495220294435253,9.552543941045613e-19,0.0,0.0,0.7857142857142857,0.7916666666666665,0.8083333333333333,0.2916666666666665,3.2939806693260736e-17,0.0,0.583333333333333,0.006938244265945656,0.23472098218652235
PIFO,0.051559897209485256,0.03246742438160499,0.019092472827880264,up_in_CKD,1.7743543372474329,4.7945996702800775,0.00011539711927793596,0.008556007761648754,25.759090751799082,1.7306041580601968e-05,0.07004806078507024,0.0009999999999999996,0.0,0.0,0.7809523809523808,0.7749999999999999,0.8277777777777777,0.2749999999999999,0.03448275862068964,0.0,0.5499999999999998,0.003250427765670431,0.2344431890014099
RCBTB2,0.09549154684437983,0.06726295082616186,0.028228596018217963,up_in_CKD,1.7208459429694665,4.697552348873992,0.00011541426433827451,0.008556007761648754,24.228906213554765,2.6833207563879657e-05,0.1004441976462966,0.0,0.0,0.0,0.7952380952380953,0.7916666666666666,0.8277777777777777,0.29166666666666663,0.0,0.0,0.5833333333333333,0.00466089432413805,0.2342655121981609
CASP9,0.0391563856296191,0.06206371270020409,-0.022907327070584987,down_in_CKD,-1.6376180679403616,-4.966143500259502,3.9048047902623264e-05,0.004367777092899755,21.941942207274998,5.2992137363584994e-05,0.08852197738009965,9.481304630298828e-19,0.0,0.0,0.7904761904761906,0.7916666666666666,0.8972222222222221,0.29166666666666663,3.269415389758217e-17,0.0,0.5833333333333333,0.004107669647432299,0.23415486726281978
RAB3D,0.0653154665806229,0.04202503903435938,0.023290427546263523,up_in_CKD,1.6394410539532114,4.418016713075536,0.00028965804730516747,0.01458615598646497,21.990820658622688,5.2209728846300676e-05,0.07010676614269268,0.0,0.0,0.0,0.7904761904761904,0.7916666666666666,0.8694444444444445,0.29166666666666663,0.0,0.0,0.5833333333333333,0.0032531518599889743,0.23398396370533112
FLVCR2,0.019036633711351513,0.007929205326193726,0.011107428385157787,up_in_CKD,1.6042729020390576,4.334154507481491,0.0003347961193477476,0.015818298733352047,21.057476270864893,6.954106036264345e-05,0.03208979576014908,0.0,0.0,0.0,0.7857142857142857,0.7916666666666665,0.7611111111111112,0.2916666666666665,0.0,0.0,0.583333333333333,0.0014890571125662497,0.23363114475584648
ZFP64,0.024931310305219813,0.01636035071800151,0.008570959587218301,up_in_CKD,1.5777051045213222,4.375213722647047,0.00019325311292497555,0.011441373073374573,20.365800519539746,8.631375019179041e-05,0.026254125756772898,2.545459719448437e-18,0.0,0.0,0.7904761904761904,0.7916666666666666,0.8527777777777779,0.29166666666666663,8.777447308442887e-17,0.0,0.5833333333333333,0.0012182655503492005,0.2335769864434032
TLR6,0.010679306430101593,0.0017402772506076723,0.00893902917949392,up_in_CKD,1.6179411531908505,4.267343890992561,0.0006086654949639904,0.021869663884864766,21.417820160633497,6.221461232751841e-05,0.024010570035391622,1.8354504693393623e-18,0.0,0.0,0.7952380952380953,0.7916666666666666,0.7166666666666666,0.29166666666666663,6.329139549446077e-17,0.0,0.5833333333333333,0.0011141582313331578,0.23355616497959997
RBBP8NL,0.005385339297175492,0.0016777772902946055,0.0037075620068808867,up_in_CKD,1.6404409133483178,4.495650122615921,0.00017453991492283438,0.010936075446892927,22.017652283348692,5.1785479332873984e-05,0.011927715765819203,1.0695734561141823e-18,0.0,0.0,0.7904761904761906,0.7916666666666666,0.9,0.29166666666666663,3.6881843314282153e-17,0.0,0.5833333333333333,0.0005534796834019851,0.23344402927001373
SLC45A1,0.006036138693005093,0.018724198082743556,-0.012688059389738462,down_in_CKD,-1.7712058183588317,-5.452675609083654,1.842229290248895e-05,0.0027886460301008087,25.667754962630553,1.7758727809642372e-05,0.05741009483510117,0.001890538033395177,0.0,0.0,0.7571428571428571,0.7583333333333333,0.8527777777777776,0.2583333333333333,0.06519096666879921,0.0,0.5166666666666666,0.002663990468692007,0.23327585142792476
ASCL2,0.04466812292868745,0.017298786060224433,0.027369336868463018,up_in_CKD,1.940034889070107,5.2235552738951485,4.818664162967129e-05,0.004939556444087506,30.794198488439413,4.44631641337678e-06,0.1224593311006513,0.0012108328479906816,0.0,0.0,0.7571428571428571,0.7666666666666665,0.9111111111111111,0.2666666666666665,0.041752856827264886,0.0,0.533333333333333,0.005682458665005945,0.23117096779724033
SH3BP4,0.09366811296209401,0.17628798113748836,-0.08261986817539435,down_in_CKD,-1.904709761701704,-5.648327296425486,3.865755884557842e-06,0.001168183106364823,29.682975897178046,5.939606651936409e-06,0.4614766259173513,0.0,0.0,0.0,0.7619047619047619,0.7833333333333333,0.925,0.2833333333333333,0.0,0.0,0.5666666666666667,0.02141381818823125,0.23094943030431292
ATP1B2,0.06706423531399609,0.13225787915571519,-0.06519364384171909,down_in_CKD,-1.7646987220087516,-5.128742675570447,1.4859830579808191e-05,0.0024493391200013388,25.479503831939898,1.873209000720907e-05,0.3003824544773629,0.0001072289156626515,0.0,0.0,0.7809523809523808,0.7833333333333332,0.9055555555555556,0.2833333333333332,0.0036975488159535007,0.0,0.5666666666666664,0.013938593865564291,0.23093340496616083
FXYD6,0.06503673024557892,0.12586806007353046,-0.060831329827951544,down_in_CKD,-1.7047459560417688,-4.948897560852253,2.491498551407562e-05,0.0033462209711265446,23.777662701606243,3.061444316427761e-05,0.25670854685149536,0.00010585452395032679,0.0,0.0,0.7904761904761904,0.7833333333333333,0.7694444444444445,0.2833333333333333,0.003650155998287131,0.0,0.5666666666666667,0.011912001260552418,0.230509129318092
RCAN3,0.09801347694975883,0.057285153900637424,0.040728323049121405,up_in_CKD,1.7057306575533298,4.693845902324873,9.866377847986419e-05,0.007842911531962085,23.805139713687122,3.0368656789055574e-05,0.1462739228367061,0.00012431318681319013,0.0,0.0,0.7904761904761906,0.7833333333333332,0.8722222222222221,0.2833333333333332,0.004286661614247936,0.0,0.5666666666666664,0.006787522950004345,0.2297388359023666
TFAP4,0.04308628856249524,0.024258055030570953,0.018828233531924286,up_in_CKD,1.5706089677754882,4.36808598909517,0.00018851412806737255,0.01127175616584669,20.18301160628278,9.143450432297041e-05,0.0576061004932683,0.001107964601769912,0.0,0.0,0.7619047619047619,0.7666666666666666,0.8333333333333334,0.2666666666666666,0.03820567592310042,0.0,0.5333333333333332,0.0026730856845537244,0.2291502208394842
HAPLN2,0.003914602734846213,0.024342044085652947,-0.020427441350806735,down_in_CKD,-1.6113811430495701,-5.025817642461649,7.938889093809043e-05,0.006708959461107367,21.244493357801492,6.56300884013942e-05,0.07153867435027436,0.0001054164239953412,0.0,0.0,0.780952380952381,0.7833333333333332,0.8777777777777777,0.2833333333333332,0.003635049103287628,0.0,0.5666666666666664,0.0033195964430887946,0.22878460559659938
PLS1,0.11707509073152265,0.06495004758038836,0.052125043151134295,up_in_CKD,1.8710299614060817,5.101092031203461,4.526749767853628e-05,0.004758007636428759,28.642525498466544,7.829454295349671e-06,0.22651496076058036,2.7933600631172583e-18,0.0,0.0,0.7809523809523811,0.7833333333333332,0.8944444444444445,0.2833333333333332,9.632276079714684e-17,0.0,0.5666666666666664,0.010510933629626821,0.22876885339259195
PGP,0.17183942727200888,0.23536655125121703,-0.06352712397920815,down_in_CKD,-1.5991065698741567,-4.59393345157866,7.131179747407547e-05,0.0063654007529936295,20.922069451211108,7.252770920716602e-05,0.2231019656930345,2.2023235900800332e-18,0.0,0.0,0.7857142857142858,0.7833333333333333,0.8222222222222222,0.2833333333333333,7.594219276138046e-17,0.0,0.5666666666666667,0.010352561023628687,0.22873717887139244
ABCC3,0.06681938167442086,0.015620306614511763,0.0511990750599091,up_in_CKD,1.977065751035797,5.194687383195724,0.00010380427358608106,0.008095059077237128,31.981000777516957,3.283181812577566e-06,0.21173820629817167,0.0,0.0,0.0,0.7809523809523811,0.7833333333333332,0.925,0.2833333333333332,0.0,0.0,0.5666666666666664,0.009825250507884431,0.22863171676824345
NUDT16,0.1919163721593765,0.30287055325701107,-0.11095418109763455,down_in_CKD,-1.9958529089958075,-5.9558811290902005,1.862832393028925e-06,0.0007947171723789576,32.591690462839324,2.815379700287598e-06,0.6864424185154286,0.00010630841121495546,0.0,0.0,0.780952380952381,0.7749999999999999,0.875,0.2749999999999999,0.003665807283274327,0.0,0.5499999999999998,0.03185286604182577,0.22783689612167482
WASF1,0.02177600045368309,0.01115706660746912,0.010618933846213971,up_in_CKD,1.9731913768455025,5.590984834538963,5.136016015393552e-06,0.001336658356295869,31.855779897197326,3.38896873232373e-06,0.06021903649652616,0.0009999999999999996,0.0,0.0,0.761904761904762,0.7666666666666666,0.8833333333333332,0.2666666666666666,0.03448275862068964,0.0,0.5333333333333332,0.002794333291407096,0.22768530343989057
DUSP26,0.008345388250361581,0.021214221284631244,-0.012868833034269663,down_in_CKD,-1.990708290881924,-5.833535674291462,2.0119844989967624e-06,0.0007995571276150148,32.42388681315844,2.9363865373238827e-06,0.0793430883748315,4.440892098500624e-19,0.0,0.0,0.7761904761904762,0.7833333333333333,0.9555555555555555,0.2833333333333333,1.5313421029312498e-17,0.0,0.5666666666666667,0.003681743285640859,0.22740301532379487
HSPA9,0.426045176564858,0.5560103503314704,-0.12996517376661237,down_in_CKD,-1.9496492501732,-5.563490759770693,4.936616198588182e-06,0.0013099642578916417,31.10017253482571,4.109526034505731e-06,0.7304475496683174,0.001,0.0,0.0,0.7571428571428571,0.7583333333333333,0.825,0.2583333333333333,0.03448275862068966,0.0,0.5166666666666666,0.0338948283535334,0.2272387357856492
SH3RF3,0.007825203047559771,0.018673969304456216,-0.010848766256896444,down_in_CKD,-1.822058067281412,-5.461422839925949,7.941278355597766e-06,0.0015998367020548,27.162782186279514,1.1701388380334836e-05,0.055267265997450285,1.3168478653192824e-18,0.0,0.0,0.780952380952381,0.7833333333333332,0.9388888888888889,0.2833333333333332,4.540854707997526e-17,0.0,0.5666666666666664,0.002564557161432425,0.2271795780989531
SKP2,0.023179598477960434,0.013471009713816137,0.009708588764144297,up_in_CKD,1.7261316975308563,4.840014271475893,4.7664203069484334e-05,0.004903328124275675,24.377977940897086,2.5696200276862788e-05,0.03870345187747925,1.726260888192707e-18,0.0,0.0,0.7857142857142858,0.7833333333333333,0.8722222222222221,0.2833333333333333,5.952623752388645e-17,0.0,0.5666666666666667,0.001795949426720761,0.22702585655201085
SLC38A9,0.05254977764796186,0.029756841165731365,0.02279293648223049,up_in_CKD,2.027603687031019,5.497006851267576,2.1215670640814064e-05,0.003039534690168571,33.63690036814185,2.1718284203999303e-06,0.11633217551969834,0.0018708272859216254,0.0,0.0,0.7523809523809523,0.7499999999999999,0.8666666666666668,0.2499999999999999,0.06451128572143536,0.0,0.4999999999999998,0.005398141349127346,0.22688414255839953
KIF5A,0.008510273383086927,0.0027651044189044446,0.005745168964182482,up_in_CKD,1.837870108920096,4.90937853080288,0.00011861836977959911,0.008648090811581051,27.636271668507,1.0277574997461445e-05,0.021783799862555728,3.5461829551262357e-19,0.0,0.0,0.7857142857142857,0.7833333333333333,0.8944444444444445,0.2833333333333333,1.2228217086642193e-17,0.0,0.5666666666666667,0.001010829809155121,0.22686883262849772
MGP,0.2758546544700057,0.5663301277229885,-0.29047547325298284,down_in_CKD,-2.1383974643604797,-6.317229338525674,5.618822361280304e-07,0.000401336801101087,37.413357672954504,8.808645650768632e-07,2.1097372396196197,0.0,0.0,0.0,0.7571428571428571,0.7583333333333333,0.9166666666666666,0.2583333333333333,0.0,0.0,0.5166666666666666,0.09789776369355385,0.22624621940537742
COX6C,1.5589132891971529,1.872220300847408,-0.3133070116502552,down_in_CKD,-1.7189238702340026,-4.904688533636159,3.139057698526959e-05,0.0038102118759107567,24.174812222674706,2.725896888320024e-05,1.3027820276718638,0.0,0.0,0.0,0.7571428571428571,0.7666666666666665,0.8666666666666666,0.2666666666666665,0.0,0.0,0.533333333333333,0.06045276382959619,0.22542388609925246
USP36,0.06218921931334633,0.11835555352839432,-0.056166334215047985,down_in_CKD,-1.8396790314077842,-5.575157108091353,7.86958220963845e-06,0.0015964795797315484,27.690700406739406,1.0126152935063235e-05,0.28899161194594186,0.0011228813559322046,0.0,0.0,0.7571428571428571,0.7583333333333333,0.8416666666666666,0.2583333333333333,0.03872004675628292,0.0,0.5166666666666666,0.013410026615828206,0.2248366906923455
SERTAD1,0.125523071512829,0.42559469001356637,-0.3000716185007374,down_in_CKD,-1.678127793728594,-5.251551535972691,5.5284175912603394e-05,0.005399979606816918,23.04092366250872,3.806321313676944e-05,1.1418732752082421,4.733867618887814e-18,0.0,0.0,0.7666666666666667,0.7666666666666666,0.8666666666666666,0.2666666666666666,1.6323681444440738e-16,0.0,0.5333333333333332,0.052986143470869274,0.2239305620275072
MRPL55,0.2923389059516385,0.3709413054732628,-0.07860239952162434,down_in_CKD,-1.8543719977941526,-5.510653306949146,5.8734868766558415e-06,0.0013557771628166075,28.13478141438881,8.976077049954267e-06,0.41800674987568365,5.9211894646675e-19,0.0,0.0,0.761904761904762,0.775,0.8805555555555555,0.275,2.0417894705750002e-17,0.0,0.55,0.01939669322470616,0.22387933864494125
ADAM10,0.2949120344069471,0.174322619227478,0.12058941517946908,up_in_CKD,1.6032800536439207,4.267174630909576,0.0005137931094935789,0.019649299950053944,21.031420339738254,7.010540462144013e-05,0.3299618926887416,0.0,0.0,0.0,0.7857142857142857,0.775,0.7361111111111112,0.275,0.0,0.0,0.55,0.015311163301143732,0.2230622326602288
FLRT3,0.15689166083295378,0.0840551104237232,0.07283655040923058,up_in_CKD,1.9108004129491956,5.285668798270425,1.9804713185181808e-05,0.002921065976348714,29.87311269376485,5.6502586744544405e-06,0.3527360951239523,0.0008905380333951762,0.0,0.0,0.7571428571428571,0.7583333333333333,0.8333333333333334,0.2583333333333333,0.030708208048109528,0.0,0.5166666666666666,0.016367950585570393,0.22222354000302458
ADIPOR2,0.0947367776382097,0.14419685589847336,-0.04946007826026366,down_in_CKD,-1.6225134757961008,-4.813539792655508,4.04906372652991e-05,0.0044640360409861565,21.539045283872273,5.9938867784172246e-05,0.18860851480197297,0.0010000000000000009,0.0,0.0,0.7571428571428571,0.7583333333333333,0.8027777777777778,0.2583333333333333,0.03448275862068969,0.0,0.5166666666666666,0.008751967527484503,0.22221016362043947
TP53,0.12450836986244501,0.06624912222591686,0.05825924763652815,up_in_CKD,1.8511471587066828,4.888481528711082,0.0001659404658795009,0.010642137319722505,28.037011116991287,9.216752757812309e-06,0.21277791527536805,5.375816750816544e-19,0.0,0.0,0.780952380952381,0.775,0.8333333333333334,0.275,1.8537299140746704e-17,0.0,0.55,0.009873495939518367,0.2219746991879037
FAM117B,0.06713365292510938,0.04084117972337954,0.026292473201729838,up_in_CKD,1.7197021724766686,4.93581038444322,2.726869611542886e-05,0.0035281770915002336,24.196709143807965,2.708576128668146e-05,0.11088805735473455,0.0010000000000000009,0.0,0.0,0.7619047619047619,0.7583333333333333,0.8583333333333334,0.2583333333333333,0.03448275862068969,0.0,0.5166666666666666,0.005145518897561055,0.22148887389445476
ETV1,0.05647617377928935,0.023647918331022737,0.03282825544826662,up_in_CKD,1.718109993731261,4.586522538346965,0.0002420426060274837,0.013003066668254262,24.151925050030087,2.7441273350599467e-05,0.10637263376628063,0.001,0.0,0.0,0.7571428571428571,0.7583333333333333,0.8,0.2583333333333333,0.03448275862068966,0.0,0.5166666666666666,0.004935990496043878,0.2214469682141513
TNIK,0.05487198884281382,0.028974121413530667,0.025897867429283156,up_in_CKD,1.6326926791712755,4.529026596714399,0.00012942086203682874,0.00922481377810418,21.810153146886634,5.516474838131158e-05,0.08604822364619986,0.0009999999999999996,0.0,0.0,0.7571428571428571,0.7583333333333332,0.8444444444444443,0.2583333333333332,0.03448275862068964,0.0,0.5166666666666664,0.0039928804907878295,0.22125834621309998
ATF4,0.28099942014372126,0.4080990590022234,-0.12709963885850212,down_in_CKD,-1.6335703023148527,-4.969133027642259,4.1801291867562035e-05,0.0044913165817702765,21.83360672131396,5.4771254645295486e-05,0.48742872360792566,0.00021487839060016468,0.0,0.0,0.7619047619047619,0.7666666666666666,0.85,0.2666666666666666,0.007409599675867748,0.0,0.5333333333333332,0.022618068783685476,0.2208207869604175
ANO9,0.05190071737290618,0.024814652362284605,0.027086065010621573,up_in_CKD,1.615969545745447,4.298497895228191,0.0004853862903277282,0.018965602973053997,21.36565286817338,6.3222174018269e-05,0.07537384065594772,1.94982918699793e-18,0.0,0.0,0.7809523809523811,0.775,0.775,0.275,6.723548920682517e-17,0.0,0.55,0.003497558986322844,0.22069951179726463
NDUFB6,0.41031443120259203,0.5428305356408042,-0.13251610443821216,down_in_CKD,-1.9886834908040298,-5.978765576296391,2.1366133467649647e-06,0.00081876110896258,32.357962035789555,2.985432699545814e-06,0.8134836739563143,0.0037894736842105266,0.0,0.0,0.7,0.7,0.7444444444444445,0.19999999999999996,0.13067150635208713,0.0,0.3999999999999999,0.03774793893096272,0.21981819032702737
MARCKS,0.43584651024921783,0.25556155201850106,0.18028495823071677,up_in_CKD,1.7859411913055079,4.862346450270284,8.256273401754801e-05,0.006843271182425908,26.09661222655967,1.5737072072341742e-05,0.6969981692020923,1.0869083411080275e-18,0.0,0.0,0.761904761904762,0.7666666666666666,0.8861111111111111,0.2666666666666666,3.747959796924233e-17,0.0,0.5333333333333332,0.03234268267250599,0.2198018698678345
GAD1,0.023384919141506356,0.04823922981179338,-0.02485431067028702,down_in_CKD,-1.671543300269342,-4.76748184058127,4.6310526216439084e-05,0.004837998934039963,22.860466401889017,4.0168361240859145e-05,0.09619069143313747,0.0008873239436619731,0.0,0.0,0.7523809523809523,0.7583333333333332,0.8861111111111111,0.2583333333333332,0.030597377367654246,0.0,0.5166666666666664,0.004463519628225684,0.2197983215393734
GADD45G,0.10148834737986764,0.1984626507579102,-0.09697430337804255,down_in_CKD,-1.8787607453042883,-5.71882316251103,6.322907963780653e-06,0.0013791545866862912,28.87970676624266,7.348325175268661e-06,0.5211382490117973,0.00010526315789473782,0.0,0.0,0.7619047619047619,0.7666666666666666,0.8777777777777779,0.2666666666666666,0.0036297640653357873,0.0,0.5333333333333332,0.024182285924207236,0.21962169614430904
CLEC1A,0.0072314348074930335,0.023116862376738753,-0.01588542756924572,down_in_CKD,-1.6818530310524142,-5.137013473435939,3.0541137042305846e-05,0.003738389812646804,23.143333238674302,3.692117871301954e-05,0.06485047552880978,0.0008927710843373496,0.0,0.0,0.7476190476190476,0.7583333333333333,0.888888888888889,0.2583333333333333,0.030785209804736195,0.0,0.5166666666666666,0.003009245137028853,0.2195825996159669
CNBP,0.4955152072787793,0.6234649630237452,-0.12794975574496592,down_in_CKD,-1.8169634502607523,-5.23293275704994,1.1424654036010054e-05,0.0020844604627965513,27.011096014773745,1.2200897908546974e-05,0.6232804329683362,1.5329513257906413e-18,0.0,0.0,0.7666666666666667,0.7666666666666666,0.8277777777777778,0.2666666666666666,5.2860390544504875e-17,0.0,0.5333333333333332,0.028921971606545402,0.2191177276546424
ZNF593,0.2628432146500879,0.3923626819862804,-0.12951946733619246,down_in_CKD,-1.7022667498667243,-5.149573976820763,2.2751217405136028e-05,0.003142918175823791,23.708553444833075,3.124206875365073e-05,0.551779701644993,3.889838418880387e-18,0.0,0.0,0.7571428571428571,0.7666666666666666,0.8277777777777778,0.2666666666666666,1.341323592717375e-16,0.0,0.5333333333333332,0.025604135827019144,0.21845416049873717
TNNC1,0.04187860915314278,0.1025624197075613,-0.06068381055441852,down_in_CKD,-1.5888473835739572,-4.8361656387672465,5.975669498813338e-05,0.005740204376177978,20.65447643146207,7.88403493482099e-05,0.21607820402616154,0.0,0.0,0.0,0.7571428571428571,0.7666666666666665,0.8666666666666666,0.2666666666666665,0.0,0.0,0.533333333333333,0.010026638654249955,0.2153386610641832
CSDC2,0.03986336878838229,0.0752180183507788,-0.03535464956239651,down_in_CKD,-1.719392057200431,-4.894997641050566,3.304915937268338e-05,0.0039011716074381407,24.187983106613977,2.7154644265236105e-05,0.14642764818713153,0.0010000000000000005,0.0,0.0,0.7476190476190475,0.7499999999999999,0.7916666666666666,0.2499999999999999,0.034482758620689676,0.0,0.4999999999999998,0.0067946562402298,0.21515203469632174
LINC02471,0.037328382987835806,0.0025613109197847555,0.034767072068051054,up_in_CKD,1.5713483084777515,4.0957574705354025,0.001064223137730551,0.029571947534064443,20.20201778091183,9.088724611465075e-05,0.08353763377306606,0.002000000000000001,0.0,0.0,0.7285714285714285,0.7333333333333333,0.9277777777777777,0.23333333333333328,0.06896551724137935,0.0,0.46666666666666656,0.003876382033294707,0.21502814996987735
ING2,0.07796613452519632,0.11719543335631347,-0.03922929883111714,down_in_CKD,-1.5866794486098001,-4.8664339878908,6.744755820731134e-05,0.006120960607579425,20.59815004887845,8.024240574727666e-05,0.13775791495249654,1.4036391097046605e-18,0.0,0.0,0.7571428571428571,0.7666666666666665,0.825,0.2666666666666665,4.840134861050554e-17,0.0,0.533333333333333,0.006392356143539335,0.2146118045620411
MTFR2,0.0031603433186557137,0.00048017815830880557,0.002680165160346908,up_in_CKD,1.7342009024495426,4.652876117749373,0.00018709659915190443,0.011260730998748438,24.606431755010245,2.4052343807719574e-05,0.009056211041657108,0.001000000000000001,0.0,0.0,0.7571428571428571,0.7499999999999999,0.7944444444444445,0.2499999999999999,0.034482758620689696,0.0,0.4999999999999998,0.0004202337579607541,0.21387715019986797
C7orf57,0.0021522712510976066,0.0004228611988825889,0.0017294100522150177,up_in_CKD,1.6925058017820052,4.627237541238561,0.00013256089436284042,0.009356670426924575,23.437439092356122,3.384004718382306e-05,0.00593860200941938,0.0,0.0,0.0,0.7619047619047619,0.7666666666666666,0.775,0.2666666666666666,0.0,0.0,0.5333333333333332,0.0002755678978738713,0.21338844691290806
AC079630.1,0.03752110806973719,0.009957372433559389,0.027563735636177804,up_in_CKD,1.584981943869408,4.218525989331972,0.0005706729983236043,0.02109431643360152,20.55409987411676,8.135743451238105e-05,0.07321389856356748,0.0018750000000000004,0.0,0.0,0.7285714285714285,0.7333333333333333,0.9333333333333333,0.23333333333333328,0.06465517241379312,0.0,0.46666666666666656,0.003397331575733208,0.21320820194733053
DIRAS1,0.012561183113049412,0.030851017347515292,-0.018289834234465882,down_in_CKD,-1.630273181350663,-4.912648938600324,3.914588225280718e-05,0.004367777092899755,21.745559829528098,5.626414905695635e-05,0.07036135950120277,0.0027882751647897034,0.0,0.0,0.7190476190476189,0.7166666666666666,0.9111111111111111,0.21666666666666656,0.09614741947550702,0.0,0.4333333333333331,0.003264965710539322,0.21244529426564393
NR0B2,0.04385505641691777,0.12793854506543778,-0.08408348864852001,down_in_CKD,-1.748885188503645,-5.364654454327737,1.9969447739749263e-05,0.002921065976348714,25.02490420282442,2.1325135156222917e-05,0.3726981434279604,0.0011126760563380277,0.0,0.0,0.7333333333333334,0.7416666666666666,0.8666666666666666,0.24166666666666659,0.038368139873725095,0.0,0.48333333333333317,0.0172942459796155,0.21213943847874642
FERMT2,0.16756733009208957,0.2571265185882208,-0.0895591884961312,down_in_CKD,-1.7886850567258217,-5.22699583365049,1.1260916267410962e-05,0.0020675897526429873,26.17686189944391,1.5386822908696848e-05,0.43004430501021135,3.548748596569696e-19,0.0,0.0,0.7619047619047619,0.7583333333333333,0.8666666666666666,0.2583333333333333,1.22370641261024e-17,0.0,0.5166666666666666,0.019955269764892078,0.21065772061964508
SPRY4,0.02526062654972625,0.06279310726288129,-0.03753248071315504,down_in_CKD,-1.763115151879864,-5.2696790817347665,1.2662848261102209e-05,0.0022129471569552715,25.433795771904727,1.8976911536072212e-05,0.17569411299336646,0.00010722891566265248,0.0,0.0,0.7571428571428571,0.7583333333333333,0.8444444444444444,0.2583333333333333,0.003697548815953534,0.0,0.5166666666666666,0.008152702826288579,0.2097762267583058
TUBB2A,0.11165024798905619,0.20780578572641684,-0.09615553773736064,down_in_CKD,-1.62124702833555,-4.911875100729247,4.402496776744604e-05,0.004695457040197094,21.50543394725606,6.056080708684228e-05,0.3629665134350129,0.0018945835760046587,0.0,0.0,0.7285714285714285,0.7249999999999999,0.95,0.22499999999999987,0.06533046813809168,0.0,0.44999999999999973,0.01684267087561134,0.20950072143035883
SERTAD3,0.11586555915545281,0.1888315848134349,-0.07296602565798209,down_in_CKD,-1.5672577798322227,-4.780006444102187,7.239744258473162e-05,0.0064227822916913275,20.096975032728775,9.395621020957233e-05,0.250701258205805,0.0010000000000000028,0.0,0.0,0.738095238095238,0.7416666666666666,0.8166666666666667,0.24166666666666659,0.03448275862068976,0.0,0.48333333333333317,0.011633246108853626,0.20945308600337992
UBXN11,0.0976818722609815,0.0642937770973059,0.03338809516367561,up_in_CKD,1.5823506307520252,4.232951867775341,0.0005043860095875351,0.019380447865078667,20.48591060706544,8.311624220618165e-05,0.09048143596794338,0.00012742382271468475,0.0,0.0,0.7523809523809524,0.7583333333333332,0.8166666666666667,0.2583333333333332,0.004393924921196026,0.0,0.5166666666666664,0.004198594057447745,0.20926395544663454
RUNX1,0.055786691202798666,0.02060302885580596,0.0351836623469927,up_in_CKD,1.6676703587506225,4.537758992059631,0.00018089382945981356,0.011071160322002513,22.754654390089883,4.146023504457847e-05,0.11475648014848001,0.00010630841121495506,0.0,0.0,0.7571428571428571,0.7583333333333333,0.6000000000000001,0.2583333333333333,0.0036658072832743125,0.0,0.5166666666666666,0.005325024635724511,0.2091979945071213
EHD3,0.02879989902780664,0.09087720614090328,-0.06207730711309664,down_in_CKD,-1.5728400762641799,-4.792010879481662,6.846372535642462e-05,0.006168113890030678,20.2403937722949,8.979289183335601e-05,0.21576438653696234,0.0,0.0,0.0,0.7619047619047619,0.7583333333333333,0.8666666666666666,0.2583333333333333,0.0,0.0,0.5166666666666666,0.010012076636846277,0.20866908199403592
FAM227A,0.020047181689002772,0.008175447933330112,0.01187173375567266,up_in_CKD,1.9055598599815098,5.197289542825398,3.5656947693210554e-05,0.004104793859444595,29.709477654322512,5.8983462555100296e-06,0.05399283740921848,0.0001054164239953421,0.0,0.0,0.761904761904762,0.7583333333333332,0.9166666666666666,0.2583333333333332,0.003635049103287659,0.0,0.5166666666666664,0.0025054200772344323,0.2086217703234285
ZNF608,0.08071071410947424,0.04015740926791007,0.04055330484156417,up_in_CKD,1.9168021102173405,5.149378287335801,6.0496943003517936e-05,0.005769089091137679,30.0610663341844,5.378958943793481e-06,0.17403508990651387,1.2529737596051456e-18,0.0,0.0,0.7523809523809524,0.7583333333333332,0.95,0.2583333333333332,4.3205991710522265e-17,0.0,0.5166666666666664,0.008075719471646687,0.20828181056099593
WDR19,0.07039291125891206,0.04350421428406471,0.026888696974847352,up_in_CKD,1.5910037143855063,4.254585228177823,0.0004839293202815962,0.018965602973053997,20.710577611542092,7.746986998132664e-05,0.07366861537341576,1.089542399656648e-18,0.0,0.0,0.7571428571428571,0.7583333333333333,0.8222222222222222,0.2583333333333333,3.757042757436718e-17,0.0,0.5166666666666666,0.0034184317193729154,0.20735035301054128
ECT2,0.0370994028420195,0.01915726175597625,0.01794214108604325,up_in_CKD,1.826074696715709,4.9522318943656805,7.348665642744457e-05,0.006451906162688608,27.28267198351665,1.1322025465244813e-05,0.07176270163857351,1.5583032322761582e-18,0.0,0.0,0.761904761904762,0.7583333333333332,0.8111111111111111,0.2583333333333332,5.3734594216419254e-17,0.0,0.5166666666666664,0.003329991941693527,0.20733266505500528
MARCH1,0.04063503043712749,0.013429242207699834,0.027205788229427656,up_in_CKD,1.5878956655232304,4.1975409128656835,0.0006752740676598508,0.023128336130829128,20.62973981935196,7.945283582782928e-05,0.07066888578598693,1.0463852007092096e-18,0.0,0.0,0.7619047619047619,0.7583333333333333,0.8444444444444444,0.2583333333333333,3.6082248300317576e-17,0.0,0.5166666666666666,0.0032792357982981105,0.20732251382632633
SLFN13,0.03385300997116776,0.012034135387435372,0.02181887458373239,up_in_CKD,1.631726817047626,4.29674700207685,0.0005907484304568965,0.02150264989655529,21.784356044773983,5.560104850978785e-05,0.059367358723714306,0.0,0.0,0.0,0.7571428571428571,0.7583333333333333,0.8638888888888889,0.2583333333333333,0.0,0.0,0.5166666666666666,0.002754813038467531,0.20721762927436016
TNFSF10,0.5143888676372552,0.287622546428254,0.2267663212090012,up_in_CKD,1.6584808465193142,4.504089848490008,0.00020356966717581312,0.011811112089540677,22.504571331311627,4.469311904183777e-05,0.7249875305833042,0.001000000000000002,0.0,0.0,0.7238095238095238,0.7333333333333332,0.7833333333333334,0.23333333333333317,0.034482758620689724,0.0,0.46666666666666634,0.03364146805438862,0.20718806372582016
MYOM1,0.008423568360027688,0.020500708671543313,-0.012077140311515626,down_in_CKD,-1.7204918984410829,-5.178713348521315,1.8722782845146693e-05,0.002799731599678895,24.218937594011457,2.6911131778926022e-05,0.053045403512789746,1.5907325314529055e-18,0.0,0.0,0.7571428571428571,0.7583333333333332,0.7972222222222223,0.2583333333333332,5.485284591216916e-17,0.0,0.5166666666666664,0.002461456469840098,0.2071589579606346
SLC6A20,0.01751345040398765,0.0017115068549741555,0.015801943549013493,up_in_CKD,1.5927146973798216,4.1649335045192,0.000876878947627338,0.026333600694274407,20.75514633204298,7.639924812145587e-05,0.03975257876254446,1.496303081438554e-18,0.0,0.0,0.7523809523809525,0.7583333333333332,0.7944444444444445,0.2583333333333332,5.159665798063979e-17,0.0,0.5166666666666664,0.001844631875866507,0.20703559304183988
PXN,0.15491170523197678,0.23689209457114224,-0.08198038933916546,down_in_CKD,-1.9656180935988274,-5.68349597895059,3.082409487936891e-06,0.0010409597968363596,31.61171855358891,3.6057380288496384e-06,0.4806170647612219,0.0019999999999999996,0.0,0.0,0.7238095238095237,0.7166666666666666,0.8444444444444444,0.21666666666666656,0.0689655172413793,0.0,0.4333333333333331,0.022301988583927547,0.20537993794667048
SMIM4,0.32732096187963544,0.4646064471902725,-0.13728548531063706,down_in_CKD,-1.6446541895227338,-4.879566000212304,3.367033528258585e-05,0.003922796893766327,22.130896934574665,5.003502519417345e-05,0.5433351375078083,7.989640695070321e-19,0.0,0.0,0.7571428571428571,0.75,0.7333333333333333,0.25,2.7550485155414902e-17,0.0,0.5,0.02521228421210134,0.20504245684242028
TMEM88,0.0732433188315911,0.1797090772523305,-0.10646575842073941,down_in_CKD,-1.5913548800977226,-4.713778877855381,5.275938667444171e-05,0.005217669757833917,20.719721081543213,7.724892809540042e-05,0.38671608225066206,4.183787819113745e-19,0.0,0.0,0.7523809523809524,0.7499999999999999,0.775,0.2499999999999999,1.4426854548668086e-17,0.0,0.4999999999999998,0.017944717913543618,0.20358894358270865
POU2F2,0.04726889859217086,0.01549605478164182,0.03177284381052904,up_in_CKD,1.7336542001885271,4.583695830304513,0.0003009562142783233,0.014848196898323398,24.59091997498353,2.4160330548518606e-05,0.10070992353143528,0.00012500000000000195,0.0,0.0,0.7523809523809524,0.75,0.8111111111111111,0.25,0.0043103448275862745,0.0,0.5,0.004673224755351018,0.20265878288210473
CTIF,0.046455227967822484,0.06781423657762846,-0.021359008609805975,down_in_CKD,-1.6309790849764838,-4.653863400276967,6.338160972725844e-05,0.0059312919296379595,21.764395436978685,5.594116480729574e-05,0.07757478547517069,0.00012917271407837582,0.0,0.0,0.7523809523809524,0.75,0.8833333333333334,0.25,0.0044542315199439944,0.0,0.5,0.0035996890391884273,0.2025016304158153
EFHC1,0.1378060634842844,0.07068271766810746,0.06712334581617693,up_in_CKD,1.5909797173236881,4.20731991373773,0.0006569385887415538,0.022830399656718653,20.709952862198413,7.748499096802994e-05,0.1752974307022996,1.2041649728626692e-18,0.0,0.0,0.7523809523809523,0.7499999999999999,0.8472222222222221,0.2499999999999999,4.152293009871273e-17,0.0,0.4999999999999998,0.00813429564815142,0.20162685912963024
SATB2,0.034577335692183145,0.00960874153547924,0.024968594156703904,up_in_CKD,1.8448752009098723,4.99869363953758,6.751835210015223e-05,0.006120960607579425,27.847345965809268,9.703486868862206e-06,0.10194781022403608,0.0010000000000000005,0.0,0.0,0.7333333333333333,0.7333333333333333,0.875,0.23333333333333328,0.034482758620689676,0.0,0.46666666666666656,0.004730666192434187,0.20140590335342934
ZNF799,0.020345727065756884,0.011704986304702524,0.00864074076105436,up_in_CKD,2.06987157287096,5.79188250185376,3.9806972377112865e-06,0.0011783676210816779,35.05392268510337,1.5382637614738945e-06,0.05238079794830088,0.002,0.0,0.0,0.7142857142857142,0.7166666666666666,0.8722222222222221,0.21666666666666656,0.06896551724137932,0.0,0.4333333333333331,0.002430616895470409,0.20140566360897907
BMP2K,0.09643019818348465,0.06378458402954625,0.03264561415393841,up_in_CKD,1.840083061794246,5.034108940734185,4.8677201417173604e-05,0.004954826712674408,27.70286460792617,1.0092638196184926e-05,0.13846111876512635,1.85210643118457e-18,0.0,0.0,0.7571428571428571,0.75,0.8805555555555555,0.25,6.386573900636449e-17,0.0,0.5,0.00642498678558538,0.2012849973571171
AGRP,0.0060754263340804466,0.014774692128003827,-0.00869926579392338,down_in_CKD,-1.667890166247497,-4.869561549743057,3.128516070934875e-05,0.0038102118759107567,22.76065314544175,4.1385822186788776e-05,0.035099024816060136,0.000999408633944412,0.0,0.0,0.7190476190476189,0.7333333333333333,0.8166666666666667,0.23333333333333328,0.03446236668773835,0.0,0.46666666666666656,0.0016286938357955708,0.2007773521089211
ARMC3,0.004928629549184721,0.0006861637445699945,0.004242465804614726,up_in_CKD,1.6940636274929737,4.475799053291811,0.0003821018239869223,0.01664380467546639,23.480603787228976,3.341144403738267e-05,0.01278386995851548,3.5487485965696953e-19,0.0,0.0,0.7571428571428571,0.7499999999999999,0.7861111111111111,0.2499999999999999,1.2237064126102399e-17,0.0,0.4999999999999998,0.0005932076548610931,0.20011864153097214
RPA4,0.0025846154285426005,0.0004759470398549611,0.0021086683886876395,up_in_CKD,1.7286544850416727,4.685352338228862,0.0001386310397292541,0.009598297046648356,24.44928814353836,2.5170577437687463e-05,0.007355223158461632,1.6098233857064748e-18,0.0,0.0,0.7571428571428571,0.75,0.7777777777777778,0.25,5.551115123125775e-17,0.0,0.5,0.0003413031183021904,0.20006826062366048
EIF1B,0.5267846746065925,0.6903159568991167,-0.16353128229252423,down_in_CKD,-1.6155232115809182,-4.616436282491207,6.951272095339096e-05,0.006243232306061522,21.353852022191372,6.345250341547947e-05,0.5824276402049305,0.0,0.0,0.0,0.7333333333333333,0.7416666666666666,0.7972222222222222,0.24166666666666659,0.0,0.0,0.48333333333333317,0.0270262866951416,0.1987385906723616
FCN3,0.02823588320510563,0.1231015421551811,-0.09486565895007547,down_in_CKD,-1.5701755229870187,-4.819454321166744,7.73133768742399e-05,0.006674481856995558,20.171873233534555,9.17568539016769e-05,0.324065483295378,0.00010585452395032678,0.0,0.0,0.7333333333333333,0.7416666666666666,0.9555555555555555,0.24166666666666659,0.0036501559982871305,0.0,0.48333333333333317,0.015037553259764342,0.197800906384601
ARRDC2,0.05092622653483721,0.1107591878818193,-0.059832961346982086,down_in_CKD,-1.8592346548981014,-5.650286459086889,7.1100478246158035e-06,0.0015055656014022222,28.282528652515055,8.625005811913453e-06,0.31396260826358624,0.001020874178295468,0.0,0.0,0.7285714285714285,0.725,0.8916666666666668,0.22499999999999998,0.03520255787225752,0.0,0.44999999999999996,0.014568751337935358,0.19699477341649008
PRX,0.011064353994517436,0.04396454376717096,-0.03290018977265352,down_in_CKD,-1.718067623551153,-5.329415312185036,3.284353636456122e-05,0.0039011716074381407,24.150733847138497,2.745079725104697e-05,0.13615709939196505,0.0011250000000000008,0.0,0.0,0.7285714285714285,0.725,0.888888888888889,0.22499999999999998,0.03879310344827589,0.0,0.44999999999999996,0.006318073782438229,0.196780856135798
COX5B,1.7133378925428018,2.0231376931092404,-0.30979980056643863,down_in_CKD,-1.599101453734541,-4.523934476246451,9.917875851901521e-05,0.007852220593745744,20.921935576384815,7.253072894856163e-05,1.0428234801761782,0.0,0.0,0.0,0.7238095238095237,0.7333333333333332,0.8166666666666667,0.23333333333333317,0.0,0.0,0.46666666666666634,0.04838995336442159,0.19634465733955087
DUSP1,0.5117602669575104,1.1288710876506252,-0.6171108206931147,down_in_CKD,-1.80681630661958,-5.343143628953073,8.788485128370257e-06,0.0017111003595571888,26.7102422661798,1.326017312895023e-05,3.0849141435286964,0.0019999999999999987,0.0,0.0,0.6714285714285715,0.675,0.8555555555555555,0.17500000000000004,0.06896551724137927,0.0,0.3500000000000001,0.14314872495331474,0.1962159518872147
HNF1B,0.22066255245896835,0.12910754444683428,0.09155500801213406,up_in_CKD,1.8427348252309295,5.039569754804922,4.8464965844891115e-05,0.004950593870282716,27.78276793188162,9.875408544823158e-06,0.3889380593969454,0.000894145476049676,0.0,0.0,0.7238095238095238,0.725,0.8666666666666666,0.22499999999999998,0.030832602622402623,0.0,0.44999999999999996,0.018047823925758932,0.19594260583411283
ALDH1L1-AS2,0.003291426350297428,0.00949350646196972,-0.006202080111672292,down_in_CKD,-1.719352499679924,-5.239083401881867,2.1996699215595587e-05,0.0030976905060409125,24.18687014854585,2.716344334135299e-05,0.02675447143668419,0.0011058545239503263,0.0,0.0,0.7238095238095238,0.725,0.8666666666666668,0.22499999999999998,0.038132914618976776,0.0,0.44999999999999996,0.00124148300236985,0.19550146244806466
RGCC,0.10910618105462247,0.28595919510926604,-0.17685301405464357,down_in_CKD,-1.787447431311889,-5.4237607034621975,1.209664249375198e-05,0.002139778041120396,26.140649888482937,1.5543829352058366e-05,0.8439117332858987,0.0009999999999999996,0.0,0.0,0.7238095238095237,0.7166666666666666,0.8611111111111113,0.21666666666666656,0.03448275862068964,0.0,0.4333333333333331,0.03915988678207909,0.19495841413802495
FLCN,0.040477427079396944,0.02256157131909797,0.017915855760298974,up_in_CKD,2.1870331197325585,5.99903940304156,4.463359462181858e-06,0.001257107359202871,39.13456800114922,5.938900159059818e-07,0.11365404496051174,0.0010000000000000002,0.0,0.0,0.7190476190476189,0.7249999999999999,0.8166666666666667,0.22499999999999987,0.03448275862068967,0.0,0.44999999999999973,0.005273868530835052,0.1948478771544428
STK38,0.10002574506543947,0.0647893115031995,0.035236433562239974,up_in_CKD,1.9265595383449878,5.211543842049137,4.332776923007262e-05,0.004638149761492276,30.367895357356787,4.965476258006798e-06,0.15842038889914795,2.3483651670437452e-18,0.0,0.0,0.7333333333333334,0.7416666666666666,0.9277777777777778,0.24166666666666659,8.097810920840501e-17,0.0,0.48333333333333317,0.007351153264700357,0.19480356398627338
FAM131A,0.03831069268022661,0.07564909327107082,-0.03733840059084421,down_in_CKD,-1.6449999903768655,-5.030017348141504,4.123962974782109e-05,0.0044640360409861565,22.14020428641727,4.989399452174597e-05,0.1443576468343521,1.073215590470984e-18,0.0,0.0,0.7333333333333334,0.7416666666666666,0.7722222222222221,0.24166666666666659,3.7007434154171864e-17,0.0,0.48333333333333317,0.006698602333859794,0.19467305380010527
MPC1,0.6786498147580281,0.9654220976742673,-0.28677228291623924,down_in_CKD,-1.8491792137419114,-5.443034401735399,6.319072924740714e-06,0.0013791545866862912,27.97743080074217,9.36678559241698e-06,1.5168442167308824,0.001000000000000002,0.0,0.0,0.7,0.7083333333333333,0.85,0.20833333333333326,0.034482758620689724,0.0,0.4166666666666665,0.0703858536981729,0.1945369408545771
TSPAN1,0.6393737659368703,0.3115907907431898,0.32778297519368055,up_in_CKD,1.602316008666481,4.205071914861595,0.0007584132263369796,0.024588456175889922,21.00613574969086,7.065771931532429e-05,0.8452071053415925,1.903185960904324e-18,0.0,0.0,0.7285714285714285,0.7333333333333332,0.8388888888888888,0.23333333333333317,6.56271021001491e-17,0.0,0.46666666666666634,0.039219995702290594,0.19451066580712467
SH3BP5,0.11135678414212333,0.23311073984103428,-0.12175395569891095,down_in_CKD,-1.8771477632827587,-5.697681894787459,6.042972723513511e-06,0.0013557771628166075,28.830139569797435,7.446203286072053e-06,0.6554388357246206,0.00011705685618729253,0.0,0.0,0.7238095238095237,0.7333333333333332,0.8111111111111111,0.23333333333333317,0.004036443316803191,0.0,0.46666666666666634,0.030414212277409456,0.19436408644886968
MCM7,0.11181747375153957,0.07667694892280738,0.035140524828732186,up_in_CKD,1.5676821877136355,4.266874895086231,0.0003435924369836001,0.01603543317556642,20.10786088642863,9.363308502463806e-05,0.09888062334676392,3.0919023791213282e-18,0.0,0.0,0.7333333333333334,0.7416666666666666,0.8777777777777779,0.24166666666666659,1.0661732341797685e-16,0.0,0.48333333333333317,0.004588340062679139,0.19425100134586915
KCNIP4,0.053211987248028704,0.02604982048146464,0.027162166766564064,up_in_CKD,1.7392984128650884,4.642780064758805,0.0002145491358860561,0.012161320646771508,24.75130065541376,2.3068332608869195e-05,0.09047147237881899,9.77968892952394e-19,0.0,0.0,0.7476190476190475,0.7416666666666666,0.736111111111111,0.24166666666666659,3.372306527422048e-17,0.0,0.48333333333333317,0.004198131718785223,0.1941729596770903
SPATA6L,0.026467512188461672,0.009908389879355899,0.01655912230910577,up_in_CKD,1.6987464438168427,4.585017515263923,0.00019143749241139926,0.011367105381408728,23.61059574856666,3.215531674928845e-05,0.054694082875600084,0.0,0.0,0.0,0.7333333333333334,0.7416666666666666,0.8944444444444443,0.24166666666666659,0.0,0.0,0.48333333333333317,0.0025379598464861613,0.1938409253026305
COL18A1-AS1,0.003405254873393246,0.009246532218424088,-0.005841277345030841,down_in_CKD,-1.664251229356599,-4.952625374640183,2.8469062921791775e-05,0.003575270629269175,22.66144489975869,4.263500443873415e-05,0.023785147665034582,1.6667431845723615e-18,0.0,0.0,0.7476190476190475,0.7416666666666666,0.8583333333333334,0.24166666666666659,5.747390291628833e-17,0.0,0.48333333333333317,0.0011036979969826313,0.19355407293272983
GAS6,0.3121485759486484,0.5145926311936909,-0.2024440552450425,down_in_CKD,-1.6088071088495788,-4.580032490577589,7.955470715687467e-05,0.006708959461107367,21.176675292149515,6.702048042279412e-05,0.7078441443683217,2.5629427355329115e-18,0.0,0.0,0.7238095238095238,0.7333333333333332,0.711111111111111,0.23333333333333317,8.837733570803144e-17,0.0,0.46666666666666634,0.032845966538339974,0.19323585997433457
GNA11,0.19427689077339597,0.2643482558102953,-0.07007136503689934,down_in_CKD,-1.8371724506734937,-5.417124616223114,6.910476674259391e-06,0.0014849846542241848,27.615294110566232,1.0336578156219284e-05,0.3640932293160299,0.0,0.0,0.0,0.7285714285714285,0.7333333333333333,0.7833333333333334,0.23333333333333328,0.0,0.0,0.46666666666666656,0.016894953673202505,0.19004565740130716
PQLC1,0.12637043648815613,0.21187092990449144,-0.08550049341633531,down_in_CKD,-1.7606010740794962,-4.860920106450919,6.057855342484988e-05,0.005769089091137679,25.361313889498977,1.9372163293280465e-05,0.33702558741065813,0.0,0.0,0.0,0.738095238095238,0.7333333333333333,0.8944444444444443,0.23333333333333328,0.0,0.0,0.46666666666666656,0.015638938677007254,0.1897944544020681
ZNF672,0.06284757251397652,0.09774875739315994,-0.03490118487918342,down_in_CKD,-1.8053179385990046,-5.473712988005929,1.0386042741379204e-05,0.0019564876618663033,26.66595975895111,1.3424191382417555e-05,0.17065789265724637,0.00010630841121495422,0.0,0.0,0.7285714285714285,0.7333333333333333,0.775,0.23333333333333328,0.0036658072832742835,0.0,0.46666666666666656,0.00791900798547369,0.1897167911770711
BAIAP2,0.06116536768157686,0.13086871044713164,-0.06970334276555477,down_in_CKD,-1.7011310788695617,-5.192857470881044,2.6083831079773645e-05,0.0034710639432304286,23.676929570421155,3.1533831352968195e-05,0.2916384715303533,0.0,0.0,0.0,0.738095238095238,0.7333333333333333,0.7694444444444445,0.23333333333333328,0.0,0.0,0.46666666666666656,0.013532848372613166,0.18937323634118927
MEF2D,0.07084481274161797,0.1234530326718874,-0.05260821993026943,down_in_CKD,-1.807896429538724,-5.440847833804659,9.229500299719829e-06,0.0017731642628799483,26.742186817681635,1.3143181194705567e-05,0.26167207143778165,2.458589637170749e-18,0.0,0.0,0.7238095238095238,0.7333333333333332,0.9055555555555556,0.23333333333333317,8.47789530058879e-17,0.0,0.46666666666666634,0.01214232281335537,0.18909513122933763
NDUFB7,1.1883296941716057,1.3869288253658225,-0.1985991311942168,down_in_CKD,-1.7191582563339851,-5.033830275749143,1.9704798961844217e-05,0.002921065976348714,24.181405448083424,2.720669157037295e-05,0.8653233219319131,0.0010000000000000005,0.0,0.0,0.7047619047619047,0.7083333333333333,0.8444444444444444,0.20833333333333326,0.034482758620689676,0.0,0.4166666666666665,0.04015344494003672,0.18849045910294984
SSBP3,0.16335277651819408,0.21551483161443064,-0.05216205509623656,down_in_CKD,-1.5704205949485053,-4.659328265021735,6.241356157529783e-05,0.005878627991231786,20.178170550314324,9.157445785321023e-05,0.1827328045158949,1.4161511469663105e-18,0.0,0.0,0.7285714285714285,0.7333333333333333,0.7333333333333334,0.23333333333333328,4.883279817125209e-17,0.0,0.46666666666666656,0.008479317983116616,0.18836253026329
IL1RL1,0.009228418041894072,0.04013139563158706,-0.030902977589692987,down_in_CKD,-1.7761190887878444,-5.400271607052114,1.3659761795727573e-05,0.0023309981746709226,25.810355598190064,1.7057365393033355e-05,0.1444886956901493,0.0,0.0,0.0,0.7238095238095237,0.7333333333333332,0.8416666666666666,0.23333333333333317,0.0,0.0,0.46666666666666634,0.006704683370718895,0.18800760334081032
YDJC,0.13360205779089868,0.09435753265166158,0.039244525139237096,up_in_CKD,1.6068858379318496,4.32586583123388,0.0003644452749306439,0.01635188824799525,21.126126241194076,6.807727010409245e-05,0.11265503659475999,9.930548447048942e-19,0.0,0.0,0.7285714285714285,0.7333333333333333,0.7277777777777777,0.23333333333333328,3.424327050706532e-17,0.0,0.46666666666666656,0.005227511722469723,0.18771216901116058
CFI,0.32459186438231863,0.17713787330469988,0.14745399107761875,up_in_CKD,1.8130316518177627,4.816176438102719,0.00016618022081469475,0.010642137319722505,26.89432175857946,1.2600920214006879e-05,0.5274516446947416,2.1869337616551456e-18,0.0,0.0,0.7285714285714285,0.725,0.8166666666666667,0.22499999999999998,7.541150902259123e-17,0.0,0.44999999999999996,0.024475245306572888,0.1848950490613146
SLC45A4,0.053963815614257976,0.13413392661618262,-0.08017011100192464,down_in_CKD,-1.9353546472280678,-5.9265564700112865,4.796227682056409e-06,0.0013099642578916417,30.645798631750466,4.6201508854866415e-06,0.4472790968062822,0.001000000000000001,0.0,0.0,0.7,0.7083333333333333,0.8555555555555555,0.20833333333333326,0.034482758620689696,0.0,0.4166666666666665,0.02075501275794061,0.18461077266653064
SMTN,0.06886379239689158,0.11299346677652486,-0.04412967437963328,down_in_CKD,-1.6078813019708973,-4.852406976907019,4.7380570348739093e-05,0.004903328124275675,21.152309573680594,6.7527672152847e-05,0.16387185690159642,0.00010585452395032873,0.0,0.0,0.7238095238095238,0.725,0.8583333333333334,0.22499999999999998,0.0036501559982871977,0.0,0.44999999999999996,0.007604116769474484,0.18298088575320975
GPC4,0.12816259306112962,0.06674766406645351,0.06141492899467611,up_in_CKD,1.7203883753413411,4.580564820053023,0.00025969216826640873,0.013509346524364143,24.216023143715063,2.6933959482402263e-05,0.19751255795429626,0.0019999999999999996,0.0,0.0,0.6952380952380952,0.6916666666666667,0.8305555555555555,0.19166666666666665,0.0689655172413793,0.0,0.3833333333333333,0.009165140265811157,0.18275256828304728
CHL1,0.2058201362351874,0.11678623457025797,0.08903390166492944,up_in_CKD,1.5845013046102243,4.29224502335277,0.00035154060968003645,0.016187608074314058,20.541635871639564,8.167592654457607e-05,0.25263835942456386,1.0732155904709841e-18,0.0,0.0,0.7285714285714285,0.725,0.861111111111111,0.22499999999999998,3.700743415417187e-17,0.0,0.44999999999999996,0.011723133073828818,0.18234462661476578
RAB20,0.036863165213719094,0.07556944916370491,-0.03870628394998581,down_in_CKD,-2.0373040742871886,-6.103320854229409,1.3818250787064286e-06,0.0006743940288658443,33.959519109058746,2.0064164146377565e-06,0.25006067036745416,1.777942872292568e-18,0.0,0.0,0.7333333333333334,0.725,0.8722222222222221,0.22499999999999998,6.130837490664029e-17,0.0,0.44999999999999996,0.011603521024778633,0.18232070420495575
FAM181B,0.019399046636015833,0.00789653364420215,0.011502512991813683,up_in_CKD,1.6098095448588474,4.295285514371783,0.00046121918618257984,0.018661044060190573,21.20307357860713,6.647556590870624e-05,0.032016828869465795,0.00012448700410396812,0.0,0.0,0.7333333333333333,0.7249999999999999,0.736111111111111,0.22499999999999987,0.004292655313929935,0.0,0.44999999999999973,0.0014856712428534633,0.18201419637414257
DUSP3,0.18086084517369844,0.23263636832603624,-0.0517755231523378,down_in_CKD,-1.5805157537666574,-4.533737099081359,8.527713320962985e-05,0.006988388797772209,20.438427664673878,8.436492654639733e-05,0.1763990011902927,0.0,0.0,0.0,0.7380952380952381,0.725,0.7277777777777777,0.22499999999999998,0.0,0.0,0.44999999999999996,0.008185411628520985,0.1816370823257042
WBP11,0.18847544693490384,0.23737169620213516,-0.04889624926723132,down_in_CKD,-1.577677437941441,-4.566957294149759,7.453144115268565e-05,0.006512521409154852,20.36508625791384,8.633315320244581e-05,0.16865287538002285,0.0,0.0,0.0,0.7190476190476189,0.7249999999999999,0.8333333333333334,0.22499999999999987,0.0,0.0,0.44999999999999973,0.007825969523659122,0.18156519390473175
YPEL2,0.12451039709223437,0.07616082715725941,0.048349569934974954,up_in_CKD,1.6669493355442822,4.543647402735254,0.00017233505217152694,0.01085882960065795,22.734982532221554,4.1705262469789604e-05,0.15830858868115363,1.369333672762974e-18,0.0,0.0,0.7285714285714285,0.725,0.9166666666666666,0.22499999999999998,4.721840250906808e-17,0.0,0.44999999999999996,0.007345965418974096,0.18146919308379483
RHOF,0.10438701443431327,0.056798063593668985,0.04758895084064428,up_in_CKD,1.6780786272523627,4.4476587011846265,0.00037936530622704887,0.016615703956308667,23.03957355742779,3.8078518441497005e-05,0.1421058163153725,1.3962226401069626e-18,0.0,0.0,0.7285714285714285,0.725,0.8722222222222221,0.22499999999999998,4.8145608279550435e-17,0.0,0.44999999999999996,0.006594111040875487,0.1813188222081751
CHRM3,0.021625529130619502,0.04919293989179474,-0.027567410761175238,down_in_CKD,-1.5995680279096909,-4.7027473722121345,5.157657131031204e-05,0.005187677077229541,20.93414625745279,7.225585074594852e-05,0.10076043664747687,5.229734773892177e-19,0.0,0.0,0.7238095238095238,0.725,0.7666666666666666,0.22499999999999998,1.8033568185835097e-17,0.0,0.44999999999999996,0.004675568706533563,0.18093511374130672
NLN,0.06385618847150562,0.0403620917115465,0.023494096759959122,up_in_CKD,1.8457323579421478,5.02794521243079,5.499832082953244e-05,0.005390207051570055,27.87322857672012,9.63547985097889e-06,0.09836624082227458,3.7886360715333454e-19,0.0,0.0,0.7285714285714285,0.725,0.85,0.22499999999999998,1.3064262315632227e-17,0.0,0.44999999999999996,0.004564471261444142,0.18091289425228882
MILR1,0.0057228317514901,0.0006497172881248333,0.005073114463365266,up_in_CKD,1.7145048565633056,4.5581350336507835,0.00028140162551144833,0.01434522289546341,24.05067466237496,2.8263518743136456e-05,0.016032737570533903,1.832145546387663e-18,0.0,0.0,0.7333333333333334,0.7249999999999999,0.7416666666666666,0.22499999999999987,6.317743263405735e-17,0.0,0.44999999999999973,0.0007439642835919605,0.18014879285671834
TPST2,0.16937937202363443,0.25709184330982154,-0.08771247128618712,down_in_CKD,-1.9611158622544747,-5.632860509182009,3.7493720798489567e-06,0.0011449398319622972,31.46707166061365,3.7411473913428244e-06,0.5059314962732401,0.0010000000000000007,0.0,0.0,0.6904761904761905,0.7,0.8166666666666667,0.19999999999999996,0.03448275862068968,0.0,0.3999999999999999,0.023476649668569074,0.17848843338198966
MET,0.20716110312524974,0.11185341864557377,0.09530768447967597,up_in_CKD,1.627880562045006,4.357887110608744,0.00037728095195507273,0.0166083769593576,21.681778289596075,5.737271163232069e-05,0.2761153941138895,0.000124313186813188,0.0,0.0,0.7285714285714285,0.7166666666666666,0.7694444444444444,0.21666666666666656,0.004286661614247862,0.0,0.4333333333333331,0.012812533758937527,0.1776105047308199
SCAND1,0.7341834124581367,0.8603876343057317,-0.12620422184759506,down_in_CKD,-1.596658187746989,-4.55271342964266,8.460086761888239e-05,0.006972361277340278,20.858051196814085,7.398716614180377e-05,0.43456974575495133,1.376157147950573e-18,0.0,0.0,0.7285714285714285,0.7166666666666666,0.6944444444444444,0.21666666666666656,4.7453694756916314e-17,0.0,0.4333333333333331,0.0201652629907393,0.17736638593148113
DUSP6,0.19181365639426348,0.3688430590974956,-0.1770294027032321,down_in_CKD,-2.026187876834759,-6.121743422227062,1.7299329810187335e-06,0.0007603841784750525,33.589941645535774,2.1970919755155092e-06,1.118757310840057,3.0209752827958183e-18,0.0,0.0,0.7047619047619047,0.7083333333333333,0.9,0.20833333333333326,1.0417156147571788e-16,0.0,0.4166666666666665,0.05191349746796078,0.17704936616025885
TBC1D1,0.24651950186857008,0.3440066042890598,-0.09748710242048975,down_in_CKD,-1.6687801658905654,-4.832785240213337,3.490832643972335e-05,0.0040507622000654974,22.78495016238881,4.108587924196711e-05,0.38921679056422737,0.0008873239436619722,0.0,0.0,0.6904761904761905,0.7,0.7888888888888888,0.19999999999999996,0.030597377367654218,0.0,0.3999999999999999,0.01806075783877718,0.1758511025148171
RUFY3,0.1551052917888804,0.08979039215137122,0.0653148996375092,up_in_CKD,1.7709218893960004,4.74204579529336,0.00016076791595239176,0.010433729847380056,25.659526404615555,1.780012668302892e-05,0.22920230835999295,2.7012122697353105e-18,0.0,0.0,0.7238095238095238,0.7166666666666666,0.8083333333333333,0.21666666666666656,9.314525068052796e-17,0.0,0.4333333333333331,0.01063563414460525,0.17546046016225433
DOC2A,0.0120384096466477,0.005291142392847294,0.006747267253800406,up_in_CKD,1.6094662164663576,4.468385309848961,0.00014927569408922054,0.00997528573980163,21.19403047047162,6.666169956177058e-05,0.021730667613624435,0.00012917271407837557,0.0,0.0,0.7190476190476189,0.7166666666666666,0.8,0.21666666666666656,0.004454231519943986,0.0,0.4333333333333331,0.001008364322812698,0.1753166988058734
SPIN3,0.03421991623382659,0.014782259523775407,0.019437656710051186,up_in_CKD,1.5985515249202187,4.275539611438122,0.00046048758695030085,0.018661044060190573,20.90754800038437,7.285604541272994e-05,0.05372564412642128,0.00010541642399534072,0.0,0.0,0.7285714285714285,0.7166666666666666,0.7722222222222223,0.21666666666666656,0.003635049103287611,0.0,0.4333333333333331,0.0024930215546276543,0.17528595728557383
IQGAP3,0.002156000901136307,0.0,0.002156000901136307,up_in_CKD,1.5806100121776816,4.113898089541893,0.001053165107171285,0.029377230537537484,20.44086554124271,8.430033096470042e-05,0.005220707428094276,0.0009999999999999992,0.0,0.0,0.6761904761904762,0.7,0.8999999999999998,0.19999999999999996,0.03448275862068963,0.0,0.3999999999999999,0.00024225556268841515,0.17384155456081352
PINK1,0.23267064039010518,0.3447932791300026,-0.11212263873989739,down_in_CKD,-2.015583886087402,-5.95207725639502,1.550645394297491e-06,0.0007028784826339097,33.23927783336068,2.395944893126708e-06,0.7125816800471789,0.0010000000000000005,0.0,0.0,0.6904761904761905,0.6916666666666667,0.888888888888889,0.19166666666666665,0.034482758620689676,0.0,0.3833333333333333,0.03306580156787293,0.17373959709518377
MRPL47,0.26705765225295514,0.3362923676025515,-0.06923471534959635,down_in_CKD,-1.597994108161575,-4.895783286453549,6.085285287446155e-05,0.005769089091137679,20.892969570429063,7.318726682153812e-05,0.247703632568209,0.0007999999999999997,0.0,0.0,0.6904761904761905,0.7,0.8944444444444443,0.19999999999999996,0.027586206896551717,0.0,0.3999999999999999,0.0114941478169905,0.17333331232201876
MRPL15,0.24654588907708194,0.3374960115426799,-0.09095012246559794,down_in_CKD,-1.860625108244085,-5.445094932689682,6.058411731722161e-06,0.0013557771628166075,28.324847400777113,8.527168997375001e-06,0.48530279831758366,8.031378402762993e-19,0.0,0.0,0.7142857142857142,0.7083333333333333,0.875,0.20833333333333326,2.7694408285389632e-17,0.0,0.4166666666666665,0.022519419848739633,0.17117055063641456
CTXN1,0.09597692880743698,0.035385716610675105,0.060591212196761876,up_in_CKD,1.9040660058080683,5.0136617605511145,0.0001393195348100812,0.00962299929723918,29.662914718422744,5.971044360389979e-06,0.23266480215111407,0.0011291727140783742,0.0,0.0,0.6904761904761905,0.6916666666666667,0.9333333333333332,0.19166666666666665,0.0389369901406336,0.0,0.3833333333333333,0.010796303631111866,0.17106739011580915
DESI1,0.1160593816945635,0.16001605837107505,-0.043956676676511555,down_in_CKD,-1.6930252843002933,-4.988663682953243,2.3213339235939262e-05,0.00317957767332863,23.451828654109814,3.3696517962510126e-05,0.18587307949279658,0.00010796460176991199,0.0,0.0,0.7047619047619047,0.7083333333333333,0.8111111111111111,0.20833333333333326,0.0037229173024107584,0.0,0.4166666666666665,0.008625035607021728,0.16988084070903525
FLOT2,0.17294946638347708,0.12796201924558426,0.04498744713789282,up_in_CKD,1.7256576591939154,4.763585660994653,7.776542115355045e-05,0.006674481856995558,24.364590191465105,2.5796179689115673e-05,0.16889684543662656,8.881784197001245e-19,0.0,0.0,0.6952380952380952,0.7083333333333334,0.825,0.20833333333333337,3.062684205862498e-17,0.0,0.41666666666666674,0.007837290423011496,0.168234124751269
CRHBP,0.05458434243699321,0.169170236583582,-0.11458589414658878,down_in_CKD,-1.7403049857469872,-5.1799168239984015,1.5147395125695925e-05,0.0024826323875505015,24.77995726431127,2.2878822959711984e-05,0.5194919848639531,0.0011058545239503248,0.0,0.0,0.6904761904761905,0.6833333333333333,0.5777777777777778,0.18333333333333335,0.03813291461897672,0.0,0.3666666666666667,0.02410589462035374,0.16674101143832812
GLUL,0.35953119624679336,0.48699038925674937,-0.127459193009956,down_in_CKD,-1.6905946156972897,-4.894757383731708,2.9263694205948667e-05,0.003627947730404149,23.384537628747278,3.437334859534877e-05,0.5258486977738138,0.00010526315789473906,0.0,0.0,0.7,0.7,0.7166666666666666,0.19999999999999996,0.00362976406533583,0.0,0.3999999999999999,0.02440086404433258,0.16633207843500084
MT2A,1.4366806188049492,2.019253157381407,-0.5825725385764577,down_in_CKD,-1.6935222312610303,-4.688252841084635,8.911235408703847e-05,0.0072616555956881625,23.465598118161857,3.355978202394999e-05,2.1103012578697324,5.229734773892179e-19,0.0,0.0,0.7,0.6833333333333332,0.7333333333333333,0.18333333333333324,1.8033568185835103e-17,0.0,0.3666666666666665,0.09792393573257913,0.1662514538131824
CRK,0.15561578783456306,0.21379262212461883,-0.05817683429005577,down_in_CKD,-1.6944036569232253,-5.119500591291897,2.390970043405876e-05,0.0032261414399629984,23.490030703048355,3.3318612565014055e-05,0.24558163504576125,0.00010541642399534233,0.0,0.0,0.7,0.7,0.8055555555555556,0.19999999999999996,0.0036350491032876666,0.0,0.3999999999999999,0.011395681141563018,0.16373315586962764
CRABP1,0.04095992393267696,0.13814672445387838,-0.09718680052120142,down_in_CKD,-1.6064072922240966,-4.817127009337297,4.636207182568458e-05,0.004837998934039963,21.11354499690617,6.834305204178984e-05,0.3614736502028459,1.4444172593136172e-18,0.0,0.0,0.6952380952380952,0.7,0.8222222222222222,0.19999999999999996,4.9807491700469564e-17,0.0,0.3999999999999999,0.0167733978072951,0.16335467956145902
NDUFV3,0.40687825387478954,0.49397779406386166,-0.08709954018907212,down_in_CKD,-1.6055380188982131,-4.740438290404731,4.763025579381079e-05,0.004903328124275675,21.090700882862173,6.882847580712017e-05,0.3229654934241449,3.8003788150630365e-19,0.0,0.0,0.7047619047619047,0.7,0.6888888888888889,0.19999999999999996,1.3104754534700127e-17,0.0,0.3999999999999999,0.01498651062447451,0.16299730212489488
ZNF503-AS1,0.0035359070636540734,0.008559824137852072,-0.0050239170741979994,down_in_CKD,-1.7706581840943159,-5.275969316250291,1.1794083317019492e-05,0.002137167947221227,25.65188513100147,1.7838663053232617e-05,0.023752793782081314,0.0011265912305516274,0.0,0.0,0.6904761904761905,0.6833333333333333,0.8444444444444444,0.18333333333333335,0.0388479734672975,0.0,0.3666666666666667,0.0011021966854787878,0.16242629539068146
CDC42SE2,0.31440285044450245,0.23201856647979435,0.0823842839647081,up_in_CKD,1.6008180132954455,4.383239182590665,0.00023365281463372635,0.012789185193442265,20.966877095655082,7.15245092590583e-05,0.2496738131069115,3.548748596569696e-19,0.0,0.0,0.6952380952380952,0.7,0.85,0.19999999999999996,1.22370641261024e-17,0.0,0.3999999999999999,0.011585569755793794,0.16231711395115875
ORC4,0.19538479239016987,0.14570866819731026,0.049676124192859605,up_in_CKD,1.819641246143847,5.008327272357006,4.484906668748484e-05,0.004748435856218741,27.090771256373987,1.1935748369687848e-05,0.2100229237649162,9.413766062967469e-19,0.0,0.0,0.7,0.7,0.9083333333333332,0.19999999999999996,3.246126228609472e-17,0.0,0.3999999999999999,0.009745656556109374,0.16194913131122185
SESTD1,0.15322687169303517,0.10023482911084845,0.05299204258218672,up_in_CKD,1.704038755636371,4.586262775277202,0.00020283363379757413,0.011791991415766784,23.757938842178874,3.0792184607054645e-05,0.17413663317639294,2.4841240175987846e-18,0.0,0.0,0.7047619047619047,0.7,0.7805555555555556,0.19999999999999996,8.565944888271671e-17,0.0,0.3999999999999999,0.0080804313660251,0.16161608627320503
YRDC,0.056490702914402204,0.0915514599278465,-0.03506075701344429,down_in_CKD,-1.642453294048838,-4.823341434896107,3.6394324439058306e-05,0.004156690362114494,22.07170491653356,5.094195594770622e-05,0.13712597690566694,2.1229775899689102e-18,0.0,0.0,0.7,0.7,0.7638888888888888,0.19999999999999996,7.320612379203139e-17,0.0,0.3999999999999999,0.006363032434209237,0.16127260648684186
TRIM27,0.11412061702194033,0.08939053627675801,0.02473008074518232,up_in_CKD,1.7136921180858289,4.832551166693941,4.447241139038551e-05,0.004725804595000306,24.02787825482314,2.845224773881352e-05,0.09855512299963315,1.7317726892910159e-18,0.0,0.0,0.7047619047619048,0.7,0.7666666666666666,0.19999999999999996,5.97162996307247e-17,0.0,0.3999999999999999,0.0045732359276868,0.16091464718553736
ZNF300,0.02564005166885712,0.012975439148077922,0.012664612520779198,up_in_CKD,1.7854729912600322,4.77551274317676,0.00015356017470234058,0.010071632222997132,26.08293111151948,1.5797626956914473e-05,0.04515455219463765,4.857225732735058e-19,0.0,0.0,0.6952380952380952,0.7,0.7944444444444444,0.19999999999999996,1.6749054250810548e-17,0.0,0.3999999999999999,0.002095298692853282,0.16041905973857062
CCDC40,0.023406984688887654,0.011389210542539678,0.012017774146347976,up_in_CKD,1.6892268691277939,4.599708250756506,0.00015379983022363768,0.010071632222997132,23.346715216772363,3.4760132421361514e-05,0.0405385645443338,3.930739053657672e-18,0.0,0.0,0.6952380952380952,0.7,0.7444444444444445,0.19999999999999996,1.355427259881956e-16,0.0,0.3999999999999999,0.001881103834974542,0.16037622076699493
HIST1H2BH,0.002648129543892126,0.0,0.002648129543892126,up_in_CKD,1.5953077119280203,4.15215220564753,0.0009774591516985452,0.027992191501258434,20.822782056030128,7.480458377093956e-05,0.006560619154382315,1.1123455098192924e-18,0.0,0.0,0.7142857142857142,0.7,0.9,0.19999999999999996,3.835674171790664e-17,0.0,0.3999999999999999,0.00030443124935071187,0.16006088624987014
RBP1,0.06331043468112636,0.10939026665216683,-0.04607983197104047,down_in_CKD,-1.8175709409802903,-5.188996180130139,1.4038343390453263e-05,0.0023540597789424808,27.029161026785268,1.2140233843546786e-05,0.22011912549295032,3.8003788150630365e-19,0.0,0.0,0.7,0.6916666666666667,0.7861111111111111,0.19166666666666665,1.3104754534700127e-17,0.0,0.3833333333333333,0.01021414881780531,0.1553761630968944
EGFLAM,0.0060111211718928996,0.016543177642357774,-0.010532056470464873,down_in_CKD,-1.645118832151441,-4.900178501340605,3.335024331763733e-05,0.0039011716074381407,22.143403406448996,4.9845617538462405e-05,0.04173612140441072,3.569719339525987e-18,0.0,0.0,0.6952380952380952,0.6916666666666667,0.8583333333333332,0.19166666666666665,1.2309377032848233e-16,0.0,0.3833333333333333,0.0019366738539777343,0.15372066810412893
DNAJC19,0.443598237841154,0.6201611941925335,-0.17656295635137947,down_in_CKD,-1.7589010449987723,-5.109861521570545,1.5693287808172182e-05,0.002551814779319266,25.312359977163595,1.96440772542129e-05,0.8053205485349205,5.662137425588298e-19,0.0,0.0,0.680952380952381,0.675,0.8,0.17500000000000004,1.9524611812373442e-17,0.0,0.3500000000000001,0.03736914686695738,0.1474738293733915
CSNK1G1,0.06895433338660653,0.047369675226174385,0.021584658160432146,up_in_CKD,1.7249644046171202,4.712156150435274,0.00010973394136279833,0.008333475760022597,24.34501797705897,2.5943092159461576e-05,0.07741339454887007,3.957610253622522e-18,0.0,0.0,0.6904761904761905,0.6833333333333333,0.7277777777777777,0.18333333333333335,1.3646931909043182e-16,0.0,0.3666666666666667,0.0035922000446024904,0.14738510667558724
RPGRIP1L,0.04939535194499087,0.029563460944991578,0.01983189099999929,up_in_CKD,1.5973629021770699,4.303902487846995,0.0003771619336087733,0.0166083769593576,20.876467428421787,7.356413593692609e-05,0.056377768923341794,1.6638832650101194e-18,0.0,0.0,0.6952380952380952,0.6833333333333332,0.8583333333333334,0.18333333333333324,5.737528500034895e-17,0.0,0.3666666666666665,0.0026160876321366954,0.14718988419309395
LINC00900,0.0017861012461279733,4.303019155347778e-05,0.0017430710545744954,up_in_CKD,1.7490069092228029,4.565386713410486,0.00041369679486980275,0.017342982686666154,25.0283877423472,2.130386841974357e-05,0.005368283489288156,0.001000000000000001,0.0,0.0,0.6666666666666667,0.6666666666666666,0.8083333333333332,0.16666666666666663,0.034482758620689696,0.0,0.33333333333333326,0.00024910350853412093,0.14717625748331603
GRAMD1B,0.018760213835719255,0.040530959120577165,-0.02177074528485791,down_in_CKD,-1.571310023619691,-4.582893636967066,7.079640155275547e-05,0.006338900027918013,20.20103337540857,9.091550473343455e-05,0.07519000586829461,0.0001265912305516278,0.0,0.0,0.6666666666666666,0.6749999999999999,0.7277777777777776,0.17499999999999993,0.004365214846607855,0.0,0.34999999999999987,0.003489028533211269,0.14244389164528534
DSEL,0.07646076727894392,0.04124348189140577,0.035217285387538155,up_in_CKD,1.6916336427475764,4.70016797761994,8.081074418815323e-05,0.006775490430341981,23.413290392253558,3.40823874164093e-05,0.12922115202576087,1.2834178164666803e-18,0.0,0.0,0.6619047619047619,0.6749999999999999,0.8111111111111112,0.17499999999999993,4.4255786774713115e-17,0.0,0.34999999999999987,0.005996226244509758,0.14119924524890193
FAM71E1,0.0235263845549555,0.04799133100301144,-0.024464946448055944,down_in_CKD,-1.7009441305933295,-5.217692338009015,2.859516001013974e-05,0.0035756275512679046,23.671725835090065,3.1582119061729765e-05,0.10181359239313105,1.2673141403398876e-18,0.0,0.0,0.6714285714285715,0.675,0.8027777777777778,0.17500000000000004,4.3700487597927164e-17,0.0,0.3500000000000001,0.004724438106184085,0.1409448876212369
C14orf132,0.020752770082449235,0.04311967691191673,-0.022366906829467497,down_in_CKD,-1.605144649151843,-4.809604631514643,4.673084818847456e-05,0.004859003247124183,21.080367365733764,6.904926485709841e-05,0.0830578623108708,1.5629540803628678e-18,0.0,0.0,0.6714285714285715,0.675,0.8222222222222222,0.17500000000000004,5.3894968288374756e-17,0.0,0.3500000000000001,0.003854119283056971,0.14077082385661147
COX7B,1.4941308750982285,1.7815509478681268,-0.28742007276989834,down_in_CKD,-1.6077438738036836,-4.618175203494603,6.664309506845424e-05,0.006079610653886344,21.148693885254065,6.760328406687093e-05,1.0240662680541992,0.00010630841121495426,0.0,0.0,0.6619047619047619,0.6583333333333333,0.7861111111111111,0.15833333333333333,0.003665807283274285,0.0,0.31666666666666665,0.04751956577046774,0.13763690273406995
STK36,0.04350169616408439,0.02346945208681761,0.02003224407726678,up_in_CKD,1.8406266000506155,4.994870921967601,6.549661494313379e-05,0.006051136304141119,27.719233206659084,1.0047726089807725e-05,0.08178784522750587,7.910339050454233e-19,0.0,0.0,0.6714285714285715,0.6666666666666666,0.7916666666666666,0.16666666666666663,2.7277031208462875e-17,0.0,0.33333333333333326,0.0037951869051384528,0.134092370714361
S1PR3,0.009098816570273617,0.029142125673568844,-0.02004330910329523,down_in_CKD,-1.725246002248601,-5.335095446133388,2.8770653373347702e-05,0.00358213156378033,24.352967194975463,2.5883316566997845e-05,0.08457690261285337,4.186465988690693e-19,0.0,0.0,0.6619047619047619,0.6583333333333333,0.8666666666666668,0.15833333333333333,1.4436089616174804e-17,0.0,0.31666666666666665,0.003924607041310358,0.12745158807492876
FLT1,0.10109431902376674,0.2465935132563691,-0.14549919423260238,down_in_CKD,-1.6676235878237717,-4.947628977369013,2.781019071860715e-05,0.003554068866725962,22.753378069087326,4.147608585955979e-05,0.5942867103654669,0.0008920353982300915,0.0,0.0,0.6285714285714286,0.6333333333333333,0.7444444444444445,0.1333333333333333,0.030759841318279017,0.0,0.2666666666666666,0.02757658102867234,0.12448591939971272
PHC2,0.251483770939303,0.3283728883809635,-0.07688911744166049,down_in_CKD,-1.698534621643447,-4.7436992397551165,6.58779442714402e-05,0.006067044962903111,23.60470795299366,3.2211107956367865e-05,0.2895405775693011,7.600757630126062e-19,0.0,0.0,0.6333333333333333,0.6333333333333333,0.7416666666666667,0.1333333333333333,2.6209509069400216e-17,0.0,0.2666666666666666,0.013435500170478643,0.10935376670076238
PPAT,0.03949292251845011,0.025177738301472553,0.014315184216977556,up_in_CKD,1.883433314097499,5.294178196513337,1.3444813878722131e-05,0.0023078937906611187,29.023535852609637,7.071998462492015e-06,0.07109217048602344,1.4335511335510775e-18,0.0,0.0,0.638095238095238,0.6333333333333332,0.8277777777777778,0.1333333333333332,4.943279770865785e-17,0.0,0.2666666666666664,0.0032988774033098998,0.10732644214732856
ID2,0.23802415005024485,0.353775875033122,-0.11575172498287717,down_in_CKD,-1.6914311455526705,-4.889493367089748,2.9864516780977556e-05,0.0036710577619328763,23.407685346645973,3.4138900298654906e-05,0.47677996385990984,0.00023016771076351267,0.0,0.0,0.6285714285714286,0.6166666666666666,0.7166666666666668,0.11666666666666659,0.007936817612534921,0.0,0.23333333333333317,0.02212393626999451,0.10093284763234614
CTNNAL1,0.18402574240735003,0.30279961305920633,-0.1187738706518563,down_in_CKD,-1.7857219548058887,-5.106671732836268,1.737629502428687e-05,0.002710141498142807,26.090205544438078,1.5765398228679906e-05,0.5444549814048041,0.0,0.0,0.0,0.6095238095238095,0.6166666666666666,0.788888888888889,0.11666666666666659,0.0,0.0,0.23333333333333317,0.025264248130234358,0.09838618295938015
IRS2,0.06753232928680836,0.10211742353148853,-0.034585094244680176,down_in_CKD,-1.9229274187809913,-5.65871212802746,3.415250468096761e-06,0.001100849067549856,30.253498837361388,5.115530940639007e-06,0.19673878768320746,1.4802973661668745e-18,0.0,0.0,0.6,0.6,0.7666666666666668,0.09999999999999998,5.104473676437499e-17,0.0,0.19999999999999996,0.009129235140883938,0.08182584702817679
ZFR2,0.0015200656930548,6.181159821466111e-05,0.001458254094840139,up_in_CKD,1.7457731160682493,4.582794967898576,0.00035316576330190764,0.016189441088289052,24.93592177734528,2.1876116011906237e-05,0.004558903150189601,0.0,0.0,0.0,0.5809523809523809,0.6,0.875,0.09999999999999998,0.0,0.0,0.19999999999999996,0.0002115459759242472,0.08004230919518483
AL451064.1,0.002180699840690954,0.00019615295545134445,0.0019845468852396093,up_in_CKD,1.5756975446361041,4.148847710596832,0.0008019334470649786,0.025078947222919267,20.314004335954753,8.773295131543716e-05,0.005005432892596717,1.3322676295501867e-18,0.0,0.0,0.5238095238095237,0.5666666666666667,0.825,0.06666666666666665,4.5940263087937474e-17,0.0,0.1333333333333333,0.00023226621652264363,0.053379786576637875
PCDHA9,0.0026148143697295335,0.00024434965687225,0.0023704647128572837,up_in_CKD,1.566631373309488,4.160271600524246,0.0006736429914905351,0.023099743715296005,20.080913398671036,9.443514489687888e-05,0.006076981081858777,6.279698983036039e-19,0.0,0.0,0.5380952380952382,0.5416666666666667,0.7666666666666666,0.04166666666666674,2.1654134424262203e-17,0.0,0.08333333333333348,0.0002819890774783266,0.033389731148829066
LINC01122,0.0017402087450326,8.727878075815e-05,0.00165292996427445,up_in_CKD,1.6482618528493302,4.3184311807519835,0.0006230409911905848,0.02211881170086717,22.228094745477065,4.858295497734651e-05,0.004509632616160747,9.393357551485388e-19,0.0,0.0,0.5190476190476191,0.5416666666666666,0.8166666666666667,0.04166666666666663,3.23908881085703e-17,0.0,0.08333333333333326,0.00020925968405489497,0.0333751852701443
LINC00635,0.0010924319255134866,0.0,0.0010924319255134866,up_in_CKD,1.598408930601664,4.160223834625242,0.0009622097657743986,0.027747221973275654,20.90381816804036,7.294063443118314e-05,0.0027183768412811027,0.0,0.0,0.0,0.4904761904761904,0.5333333333333333,0.8666666666666666,0.033333333333333326,0.0,0.0,0.06666666666666665,0.00012614035939648486,0.026691894738545958
LINC01933,0.0024480718553134937,0.00010630290851633889,0.0023417689467971547,up_in_CKD,1.6371649531336137,4.278751972864862,0.0007068679437028394,0.023763560067963745,21.929801594473528,5.3188409082301785e-05,0.006226531248474898,8.367575638227487e-19,0.0,0.0,0.48571428571428577,0.525,0.7999999999999999,0.025000000000000022,2.8853709097336166e-17,0.0,0.050000000000000044,0.0002889286273885118,0.02005778572547773
AC025048.4,0.0012968215371002532,0.0,0.0012968215371002532,up_in_CKD,1.6262739332487863,4.232748859945776,0.000835652512724962,0.025734903815447074,21.639001957891182,5.8129238595266854e-05,0.0033521873784202044,0.0010000000000000007,0.0,0.0,0.45714285714285713,0.5,0.7333333333333332,0.0,0.03448275862068968,0.0,0.0,0.00015555095756297286,0.013824213639788469
KCNK9,0.00111462815708234,0.0,0.00111462815708234,up_in_CKD,1.6662981436252067,4.336920996864058,0.0006830206901329176,0.023305799130650458,22.717223210035723,4.1927795505820736e-05,0.003032113733044425,0.0010000000000000002,0.0,0.0,0.45714285714285713,0.5,0.8666666666666666,0.0,0.03448275862068967,0.0,0.0,0.0001406986368516117,0.01382124317564619
E2F8,0.0006335643563503398,0.0,0.0006335643563503398,up_in_CKD,1.7379957434228783,4.523530354365219,0.0004772236809690857,0.01894398740748152,24.714238943094905,2.3315913410023852e-05,0.0018967316325539945,0.0008755129958960327,0.0,0.0,0.48571428571428577,0.5,0.6333333333333333,0.0,0.03019010330675975,0.0,0.0,8.801370221219503e-05,0.01209364406314634
LINC01410,0.006330806033497701,0.0003768077777876833,0.005953998255710018,up_in_CKD,1.7780871368141438,4.6676600636736225,0.00029827977860125073,0.01479161773884151,25.86758617721388,1.6784246126623027e-05,0.019373545766635445,2.4762955219123257e-18,0.0,0.0,0.42857142857142855,0.4666666666666666,0.7166666666666666,0.0,8.538950075559745e-17,0.0,0.0,0.000898987214971986,0.00017979744299443138
AC097634.1,0.0039182559260479205,0.0002714578329432945,0.003646798093104626,up_in_CKD,1.754663595627886,4.655197960567784,0.00024007335248488212,0.012969325801836929,25.19054454945093,2.0338527454786005e-05,0.01207526012123824,3.8003788150630355e-19,0.0,0.0,0.45714285714285713,0.5,0.7666666666666665,0.0,1.3104754534700123e-17,0.0,0.0,0.0005603261580102329,0.00011206523160205183
LACTB2-AS1,0.00423259222046626,0.00036946018152625004,0.00386313203894001,up_in_CKD,1.5848739545979933,4.194380628212941,0.0006657868094176404,0.022938806818534142,20.55129915242522,8.142888551835652e-05,0.01003753194293651,2.9319800555681125e-18,0.0,0.0,0.3904761904761905,0.4333333333333333,0.5888888888888888,0.0,1.0110276053683147e-16,0.0,0.0,0.00046576981804296474,9.315396360863339e-05
UHRF1,0.0025390403123828668,0.0,0.0025390403123828668,up_in_CKD,1.8511064054401507,4.817926652499871,0.00027320897552552445,0.014002175880717548,28.035776653049098,9.219835204596509e-06,0.008712943648525085,0.0,0.0,0.0,0.45714285714285713,0.5,0.8333333333333333,0.0,0.0,0.0,0.0,0.00040430518187769654,8.086103637553931e-05
AC005697.2,0.00192944258758972,5.941610850156112e-05,0.0018700264790881588,up_in_CKD,1.9566799836464768,5.123459912657449,0.0001311355642115388,0.00927864077506522,31.32488093238636,3.879552830420365e-06,0.007437062893856731,4.925254104341995e-19,0.0,0.0,0.45714285714285713,0.5,0.8333333333333334,0.0,1.6983634842558604e-17,0.0,0.0,0.0003451007130575908,6.902014261152495e-05
AC084782.1,0.00270070656787374,5.766659538846111e-05,0.0026430399724852787,up_in_CKD,1.5936726492777038,4.155683552047056,0.0009390499747015695,0.02740627743067659,20.780120561365756,7.580623768680062e-05,0.006579995096200417,0.0,0.0,0.0,0.42857142857142855,0.4666666666666666,0.7666666666666666,0.0,0.0,0.0,0.0,0.00030533034774923596,6.106606954984719e-05
AC079601.1,0.0020257299840541134,0.0,0.0020257299840541134,up_in_CKD,1.764049621561911,4.591341515040869,0.00041931743747118406,0.01755222534439611,25.46076327817681,1.883205818818886e-05,0.006273858237234065,0.0,0.0,0.0,0.45714285714285713,0.5,0.7333333333333333,0.0,0.0,0.0,0.0,0.0002911247332707342,5.822494665414684e-05
AC090198.1,0.0023223111609396597,0.0002964412365317555,0.002025869924407904,up_in_CKD,1.588516476111291,4.250316619331482,0.0004835436993039613,0.018965602973053997,20.64587395808483,7.905277562708699e-05,0.005541723300516505,2.633695730638566e-19,0.0,0.0,0.3952380952380952,0.4333333333333333,0.6083333333333333,0.0,9.081709415995057e-18,0.0,0.0,0.0002571516053946327,5.1430321078930174e-05
SGO1,0.0020205053160507933,0.0,0.0020205053160507933,up_in_CKD,1.5652229399573325,4.073849724339065,0.0011388642879090148,0.03059116017800048,20.044823332652797,9.552083561362793e-05,0.004789365315299741,0.0,0.0,0.0,0.45714285714285713,0.5,0.8666666666666666,0.0,0.0,0.0,0.0,0.0002222400709786271,4.4448014195725425e-05
DDIAS,0.001493786398477207,0.0,0.001493786398477207,up_in_CKD,1.6404682562016666,4.26969282311715,0.0007778748931257329,0.02487081757285806,22.018386269498215,5.177392571068256e-05,0.003931376211851976,1.086908341108027e-18,0.0,0.0,0.45714285714285713,0.5,0.7333333333333332,0.0,3.747959796924231e-17,0.0,0.0,0.00018242695448070838,3.6485390896156664e-05
SNAP91,0.0010376563247237798,0.0,0.0010376563247237798,up_in_CKD,1.7672771532992908,4.599741902578621,0.0004126663970671785,0.017342982686666154,25.554015299238905,1.834018619561231e-05,0.0032291411315234324,1.0869083411080271e-18,0.0,0.0,0.45714285714285713,0.5,0.7999999999999999,0.0,3.7479597969242316e-17,0.0,0.0,0.00014984126434816725,2.9968252869648443e-05
DCX,0.0010979830632555933,2.176826197391111e-05,0.0010762148012816823,up_in_CKD,1.5829585631733636,4.126566173575093,0.000999375242291185,0.02834005452479695,20.5016548313772,8.270657669651852e-05,0.0026364955158254618,0.0,0.0,0.0,0.45714285714285713,0.5,0.7,0.0,0.0,0.0,0.0,0.00012234083474486684,2.446816694897337e-05
AC078795.1,0.0009432897554129067,0.0,0.0009432897554129067,up_in_CKD,1.6594379089993698,4.3190656714494375,0.0007069922084307268,0.023763560067963745,22.530552331288916,4.434506169298493e-05,0.002542235711514449,0.0,0.0,0.0,0.45714285714285713,0.5,0.7,0.0,0.0,0.0,0.0,0.00011796691372999016,2.3593382745998035e-05
PDIA2,0.0010345580713622933,0.0,0.0010345580713622933,up_in_CKD,1.5728879971197816,4.093799783983053,0.0010953169230914802,0.03000485735494225,20.24162714850118,8.975795432668337e-05,0.002477980845188294,1.3752369206790867e-18,0.0,0.0,0.45714285714285713,0.5,0.7333333333333333,0.0,4.7421962782037477e-17,0.0,0.0,0.00011498530654136561,2.2997061308292095e-05
TFAP2E,0.0008481704913406001,5.755765711367778e-05,0.0007906128342269223,up_in_CKD,1.5753288093483866,4.1511270141796555,0.0007872059873602031,0.024958301304174306,20.304497925515502,8.799612010612748e-05,0.0019962288989634224,0.0,0.0,0.0,0.42380952380952375,0.4666666666666666,0.5416666666666666,0.0,0.0,0.0,0.0,9.263065625376135e-05,1.852613125075227e-05
