gene,mean_expr_CKD,mean_expr_Ref,diff_mean_log_expr,direction,cohen_d,t_stat,p_value,adj_p_value,f_classif_score,f_classif_p_value,statistical_rank_score,random_forest_importance,knn_permutation_importance_mean,knn_permutation_importance_std,knn_single_gene_accuracy_mean,knn_single_gene_balanced_accuracy_mean,knn_single_gene_roc_auc_mean,knn_single_gene_importance_score,rf_importance_scaled,knn_permutation_importance_scaled,knn_single_gene_importance_scaled,statistical_score_scaled,combined_ml_biomarker_score
KLF9,0.16416456627134768,0.5761277252314803,-0.4119631589601326,down_in_CKD,-3.59877751873338,-11.042265060926027,1.43121029527382e-10,5.93134438084193e-07,105.96436060369732,1.597337329925569e-11,9.231697462032285,0.028999999999999998,0.0,0.0,1.0,1.0,1.0,0.5,1.0,0.0,1.0,0.4283768232632437,0.8856753646526487
ZFAND5,0.3517882468992523,0.9000471989175569,-0.5482589520183045,down_in_CKD,-4.088845992895221,-12.176236263512633,6.091375512178585e-13,9.574600732366685e-09,136.78904907503434,6.705754803229655e-13,17.976294016755624,0.015999999999999993,0.0,0.0,0.9714285714285715,0.975,1.0,0.475,0.5517241379310343,0.0,0.95,0.834150789344498,0.7675198130413133
ELL2,0.05310205946929169,0.13870227787373154,-0.08560021840443985,down_in_CKD,-2.57852250716316,-7.951227601747888,8.090424838445513e-08,9.388128982532173e-05,54.399095345020825,2.6427141621363575e-08,0.8889407689921892,0.02599999999999999,0.0,0.0,1.0,1.0,1.0,0.5,0.8965517241379307,0.0,1.0,0.04124936115554079,0.7668705618862806
PDK4,0.14016515537514512,0.9770571631953469,-0.8368920078202018,down_in_CKD,-4.135404463522512,-12.912062588997014,1.1590233676988412e-10,5.93134438084193e-07,139.92193699299753,5.024377813585101e-13,21.550413002524355,0.011105263157894731,0.0,0.0,1.0,1.0,1.0,0.5,0.3829401088929218,0.0,1.0,1.0,0.7531760435571688
CEBPD,0.49193591819781346,1.3076637403616838,-0.8157278221638703,down_in_CKD,-2.9078986547741783,-8.94972415991379,9.392177782133214e-09,2.2705589788307047e-05,69.18442843448845,2.143559340400494e-09,11.015503038956675,0.019105854523950316,0.0,0.0,0.9428571428571428,0.95,1.0,0.44999999999999996,0.6588225697913902,0.0,0.8999999999999999,0.5111504377046672,0.7257591154574895
NFIL3,0.04227822542631762,0.15090612895325076,-0.10862790352693313,down_in_CKD,-2.134858802772823,-6.678512084120169,2.935516232934927e-06,0.0010260159749089426,37.289635427263185,9.065412383806471e-07,0.6931290087497762,0.023999999999999994,0.0,0.0,0.9714285714285715,0.975,1.0,0.475,0.8275862068965516,0.0,0.95,0.032163142704902455,0.7174671112996012
PER1,0.05506156979772047,0.3446930832111041,-0.2896315134133836,down_in_CKD,-4.063882500368329,-12.599412597490499,5.5651934819129995e-11,5.381542097009871e-07,135.1238807192723,7.835105186838183e-13,7.378901051016746,0.017117056856187286,0.0,0.0,1.0,1.0,1.0,0.5,0.5902433398685272,0.0,1.0,0.3424018393592922,0.7045777038192693
SLC25A33,0.08015389779293702,0.22070924627014657,-0.14055534847720955,down_in_CKD,-4.287671668178622,-12.955612108748193,6.600896747581306e-13,9.574600732366685e-09,150.41559546083167,1.9834629420500713e-13,4.832619208351057,0.018222138022942848,0.0,0.0,1.0,1.0,1.0,0.5,0.6283495869980292,0.0,1.0,0.2242471737216812,0.6961892695435479
TIPARP,0.042599480799684106,0.27665373835528323,-0.2340542575555991,down_in_CKD,-3.2251584101549984,-10.121835131279502,1.1331916418487035e-08,2.528760733079299e-05,85.1043826684924,2.120715439251228e-10,3.4701705211434666,0.01910585452395032,0.0,0.0,1.0,1.0,1.0,0.5,0.6588225697913903,0.0,1.0,0.1610257084510158,0.6957341696067594
APOLD1,0.017205668624403998,0.1709055689491428,-0.1536999003247388,down_in_CKD,-1.5652999153235427,-4.914197237704577,0.00012771919678674086,0.00914847876242803,20.04679493109728,9.546118147172193e-05,0.4904718163096163,0.019105416423995335,0.0,0.0,1.0,1.0,1.0,0.5,0.6588074628963909,0.0,1.0,0.02275927687567583,0.6680748405336916
CSRNP1,0.03132065846009116,0.26502274465154396,-0.2337020861914528,down_in_CKD,-2.7005558814206143,-8.473974995283422,1.4638766101587347e-07,0.00013699051761517707,59.6700169255266,1.029029808281339e-08,2.438233303178654,0.018999999999999986,0.0,0.0,0.9714285714285715,0.975,0.975,0.475,0.655172413793103,0.0,0.95,0.11314090838505259,0.6646971471942517
F2RL3,0.0020764427530400465,0.04643953873498481,-0.04436309598194477,down_in_CKD,-2.0604009563350676,-6.466804238993011,5.446484897951361e-06,0.001350448947774094,34.733880825271044,1.6617543828863813e-06,0.2622908390921423,0.02010585452395032,0.0,0.0,0.9714285714285715,0.975,0.975,0.475,0.69330532841208,0.0,0.95,0.01217103537929497,0.659756338440691
USP2,0.09699924525970588,0.38572904814395853,-0.28872980288425265,down_in_CKD,-2.4122272997983054,-7.443662520348659,2.4331894987731955e-07,0.00020760831576297178,47.60869537548183,9.766880794538116e-08,2.564972424163375,0.01798977649143721,0.0,0.0,0.9666666666666666,0.9666666666666666,0.9666666666666666,0.46666666666666656,0.6203371203943866,0.0,0.9333333333333331,0.11902196138249979,0.645272573767588
ERRFI1,0.057893996505786985,0.3733335625443239,-0.31543956603853696,down_in_CKD,-3.339899314850781,-10.396124227151663,2.656961222399745e-09,8.56427167353518e-06,91.26758809096951,9.433389650428427e-11,5.338595028163687,0.012215316490555145,0.0,0.0,1.0,1.0,1.0,0.5,0.421217810019143,0.0,1.0,0.24772588012760308,0.6180323000331779
NR4A3,0.002787625412840693,0.11921544908448817,-0.11642782367164747,down_in_CKD,-2.04944124465471,-6.438073665546712,6.075526755124404e-06,0.0013557771628166075,34.36534976147875,1.8171719170110403e-06,0.6842942356735499,0.01599999999999999,0.0,0.0,0.9428571428571428,0.95,0.975,0.44999999999999996,0.5517241379310341,0.0,0.8999999999999999,0.031753184293655694,0.5870402920311448
TOB2,0.1298848875368658,0.22920485396622928,-0.09931996642936347,down_in_CKD,-2.5776692521925937,-7.920544386219215,6.509724770926746e-08,8.210744156721083e-05,54.363099057538285,2.6603315852947902e-08,1.0459753699428425,0.015682874528104004,0.0,0.0,0.9428571428571428,0.9416666666666667,0.975,0.44166666666666665,0.5407887768311727,0.0,0.8833333333333333,0.048536209947360166,0.5793560860552744
ITPRIP,0.02307166759059353,0.10294507389181078,-0.07987340630121725,down_in_CKD,-1.8524273048985342,-5.7811583899153804,1.5921353845459744e-05,0.002551814779319266,28.075802072184384,9.120449722565925e-06,0.3836817669981771,0.013999999999999997,0.0,0.0,0.9714285714285715,0.975,0.975,0.475,0.4827586206896551,0.0,0.95,0.017803917119975088,0.576664231699857
TSC22D3,0.2675386179937494,0.7158396138307911,-0.4483009958370417,down_in_CKD,-2.6834224425884967,-8.137852129006426,1.531307793903453e-08,3.1730885072242265e-05,58.915276407716846,1.1737174300182377e-08,5.411631248061883,0.009679687644724365,0.0,0.0,0.9714285714285715,0.975,0.975,0.475,0.33378233257670226,0.0,0.95,0.2511149669116773,0.5637359264130164
GADD45A,0.22046047835645854,0.6222350065225292,-0.4017745281660706,down_in_CKD,-3.4697994196342106,-10.561000784257118,1.3090586493068663e-10,5.93134438084193e-07,98.50506555676833,3.835127354918563e-11,8.680704142989647,0.011894583576004656,0.0,0.0,0.880952380952381,0.875,0.9666666666666666,0.375,0.41015805434498814,0.0,0.75,0.4028091778089271,0.5446250572997807
HERPUD1,0.5762212359912442,0.8611035200164215,-0.28488228402517735,down_in_CKD,-3.262715824940638,-9.61989675105256,9.861970810485158e-11,5.93134438084193e-07,87.09802817169324,1.624232607180866e-10,5.7877914910787105,0.00997888458850027,0.0,0.0,0.9380952380952381,0.9333333333333332,0.9333333333333332,0.43333333333333324,0.34409946856897483,0.0,0.8666666666666665,0.268569864085702,0.538020426911397
ZNF331,0.04672623013768298,0.163161439784287,-0.116435209646604,down_in_CKD,-2.2170041833392045,-6.915375286114001,1.5210464524338266e-06,0.0007004056759540525,40.21451630953801,4.661245059132088e-07,0.814333069893506,0.011107228915662643,0.0,0.0,0.9666666666666666,0.9666666666666666,1.0,0.46666666666666656,0.38300789364353943,0.0,0.9333333333333331,0.0377873533002879,0.5340939614508067
NFKBIA,0.28492091859358104,0.7022551607462311,-0.41733424215265,down_in_CKD,-2.8931668355264852,-8.752890576818196,3.2043395406525373e-09,9.29578900743301e-06,68.48520822155729,2.3928214080992273e-09,6.075379673892828,0.00889414547604967,0.0,0.0,0.9380952380952381,0.9416666666666667,0.975,0.44166666666666665,0.30669467158791963,0.0,0.8833333333333333,0.2819147676279417,0.5323941554940895
MCL1,0.21270493439113924,0.4853608493956807,-0.27265591500454145,down_in_CKD,-1.757202493626113,-5.4688527925879775,2.752887018436302e-05,0.003533683734727306,25.26349584768406,1.99195565747318e-05,1.1746726920545056,0.013441713179996857,0.0,0.0,0.9095238095238095,0.9083333333333332,0.975,0.4083333333333332,0.4635073510343744,0.0,0.8166666666666664,0.054508129005087176,0.5229712328814338
LINC00473,0.00944382377423526,0.09898716523144264,-0.08954334145720738,down_in_CKD,-1.9742097501107663,-6.161306725965652,7.201872652038744e-06,0.00151395888141771,31.88867021535612,3.3608356372540515e-06,0.49849192572374446,0.010679687644724368,0.0,0.0,0.9380952380952381,0.9416666666666667,0.9416666666666667,0.44166666666666665,0.36826509119739204,0.0,0.8833333333333333,0.023131432593210745,0.5052656563309323
CDC42EP4,0.07066823137632693,0.1374038155597885,-0.06673558418346158,down_in_CKD,-2.338253437277709,-7.020679490892149,1.341575249135105e-07,0.00012973032659136465,44.73351112042655,1.760011319569956e-07,0.6065393066580609,0.010999999999999996,0.0,0.0,0.9428571428571428,0.9333333333333332,0.9666666666666666,0.43333333333333324,0.3793103448275861,0.0,0.8666666666666665,0.0281451360856524,0.5040198318148316
FKBP5,0.0892744088026857,0.5185646827957151,-0.42929027399302944,down_in_CKD,-2.7267107698917137,-8.415242210731186,3.439885825279986e-08,6.236942986960775e-05,60.83142236708286,8.422669332370751e-09,4.922197528629544,0.009877496003137327,0.0,0.0,0.880952380952381,0.8833333333333332,0.975,0.3833333333333332,0.3406033104530113,0.0,0.7666666666666664,0.2284038606616482,0.48858876298020076
GABARAPL1,0.3669094375191278,0.6219690898483805,-0.2550596523292527,down_in_CKD,-2.9297293603565517,-8.768546944156009,1.5134425435373482e-09,5.48812102350231e-06,70.22711556765172,1.821881858258726e-09,3.930995914462371,0.00887568681318681,0.0,0.0,0.9095238095238095,0.9083333333333332,0.9583333333333333,0.4083333333333332,0.306058165971959,0.0,0.8166666666666664,0.1824093076082535,0.48557179457710087
TP53INP2,0.061718319231079635,0.17693400132591686,-0.11521568209483722,down_in_CKD,-2.5815688611062932,-8.015159341270271,1.2602530293829106e-07,0.00012606875993930426,54.527709147002554,2.580775759880662e-08,1.1598244596593796,0.010577458104108662,0.0,0.0,0.9142857142857143,0.9083333333333332,0.975,0.4083333333333332,0.36473993462443666,0.0,0.8166666666666664,0.05381912910548494,0.48332646633753823
MEPCE,0.08763651223731189,0.14651853262856154,-0.05888202039124965,down_in_CKD,-2.025978653318117,-6.246709228646603,3.134177377705493e-06,0.0010450860428417971,33.5830050302784,2.2008503126056583e-06,0.35559643017709963,0.008665516575437973,0.0,0.0,0.9380952380952381,0.9416666666666667,0.9666666666666666,0.44166666666666665,0.2988109163944129,0.0,0.8833333333333333,0.016500678206744626,0.4761578355324474
SH3RF3-AS1,0.00042916692186150665,0.006318982293048972,-0.005889815371187466,down_in_CKD,-2.177147379835139,-6.794484010865882,1.9980432530046628e-06,0.0007995571276150148,38.78157856518826,6.433657888529184e-07,0.039714748803367186,0.0077867722403353505,0.0,0.0,0.9428571428571428,0.95,0.95,0.44999999999999996,0.2685093875977707,0.0,0.8999999999999999,0.00184287645896694,0.46777233033090165
ESM1,0.013739136601197709,0.09870747907962224,-0.08496834247842452,down_in_CKD,-2.6250561873010514,-8.12241578270072,7.646211621741885e-08,9.242358297780503e-05,56.380254434898,1.8413092493641955e-08,0.8998187250436704,0.008105854523950325,0.0,0.0,0.9380952380952381,0.9333333333333332,1.0,0.43333333333333324,0.27951222496380435,0.0,0.8666666666666665,0.041754129024732294,0.4668223824571348
LRRC10B,0.00110485089283304,0.020352163126385,-0.019247312233551958,down_in_CKD,-2.2554599728780365,-7.070110328096093,1.5959438933442894e-06,0.0007122820360910436,41.62172473026813,3.418801151099179e-07,0.13663123129360596,0.005999999999999997,0.0,0.0,0.9714285714285715,0.975,0.975,0.475,0.20689655172413782,0.0,0.95,0.006340074841145799,0.46402663565788427
WFDC1,0.02193029495860157,0.08827268340420723,-0.06634238844560567,down_in_CKD,-1.9987766553055681,-6.228684586115888,5.767887504644463e-06,0.0013557771628166075,32.68724823650055,2.7488558207014164e-06,0.38028220321788203,0.010015041301209077,0.0,0.0,0.8761904761904763,0.8833333333333332,0.975,0.3833333333333332,0.3453462517658303,0.0,0.7666666666666664,0.01764616776362183,0.4483344009257231
BRSK2,0.001683443047020173,0.015332437266639782,-0.013648994219619608,down_in_CKD,-2.040957874907783,-6.3865306236080315,5.310374398228644e-06,0.00134389327395492,34.08143765848441,1.947449034164573e-06,0.07999520617077524,0.006779359341892058,0.0,0.0,0.9428571428571428,0.9416666666666667,0.975,0.44166666666666665,0.2337710117893813,0.0,0.8833333333333333,0.0037120033922971606,0.4475841387275453
NR4A1,0.08547374703117035,0.8395070919923092,-0.7540333449611388,down_in_CKD,-2.209905888646691,-6.929798123755536,2.1285401844175992e-06,0.00081876110896258,39.957414845525356,4.936245608340521e-07,5.143738046911556,0.0047818888067112965,0.0,0.0,0.9142857142857143,0.9166666666666666,0.95,0.41666666666666663,0.16489271747280335,0.0,0.8333333333333333,0.23868396611744905,0.44702721354594444
GATA6,0.004986263091929419,0.026007233924056995,-0.021020970832127575,down_in_CKD,-2.2909234456209355,-7.114307315328989,7.528128411493725e-07,0.000454981260869652,42.940883730237545,2.570993752746492e-07,0.16094246007876925,0.009999999999999998,0.0,0.0,0.8761904761904763,0.8833333333333332,0.9527777777777778,0.3833333333333332,0.3448275862068965,0.0,0.7666666666666664,0.007468184487226157,0.44609133804687046
MIR22HG,0.09376957899772292,0.2643171142071885,-0.17054753520946558,down_in_CKD,-2.109028370320312,-6.578892832918992,2.9859239523769556e-06,0.0010312101649816129,36.392732728494146,1.1182995622036778e-06,1.0742679271048494,0.00487568681318681,0.0,0.0,0.9428571428571428,0.9416666666666667,0.975,0.44166666666666665,0.16812713148920036,0.0,0.8833333333333333,0.0498490644693915,0.4305539988228918
SGK1,0.19273798346344634,0.6259850977623299,-0.4332471142988836,down_in_CKD,-2.5406291290429603,-7.759263225619817,5.872420565891417e-08,8.175809830153725e-05,52.811970310976655,3.5520519451365084e-08,4.499160094048736,0.007764672140807274,0.0,0.0,0.8523809523809524,0.85,0.9833333333333332,0.35,0.26774731520025086,0.0,0.7,0.20877372946503236,0.4288536719731068
KLF15,0.03532261134837492,0.13019879627728692,-0.094876184928912,down_in_CKD,-1.7486344096051931,-5.338002314606055,1.8134356654868978e-05,0.002768829929251311,25.01772789645247,2.136901736467637e-05,0.4243326681294685,0.008213083439612972,0.0,0.0,0.8809523809523808,0.8833333333333332,0.9444444444444444,0.3833333333333332,0.2832097737797577,0.0,0.7666666666666664,0.019690233689709954,0.4238886229165117
SLC3A2,0.38943326369966763,0.6255945203757883,-0.2361612566761207,down_in_CKD,-2.416228677887155,-7.068109166633904,6.239954983168894e-08,8.210744156721083e-05,47.76677201327162,9.461832155346081e-08,2.3313334162732,0.0030074128984432895,0.0,0.0,0.9428571428571428,0.95,0.9333333333333332,0.44999999999999996,0.10370389304976861,0.0,0.8999999999999999,0.10818045185491869,0.42311764759089115
ERF,0.08020545084678771,0.16845308732962694,-0.08824763648283923,down_in_CKD,-2.1038936995128656,-6.49791746543372,1.960698396591396e-06,0.0007995571276150148,36.215743899681264,1.165999964470782e-06,0.575028255420133,0.006114050448050352,0.0,0.0,0.9142857142857143,0.9166666666666666,0.9583333333333333,0.41666666666666663,0.21082932579483973,0.0,0.8333333333333333,0.026682934352709426,0.4230016505218111
CTH,0.030424995333708824,0.056266975665476684,-0.02584198033176786,down_in_CKD,-2.3718327029585358,-7.092209739389774,9.493842042095325e-08,0.00010328390412371845,46.027557579465764,1.3464400252610212e-07,0.2443113153251891,0.005333747738454765,0.0,0.0,0.9333333333333333,0.9333333333333332,0.9666666666666666,0.43333333333333324,0.183922335808785,0.0,0.8666666666666665,0.01133673472042374,0.4225029479342654
CDADC1,0.04860444773125948,0.08076835019164787,-0.03216390246038839,down_in_CKD,-2.140309139410392,-6.474860700521876,7.375513365073526e-07,0.000454981260869652,37.48028082744806,8.672996445938765e-07,0.23006604745042086,0.0038947368421052664,0.0,0.0,0.9380952380952381,0.9416666666666667,0.95,0.44166666666666665,0.13430127041742299,0.0,0.8833333333333333,0.010675714076731225,0.4091889843156488
CREM,0.14827724281216756,0.3461387102399836,-0.19786146742781605,down_in_CKD,-2.747565619293846,-8.487886108355696,3.2620467103324464e-08,6.236942986960775e-05,61.76550135539107,7.183032097001254e-09,2.2860104656866063,0.002000000000000001,0.0,0.0,0.9428571428571428,0.95,0.9833333333333332,0.44999999999999996,0.06896551724137935,0.0,0.8999999999999999,0.10607733900129104,0.40880167469680995
PRKAG2-AS1,0.03796865393862013,0.07592654341329,-0.03795788947466987,down_in_CKD,-1.6745367470898054,-5.000590536586603,2.6205095577817674e-05,0.0034712777292807795,22.942418051079063,3.9197340209060065e-05,0.15633112191810952,0.0038936915887850462,0.0,0.0,0.9428571428571428,0.9416666666666667,0.9333333333333332,0.44166666666666665,0.13426522719948436,0.0,0.8833333333333333,0.007254205378792385,0.4084902652888856
PGAM2,0.028139670081693248,0.07821705449220881,-0.05007738441051556,down_in_CKD,-2.4424742354234983,-7.178786188309342,4.8393942792905905e-08,7.388990949590527e-05,48.810112287607666,7.686489129145863e-08,0.5053245945919245,0.0049999999999999975,0.0,0.0,0.9142857142857143,0.9166666666666666,0.9583333333333333,0.41666666666666663,0.1724137931034482,0.0,0.8333333333333333,0.023448487717276333,0.40698854811816787
TCEAL2,0.06354494091902955,0.16411176570490074,-0.10056682478587119,down_in_CKD,-2.4855367095454,-7.458654870494808,4.298192258482894e-08,6.927253189921598e-05,50.54639510043633,5.4726753425922e-08,1.0397039003249098,0.005894583576004658,0.0,0.0,0.880952380952381,0.8916666666666666,0.8916666666666668,0.3916666666666666,0.2032615026208503,0.0,0.7833333333333332,0.04824519605276807,0.40428697359222704
TSPYL2,0.03987352445338048,0.11245658649285716,-0.07258306203947668,down_in_CKD,-1.7099568870257582,-5.323151551758205,3.833194714115452e-05,0.004310115451801909,23.92324818125581,2.9335882952564947e-05,0.2935928238109494,0.006870373398656996,0.0,0.0,0.880952380952381,0.8833333333333332,0.9833333333333332,0.3833333333333332,0.23690942753989644,0.0,0.7666666666666664,0.013623535835557248,0.4041551448497366
GRASP,0.04384792795489736,0.18377701359386528,-0.13992908563896791,down_in_CKD,-2.0970519273986374,-6.494341590769244,2.306974641587016e-06,0.0008580171070825556,35.98058279623369,1.2327598921125354e-06,0.8998305297166551,0.008852368623058762,0.0,0.0,0.8476190476190475,0.8416666666666666,0.9777777777777779,0.34166666666666656,0.30525409045030216,0.0,0.6833333333333331,0.0417546767948833,0.4037859048724308
SLC25A25,0.03983540564606041,0.16438533964645327,-0.12454993400039285,down_in_CKD,-2.372049393425039,-7.402054493170692,6.107179922289926e-07,0.0004218316417753113,46.03596811239351,1.34411850333783e-07,0.9970641482252021,0.0058756868131868145,0.0,0.0,0.8857142857142858,0.8916666666666666,0.9666666666666666,0.3916666666666666,0.20260989010989017,0.0,0.7833333333333332,0.046266591183584685,0.4036306076140063
IP6K3,0.002103854830437473,0.016071663444317402,-0.01396780861387993,down_in_CKD,-2.3373837535913173,-7.259535640646106,5.672116113459003e-07,0.000401336801101087,44.70024118543067,1.7722837242437084e-07,0.11088907656621479,0.004113846153846154,0.0,0.0,0.9142857142857143,0.925,0.925,0.42500000000000004,0.14185676392572943,0.0,0.8500000000000001,0.005145566191850966,0.397771818808662
ADCY1,0.014216772147810391,0.039476644904125266,-0.025259872756314874,down_in_CKD,-2.083430030308932,-6.322607997512379,1.234235330778894e-06,0.0006173304645844088,35.51466020067063,1.3773642351250275e-06,0.16890599406661372,0.0008927710843373484,0.0,0.0,0.9714285714285715,0.975,1.0,0.475,0.030785209804736154,0.0,0.95,0.007837714945269426,0.39388162691094836
CEBPB,0.17673714950243904,0.41977998411583395,-0.2430428346133949,down_in_CKD,-2.1774046534577502,-6.702590454071129,1.0287557354819302e-06,0.0005526704423394592,38.79074474917745,6.420269242240007e-07,1.7238953331821418,0.0029936323548769247,0.0,0.0,0.9095238095238095,0.9166666666666666,0.95,0.41666666666666663,0.10322870189230776,0.0,0.8333333333333333,0.07999361000553491,0.3906235360913634
DDIT4,0.12738822233176253,0.3053009315763203,-0.1779127092445578,down_in_CKD,-1.9668586935450114,-5.990914765292731,3.284225080867791e-06,0.0010787274234149325,31.651634621238454,3.569297917362933e-06,1.0382707062843546,0.0018861538461538451,0.0,0.0,0.9380952380952381,0.9333333333333332,0.9777777777777779,0.43333333333333324,0.06503978779840845,0.0,0.8666666666666665,0.048178691803388386,0.38231832014670764
UBALD1,0.06700077852298715,0.10653671664363917,-0.03953593812065202,down_in_CKD,-1.9070712721931897,-5.346611919430981,1.2332010902238193e-05,0.002168191734993515,29.756625031837224,5.825696370179141e-06,0.2008525120115264,0.003999999999999998,0.0,0.0,0.9142857142857143,0.9,0.9,0.4,0.13793103448275856,0.0,0.8,0.00932012356273632,0.3770364385056508
CDKN1A,0.053289701503323204,0.2570319255740471,-0.20374222407072387,down_in_CKD,-1.728002583108891,-5.410230779429076,4.031540363772879e-05,0.0044639307615668405,24.430851222799088,2.530536596020978e-05,0.8274571369121801,0.003,0.0,0.0,0.9142857142857143,0.9083333333333332,0.95,0.4083333333333332,0.10344827586206898,0.0,0.8166666666666664,0.03839634705911456,0.3757252464233171
CSRP1,0.2307744067680591,0.49226166131547217,-0.26148725454741306,down_in_CKD,-2.114897202648089,-6.531871931816707,1.8191868894913336e-06,0.0007876807711066207,36.595555999925836,1.066180840729963e-06,1.7163762392418844,0.002107228915662653,0.0,0.0,0.9142857142857143,0.9083333333333332,0.9833333333333332,0.4083333333333332,0.07266306605733286,0.0,0.8166666666666664,0.07964470282035119,0.37166083365367
RASD1,0.11915575213630572,0.48421517158008776,-0.36505941944378206,down_in_CKD,-2.7026987158582343,-8.128247532563938,9.253452857662799e-09,2.2705589788307047e-05,59.764748307559756,1.012257355113676e-08,4.581851264425527,0.001999999999999999,0.0,0.0,0.8857142857142858,0.875,0.9416666666666667,0.375,0.06896551724137928,0.0,0.75,0.212610833207179,0.3701083735379876
NAP1L5,0.027744611726410826,0.06339939621577634,-0.035654784489365515,down_in_CKD,-2.530469932310682,-7.654653791634436,4.0351641292757805e-08,6.8858889053112e-05,52.39045700450528,3.8459827998968446e-08,0.3755132325909988,0.0019927403676573163,0.0,0.0,0.9047619047619048,0.9083333333333332,0.975,0.4083333333333332,0.0687151850916316,0.0,0.8166666666666664,0.01742487406375981,0.3576377155160712
STARD8,0.05389540112822253,0.12336197964914916,-0.06946657852092664,down_in_CKD,-2.047376030117069,-6.185383032096916,1.4648553172775144e-06,0.0006901911999440749,34.29612498025577,1.8480564234529292e-06,0.4495750702718304,0.004999999999999998,0.0,0.0,0.8428571428571429,0.85,0.9333333333333333,0.35,0.17241379310344823,0.0,0.7,0.02086155240826097,0.35313782772303143
TMEM132C,0.0007614363829852333,0.0061747913214715115,-0.005413354938486279,down_in_CKD,-1.7765317661030264,-5.507387759086207,2.1432814271586875e-05,0.0030478722647977216,25.822350948871136,1.6999730237995375e-05,0.024196395616213773,0.001406618652520257,0.0,0.0,0.9095238095238095,0.9166666666666666,0.95,0.41666666666666663,0.04850409146621576,0.0,0.8333333333333333,0.001122781062867773,0.3529595261323932
DUSP8,0.024922528028738282,0.09736390720824993,-0.07244137917951166,down_in_CKD,-2.0052417333065127,-6.258531361116827,5.916047598294637e-06,0.0013557771628166075,32.899045164497224,2.6073089938648786e-06,0.4165854283251756,0.002577513003417246,0.0,0.0,0.8857142857142858,0.8916666666666666,0.8916666666666668,0.3916666666666666,0.08887975873852573,0.0,0.7833333333333332,0.01933073989238062,0.35275138480721974
PIM3,0.22082843841333474,0.445810770300238,-0.22498233188690328,down_in_CKD,-2.250762961365614,-6.8184482452913615,3.3243970147353293e-07,0.00024728399332685105,41.448550158452534,3.550544244081752e-07,1.8264202581598508,0.0018920353982300878,0.0,0.0,0.880952380952381,0.8833333333333332,0.9666666666666666,0.3833333333333332,0.06524259993896855,0.0,0.7666666666666664,0.08475105595173091,0.3497139178326002
FOXO3,0.1460670502213194,0.22237443051392292,-0.0763073802926035,down_in_CKD,-2.0771463718729644,-6.173782432003132,9.370679161702808e-07,0.0005248316824227265,35.30075768333197,1.4497117500270575e-06,0.519882064811922,0.003,0.0,0.0,0.8714285714285716,0.875,0.8861111111111111,0.375,0.10344827586206898,0.0,0.75,0.02412399543113278,0.34620410943105423
ADAMTS8,0.002841089536713747,0.015286513479141959,-0.012445423942428212,down_in_CKD,-1.860839547762975,-5.596788190766696,5.986356232907853e-06,0.0013557771628166075,28.33137672969857,8.512179511321351e-06,0.06641547033288338,0.0038927710843373498,0.0,0.0,0.8523809523809524,0.8583333333333332,0.9194444444444445,0.35833333333333317,0.13423348566680518,0.0,0.7166666666666663,0.003081865313908539,0.3409764339961704
CYCS,0.7067783184723455,1.038439379622642,-0.3316610611502966,down_in_CKD,-2.276220280491585,-6.777795454244455,1.9000139563559082e-07,0.00017224814023089033,42.3914626253552,2.89315474710694e-07,2.8414535284341333,0.0018941454760496748,0.0,0.0,0.8523809523809524,0.8583333333333332,0.9166666666666667,0.35833333333333317,0.06531536124309224,0.0,0.7166666666666663,0.13185146512511353,0.33916310418892615
EPAS1,0.22270911434341828,0.4514775528710591,-0.22876843852764084,down_in_CKD,-1.867099612404016,-5.5666678743727935,5.327394915712368e-06,0.00134389327395492,28.522316967048223,8.086028831963725e-06,1.2265714955718072,0.002000000000000003,0.0,0.0,0.8761904761904763,0.875,0.8666666666666666,0.375,0.06896551724137942,0.0,0.75,0.05691637999829192,0.3389694828962102
NDUFA8,0.3839120978247319,0.5252422549601214,-0.14133015713538954,down_in_CKD,-1.7380860286560238,-5.128698972185088,1.5777737452670315e-05,0.002551814779319266,24.716806715530378,2.3298669026292448e-05,0.636991874000819,0.0018895558223289313,0.0,0.0,0.8857142857142858,0.8833333333333332,0.9166666666666666,0.3833333333333332,0.06515709732168729,0.0,0.7666666666666664,0.029558221177765995,0.33864114983089466
EXOC3L1,0.02166674251789961,0.04442833043315563,-0.02276158791525602,down_in_CKD,-1.881547503336708,-5.365569267899709,8.673676442817441e-06,0.0017001577946360404,28.965444605284905,7.182246714568677e-06,0.11860986239616048,0.001,0.0,0.0,0.9047619047619048,0.9,0.888888888888889,0.4,0.03448275862068966,0.0,0.8,0.0055038324500911815,0.3348938699382942
ISCA1,0.2733665900804994,0.357701249597288,-0.08433465951678859,down_in_CKD,-2.1394309701910244,-6.524435324599331,9.407531018952699e-07,0.0005248316824227265,37.44953080537506,8.735046387397695e-07,0.5918008218453666,0.0028861538461538473,0.0,0.0,0.8523809523809526,0.8583333333333332,0.8194444444444444,0.35833333333333317,0.09952254641909819,0.0,0.7166666666666663,0.027461228783691744,0.3319679309910442
BEX1,0.06286826760193152,0.12112181716546444,-0.058253549563532916,down_in_CKD,-2.055046721349588,-6.12990393603734,1.1469156470100656e-06,0.0005941432664243215,34.553593856697475,1.7359359857747086e-06,0.38620963654664336,0.0010000000000000009,0.0,0.0,0.8857142857142858,0.8916666666666666,0.8833333333333332,0.3916666666666666,0.03448275862068969,0.0,0.7833333333333332,0.017921217403184052,0.330710680262246
HSF1,0.18327616555911402,0.27349997939594783,-0.09022381383683381,down_in_CKD,-1.7297133497803872,-5.214643534293542,1.762430143466962e-05,0.0027195797054242856,24.479249501523995,2.4953167322187298e-05,0.4003750760084693,8.868788275308314e-19,0.0,0.0,0.9047619047619048,0.9083333333333332,0.9527777777777778,0.4083333333333332,3.0582028535545914e-17,0.0,0.8166666666666664,0.01857853378316093,0.3303823734232988
NDUFAF4,0.16853849180025582,0.27636469590025936,-0.10782620410000354,down_in_CKD,-1.8758412999105853,-5.816079035478404,1.0811577755079486e-05,0.0019977316603494006,28.79002294732011,7.526437527462623e-06,0.5460064394770165,0.0027887290520543346,0.0,0.0,0.8523809523809524,0.8583333333333332,0.8527777777777779,0.35833333333333317,0.0961630707604943,0.0,0.7166666666666663,0.025336240164541574,0.3301991430037726
ANKRD9,0.18178516134371356,0.2915866123040931,-0.10980145096037955,down_in_CKD,-1.8604450115528663,-5.52465583746035,5.5824992615522825e-06,0.0013557771628166075,28.319364335552283,8.539778301928308e-06,0.5858353142092309,0.0012117248352102945,0.0,0.0,0.880952380952381,0.8833333333333332,0.9333333333333332,0.3833333333333332,0.041783615007251536,0.0,0.7666666666666664,0.027184412388783812,0.32881699514732393
PRR26,0.006674950027988927,0.01742648290147327,-0.010751532873484345,down_in_CKD,-1.6780596252288054,-5.072288104299758,2.7364351795503364e-05,0.0035281770915002336,23.039051774915766,3.808443532604101e-05,0.04424639281761572,1.3621582494439414e-18,0.0,0.0,0.9095238095238095,0.9083333333333332,0.888888888888889,0.4083333333333332,4.6970974118756604e-17,0.0,0.8166666666666664,0.0020531575340311495,0.3270772981734728
MRPL54,0.5012187242708447,0.6254490696999775,-0.1242303454291328,down_in_CKD,-1.9371990539625763,-5.584568641523244,4.16519157962112e-06,0.001208322077248087,30.70423779278318,4.55084607739344e-06,0.7021987215685279,0.0008941454760496747,0.0,0.0,0.880952380952381,0.8833333333333332,0.8777777777777779,0.3833333333333332,0.030832602622402578,0.0,0.7666666666666664,0.032584002983435834,0.3255165083123148
NEDD9,0.16000430161859708,0.3235088324969938,-0.16350453087839673,down_in_CKD,-1.9988962419082663,-5.99346679252231,1.9014491836768061e-06,0.0007994353741806398,32.69115970294083,2.746168746107553e-06,1.0122589540572262,0.0008936915887850486,0.0,0.0,0.8761904761904763,0.8749999999999998,0.875,0.3749999999999998,0.03081695133741547,0.0,0.7499999999999996,0.046971673069033666,0.3217211151487727
EMD,0.14127669202436785,0.24168761509621678,-0.10041092307184893,down_in_CKD,-1.9259198019816524,-5.832667160820924,3.962230014183435e-06,0.0011783676210816779,30.34773068453221,4.99158187683568e-06,0.5663656327358448,0.0018945835760046602,0.0,0.0,0.8523809523809524,0.8583333333333332,0.9583333333333333,0.35833333333333317,0.06533046813809174,0.0,0.7166666666666663,0.026280964205628095,0.31805504676302887
GNG7,0.086425494134231,0.14345036093848706,-0.05702486680425606,down_in_CKD,-2.2348828315207236,-6.689899865179419,2.8303586150040334e-07,0.000221915414652073,40.8657376687589,4.035150679917052e-07,0.46565610328977836,0.004314734056176895,0.0,0.0,0.8142857142857143,0.8166666666666667,0.9277777777777778,0.31666666666666665,0.1487839329716171,0.0,0.6333333333333333,0.02160775773695069,0.31716845806937033
KLF6,0.3492260578390296,0.8752952175136586,-0.526069159674629,down_in_CKD,-1.9829019896567268,-6.10804453705486,4.096574754369655e-06,0.0012004205416592292,32.1700933684195,3.1300532228087698e-06,3.0466746038031216,0.001,0.0,0.0,0.8285714285714285,0.8416666666666666,0.8166666666666668,0.34166666666666656,0.03448275862068966,0.0,0.6833333333333331,0.1413743023600635,0.31540129725362187
ZBTB16,0.03213709427177148,0.138615459539057,-0.10647836526728552,down_in_CKD,-2.261405019586879,-6.813722957818851,2.6347913682076525e-07,0.00021232027108806668,41.84143087592236,3.259107757187185e-07,0.8844263330489686,0.0009999999999999994,0.0,0.0,0.8523809523809524,0.8583333333333332,0.875,0.35833333333333317,0.034482758620689634,0.0,0.7166666666666663,0.04103987858355055,0.3086677458316525
TBXA2R,0.010358823719186174,0.03502503950079327,-0.024666215781607097,down_in_CKD,-1.7812029639204057,-5.439384777859778,1.4244079156601392e-05,0.0023748318180057838,25.958323625554122,1.6360740064362226e-05,0.11530297873103951,0.0010000000000000005,0.0,0.0,0.8714285714285713,0.8666666666666666,0.9222222222222222,0.3666666666666666,0.034482758620689676,0.0,0.7333333333333332,0.005350383712717397,0.30819651352415267
CRY2,0.07412523690021851,0.1016058369660506,-0.027480600065832098,down_in_CKD,-1.8143296369338968,-5.349975325845681,8.36495652665379e-06,0.001662105403001551,26.93284389373651,1.2467434269717413e-05,0.13857481553132522,4.186465988690692e-19,0.0,0.0,0.880952380952381,0.8833333333333332,0.9111111111111111,0.3833333333333332,1.44360896161748e-17,0.0,0.7666666666666664,0.006430262636502278,0.30795271919396705
COX7A1,0.3837776076167534,0.7418129629645929,-0.3580353553478395,down_in_CKD,-2.07109735651963,-6.015400602563111,1.1770785613948666e-06,0.0005990710362467558,35.09545303785762,1.5229703502125592e-06,2.389583860476243,0.0008927710843373492,0.0,0.0,0.8428571428571429,0.8416666666666666,0.861111111111111,0.34166666666666656,0.03078520980473618,0.0,0.6833333333333331,0.1108834369065843,0.3078241046365446
OLIG1,0.038315994798813244,0.06881226507272778,-0.030496270273914536,down_in_CKD,-1.6426666737265572,-4.710802941253666,5.1858888396986114e-05,0.005187677077229541,22.07744018976986,5.085331807092868e-05,0.11446890351998577,6.500110907042506e-19,0.0,0.0,0.8761904761904763,0.8833333333333332,0.8638888888888889,0.3833333333333332,2.2414175541525885e-17,0.0,0.7666666666666664,0.005311680268335331,0.30772900272033366
CISH,0.07577132837297147,0.16613808399287272,-0.09036675561990125,down_in_CKD,-1.9826088339510937,-6.0375907760361915,2.8998273600828897e-06,0.0010259023380000565,32.160581905589304,3.137570968525645e-06,0.5354960080857404,0.0010000000000000013,0.0,0.0,0.8523809523809524,0.8583333333333332,0.9,0.35833333333333317,0.0344827586206897,0.0,0.7166666666666663,0.024848526477103425,0.30542947541036314
RAB3A,0.01994139618719807,0.03929455030409531,-0.01935315411689724,down_in_CKD,-1.895401826085439,-5.7749469234072235,5.686510024070964e-06,0.0013557771628166075,29.393575219047413,6.410745570930423e-06,0.10519707873557989,0.002112676056338025,0.0,0.0,0.8428571428571429,0.8416666666666666,0.9333333333333333,0.34166666666666656,0.07285089849441466,0.0,0.6833333333333331,0.004881441424034769,0.3034499810159061
PIP5K1B,0.03547619121253267,0.07169125228763445,-0.036215061075101786,down_in_CKD,-2.4233678177336673,-7.08650533298045,5.9183731965952514e-08,8.175809830153725e-05,48.04945838204101,8.941334514120004e-08,0.35872616385857803,0.0,0.0,0.0,0.8761904761904763,0.8749999999999998,1.0,0.3749999999999998,0.0,0.0,0.7499999999999996,0.016645906684784086,0.30332918133695663
ANKS1A,0.0685490854702984,0.11552597621017292,-0.04697689073987453,down_in_CKD,-1.8974240213422204,-5.800217797461472,6.064208664587986e-06,0.0013557771628166075,29.456328409907606,6.305302428594315e-06,0.255622626725737,0.0009999999999999994,0.0,0.0,0.8476190476190476,0.8583333333333332,0.8555555555555555,0.35833333333333317,0.034482758620689634,0.0,0.7166666666666663,0.01186161150117142,0.30283209241517667
SOCS2,0.10385082958171814,0.21838629144226906,-0.11453546186055093,down_in_CKD,-2.218846353238115,-6.590725997264077,2.9515402227932444e-07,0.00022532679437692636,40.28137477591158,4.592438911885432e-07,0.9268837151883209,0.0009999999999999992,0.0,0.0,0.8476190476190476,0.8499999999999999,0.9,0.34999999999999987,0.03448275862068963,0.0,0.6999999999999997,0.04301002097174418,0.30239510764262456
TMEM204,0.05669812432483412,0.1869658659676649,-0.13026774164283078,down_in_CKD,-2.1009321404826644,-6.385292295887277,1.1269732766629865e-06,0.0005941432664243215,36.11385702747058,1.1944390483549309e-06,0.8829333511213937,0.001,0.0,0.0,0.8476190476190476,0.85,0.9333333333333333,0.35,0.03448275862068966,0.0,0.7,0.040970600007432315,0.3019872234497623
SH3BGR,0.04944980696497714,0.08200866625366891,-0.032558859288691774,down_in_CKD,-1.8009754355037442,-5.446854258215775,1.0353684941051456e-05,0.0019564876618663033,26.537829703264656,1.391107996763432e-05,0.15882156813768192,0.0009999999999999987,0.0,0.0,0.8571428571428571,0.8583333333333332,0.8583333333333334,0.35833333333333317,0.03448275862068961,0.0,0.7166666666666663,0.0073697691138948475,0.3019337239377214
UBE2B,0.47017295628583206,0.6240128295507058,-0.15383987326487375,down_in_CKD,-1.9290015018083007,-5.801371172047196,3.4597403824901977e-06,0.0011029348186378093,30.444928314371015,4.8670799962939545e-06,0.8776450599412396,0.0008895558223289318,0.0,0.0,0.8523809523809526,0.85,0.8722222222222221,0.35,0.03067433870099765,0.0,0.7,0.040725208367859804,0.30041477715397097
MED9,0.04581667135734464,0.08871233528713682,-0.042895663929792174,down_in_CKD,-1.9502772819814616,-5.8870511059245505,3.085920114716544e-06,0.0010409597968363596,31.120212081379062,4.088438464530426e-06,0.24951681896094763,0.00410721312835301,0.0,0.0,0.7904761904761904,0.7999999999999999,0.9166666666666667,0.29999999999999993,0.1416280389087245,0.0,0.5999999999999999,0.011578284784227566,0.29896687252033527
TAL1,0.008114637055267448,0.04159404486698064,-0.033479407811713185,down_in_CKD,-1.8325750287162161,-5.697150847389802,1.5901192317457473e-05,0.002551814779319266,27.47725556624379,1.0733959231279767e-05,0.15909895009339142,0.0021104441776710683,0.0,0.0,0.819047619047619,0.8333333333333333,0.913888888888889,0.33333333333333326,0.07277393716107133,0.0,0.6666666666666665,0.007382640419687317,0.2972527696150326
C1orf115,0.12913216606890085,0.18836765337754424,-0.05923548730864339,down_in_CKD,-1.852075736149826,-5.496947256834509,5.984190849660592e-06,0.0013557771628166075,28.065146174467532,9.14679686036922e-06,0.31462363024139745,0.0008725761772853182,0.0,0.0,0.8523809523809526,0.85,0.9444444444444443,0.35,0.030088833699493733,0.0,0.7,0.014599424623766762,0.29495541840455086
SPATA2,0.025797844523551206,0.03812057404179863,-0.012322729518247425,down_in_CKD,-1.6279524713507687,-4.896446189427834,3.942507878004887e-05,0.004382074848311179,21.683693855266974,5.733908044038902e-05,0.047309832429164304,1.5758636226002948e-18,0.0,0.0,0.8571428571428571,0.8666666666666666,0.925,0.3666666666666666,5.434012491725155e-17,0.0,0.7333333333333332,0.0021953097800781157,0.2937723952893489
SIK2,0.10297570946206805,0.17416942337055566,-0.07119371390848761,down_in_CKD,-2.2428998361510906,-6.698635232972992,2.5679597042399903e-07,0.00021232027108806668,41.15945188641754,3.7826762395614203e-07,0.5865073599599077,0.0019999999999999987,0.0,0.0,0.8190476190476191,0.825,0.8833333333333334,0.32499999999999996,0.06896551724137927,0.0,0.6499999999999999,0.027215597208796224,0.2930293263383109
DLGAP1-AS1,0.0964450052006414,0.16437089365293203,-0.06792588845229063,down_in_CKD,-1.6933801262733905,-5.09479007762973,2.3235796854383646e-05,0.00317957767332863,23.46166024410832,3.359882603460945e-05,0.2872883307603015,0.0009852522336233466,0.0,0.0,0.8428571428571429,0.8416666666666666,0.9277777777777778,0.34166666666666656,0.0339742149525292,0.0,0.6833333333333331,0.013330989560462223,0.2895892172264374
SLC2A4,0.008242818835113833,0.019410645246734252,-0.011167826411620419,down_in_CKD,-2.00638296935019,-5.804954813601131,2.173202529821395e-06,0.00081876110896258,32.9365032520785,2.5830941664632636e-06,0.06916669115028486,0.0011072289156626525,0.0,0.0,0.8428571428571429,0.8416666666666666,0.9027777777777779,0.34166666666666656,0.03818030743664319,0.0,0.6833333333333331,0.003209529726515351,0.2892473622532936
ZFP36,0.41986195449932745,1.0296103443450455,-0.6097483898457181,down_in_CKD,-1.63673898722084,-4.935239259104863,3.7322674141783507e-05,0.004212960221218441,21.918391464180274,5.337357888706556e-05,2.3706593506343094,0.001000000000000001,0.0,0.0,0.8238095238095238,0.8166666666666667,0.875,0.31666666666666665,0.034482758620689696,0.0,0.6333333333333333,0.11000528622614411,0.28912749402683807
SLC25A4,0.3771671843926359,0.6141733741895036,-0.23700618979686766,down_in_CKD,-1.6720155695884193,-5.042041682755922,2.8108434137228428e-05,0.003555714118632119,22.87338598592253,4.001359178498349e-05,0.9705139117744839,2.9874738160878298e-18,0.0,0.0,0.8476190476190476,0.8499999999999999,0.8694444444444445,0.34999999999999987,1.0301633848578724e-16,0.0,0.6999999999999997,0.04503458526111776,0.28900691705222353
FOXO1,0.10018505445798437,0.14305409113373257,-0.04286903667574821,down_in_CKD,-1.7281737242404296,-4.946505432918059,2.7071102444825625e-05,0.0035216712193918897,24.435690718541206,2.52699110284576e-05,0.18174946479305168,0.001000000000000001,0.0,0.0,0.8380952380952381,0.8416666666666666,0.8777777777777779,0.34166666666666656,0.034482758620689696,0.0,0.6833333333333331,0.008433688244014723,0.2888131744304121
SERPINA4,0.020350859470820923,0.06451545835767422,-0.0441645988868533,down_in_CKD,-1.6196640192962344,-5.019952523140898,6.459320535522903e-05,0.005994208699538006,21.46345801693227,6.134721418872293e-05,0.15896286625994047,4.440892098500621e-19,0.0,0.0,0.8523809523809526,0.8583333333333332,0.8,0.35833333333333317,1.5313421029312488e-17,0.0,0.7166666666666663,0.007376325745651371,0.28814193181579684
SLC31A2,0.027216844286945537,0.0482619551539699,-0.021045110867024364,down_in_CKD,-2.1263029157019626,-6.340393712220901,6.421364328133664e-07,0.0004233722253617218,36.991342549003654,9.717845379532505e-07,0.15094837421502214,0.0,0.0,0.0,0.8571428571428571,0.8583333333333332,0.925,0.35833333333333317,0.0,0.0,0.7166666666666663,0.0070044306899055934,0.2880675528046477
MBNL1-AS1,0.009401735449237362,0.021983283040947914,-0.012581547591710552,down_in_CKD,-1.6032199724057443,-4.897266930826465,5.595500576680692e-05,0.005428945542792872,21.029844108441893,7.013970062673218e-05,0.045693027629492115,0.001,0.0,0.0,0.8523809523809524,0.8416666666666666,0.9222222222222222,0.34166666666666656,0.03448275862068966,0.0,0.6833333333333331,0.0021202854731433574,0.2875504938762378
VPS37B,0.09489729612140684,0.20352392914106038,-0.10862663301965354,down_in_CKD,-2.215646799194404,-6.787049707334816,6.415004957456935e-07,0.0004233722253617218,40.16528786274879,4.712609356055943e-07,0.8118745642584115,0.0,0.0,0.0,0.8428571428571429,0.85,0.8833333333333334,0.35,0.0,0.0,0.7,0.03767327169847329,0.2875346543396946
HTRA3,0.0026395548592565866,0.014641651526328008,-0.012002096667071421,down_in_CKD,-1.7455938657690917,-5.414244744012649,2.7003693514734114e-05,0.0035216712193918897,24.93080136172376,2.1908280415757808e-05,0.05139754150658896,0.0,0.0,0.0,0.8476190476190475,0.8583333333333332,0.8805555555555555,0.35833333333333317,0.0,0.0,0.7166666666666663,0.002384991020848111,0.2871436648708362
SEC14L1,0.2726386719131655,0.5088663537317395,-0.236227681818574,down_in_CKD,-2.2603029471478457,-6.666583803697114,2.0792004199820825e-07,0.0001827806187384249,41.800658832697394,3.288131382127674e-07,1.995927916590419,0.0011072289156626519,0.0,0.0,0.8142857142857143,0.8166666666666667,0.8833333333333334,0.31666666666666665,0.03818030743664317,0.0,0.6333333333333333,0.0926166898219826,0.28712879427238713
SEPT4,0.019521670102560004,0.04840640264614788,-0.028884732543587876,down_in_CKD,-1.7295082374641222,-5.186953773622414,1.6961258632637854e-05,0.002659708718555806,24.47344426464208,2.4995135143676388e-05,0.12864597481031181,0.0018620689655172416,0.0,0.0,0.8238095238095238,0.825,0.9277777777777778,0.32499999999999996,0.06420927467300834,0.0,0.6499999999999999,0.005969536397991193,0.2868776171488015
ARG2,0.15853319763321275,0.38689589517575906,-0.22836269754254632,down_in_CKD,-1.965476697635473,-5.788486179935842,2.381953573237205e-06,0.0008637559144951415,31.60717076412037,3.6099148869438996e-06,1.3750750293726843,2.9226621123257213e-18,0.0,0.0,0.8476190476190476,0.8416666666666666,0.8916666666666666,0.34166666666666656,1.0078145214916281e-16,0.0,0.6833333333333331,0.06380736319121179,0.28609480597157566
PRR15,0.04510005185357067,0.1096529053034995,-0.06455285344992884,down_in_CKD,-1.8941623364012319,-5.853322466185869,8.518455697131182e-06,0.0016810911549236434,29.355144190698866,6.4762476149168506e-06,0.339236898940866,0.001129172714078376,0.0,0.0,0.8285714285714285,0.8333333333333333,0.875,0.33333333333333326,0.038936990140633655,0.0,0.6666666666666665,0.015741549774527696,0.2853897726778256
PPTC7,0.09164825281730322,0.1440028484083924,-0.05235459559108917,down_in_CKD,-1.9720599055850685,-5.58505195331328,5.268174588408252e-06,0.00134389327395492,31.819256764496096,3.420503620191647e-06,0.29648599520661856,0.001999999999999999,0.0,0.0,0.8142857142857144,0.8166666666666667,0.9055555555555556,0.31666666666666665,0.06896551724137928,0.0,0.6333333333333333,0.013757787155721285,0.2836710976610293
KCNA5,0.006023267020954627,0.034766858684411504,-0.02874359166345688,down_in_CKD,-1.8721796231435348,-5.842336522171586,1.3939147389228433e-05,0.0023510154986134697,28.677735338022558,7.755956360874482e-06,0.14146106617226703,0.0020945835760046608,0.0,0.0,0.819047619047619,0.8166666666666667,0.9277777777777778,0.31666666666666665,0.07222701986222968,0.0,0.6333333333333333,0.00656419281410972,0.28353697984104714
BTG2,0.24224759869948884,0.740876759244904,-0.4986291605454152,down_in_CKD,-1.7496353555822455,-5.449285704244478,2.963689454886408e-05,0.003658580046223604,25.046377179573355,2.1194403833323095e-05,2.12581292680679,0.00010630841121495574,0.0,0.0,0.8285714285714285,0.825,0.9,0.32499999999999996,0.003665807283274336,0.0,0.6499999999999999,0.09864372096060424,0.2811950671054305
ATP4B,0.0012380464040819866,0.005297741332527311,-0.004059694928445325,down_in_CKD,-1.6739008214572861,-5.120064812384947,3.3257233968823465e-05,0.0039011716074381407,22.924996036980353,3.940165173754597e-05,0.016369098261547997,4.952465452984764e-19,0.0,0.0,0.8523809523809524,0.85,0.9194444444444445,0.35,1.7077467079257805e-17,0.0,0.7,0.0007595723691991688,0.2801519144738398
MRPS36,0.4755730400423196,0.629896008693813,-0.15432296865149342,down_in_CKD,-1.5658472787991686,-4.380513390071788,0.00016794946685940866,0.010708162711189989,20.060817549731684,9.503804882425675e-05,0.4761118934458044,2.636759168494073e-18,0.0,0.0,0.8476190476190476,0.8416666666666666,0.925,0.34166666666666656,9.092272994807149e-17,0.0,0.6833333333333331,0.022092935916821363,0.2777519205166976
MT1M,0.15126607185407792,0.3807006400340252,-0.22943456817994728,down_in_CKD,-1.835140895907008,-5.5212949624202645,7.388802756472816e-06,0.00153106548546626,27.55425360952125,1.0510329721715384e-05,1.1852436212231447,0.002873408769448373,0.0,0.0,0.7952380952380953,0.7833333333333332,0.9083333333333332,0.2833333333333332,0.09908306101546115,0.0,0.5666666666666664,0.05499864996017982,0.277299621064887
GADD45B,0.3288445449951525,0.7886342083614896,-0.4597896633663371,down_in_CKD,-1.626097235217602,-4.996436758289004,5.1710514123688946e-05,0.005187677077229541,21.634299968582685,5.8213043623003755e-05,1.7084295064089872,0.0010000000000000013,0.0,0.0,0.8238095238095238,0.8083333333333332,0.95,0.30833333333333324,0.0344827586206897,0.0,0.6166666666666665,0.07927595198332703,0.27631496051160787
SEMA3B-AS1,0.024663271011852797,0.05035676216784329,-0.02569349115599049,down_in_CKD,-2.3558780896143934,-6.940046640814518,9.612772876044116e-08,0.00010328390412371845,45.410412871024064,1.529014852782263e-07,0.24127352510210007,9.046412856290026e-19,0.0,0.0,0.8428571428571429,0.8416666666666666,0.9277777777777777,0.34166666666666656,3.119452709065526e-17,0.0,0.6833333333333331,0.011195772678409363,0.2755724878690151
CCDC151,0.036378193751146135,0.062436678970808006,-0.02605848521966187,down_in_CKD,-1.7321578377289437,-5.166165365825985,1.6244602478140553e-05,0.002589318230169547,24.548488157502078,2.445837498467411e-05,0.1167621083655122,0.001,0.0,0.0,0.8190476190476191,0.825,0.925,0.32499999999999996,0.03448275862068966,0.0,0.6499999999999999,0.00541809144687088,0.27487672173765004
CCNB1IP1,0.19122858605734355,0.2609622083677899,-0.06973362231044633,down_in_CKD,-1.9909396331814047,-5.860527350571527,1.9325807502462276e-06,0.0007995571276150148,32.43142327886596,2.9308345694715855e-06,0.42999422906811047,0.00011384615384615479,0.0,0.0,0.8285714285714285,0.8333333333333333,0.8833333333333332,0.33333333333333326,0.0039257294429708555,0.0,0.6666666666666665,0.01995294609981452,0.27222754766381785
SNCG,0.1023218160027254,0.19498570840764806,-0.09266389240492266,down_in_CKD,-1.794435868295818,-5.2040788137949185,1.2015714649636431e-05,0.0021385023434721036,26.345455244399176,1.4677791473668977e-05,0.44394778472158936,0.0010000000000000007,0.0,0.0,0.819047619047619,0.8166666666666667,0.7833333333333334,0.31666666666666665,0.03448275862068968,0.0,0.6333333333333333,0.02060043047293741,0.2712465228761967
MAP2K3,0.1486394360500029,0.24062018686074355,-0.09198075081074064,down_in_CKD,-1.5886150658545237,-4.851029877255307,6.233186225780896e-05,0.005878627991231786,20.648436770127052,7.898942665752726e-05,0.3259578700241371,0.001,0.0,0.0,0.8285714285714285,0.8166666666666667,0.9166666666666667,0.31666666666666665,0.03448275862068966,0.0,0.6333333333333333,0.01512536534617482,0.2701515098508442
GEM,0.02401929735174858,0.07750828424777544,-0.05348898689602685,down_in_CKD,-1.8116734834132688,-5.569429403741702,1.3223555429749139e-05,0.00228342466081561,26.854042995022652,1.2742124773240862e-05,0.2559650456180827,0.0020058815520762434,0.0,0.0,0.7904761904761906,0.7999999999999998,0.8972222222222221,0.2999999999999998,0.06916832938193943,0.0,0.5999999999999996,0.011877500704422679,0.2700428318936602
COQ10A,0.0655207633835299,0.09249234783971004,-0.026971584456180142,down_in_CKD,-1.8035957994001217,-5.4233471788950665,9.476652795858062e-06,0.0018086690632094892,26.615109335021714,1.361520964103576e-05,0.13341806010881158,0.003997766949057825,0.0,0.0,0.7571428571428571,0.7666666666666665,0.9166666666666666,0.2666666666666665,0.13785403272613192,0.0,0.533333333333333,0.006190974627408921,0.26971314134926777
CMTM8,0.05843789627680181,0.10847557873826275,-0.05003768246146094,down_in_CKD,-1.831761929688281,-5.441458492772184,7.084262910849476e-06,0.0015055656014022222,27.452878094089108,1.0805813323047817e-05,0.2586839238077987,0.0010000000000000015,0.0,0.0,0.8238095238095238,0.8166666666666667,0.8055555555555556,0.31666666666666665,0.03448275862068971,0.0,0.6333333333333333,0.012003664327801847,0.2695271696471696
JMJD6,0.059854782002456954,0.11841198293164726,-0.058557200929190305,down_in_CKD,-1.8332215565001253,-5.6873189134339555,1.4788412711856423e-05,0.0024493391200013388,27.496646797227893,1.067716628740881e-05,0.28028122006803724,1.7280566955593265e-18,0.0,0.0,0.8285714285714285,0.8333333333333333,0.8916666666666668,0.33333333333333326,5.958816191583884e-17,0.0,0.6666666666666665,0.013005839843310933,0.2692678346353288
AVPI1,0.036828232497932475,0.0761289475600683,-0.039300715062135824,down_in_CKD,-1.832710214564125,-5.57844729582872,8.997496156006503e-06,0.0017401157565716577,27.481309613735576,1.0722059175853669e-05,0.19875238698509498,0.0009999999999999996,0.0,0.0,0.819047619047619,0.8166666666666667,0.8777777777777779,0.31666666666666665,0.03448275862068964,0.0,0.6333333333333333,0.009222671832869917,0.2689709711481832
PDLIM3,0.013875479991391042,0.04649796708439105,-0.03262248709300001,down_in_CKD,-1.9747061206559022,-6.10327315289967,4.890247922616673e-06,0.0013099642578916417,31.90470760600268,3.347208264589736e-06,0.1857056418059215,0.001,0.0,0.0,0.819047619047619,0.8166666666666667,0.9444444444444443,0.31666666666666665,0.03448275862068966,0.0,0.6333333333333333,0.008617266025675167,0.26884988998674425
SPSB1,0.013830207068196657,0.040592368169145555,-0.026762161100948898,down_in_CKD,-1.5865683640315058,-4.918070129403962,8.209159345919215e-05,0.00682371669412941,20.59526596700953,8.031490811659092e-05,0.09196746487337733,8.965259612386594e-19,0.0,0.0,0.8238095238095238,0.8333333333333333,0.9,0.33333333333333326,3.0914688318574467e-17,0.0,0.6666666666666665,0.004267549993710307,0.26752017666540867
ATF3,0.07742936525367666,0.5154486781087682,-0.4380193128550915,down_in_CKD,-1.5699806167258874,-4.906850957905486,0.00011087208607511701,0.008354283680621155,20.166865665504524,9.190217046120025e-05,1.429065273664311,0.0010000000000000015,0.0,0.0,0.8,0.8,0.8833333333333332,0.30000000000000004,0.03448275862068971,0.0,0.6000000000000001,0.0663126629404696,0.26705563603636984
EIF4H,0.26043390794649196,0.3960425515670713,-0.13560864362057934,down_in_CKD,-1.6995042472336173,-4.999709096276444,2.2244883102140882e-05,0.0031175075304014834,23.6316656157145,3.1956507437443054e-05,0.5775958316878838,0.00011267605633802942,0.0,0.0,0.8190476190476191,0.8249999999999998,0.9222222222222222,0.32499999999999984,0.0038853812530354973,0.0,0.6499999999999997,0.026802077139785014,0.2669145679291711
TGM7,0.00030247552400592,0.0024939431885339447,-0.0021914676645280245,down_in_CKD,-1.7899269241067943,-5.538797674165249,1.8502062667690373e-05,0.0027886460301008087,26.213223220710628,1.5230869966819534e-05,0.010020615518643226,0.0,0.0,0.0,0.8238095238095238,0.8333333333333333,0.9194444444444443,0.33333333333333326,0.0,0.0,0.6666666666666665,0.00046498484820079497,0.26675966363630677
C11orf96,0.06912565621918124,0.24553766772330418,-0.17641201150412295,down_in_CKD,-1.6379289436645574,-5.103786581949532,6.456763091775315e-05,0.005994208699538006,21.950273654951665,5.285789406779341e-05,0.6421251339552216,0.0010000000000000007,0.0,0.0,0.8142857142857143,0.8083333333333332,0.9388888888888889,0.30833333333333324,0.03448275862068968,0.0,0.6166666666666665,0.029796418930811436,0.26641905390110476
EIF1,2.1275035119493904,2.5300941177538117,-0.4025906058044213,down_in_CKD,-1.638449912860387,-4.705840725525365,5.2053049876941266e-05,0.005189206106288887,21.9642391386999,5.2633684000888416e-05,1.5071755111376897,0.0008947368421052659,0.0,0.0,0.7952380952380953,0.8,0.8583333333333332,0.30000000000000004,0.030852994555353997,0.0,0.6000000000000001,0.06993719846395256,0.2663286375149322
IDI1,0.18147986146021663,0.34573799103732583,-0.1642581295771092,down_in_CKD,-2.163966670024041,-6.630391416433874,9.339650424961228e-07,0.0005248316824227265,38.31342340070402,7.158646719850939e-07,1.1658659813366992,0.0008941454760496764,0.0,0.0,0.7904761904761906,0.7999999999999998,0.9777777777777779,0.2999999999999998,0.030832602622402637,0.0,0.5999999999999996,0.05409947276649097,0.2631529356022591
HES4,0.19513864828616603,0.3951653049624782,-0.20002665667631217,down_in_CKD,-1.828484300331271,-5.406668773747703,7.3358734624840065e-06,0.0015310337348680648,27.35472139001948,1.1100369505510013e-05,1.0295794418237565,2.89497262141394e-18,0.0,0.0,0.819047619047619,0.8166666666666667,0.8694444444444445,0.31666666666666665,9.982664211772207e-17,0.0,0.6333333333333333,0.047775392597030716,0.26288841185273953
GRPEL1,0.16795722052570963,0.2296687781615844,-0.06171155763587477,down_in_CKD,-1.6605907618558808,-4.784389775235823,4.0902832205667126e-05,0.0044640360409861565,22.561868277499862,4.39293748530208e-05,0.2408503653516149,0.0018771186440677955,0.0,0.0,0.7952380952380953,0.7916666666666666,0.8083333333333332,0.29166666666666663,0.06472822910578606,0.0,0.5833333333333333,0.011176136871409488,0.26145985234992963
RHOB,0.5787094934679027,0.9664895699118902,-0.3877800764439875,down_in_CKD,-1.6965905341323986,-4.777097876918828,5.28781423234461e-05,0.005217669757833917,23.55070451324447,3.272767550766528e-05,1.501681298992004,0.0,0.0,0.0,0.8238095238095238,0.8083333333333332,0.875,0.30833333333333324,0.0,0.0,0.6166666666666665,0.06968225151026579,0.26060311696871974
SLC7A10,0.00023930128213298,0.0034130518622201445,-0.0031737505800871644,down_in_CKD,-1.5822656651927136,-4.887951740246219,7.905058222983044e-05,0.006708959461107367,20.483710652026968,8.317365746449273e-05,0.010913921762883095,7.948494271569955e-19,0.0,0.0,0.8190476190476191,0.8249999999999998,0.8166666666666667,0.32499999999999984,2.7408600936448122e-17,0.0,0.6499999999999997,0.0005064367797315378,0.26010128735594623
RPS20,0.6066999809703232,0.7837238714463661,-0.17702389047604294,down_in_CKD,-1.676893084898662,-4.732842992911166,5.76713111111267e-05,0.005558288157255102,23.00703069420778,3.844943087250788e-05,0.6694145576617186,8.187894806610524e-19,0.0,0.0,0.8238095238095238,0.8166666666666667,0.775,0.31666666666666665,2.8234120022794915e-17,0.0,0.6333333333333333,0.031062725228667556,0.25954587837906684
IER3,0.3959700543927637,0.8446288518479094,-0.44865879745514564,down_in_CKD,-1.7456073899050861,-5.312674796034645,1.7595769580124247e-05,0.0027195797054242856,24.931187670201112,2.1905852021652244e-05,2.0092523061417182,2.210372441785675e-18,0.0,0.0,0.7952380952380953,0.8,0.8916666666666668,0.30000000000000004,7.621973937191983e-17,0.0,0.6000000000000001,0.09323497911183234,0.25864699582236655
C17orf107,0.0037881248989163,0.009476931258902832,-0.005688806359986533,down_in_CKD,-1.7286632668073632,-5.278962056003596,2.126940855236884e-05,0.003039534690168571,24.449536554619943,2.5168766593904844e-05,0.024754151927955475,0.001789320418109923,0.0,0.0,0.7904761904761904,0.7916666666666666,0.8333333333333334,0.29166666666666663,0.06170070407275597,0.0,0.5833333333333333,0.001148662530275213,0.25824334746849076
GOT1,0.3056721986558246,0.43302204652793397,-0.12734984787210935,down_in_CKD,-1.6911548190304058,-5.088327796597784,2.3666406136674066e-05,0.0032232978498822284,23.40003781578898,3.421616788692064e-05,0.5366331209285138,0.0018941454760496735,0.0,0.0,0.7666666666666667,0.7833333333333332,0.8083333333333333,0.2833333333333332,0.06531536124309219,0.0,0.5666666666666664,0.024901291723070648,0.2577730695085176
PLAT,0.09410660669455287,0.238928914200439,-0.14482230750588612,down_in_CKD,-1.9148877589214792,-5.683412637549818,3.553178645666178e-06,0.0011147086759929795,30.001051057641753,5.464045865776909e-06,0.8188766697587312,0.00022814451382694123,0.0,0.0,0.8142857142857143,0.8083333333333332,0.8555555555555555,0.30833333333333324,0.007867052200929009,0.0,0.6166666666666665,0.037998189160588725,0.25741312537915595
BEX5,0.1273587196202709,0.19524168681654172,-0.06788296719627082,down_in_CKD,-1.6649021944184734,-4.8249114892080165,3.56395523914386e-05,0.004104793859444595,22.67917622983185,4.240881992570086e-05,0.269742233840776,1.013681892049055e-18,0.0,0.0,0.8238095238095238,0.8166666666666667,0.8277777777777778,0.31666666666666665,3.4954548001691556e-17,0.0,0.6333333333333333,0.012516801130872952,0.25583669355950794
PPIF,0.15727719401675394,0.22107987851649058,-0.06380268449973664,down_in_CKD,-1.6779621232007376,-4.967062130107388,2.569638954285743e-05,0.003435263873909189,23.036374529151768,3.811481006706495e-05,0.26379638569789177,5.836601043743676e-19,0.0,0.0,0.819047619047619,0.8166666666666667,0.9166666666666666,0.31666666666666665,2.012621049566785e-17,0.0,0.6333333333333333,0.012240896991950521,0.25578151273172345
MAP3K6,0.03553711060311871,0.08212265482474061,-0.0465855442216219,down_in_CKD,-1.8814005745197544,-5.686901221409,5.434569882432429e-06,0.001350448947774094,28.960920996572135,7.1909084016677766e-06,0.2515023101401349,2.1522202009989413e-18,0.0,0.0,0.819047619047619,0.8166666666666667,0.9333333333333333,0.31666666666666665,7.421448968961867e-17,0.0,0.6333333333333333,0.011670417179971198,0.25566741676932764
PIGH,0.12143078246288504,0.18276538478666376,-0.06133460232377873,down_in_CKD,-1.6220897686204299,-4.606862852760267,7.562913931079042e-05,0.006588592586804895,21.52779723378883,6.014623754118924e-05,0.21700882254813517,2.451557475543114e-18,0.0,0.0,0.8238095238095238,0.8166666666666667,0.8833333333333332,0.31666666666666665,8.453646467390049e-17,0.0,0.6333333333333333,0.010069821980799875,0.2553472977294934
STK40,0.05881032565474964,0.08795235800815164,-0.029142032353402,down_in_CKD,-1.9110969319332303,-5.883098369879053,6.686873555269532e-06,0.0014476582226743966,29.882384862910417,5.636538311753302e-06,0.15813173207015185,0.0010000000000000018,0.0,0.0,0.7857142857142858,0.7999999999999999,0.888888888888889,0.29999999999999993,0.03448275862068972,0.0,0.5999999999999999,0.007337758772958493,0.2552606552028675
NDEL1,0.0585637103646541,0.10380420636686288,-0.04524049600220879,down_in_CKD,-1.6492542081618897,-5.013170362755811,3.662916141367548e-05,0.004167105774944022,22.25486817114302,4.8190927214296625e-05,0.17759147325984861,1.3131652628029603e-18,0.0,0.0,0.819047619047619,0.8166666666666667,0.85,0.31666666666666665,4.528156078630898e-17,0.0,0.6333333333333333,0.00824074569888967,0.2549814824731113
RGS3,0.10370122265000667,0.22197687323261786,-0.11827565058261119,down_in_CKD,-2.1163822292075563,-6.434313076781756,1.0130566421180977e-06,0.0005526704423394592,36.64696696449991,1.0533853958955002e-06,0.815414401088647,0.0008947368421052645,0.0,0.0,0.7952380952380953,0.7916666666666666,1.0,0.29166666666666663,0.03085299455535395,0.0,0.5833333333333333,0.03783753012033374,0.25324203717954163
JPH2,0.004471118883560993,0.015244872272069212,-0.01077375338850822,down_in_CKD,-1.9669485216271647,-6.04807747630195,4.320494477718175e-06,0.0012287994588098456,31.654525800528727,3.566673797835451e-06,0.06167802535691867,0.0011063084112149539,0.0,0.0,0.7857142857142857,0.7916666666666666,0.9166666666666666,0.29166666666666663,0.03814856590396393,0.0,0.5833333333333333,0.002862034493245855,0.24916516659356805
HEY1,0.014040028613453161,0.029708860597111825,-0.015668831983658663,down_in_CKD,-1.6785196643338516,-4.93237349405404,2.6765179816832565e-05,0.0035133840112502837,23.051685792726214,3.794144402801797e-05,0.06454850244498567,0.001103760233440383,0.0,0.0,0.7904761904761906,0.7916666666666666,0.8055555555555556,0.29166666666666663,0.038060697704840794,0.0,0.5833333333333333,0.002995232733471263,0.2491566589619639
LONRF1,0.06264790766633854,0.11418894958069384,-0.051541041914355296,down_in_CKD,-1.9277482182782029,-5.8801258184072625,4.572228737217081e-06,0.0012753880352564186,30.405380670611887,4.917332974203477e-06,0.28757802766497603,0.001894145476049674,0.0,0.0,0.7761904761904762,0.7749999999999999,0.8166666666666667,0.2749999999999999,0.06531536124309222,0.0,0.5499999999999998,0.013344432314651693,0.24879503096016717
MIDN,0.20615482095808335,0.41172703180382114,-0.2055722108457378,down_in_CKD,-1.998463770273973,-6.040080095837999,2.1627295634414514e-06,0.00081876110896258,32.67701542716271,2.755898756667771e-06,1.2681633516639106,0.0002606680691018044,0.0,0.0,0.8,0.7916666666666666,0.85,0.29166666666666663,0.008988554106958773,0.0,0.5833333333333333,0.0588463595345185,0.2486980268830205
RHOBTB2,0.02162023690333436,0.03460556473284257,-0.01298532782950821,down_in_CKD,-1.886155109360926,-5.51289471871503,4.967117144711499e-06,0.0013099642578916417,29.107481699195397,6.915858531806697e-06,0.07060506878777216,4.093947403305262e-19,0.0,0.0,0.819047619047619,0.8083333333333332,0.9027777777777779,0.30833333333333324,1.4117060011397457e-17,0.0,0.6166666666666665,0.003276274509425953,0.2473219215685518
NEXN,0.020132211752327944,0.05674459301732566,-0.03661238126499772,down_in_CKD,-1.586082082427605,-4.88303764846249,7.21698764736291e-05,0.006422233486196259,20.58264304525544,8.063305733414501e-05,0.12730819907681382,0.0018945835760046607,0.0,0.0,0.780952380952381,0.775,0.8722222222222221,0.275,0.06533046813809175,0.0,0.55,0.005907459827424249,0.24731367922072156
TIMP3,0.4370064689467202,0.7711972608708411,-0.3341907919241209,down_in_CKD,-1.7150733432779581,-4.9839234899745275,2.2508351115211536e-05,0.0031242452911592667,24.066626504912456,2.8132249771097818e-05,1.4359161907955895,0.0,0.0,0.0,0.7904761904761904,0.7916666666666666,0.9,0.29166666666666663,0.0,0.0,0.5833333333333333,0.06663056483545769,0.24665944630042486
MVD,0.07795358575950698,0.11664153556938807,-0.03868794980988109,down_in_CKD,-1.7189211840887058,-5.214026518910377,2.0615536451127743e-05,0.0029754065295881384,24.174736667254788,2.7259568578637197e-05,0.168013052157982,0.0008000000000000023,0.0,0.0,0.7952380952380953,0.7916666666666666,0.875,0.29166666666666663,0.027586206896551807,0.0,0.5833333333333333,0.00779627991993942,0.24592707207594192
C9orf24,0.04159540500506125,0.06988021529601936,-0.028284810290958105,down_in_CKD,-1.565989103276101,-4.606148846505152,6.798877125469393e-05,0.0061444057760083205,20.064451676559436,9.49287161362891e-05,0.09795641875485556,0.00030615106022548096,0.0,0.0,0.7857142857142858,0.7999999999999999,0.8333333333333334,0.29999999999999993,0.010556933111223483,0.0,0.5999999999999999,0.004545454360590733,0.2451318641166075
ITGA8,0.020380011966365644,0.07890001460465318,-0.058520002638287535,down_in_CKD,-2.0455328523857017,-6.1775888910536905,1.475072540383752e-06,0.0006901911999440749,34.234401683366066,1.8760661521858223e-06,0.3783898632559864,2.188575831284647e-18,0.0,0.0,0.8095238095238095,0.7999999999999999,0.9166666666666667,0.29999999999999993,7.54681321132637e-17,0.0,0.5999999999999999,0.01755835784732584,0.24351167156946515
DHRS3,0.19681576842344672,0.3696828125684126,-0.1728670441449659,down_in_CKD,-2.4047435568889513,-7.283728022325562,1.0577126910346714e-07,0.0001095865898818422,47.31374924508211,1.0364417198942306e-07,1.6462764497383187,0.00010630841121495416,0.0,0.0,0.7857142857142857,0.7833333333333332,0.9111111111111111,0.2833333333333332,0.0036658072832742817,0.0,0.5666666666666664,0.07639187469611271,0.24341136451919884
UAP1,0.09342702286470403,0.19045798904299016,-0.09703096617828613,down_in_CKD,-1.5986397428942714,-4.841592962582397,5.2505455595916055e-05,0.005216381050813441,20.909855680045062,7.280376190576792e-05,0.3540761005452727,2.0932329943453447e-18,0.0,0.0,0.7904761904761906,0.7999999999999998,0.9166666666666667,0.2999999999999998,7.218044808087396e-17,0.0,0.5999999999999996,0.016430130619946692,0.24328602612398925
FAM53B,0.057105797079785275,0.07747004286473833,-0.02036424578495305,down_in_CKD,-1.5699080454715384,-4.756246338361978,6.618314322662286e-05,0.006075863876595979,20.165001310114906,9.195633568137523e-05,0.07085803625397559,0.0011058545239503246,0.0,0.0,0.7857142857142858,0.7833333333333333,0.8083333333333332,0.2833333333333333,0.038132914618976714,0.0,0.5666666666666667,0.0032880129139833876,0.24257743509705404
MAP1LC3A,0.3069178459147517,0.47619682059198826,-0.16927897467723657,down_in_CKD,-1.8676122199785579,-5.653437045701143,6.20294221895601e-06,0.0013736439219230064,28.53798057992649,8.052094115720405e-06,0.9048538738109253,8.280413391995954e-19,0.0,0.0,0.7952380952380953,0.7916666666666666,0.8777777777777779,0.29166666666666663,2.855314962757226e-17,0.0,0.5833333333333333,0.04198777414172681,0.24173088816167868
TOB1,0.3397020137108277,0.5576245767149168,-0.21792256300408913,down_in_CKD,-1.6877389774644354,-5.190570424894007,3.32690120236299e-05,0.0039011716074381407,23.305605185885714,3.5185809888886244e-05,0.8859497959491314,0.0018927710843373489,0.0,0.0,0.761904761904762,0.7583333333333332,0.9,0.2583333333333332,0.06526796842542583,0.0,0.5166666666666664,0.041110571562844464,0.2409959683494058
RCAN1,0.17286926170729847,0.40632366977626133,-0.23345440806896287,down_in_CKD,-2.0449233845220216,-6.38497883686681,4.6804308185485045e-06,0.001293136171867544,34.21400439735001,1.8854215261606793e-06,1.3788905694353673,0.0010000000000000024,0.0,0.0,0.7571428571428571,0.7666666666666665,0.8277777777777778,0.2666666666666665,0.03448275862068974,0.0,0.533333333333333,0.06398441502136631,0.23992331978588236
CHSY1,0.0514982246333561,0.11062312852413858,-0.05912490389078248,down_in_CKD,-1.6754858457060406,-5.11650625928605,3.196020646118214e-05,0.00386079134358259,22.96843215677416,3.889436921514934e-05,0.23907093686989211,0.0001265912305516255,0.0,0.0,0.780952380952381,0.7916666666666666,0.8333333333333334,0.29166666666666663,0.004365214846607776,0.0,0.5833333333333333,0.011093566366541931,0.2372981325452848
PTP4A1,0.15770409909125707,0.36727397826416475,-0.20956987917290767,down_in_CKD,-1.8864845361091278,-5.698055936889427,5.160487276978192e-06,0.001336658356295869,29.1176501316453,6.8971962362441785e-06,1.1362287943321177,1.7162197588997201e-18,0.0,0.0,0.7761904761904762,0.7833333333333333,0.861111111111111,0.2833333333333333,5.917999168619724e-17,0.0,0.5666666666666667,0.05272422362388243,0.2372115113914432
PPP1R15B,0.09488849664457441,0.16305153661250368,-0.06816303996792927,down_in_CKD,-1.9799238799492473,-6.07655580852235,3.7038397009099447e-06,0.0011430679757808244,32.07353375776322,3.2072736780512347e-06,0.3970356243759449,0.0,0.0,0.0,0.7857142857142857,0.7916666666666665,0.8944444444444443,0.2916666666666665,0.0,0.0,0.583333333333333,0.018423573800160454,0.23701804809336532
JOSD1,0.08636986438547459,0.15113519835272707,-0.06476533396725248,down_in_CKD,-1.796266395859015,-5.4326275086064655,1.074787124750197e-05,0.0019977316603494006,26.39923334911912,1.445902038822141e-05,0.31404415110532286,1.5231480793980201e-18,0.0,0.0,0.7904761904761904,0.7916666666666666,0.8777777777777779,0.29166666666666663,5.252234756544897e-17,0.0,0.5833333333333333,0.014572535155986876,0.23624784036453073
SYNM,0.022076879394975157,0.05197647325296864,-0.029899593857993484,down_in_CKD,-1.6671128325771198,-5.116769314472456,3.72555695395367e-05,0.004212960221218441,22.739442517172513,4.164957492586731e-05,0.11840481047256193,0.00010946196660482472,0.0,0.0,0.7857142857142857,0.7916666666666665,0.8777777777777779,0.2916666666666665,0.003774550572580163,0.0,0.583333333333333,0.0054943174619758945,0.23594201705476048
CLN8,0.08001748072203523,0.12994365231125932,-0.04992617158922409,down_in_CKD,-1.750630009304179,-5.091699924155342,1.651610737908858e-05,0.0026039797558008683,25.074862604806494,2.102229731221653e-05,0.2258790992057919,0.0,0.0,0.0,0.7952380952380953,0.7916666666666666,0.9111111111111111,0.29166666666666663,0.0,0.0,0.5833333333333333,0.010481427858451393,0.2354296189050236
ACO2,0.33740044062870017,0.48280236206155497,-0.1454019214328548,down_in_CKD,-1.7511608778265209,-5.209965600103716,1.3840001336923966e-05,0.002347944086457101,25.090072527519414,2.0931011376932643e-05,0.6694811547525276,0.0020927710843373485,0.0,0.0,0.7523809523809525,0.75,0.8,0.25,0.07216452014956375,0.0,0.5,0.03106581552168427,0.23507897116416238
FILIP1,0.022408130204834863,0.05587584376645213,-0.03346771356161727,down_in_CKD,-1.883618444758034,-5.72323989277687,5.865848950023376e-06,0.0013557771628166075,29.029241826267334,7.061267140341176e-06,0.18078800316187624,1.0869083411080267e-18,0.0,0.0,0.7904761904761906,0.7916666666666666,0.8861111111111111,0.29166666666666663,3.7479597969242304e-17,0.0,0.5833333333333333,0.008389073710127933,0.23501114807535892
ECSIT,0.13696756797386295,0.18123889975081325,-0.04427133177695031,down_in_CKD,-1.5967938566393531,-4.780361109153688,4.992958776900887e-05,0.005064536157968346,20.861595986736916,7.390553910137325e-05,0.16227111874711975,6.933451634178669e-19,0.0,0.0,0.7904761904761906,0.7916666666666666,0.913888888888889,0.29166666666666663,2.390845391096093e-17,0.0,0.5833333333333333,0.0075298380002328386,0.23483930093337987
ZBTB10,0.12489799735444453,0.17475047784045053,-0.049852480486006004,down_in_CKD,-1.5661929493179387,-4.34018987598319,0.00021376756833913843,0.012161320646771508,20.069675627671835,9.477178885109547e-05,0.1495220294435253,9.552543941045613e-19,0.0,0.0,0.7857142857142857,0.7916666666666665,0.8083333333333333,0.2916666666666665,3.2939806693260736e-17,0.0,0.583333333333333,0.006938244265945656,0.23472098218652235
CASP9,0.0391563856296191,0.06206371270020409,-0.022907327070584987,down_in_CKD,-1.6376180679403616,-4.966143500259502,3.9048047902623264e-05,0.004367777092899755,21.941942207274998,5.2992137363584994e-05,0.08852197738009965,9.481304630298828e-19,0.0,0.0,0.7904761904761906,0.7916666666666666,0.8972222222222221,0.29166666666666663,3.269415389758217e-17,0.0,0.5833333333333333,0.004107669647432299,0.23415486726281978
SLC45A1,0.006036138693005093,0.018724198082743556,-0.012688059389738462,down_in_CKD,-1.7712058183588317,-5.452675609083654,1.842229290248895e-05,0.0027886460301008087,25.667754962630553,1.7758727809642372e-05,0.05741009483510117,0.001890538033395177,0.0,0.0,0.7571428571428571,0.7583333333333333,0.8527777777777776,0.2583333333333333,0.06519096666879921,0.0,0.5166666666666666,0.002663990468692007,0.23327585142792476
SH3BP4,0.09366811296209401,0.17628798113748836,-0.08261986817539435,down_in_CKD,-1.904709761701704,-5.648327296425486,3.865755884557842e-06,0.001168183106364823,29.682975897178046,5.939606651936409e-06,0.4614766259173513,0.0,0.0,0.0,0.7619047619047619,0.7833333333333333,0.925,0.2833333333333333,0.0,0.0,0.5666666666666667,0.02141381818823125,0.23094943030431292
ATP1B2,0.06706423531399609,0.13225787915571519,-0.06519364384171909,down_in_CKD,-1.7646987220087516,-5.128742675570447,1.4859830579808191e-05,0.0024493391200013388,25.479503831939898,1.873209000720907e-05,0.3003824544773629,0.0001072289156626515,0.0,0.0,0.7809523809523808,0.7833333333333332,0.9055555555555556,0.2833333333333332,0.0036975488159535007,0.0,0.5666666666666664,0.013938593865564291,0.23093340496616083
FXYD6,0.06503673024557892,0.12586806007353046,-0.060831329827951544,down_in_CKD,-1.7047459560417688,-4.948897560852253,2.491498551407562e-05,0.0033462209711265446,23.777662701606243,3.061444316427761e-05,0.25670854685149536,0.00010585452395032679,0.0,0.0,0.7904761904761904,0.7833333333333333,0.7694444444444445,0.2833333333333333,0.003650155998287131,0.0,0.5666666666666667,0.011912001260552418,0.230509129318092
HAPLN2,0.003914602734846213,0.024342044085652947,-0.020427441350806735,down_in_CKD,-1.6113811430495701,-5.025817642461649,7.938889093809043e-05,0.006708959461107367,21.244493357801492,6.56300884013942e-05,0.07153867435027436,0.0001054164239953412,0.0,0.0,0.780952380952381,0.7833333333333332,0.8777777777777777,0.2833333333333332,0.003635049103287628,0.0,0.5666666666666664,0.0033195964430887946,0.22878460559659938
PGP,0.17183942727200888,0.23536655125121703,-0.06352712397920815,down_in_CKD,-1.5991065698741567,-4.59393345157866,7.131179747407547e-05,0.0063654007529936295,20.922069451211108,7.252770920716602e-05,0.2231019656930345,2.2023235900800332e-18,0.0,0.0,0.7857142857142858,0.7833333333333333,0.8222222222222222,0.2833333333333333,7.594219276138046e-17,0.0,0.5666666666666667,0.010352561023628687,0.22873717887139244
NUDT16,0.1919163721593765,0.30287055325701107,-0.11095418109763455,down_in_CKD,-1.9958529089958075,-5.9558811290902005,1.862832393028925e-06,0.0007947171723789576,32.591690462839324,2.815379700287598e-06,0.6864424185154286,0.00010630841121495546,0.0,0.0,0.780952380952381,0.7749999999999999,0.875,0.2749999999999999,0.003665807283274327,0.0,0.5499999999999998,0.03185286604182577,0.22783689612167482
DUSP26,0.008345388250361581,0.021214221284631244,-0.012868833034269663,down_in_CKD,-1.990708290881924,-5.833535674291462,2.0119844989967624e-06,0.0007995571276150148,32.42388681315844,2.9363865373238827e-06,0.0793430883748315,4.440892098500624e-19,0.0,0.0,0.7761904761904762,0.7833333333333333,0.9555555555555555,0.2833333333333333,1.5313421029312498e-17,0.0,0.5666666666666667,0.003681743285640859,0.22740301532379487
HSPA9,0.426045176564858,0.5560103503314704,-0.12996517376661237,down_in_CKD,-1.9496492501732,-5.563490759770693,4.936616198588182e-06,0.0013099642578916417,31.10017253482571,4.109526034505731e-06,0.7304475496683174,0.001,0.0,0.0,0.7571428571428571,0.7583333333333333,0.825,0.2583333333333333,0.03448275862068966,0.0,0.5166666666666666,0.0338948283535334,0.2272387357856492
SH3RF3,0.007825203047559771,0.018673969304456216,-0.010848766256896444,down_in_CKD,-1.822058067281412,-5.461422839925949,7.941278355597766e-06,0.0015998367020548,27.162782186279514,1.1701388380334836e-05,0.055267265997450285,1.3168478653192824e-18,0.0,0.0,0.780952380952381,0.7833333333333332,0.9388888888888889,0.2833333333333332,4.540854707997526e-17,0.0,0.5666666666666664,0.002564557161432425,0.2271795780989531
MGP,0.2758546544700057,0.5663301277229885,-0.29047547325298284,down_in_CKD,-2.1383974643604797,-6.317229338525674,5.618822361280304e-07,0.000401336801101087,37.413357672954504,8.808645650768632e-07,2.1097372396196197,0.0,0.0,0.0,0.7571428571428571,0.7583333333333333,0.9166666666666666,0.2583333333333333,0.0,0.0,0.5166666666666666,0.09789776369355385,0.22624621940537742
COX6C,1.5589132891971529,1.872220300847408,-0.3133070116502552,down_in_CKD,-1.7189238702340026,-4.904688533636159,3.139057698526959e-05,0.0038102118759107567,24.174812222674706,2.725896888320024e-05,1.3027820276718638,0.0,0.0,0.0,0.7571428571428571,0.7666666666666665,0.8666666666666666,0.2666666666666665,0.0,0.0,0.533333333333333,0.06045276382959619,0.22542388609925246
USP36,0.06218921931334633,0.11835555352839432,-0.056166334215047985,down_in_CKD,-1.8396790314077842,-5.575157108091353,7.86958220963845e-06,0.0015964795797315484,27.690700406739406,1.0126152935063235e-05,0.28899161194594186,0.0011228813559322046,0.0,0.0,0.7571428571428571,0.7583333333333333,0.8416666666666666,0.2583333333333333,0.03872004675628292,0.0,0.5166666666666666,0.013410026615828206,0.2248366906923455
SERTAD1,0.125523071512829,0.42559469001356637,-0.3000716185007374,down_in_CKD,-1.678127793728594,-5.251551535972691,5.5284175912603394e-05,0.005399979606816918,23.04092366250872,3.806321313676944e-05,1.1418732752082421,4.733867618887814e-18,0.0,0.0,0.7666666666666667,0.7666666666666666,0.8666666666666666,0.2666666666666666,1.6323681444440738e-16,0.0,0.5333333333333332,0.052986143470869274,0.2239305620275072
MRPL55,0.2923389059516385,0.3709413054732628,-0.07860239952162434,down_in_CKD,-1.8543719977941526,-5.510653306949146,5.8734868766558415e-06,0.0013557771628166075,28.13478141438881,8.976077049954267e-06,0.41800674987568365,5.9211894646675e-19,0.0,0.0,0.761904761904762,0.775,0.8805555555555555,0.275,2.0417894705750002e-17,0.0,0.55,0.01939669322470616,0.22387933864494125
ADIPOR2,0.0947367776382097,0.14419685589847336,-0.04946007826026366,down_in_CKD,-1.6225134757961008,-4.813539792655508,4.04906372652991e-05,0.0044640360409861565,21.539045283872273,5.9938867784172246e-05,0.18860851480197297,0.0010000000000000009,0.0,0.0,0.7571428571428571,0.7583333333333333,0.8027777777777778,0.2583333333333333,0.03448275862068969,0.0,0.5166666666666666,0.008751967527484503,0.22221016362043947
ATF4,0.28099942014372126,0.4080990590022234,-0.12709963885850212,down_in_CKD,-1.6335703023148527,-4.969133027642259,4.1801291867562035e-05,0.0044913165817702765,21.83360672131396,5.4771254645295486e-05,0.48742872360792566,0.00021487839060016468,0.0,0.0,0.7619047619047619,0.7666666666666666,0.85,0.2666666666666666,0.007409599675867748,0.0,0.5333333333333332,0.022618068783685476,0.2208207869604175
NDUFB6,0.41031443120259203,0.5428305356408042,-0.13251610443821216,down_in_CKD,-1.9886834908040298,-5.978765576296391,2.1366133467649647e-06,0.00081876110896258,32.357962035789555,2.985432699545814e-06,0.8134836739563143,0.0037894736842105266,0.0,0.0,0.7,0.7,0.7444444444444445,0.19999999999999996,0.13067150635208713,0.0,0.3999999999999999,0.03774793893096272,0.21981819032702737
GAD1,0.023384919141506356,0.04823922981179338,-0.02485431067028702,down_in_CKD,-1.671543300269342,-4.76748184058127,4.6310526216439084e-05,0.004837998934039963,22.860466401889017,4.0168361240859145e-05,0.09619069143313747,0.0008873239436619731,0.0,0.0,0.7523809523809523,0.7583333333333332,0.8861111111111111,0.2583333333333332,0.030597377367654246,0.0,0.5166666666666664,0.004463519628225684,0.2197983215393734
GADD45G,0.10148834737986764,0.1984626507579102,-0.09697430337804255,down_in_CKD,-1.8787607453042883,-5.71882316251103,6.322907963780653e-06,0.0013791545866862912,28.87970676624266,7.348325175268661e-06,0.5211382490117973,0.00010526315789473782,0.0,0.0,0.7619047619047619,0.7666666666666666,0.8777777777777779,0.2666666666666666,0.0036297640653357873,0.0,0.5333333333333332,0.024182285924207236,0.21962169614430904
CLEC1A,0.0072314348074930335,0.023116862376738753,-0.01588542756924572,down_in_CKD,-1.6818530310524142,-5.137013473435939,3.0541137042305846e-05,0.003738389812646804,23.143333238674302,3.692117871301954e-05,0.06485047552880978,0.0008927710843373496,0.0,0.0,0.7476190476190476,0.7583333333333333,0.888888888888889,0.2583333333333333,0.030785209804736195,0.0,0.5166666666666666,0.003009245137028853,0.2195825996159669
CNBP,0.4955152072787793,0.6234649630237452,-0.12794975574496592,down_in_CKD,-1.8169634502607523,-5.23293275704994,1.1424654036010054e-05,0.0020844604627965513,27.011096014773745,1.2200897908546974e-05,0.6232804329683362,1.5329513257906413e-18,0.0,0.0,0.7666666666666667,0.7666666666666666,0.8277777777777778,0.2666666666666666,5.2860390544504875e-17,0.0,0.5333333333333332,0.028921971606545402,0.2191177276546424
ZNF593,0.2628432146500879,0.3923626819862804,-0.12951946733619246,down_in_CKD,-1.7022667498667243,-5.149573976820763,2.2751217405136028e-05,0.003142918175823791,23.708553444833075,3.124206875365073e-05,0.551779701644993,3.889838418880387e-18,0.0,0.0,0.7571428571428571,0.7666666666666666,0.8277777777777778,0.2666666666666666,1.341323592717375e-16,0.0,0.5333333333333332,0.025604135827019144,0.21845416049873717
TNNC1,0.04187860915314278,0.1025624197075613,-0.06068381055441852,down_in_CKD,-1.5888473835739572,-4.8361656387672465,5.975669498813338e-05,0.005740204376177978,20.65447643146207,7.88403493482099e-05,0.21607820402616154,0.0,0.0,0.0,0.7571428571428571,0.7666666666666665,0.8666666666666666,0.2666666666666665,0.0,0.0,0.533333333333333,0.010026638654249955,0.2153386610641832
CSDC2,0.03986336878838229,0.0752180183507788,-0.03535464956239651,down_in_CKD,-1.719392057200431,-4.894997641050566,3.304915937268338e-05,0.0039011716074381407,24.187983106613977,2.7154644265236105e-05,0.14642764818713153,0.0010000000000000005,0.0,0.0,0.7476190476190475,0.7499999999999999,0.7916666666666666,0.2499999999999999,0.034482758620689676,0.0,0.4999999999999998,0.0067946562402298,0.21515203469632174
ING2,0.07796613452519632,0.11719543335631347,-0.03922929883111714,down_in_CKD,-1.5866794486098001,-4.8664339878908,6.744755820731134e-05,0.006120960607579425,20.59815004887845,8.024240574727666e-05,0.13775791495249654,1.4036391097046605e-18,0.0,0.0,0.7571428571428571,0.7666666666666665,0.825,0.2666666666666665,4.840134861050554e-17,0.0,0.533333333333333,0.006392356143539335,0.2146118045620411
DIRAS1,0.012561183113049412,0.030851017347515292,-0.018289834234465882,down_in_CKD,-1.630273181350663,-4.912648938600324,3.914588225280718e-05,0.004367777092899755,21.745559829528098,5.626414905695635e-05,0.07036135950120277,0.0027882751647897034,0.0,0.0,0.7190476190476189,0.7166666666666666,0.9111111111111111,0.21666666666666656,0.09614741947550702,0.0,0.4333333333333331,0.003264965710539322,0.21244529426564393
NR0B2,0.04385505641691777,0.12793854506543778,-0.08408348864852001,down_in_CKD,-1.748885188503645,-5.364654454327737,1.9969447739749263e-05,0.002921065976348714,25.02490420282442,2.1325135156222917e-05,0.3726981434279604,0.0011126760563380277,0.0,0.0,0.7333333333333334,0.7416666666666666,0.8666666666666666,0.24166666666666659,0.038368139873725095,0.0,0.48333333333333317,0.0172942459796155,0.21213943847874642
FERMT2,0.16756733009208957,0.2571265185882208,-0.0895591884961312,down_in_CKD,-1.7886850567258217,-5.22699583365049,1.1260916267410962e-05,0.0020675897526429873,26.17686189944391,1.5386822908696848e-05,0.43004430501021135,3.548748596569696e-19,0.0,0.0,0.7619047619047619,0.7583333333333333,0.8666666666666666,0.2583333333333333,1.22370641261024e-17,0.0,0.5166666666666666,0.019955269764892078,0.21065772061964508
SPRY4,0.02526062654972625,0.06279310726288129,-0.03753248071315504,down_in_CKD,-1.763115151879864,-5.2696790817347665,1.2662848261102209e-05,0.0022129471569552715,25.433795771904727,1.8976911536072212e-05,0.17569411299336646,0.00010722891566265248,0.0,0.0,0.7571428571428571,0.7583333333333333,0.8444444444444444,0.2583333333333333,0.003697548815953534,0.0,0.5166666666666666,0.008152702826288579,0.2097762267583058
TUBB2A,0.11165024798905619,0.20780578572641684,-0.09615553773736064,down_in_CKD,-1.62124702833555,-4.911875100729247,4.402496776744604e-05,0.004695457040197094,21.50543394725606,6.056080708684228e-05,0.3629665134350129,0.0018945835760046587,0.0,0.0,0.7285714285714285,0.7249999999999999,0.95,0.22499999999999987,0.06533046813809168,0.0,0.44999999999999973,0.01684267087561134,0.20950072143035883
SERTAD3,0.11586555915545281,0.1888315848134349,-0.07296602565798209,down_in_CKD,-1.5672577798322227,-4.780006444102187,7.239744258473162e-05,0.0064227822916913275,20.096975032728775,9.395621020957233e-05,0.250701258205805,0.0010000000000000028,0.0,0.0,0.738095238095238,0.7416666666666666,0.8166666666666667,0.24166666666666659,0.03448275862068976,0.0,0.48333333333333317,0.011633246108853626,0.20945308600337992
EHD3,0.02879989902780664,0.09087720614090328,-0.06207730711309664,down_in_CKD,-1.5728400762641799,-4.792010879481662,6.846372535642462e-05,0.006168113890030678,20.2403937722949,8.979289183335601e-05,0.21576438653696234,0.0,0.0,0.0,0.7619047619047619,0.7583333333333333,0.8666666666666666,0.2583333333333333,0.0,0.0,0.5166666666666666,0.010012076636846277,0.20866908199403592
MYOM1,0.008423568360027688,0.020500708671543313,-0.012077140311515626,down_in_CKD,-1.7204918984410829,-5.178713348521315,1.8722782845146693e-05,0.002799731599678895,24.218937594011457,2.6911131778926022e-05,0.053045403512789746,1.5907325314529055e-18,0.0,0.0,0.7571428571428571,0.7583333333333332,0.7972222222222223,0.2583333333333332,5.485284591216916e-17,0.0,0.5166666666666664,0.002461456469840098,0.2071589579606346
PXN,0.15491170523197678,0.23689209457114224,-0.08198038933916546,down_in_CKD,-1.9656180935988274,-5.68349597895059,3.082409487936891e-06,0.0010409597968363596,31.61171855358891,3.6057380288496384e-06,0.4806170647612219,0.0019999999999999996,0.0,0.0,0.7238095238095237,0.7166666666666666,0.8444444444444444,0.21666666666666656,0.0689655172413793,0.0,0.4333333333333331,0.022301988583927547,0.20537993794667048
SMIM4,0.32732096187963544,0.4646064471902725,-0.13728548531063706,down_in_CKD,-1.6446541895227338,-4.879566000212304,3.367033528258585e-05,0.003922796893766327,22.130896934574665,5.003502519417345e-05,0.5433351375078083,7.989640695070321e-19,0.0,0.0,0.7571428571428571,0.75,0.7333333333333333,0.25,2.7550485155414902e-17,0.0,0.5,0.02521228421210134,0.20504245684242028
TMEM88,0.0732433188315911,0.1797090772523305,-0.10646575842073941,down_in_CKD,-1.5913548800977226,-4.713778877855381,5.275938667444171e-05,0.005217669757833917,20.719721081543213,7.724892809540042e-05,0.38671608225066206,4.183787819113745e-19,0.0,0.0,0.7523809523809524,0.7499999999999999,0.775,0.2499999999999999,1.4426854548668086e-17,0.0,0.4999999999999998,0.017944717913543618,0.20358894358270865
CTIF,0.046455227967822484,0.06781423657762846,-0.021359008609805975,down_in_CKD,-1.6309790849764838,-4.653863400276967,6.338160972725844e-05,0.0059312919296379595,21.764395436978685,5.594116480729574e-05,0.07757478547517069,0.00012917271407837582,0.0,0.0,0.7523809523809524,0.75,0.8833333333333334,0.25,0.0044542315199439944,0.0,0.5,0.0035996890391884273,0.2025016304158153
AGRP,0.0060754263340804466,0.014774692128003827,-0.00869926579392338,down_in_CKD,-1.667890166247497,-4.869561549743057,3.128516070934875e-05,0.0038102118759107567,22.76065314544175,4.1385822186788776e-05,0.035099024816060136,0.000999408633944412,0.0,0.0,0.7190476190476189,0.7333333333333333,0.8166666666666667,0.23333333333333328,0.03446236668773835,0.0,0.46666666666666656,0.0016286938357955708,0.2007773521089211
EIF1B,0.5267846746065925,0.6903159568991167,-0.16353128229252423,down_in_CKD,-1.6155232115809182,-4.616436282491207,6.951272095339096e-05,0.006243232306061522,21.353852022191372,6.345250341547947e-05,0.5824276402049305,0.0,0.0,0.0,0.7333333333333333,0.7416666666666666,0.7972222222222222,0.24166666666666659,0.0,0.0,0.48333333333333317,0.0270262866951416,0.1987385906723616
FCN3,0.02823588320510563,0.1231015421551811,-0.09486565895007547,down_in_CKD,-1.5701755229870187,-4.819454321166744,7.73133768742399e-05,0.006674481856995558,20.171873233534555,9.17568539016769e-05,0.324065483295378,0.00010585452395032678,0.0,0.0,0.7333333333333333,0.7416666666666666,0.9555555555555555,0.24166666666666659,0.0036501559982871305,0.0,0.48333333333333317,0.015037553259764342,0.197800906384601
ARRDC2,0.05092622653483721,0.1107591878818193,-0.059832961346982086,down_in_CKD,-1.8592346548981014,-5.650286459086889,7.1100478246158035e-06,0.0015055656014022222,28.282528652515055,8.625005811913453e-06,0.31396260826358624,0.001020874178295468,0.0,0.0,0.7285714285714285,0.725,0.8916666666666668,0.22499999999999998,0.03520255787225752,0.0,0.44999999999999996,0.014568751337935358,0.19699477341649008
PRX,0.011064353994517436,0.04396454376717096,-0.03290018977265352,down_in_CKD,-1.718067623551153,-5.329415312185036,3.284353636456122e-05,0.0039011716074381407,24.150733847138497,2.745079725104697e-05,0.13615709939196505,0.0011250000000000008,0.0,0.0,0.7285714285714285,0.725,0.888888888888889,0.22499999999999998,0.03879310344827589,0.0,0.44999999999999996,0.006318073782438229,0.196780856135798
COX5B,1.7133378925428018,2.0231376931092404,-0.30979980056643863,down_in_CKD,-1.599101453734541,-4.523934476246451,9.917875851901521e-05,0.007852220593745744,20.921935576384815,7.253072894856163e-05,1.0428234801761782,0.0,0.0,0.0,0.7238095238095237,0.7333333333333332,0.8166666666666667,0.23333333333333317,0.0,0.0,0.46666666666666634,0.04838995336442159,0.19634465733955087
DUSP1,0.5117602669575104,1.1288710876506252,-0.6171108206931147,down_in_CKD,-1.80681630661958,-5.343143628953073,8.788485128370257e-06,0.0017111003595571888,26.7102422661798,1.326017312895023e-05,3.0849141435286964,0.0019999999999999987,0.0,0.0,0.6714285714285715,0.675,0.8555555555555555,0.17500000000000004,0.06896551724137927,0.0,0.3500000000000001,0.14314872495331474,0.1962159518872147
ALDH1L1-AS2,0.003291426350297428,0.00949350646196972,-0.006202080111672292,down_in_CKD,-1.719352499679924,-5.239083401881867,2.1996699215595587e-05,0.0030976905060409125,24.18687014854585,2.716344334135299e-05,0.02675447143668419,0.0011058545239503263,0.0,0.0,0.7238095238095238,0.725,0.8666666666666668,0.22499999999999998,0.038132914618976776,0.0,0.44999999999999996,0.00124148300236985,0.19550146244806466
RGCC,0.10910618105462247,0.28595919510926604,-0.17685301405464357,down_in_CKD,-1.787447431311889,-5.4237607034621975,1.209664249375198e-05,0.002139778041120396,26.140649888482937,1.5543829352058366e-05,0.8439117332858987,0.0009999999999999996,0.0,0.0,0.7238095238095237,0.7166666666666666,0.8611111111111113,0.21666666666666656,0.03448275862068964,0.0,0.4333333333333331,0.03915988678207909,0.19495841413802495
FAM131A,0.03831069268022661,0.07564909327107082,-0.03733840059084421,down_in_CKD,-1.6449999903768655,-5.030017348141504,4.123962974782109e-05,0.0044640360409861565,22.14020428641727,4.989399452174597e-05,0.1443576468343521,1.073215590470984e-18,0.0,0.0,0.7333333333333334,0.7416666666666666,0.7722222222222221,0.24166666666666659,3.7007434154171864e-17,0.0,0.48333333333333317,0.006698602333859794,0.19467305380010527
MPC1,0.6786498147580281,0.9654220976742673,-0.28677228291623924,down_in_CKD,-1.8491792137419114,-5.443034401735399,6.319072924740714e-06,0.0013791545866862912,27.97743080074217,9.36678559241698e-06,1.5168442167308824,0.001000000000000002,0.0,0.0,0.7,0.7083333333333333,0.85,0.20833333333333326,0.034482758620689724,0.0,0.4166666666666665,0.0703858536981729,0.1945369408545771
SH3BP5,0.11135678414212333,0.23311073984103428,-0.12175395569891095,down_in_CKD,-1.8771477632827587,-5.697681894787459,6.042972723513511e-06,0.0013557771628166075,28.830139569797435,7.446203286072053e-06,0.6554388357246206,0.00011705685618729253,0.0,0.0,0.7238095238095237,0.7333333333333332,0.8111111111111111,0.23333333333333317,0.004036443316803191,0.0,0.46666666666666634,0.030414212277409456,0.19436408644886968
COL18A1-AS1,0.003405254873393246,0.009246532218424088,-0.005841277345030841,down_in_CKD,-1.664251229356599,-4.952625374640183,2.8469062921791775e-05,0.003575270629269175,22.66144489975869,4.263500443873415e-05,0.023785147665034582,1.6667431845723615e-18,0.0,0.0,0.7476190476190475,0.7416666666666666,0.8583333333333334,0.24166666666666659,5.747390291628833e-17,0.0,0.48333333333333317,0.0011036979969826313,0.19355407293272983
GAS6,0.3121485759486484,0.5145926311936909,-0.2024440552450425,down_in_CKD,-1.6088071088495788,-4.580032490577589,7.955470715687467e-05,0.006708959461107367,21.176675292149515,6.702048042279412e-05,0.7078441443683217,2.5629427355329115e-18,0.0,0.0,0.7238095238095238,0.7333333333333332,0.711111111111111,0.23333333333333317,8.837733570803144e-17,0.0,0.46666666666666634,0.032845966538339974,0.19323585997433457
GNA11,0.19427689077339597,0.2643482558102953,-0.07007136503689934,down_in_CKD,-1.8371724506734937,-5.417124616223114,6.910476674259391e-06,0.0014849846542241848,27.615294110566232,1.0336578156219284e-05,0.3640932293160299,0.0,0.0,0.0,0.7285714285714285,0.7333333333333333,0.7833333333333334,0.23333333333333328,0.0,0.0,0.46666666666666656,0.016894953673202505,0.19004565740130716
PQLC1,0.12637043648815613,0.21187092990449144,-0.08550049341633531,down_in_CKD,-1.7606010740794962,-4.860920106450919,6.057855342484988e-05,0.005769089091137679,25.361313889498977,1.9372163293280465e-05,0.33702558741065813,0.0,0.0,0.0,0.738095238095238,0.7333333333333333,0.8944444444444443,0.23333333333333328,0.0,0.0,0.46666666666666656,0.015638938677007254,0.1897944544020681
ZNF672,0.06284757251397652,0.09774875739315994,-0.03490118487918342,down_in_CKD,-1.8053179385990046,-5.473712988005929,1.0386042741379204e-05,0.0019564876618663033,26.66595975895111,1.3424191382417555e-05,0.17065789265724637,0.00010630841121495422,0.0,0.0,0.7285714285714285,0.7333333333333333,0.775,0.23333333333333328,0.0036658072832742835,0.0,0.46666666666666656,0.00791900798547369,0.1897167911770711
BAIAP2,0.06116536768157686,0.13086871044713164,-0.06970334276555477,down_in_CKD,-1.7011310788695617,-5.192857470881044,2.6083831079773645e-05,0.0034710639432304286,23.676929570421155,3.1533831352968195e-05,0.2916384715303533,0.0,0.0,0.0,0.738095238095238,0.7333333333333333,0.7694444444444445,0.23333333333333328,0.0,0.0,0.46666666666666656,0.013532848372613166,0.18937323634118927
MEF2D,0.07084481274161797,0.1234530326718874,-0.05260821993026943,down_in_CKD,-1.807896429538724,-5.440847833804659,9.229500299719829e-06,0.0017731642628799483,26.742186817681635,1.3143181194705567e-05,0.26167207143778165,2.458589637170749e-18,0.0,0.0,0.7238095238095238,0.7333333333333332,0.9055555555555556,0.23333333333333317,8.47789530058879e-17,0.0,0.46666666666666634,0.01214232281335537,0.18909513122933763
NDUFB7,1.1883296941716057,1.3869288253658225,-0.1985991311942168,down_in_CKD,-1.7191582563339851,-5.033830275749143,1.9704798961844217e-05,0.002921065976348714,24.181405448083424,2.720669157037295e-05,0.8653233219319131,0.0010000000000000005,0.0,0.0,0.7047619047619047,0.7083333333333333,0.8444444444444444,0.20833333333333326,0.034482758620689676,0.0,0.4166666666666665,0.04015344494003672,0.18849045910294984
SSBP3,0.16335277651819408,0.21551483161443064,-0.05216205509623656,down_in_CKD,-1.5704205949485053,-4.659328265021735,6.241356157529783e-05,0.005878627991231786,20.178170550314324,9.157445785321023e-05,0.1827328045158949,1.4161511469663105e-18,0.0,0.0,0.7285714285714285,0.7333333333333333,0.7333333333333334,0.23333333333333328,4.883279817125209e-17,0.0,0.46666666666666656,0.008479317983116616,0.18836253026329
IL1RL1,0.009228418041894072,0.04013139563158706,-0.030902977589692987,down_in_CKD,-1.7761190887878444,-5.400271607052114,1.3659761795727573e-05,0.0023309981746709226,25.810355598190064,1.7057365393033355e-05,0.1444886956901493,0.0,0.0,0.0,0.7238095238095237,0.7333333333333332,0.8416666666666666,0.23333333333333317,0.0,0.0,0.46666666666666634,0.006704683370718895,0.18800760334081032
SLC45A4,0.053963815614257976,0.13413392661618262,-0.08017011100192464,down_in_CKD,-1.9353546472280678,-5.9265564700112865,4.796227682056409e-06,0.0013099642578916417,30.645798631750466,4.6201508854866415e-06,0.4472790968062822,0.001000000000000001,0.0,0.0,0.7,0.7083333333333333,0.8555555555555555,0.20833333333333326,0.034482758620689696,0.0,0.4166666666666665,0.02075501275794061,0.18461077266653064
SMTN,0.06886379239689158,0.11299346677652486,-0.04412967437963328,down_in_CKD,-1.6078813019708973,-4.852406976907019,4.7380570348739093e-05,0.004903328124275675,21.152309573680594,6.7527672152847e-05,0.16387185690159642,0.00010585452395032873,0.0,0.0,0.7238095238095238,0.725,0.8583333333333334,0.22499999999999998,0.0036501559982871977,0.0,0.44999999999999996,0.007604116769474484,0.18298088575320975
RAB20,0.036863165213719094,0.07556944916370491,-0.03870628394998581,down_in_CKD,-2.0373040742871886,-6.103320854229409,1.3818250787064286e-06,0.0006743940288658443,33.959519109058746,2.0064164146377565e-06,0.25006067036745416,1.777942872292568e-18,0.0,0.0,0.7333333333333334,0.725,0.8722222222222221,0.22499999999999998,6.130837490664029e-17,0.0,0.44999999999999996,0.011603521024778633,0.18232070420495575
DUSP3,0.18086084517369844,0.23263636832603624,-0.0517755231523378,down_in_CKD,-1.5805157537666574,-4.533737099081359,8.527713320962985e-05,0.006988388797772209,20.438427664673878,8.436492654639733e-05,0.1763990011902927,0.0,0.0,0.0,0.7380952380952381,0.725,0.7277777777777777,0.22499999999999998,0.0,0.0,0.44999999999999996,0.008185411628520985,0.1816370823257042
WBP11,0.18847544693490384,0.23737169620213516,-0.04889624926723132,down_in_CKD,-1.577677437941441,-4.566957294149759,7.453144115268565e-05,0.006512521409154852,20.36508625791384,8.633315320244581e-05,0.16865287538002285,0.0,0.0,0.0,0.7190476190476189,0.7249999999999999,0.8333333333333334,0.22499999999999987,0.0,0.0,0.44999999999999973,0.007825969523659122,0.18156519390473175
CHRM3,0.021625529130619502,0.04919293989179474,-0.027567410761175238,down_in_CKD,-1.5995680279096909,-4.7027473722121345,5.157657131031204e-05,0.005187677077229541,20.93414625745279,7.225585074594852e-05,0.10076043664747687,5.229734773892177e-19,0.0,0.0,0.7238095238095238,0.725,0.7666666666666666,0.22499999999999998,1.8033568185835097e-17,0.0,0.44999999999999996,0.004675568706533563,0.18093511374130672
TPST2,0.16937937202363443,0.25709184330982154,-0.08771247128618712,down_in_CKD,-1.9611158622544747,-5.632860509182009,3.7493720798489567e-06,0.0011449398319622972,31.46707166061365,3.7411473913428244e-06,0.5059314962732401,0.0010000000000000007,0.0,0.0,0.6904761904761905,0.7,0.8166666666666667,0.19999999999999996,0.03448275862068968,0.0,0.3999999999999999,0.023476649668569074,0.17848843338198966
SCAND1,0.7341834124581367,0.8603876343057317,-0.12620422184759506,down_in_CKD,-1.596658187746989,-4.55271342964266,8.460086761888239e-05,0.006972361277340278,20.858051196814085,7.398716614180377e-05,0.43456974575495133,1.376157147950573e-18,0.0,0.0,0.7285714285714285,0.7166666666666666,0.6944444444444444,0.21666666666666656,4.7453694756916314e-17,0.0,0.4333333333333331,0.0201652629907393,0.17736638593148113
DUSP6,0.19181365639426348,0.3688430590974956,-0.1770294027032321,down_in_CKD,-2.026187876834759,-6.121743422227062,1.7299329810187335e-06,0.0007603841784750525,33.589941645535774,2.1970919755155092e-06,1.118757310840057,3.0209752827958183e-18,0.0,0.0,0.7047619047619047,0.7083333333333333,0.9,0.20833333333333326,1.0417156147571788e-16,0.0,0.4166666666666665,0.05191349746796078,0.17704936616025885
TBC1D1,0.24651950186857008,0.3440066042890598,-0.09748710242048975,down_in_CKD,-1.6687801658905654,-4.832785240213337,3.490832643972335e-05,0.0040507622000654974,22.78495016238881,4.108587924196711e-05,0.38921679056422737,0.0008873239436619722,0.0,0.0,0.6904761904761905,0.7,0.7888888888888888,0.19999999999999996,0.030597377367654218,0.0,0.3999999999999999,0.01806075783877718,0.1758511025148171
PINK1,0.23267064039010518,0.3447932791300026,-0.11212263873989739,down_in_CKD,-2.015583886087402,-5.95207725639502,1.550645394297491e-06,0.0007028784826339097,33.23927783336068,2.395944893126708e-06,0.7125816800471789,0.0010000000000000005,0.0,0.0,0.6904761904761905,0.6916666666666667,0.888888888888889,0.19166666666666665,0.034482758620689676,0.0,0.3833333333333333,0.03306580156787293,0.17373959709518377
MRPL47,0.26705765225295514,0.3362923676025515,-0.06923471534959635,down_in_CKD,-1.597994108161575,-4.895783286453549,6.085285287446155e-05,0.005769089091137679,20.892969570429063,7.318726682153812e-05,0.247703632568209,0.0007999999999999997,0.0,0.0,0.6904761904761905,0.7,0.8944444444444443,0.19999999999999996,0.027586206896551717,0.0,0.3999999999999999,0.0114941478169905,0.17333331232201876
MRPL15,0.24654588907708194,0.3374960115426799,-0.09095012246559794,down_in_CKD,-1.860625108244085,-5.445094932689682,6.058411731722161e-06,0.0013557771628166075,28.324847400777113,8.527168997375001e-06,0.48530279831758366,8.031378402762993e-19,0.0,0.0,0.7142857142857142,0.7083333333333333,0.875,0.20833333333333326,2.7694408285389632e-17,0.0,0.4166666666666665,0.022519419848739633,0.17117055063641456
DESI1,0.1160593816945635,0.16001605837107505,-0.043956676676511555,down_in_CKD,-1.6930252843002933,-4.988663682953243,2.3213339235939262e-05,0.00317957767332863,23.451828654109814,3.3696517962510126e-05,0.18587307949279658,0.00010796460176991199,0.0,0.0,0.7047619047619047,0.7083333333333333,0.8111111111111111,0.20833333333333326,0.0037229173024107584,0.0,0.4166666666666665,0.008625035607021728,0.16988084070903525
CRHBP,0.05458434243699321,0.169170236583582,-0.11458589414658878,down_in_CKD,-1.7403049857469872,-5.1799168239984015,1.5147395125695925e-05,0.0024826323875505015,24.77995726431127,2.2878822959711984e-05,0.5194919848639531,0.0011058545239503248,0.0,0.0,0.6904761904761905,0.6833333333333333,0.5777777777777778,0.18333333333333335,0.03813291461897672,0.0,0.3666666666666667,0.02410589462035374,0.16674101143832812
GLUL,0.35953119624679336,0.48699038925674937,-0.127459193009956,down_in_CKD,-1.6905946156972897,-4.894757383731708,2.9263694205948667e-05,0.003627947730404149,23.384537628747278,3.437334859534877e-05,0.5258486977738138,0.00010526315789473906,0.0,0.0,0.7,0.7,0.7166666666666666,0.19999999999999996,0.00362976406533583,0.0,0.3999999999999999,0.02440086404433258,0.16633207843500084
MT2A,1.4366806188049492,2.019253157381407,-0.5825725385764577,down_in_CKD,-1.6935222312610303,-4.688252841084635,8.911235408703847e-05,0.0072616555956881625,23.465598118161857,3.355978202394999e-05,2.1103012578697324,5.229734773892179e-19,0.0,0.0,0.7,0.6833333333333332,0.7333333333333333,0.18333333333333324,1.8033568185835103e-17,0.0,0.3666666666666665,0.09792393573257913,0.1662514538131824
CRK,0.15561578783456306,0.21379262212461883,-0.05817683429005577,down_in_CKD,-1.6944036569232253,-5.119500591291897,2.390970043405876e-05,0.0032261414399629984,23.490030703048355,3.3318612565014055e-05,0.24558163504576125,0.00010541642399534233,0.0,0.0,0.7,0.7,0.8055555555555556,0.19999999999999996,0.0036350491032876666,0.0,0.3999999999999999,0.011395681141563018,0.16373315586962764
CRABP1,0.04095992393267696,0.13814672445387838,-0.09718680052120142,down_in_CKD,-1.6064072922240966,-4.817127009337297,4.636207182568458e-05,0.004837998934039963,21.11354499690617,6.834305204178984e-05,0.3614736502028459,1.4444172593136172e-18,0.0,0.0,0.6952380952380952,0.7,0.8222222222222222,0.19999999999999996,4.9807491700469564e-17,0.0,0.3999999999999999,0.0167733978072951,0.16335467956145902
NDUFV3,0.40687825387478954,0.49397779406386166,-0.08709954018907212,down_in_CKD,-1.6055380188982131,-4.740438290404731,4.763025579381079e-05,0.004903328124275675,21.090700882862173,6.882847580712017e-05,0.3229654934241449,3.8003788150630365e-19,0.0,0.0,0.7047619047619047,0.7,0.6888888888888889,0.19999999999999996,1.3104754534700127e-17,0.0,0.3999999999999999,0.01498651062447451,0.16299730212489488
ZNF503-AS1,0.0035359070636540734,0.008559824137852072,-0.0050239170741979994,down_in_CKD,-1.7706581840943159,-5.275969316250291,1.1794083317019492e-05,0.002137167947221227,25.65188513100147,1.7838663053232617e-05,0.023752793782081314,0.0011265912305516274,0.0,0.0,0.6904761904761905,0.6833333333333333,0.8444444444444444,0.18333333333333335,0.0388479734672975,0.0,0.3666666666666667,0.0011021966854787878,0.16242629539068146
YRDC,0.056490702914402204,0.0915514599278465,-0.03506075701344429,down_in_CKD,-1.642453294048838,-4.823341434896107,3.6394324439058306e-05,0.004156690362114494,22.07170491653356,5.094195594770622e-05,0.13712597690566694,2.1229775899689102e-18,0.0,0.0,0.7,0.7,0.7638888888888888,0.19999999999999996,7.320612379203139e-17,0.0,0.3999999999999999,0.006363032434209237,0.16127260648684186
RBP1,0.06331043468112636,0.10939026665216683,-0.04607983197104047,down_in_CKD,-1.8175709409802903,-5.188996180130139,1.4038343390453263e-05,0.0023540597789424808,27.029161026785268,1.2140233843546786e-05,0.22011912549295032,3.8003788150630365e-19,0.0,0.0,0.7,0.6916666666666667,0.7861111111111111,0.19166666666666665,1.3104754534700127e-17,0.0,0.3833333333333333,0.01021414881780531,0.1553761630968944
EGFLAM,0.0060111211718928996,0.016543177642357774,-0.010532056470464873,down_in_CKD,-1.645118832151441,-4.900178501340605,3.335024331763733e-05,0.0039011716074381407,22.143403406448996,4.9845617538462405e-05,0.04173612140441072,3.569719339525987e-18,0.0,0.0,0.6952380952380952,0.6916666666666667,0.8583333333333332,0.19166666666666665,1.2309377032848233e-16,0.0,0.3833333333333333,0.0019366738539777343,0.15372066810412893
DNAJC19,0.443598237841154,0.6201611941925335,-0.17656295635137947,down_in_CKD,-1.7589010449987723,-5.109861521570545,1.5693287808172182e-05,0.002551814779319266,25.312359977163595,1.96440772542129e-05,0.8053205485349205,5.662137425588298e-19,0.0,0.0,0.680952380952381,0.675,0.8,0.17500000000000004,1.9524611812373442e-17,0.0,0.3500000000000001,0.03736914686695738,0.1474738293733915
GRAMD1B,0.018760213835719255,0.040530959120577165,-0.02177074528485791,down_in_CKD,-1.571310023619691,-4.582893636967066,7.079640155275547e-05,0.006338900027918013,20.20103337540857,9.091550473343455e-05,0.07519000586829461,0.0001265912305516278,0.0,0.0,0.6666666666666666,0.6749999999999999,0.7277777777777776,0.17499999999999993,0.004365214846607855,0.0,0.34999999999999987,0.003489028533211269,0.14244389164528534
FAM71E1,0.0235263845549555,0.04799133100301144,-0.024464946448055944,down_in_CKD,-1.7009441305933295,-5.217692338009015,2.859516001013974e-05,0.0035756275512679046,23.671725835090065,3.1582119061729765e-05,0.10181359239313105,1.2673141403398876e-18,0.0,0.0,0.6714285714285715,0.675,0.8027777777777778,0.17500000000000004,4.3700487597927164e-17,0.0,0.3500000000000001,0.004724438106184085,0.1409448876212369
C14orf132,0.020752770082449235,0.04311967691191673,-0.022366906829467497,down_in_CKD,-1.605144649151843,-4.809604631514643,4.673084818847456e-05,0.004859003247124183,21.080367365733764,6.904926485709841e-05,0.0830578623108708,1.5629540803628678e-18,0.0,0.0,0.6714285714285715,0.675,0.8222222222222222,0.17500000000000004,5.3894968288374756e-17,0.0,0.3500000000000001,0.003854119283056971,0.14077082385661147
COX7B,1.4941308750982285,1.7815509478681268,-0.28742007276989834,down_in_CKD,-1.6077438738036836,-4.618175203494603,6.664309506845424e-05,0.006079610653886344,21.148693885254065,6.760328406687093e-05,1.0240662680541992,0.00010630841121495426,0.0,0.0,0.6619047619047619,0.6583333333333333,0.7861111111111111,0.15833333333333333,0.003665807283274285,0.0,0.31666666666666665,0.04751956577046774,0.13763690273406995
S1PR3,0.009098816570273617,0.029142125673568844,-0.02004330910329523,down_in_CKD,-1.725246002248601,-5.335095446133388,2.8770653373347702e-05,0.00358213156378033,24.352967194975463,2.5883316566997845e-05,0.08457690261285337,4.186465988690693e-19,0.0,0.0,0.6619047619047619,0.6583333333333333,0.8666666666666668,0.15833333333333333,1.4436089616174804e-17,0.0,0.31666666666666665,0.003924607041310358,0.12745158807492876
FLT1,0.10109431902376674,0.2465935132563691,-0.14549919423260238,down_in_CKD,-1.6676235878237717,-4.947628977369013,2.781019071860715e-05,0.003554068866725962,22.753378069087326,4.147608585955979e-05,0.5942867103654669,0.0008920353982300915,0.0,0.0,0.6285714285714286,0.6333333333333333,0.7444444444444445,0.1333333333333333,0.030759841318279017,0.0,0.2666666666666666,0.02757658102867234,0.12448591939971272
PHC2,0.251483770939303,0.3283728883809635,-0.07688911744166049,down_in_CKD,-1.698534621643447,-4.7436992397551165,6.58779442714402e-05,0.006067044962903111,23.60470795299366,3.2211107956367865e-05,0.2895405775693011,7.600757630126062e-19,0.0,0.0,0.6333333333333333,0.6333333333333333,0.7416666666666667,0.1333333333333333,2.6209509069400216e-17,0.0,0.2666666666666666,0.013435500170478643,0.10935376670076238
ID2,0.23802415005024485,0.353775875033122,-0.11575172498287717,down_in_CKD,-1.6914311455526705,-4.889493367089748,2.9864516780977556e-05,0.0036710577619328763,23.407685346645973,3.4138900298654906e-05,0.47677996385990984,0.00023016771076351267,0.0,0.0,0.6285714285714286,0.6166666666666666,0.7166666666666668,0.11666666666666659,0.007936817612534921,0.0,0.23333333333333317,0.02212393626999451,0.10093284763234614
CTNNAL1,0.18402574240735003,0.30279961305920633,-0.1187738706518563,down_in_CKD,-1.7857219548058887,-5.106671732836268,1.737629502428687e-05,0.002710141498142807,26.090205544438078,1.5765398228679906e-05,0.5444549814048041,0.0,0.0,0.0,0.6095238095238095,0.6166666666666666,0.788888888888889,0.11666666666666659,0.0,0.0,0.23333333333333317,0.025264248130234358,0.09838618295938015
IRS2,0.06753232928680836,0.10211742353148853,-0.034585094244680176,down_in_CKD,-1.9229274187809913,-5.65871212802746,3.415250468096761e-06,0.001100849067549856,30.253498837361388,5.115530940639007e-06,0.19673878768320746,1.4802973661668745e-18,0.0,0.0,0.6,0.6,0.7666666666666668,0.09999999999999998,5.104473676437499e-17,0.0,0.19999999999999996,0.009129235140883938,0.08182584702817679
