subclass.l1,marker_set,gene,mean_expr_case,mean_expr_control,diff_mean_log_expr,cohen_d,t_stat,p_value,adj_p_value,pct_expr_case,pct_expr_control,pct_expr_diff,n_case_groups,n_control_groups,passes_expression_filter,direction,rank_score
CNT,top_overall,IER3,0.6438486685012265,2.495430426672967,-1.8515817581717404,-4.79921918673336,-13.506956162735777,4.123481846360477e-11,1.528987068630465e-06,0.3906716417910448,0.9204651162790698,-0.529793474488025,12,15,True,down_in_case,51.67824086884373
CNT,top_overall,JUND,1.217547769684977,2.354953853278683,-1.1374060835937059,-3.584878883282805,-9.52692049800687,8.491513177040253e-10,1.5743265430232628e-05,0.6283582089552239,0.9586046511627907,-0.3302464422075668,12,15,True,down_in_case,19.583668417357845
CNT,top_overall,ARG2,0.26698516939319156,1.2359727780791094,-0.9689876086859179,-3.524433223710925,-10.075204084579882,2.243556139526158e-08,0.00011884437379089993,0.208955223880597,0.7293023255813953,-0.5203471017007983,12,15,True,down_in_case,13.404466569462187
CNT,top_overall,NR4A1,0.08755714560843542,1.33252322008882,-1.2449660744803845,-3.141898416784021,-9.07634576118665,2.3142725408888043e-07,0.00042906612908078434,0.07873134328358208,0.7841860465116279,-0.7054547032280458,12,15,True,down_in_case,13.172073204159247
CNT,top_overall,DUSP6,0.3021181108391805,1.0997791424593362,-0.7976610316201557,-3.3890657212160797,-9.378756171417892,4.859636556524875e-09,4.5048830878985595e-05,0.24813432835820895,0.7306976744186047,-0.48256334606039575,12,15,True,down_in_case,11.749508852102228
CNT,top_overall,CREM,0.20726356588363262,0.8680802834747342,-0.6608167175911016,-3.805510110587449,-10.71417924095984,2.040674860490451e-09,2.5222741275661974e-05,0.15186567164179104,0.627906976744186,-0.476041305102395,12,15,True,down_in_case,11.563318480719975
CNT,top_overall,RASD1,0.33161718365040865,1.4341831169917079,-1.1025659333412992,-2.7781387693086965,-7.6367583676468085,1.1277330917637462e-07,0.00027877562028399803,0.22835820895522388,0.7255813953488373,-0.4972231863936134,12,15,True,down_in_case,10.88847309713248
CNT,top_overall,EIF1,1.931253597797139,2.735284658954617,-0.8040310611574781,-3.1858128622396187,-8.244353647278993,1.897482765836224e-08,0.00011726443492867864,0.8440298507462687,0.9758139534883721,-0.1317841027421034,12,15,True,down_in_case,10.068800987898745
CNT,top_overall,PDK4,0.1654575801912509,0.9384841108569687,-0.7730265306657178,-3.3179239410771046,-9.419699094960308,3.1580599282838765e-08,0.00013011206904529573,0.09925373134328358,0.6293023255813953,-0.5300485942381117,12,15,True,down_in_case,9.966166253325339
CNT,top_overall,AQP3,0.8159442983801203,1.721478336748,-0.9055340383678797,-2.8813128026992443,-8.01985795316164,9.224322516612166e-08,0.00024993245268305285,0.47388059701492535,0.7148837209302326,-0.2410031239153072,12,15,True,down_in_case,9.39853752428959
CNT,top_overall,FOS,0.8746568117919119,2.144065253119224,-1.2694084413273123,-2.468636497585858,-6.365267030460134,1.5142131192377817e-06,0.001390005470364268,0.4843283582089552,0.8320930232558139,-0.3477646650468587,12,15,True,down_in_case,8.952952044872053
CNT,top_overall,ZFP36L2,0.6555454196344855,1.5813723434979068,-0.9258269238634212,-2.822067911023254,-8.016496978251087,3.259502001782569e-07,0.000549374246482262,0.3880597014925373,0.8134883720930233,-0.42542867060048595,12,15,True,down_in_case,8.517897543985379
CNT,top_overall,IER2,0.8010628353085666,1.8569613013633233,-1.0558984660547566,-2.457474481088059,-6.561912055339617,7.272786304755001e-07,0.0009299135040700533,0.4552238805970149,0.8506976744186047,-0.39547379382158976,12,15,True,down_in_case,7.866417238233498
CNT,top_overall,EGR1,0.38052139711400484,1.3483090510030558,-0.9677876538890509,-2.5577050599850484,-7.073714955070232,4.836215109806662e-07,0.0006897186779678116,0.2753731343283582,0.7683720930232558,-0.4929989586948976,12,15,True,down_in_case,7.825283849514579
CNT,top_overall,BTG2,0.46465512469167297,1.438368881316427,-0.973713756624754,-2.613997124008534,-7.496435087824114,1.4628950337671104e-06,0.001390005470364268,0.3119402985074627,0.7758139534883721,-0.46387365498090943,12,15,True,down_in_case,7.271837107890982
CNT,top_overall,SGK1,0.2319091670926848,1.1083192322018796,-0.8764100651091947,-2.474699299108521,-6.869506116244431,8.700263722260094e-07,0.0010406638026496913,0.14813432835820894,0.6734883720930233,-0.5253540437348143,12,15,True,down_in_case,6.469010330944905
CNT,top_overall,SMIM5,0.586577251749245,1.291830925952404,-0.7052536742031589,-2.6541251479545522,-7.1046431567624655,1.9947497902705604e-07,0.0003929742310129467,0.4380597014925373,0.7967441860465116,-0.35868448455397434,12,15,True,down_in_case,6.3747766483015855
CNT,top_overall,CYSTM1,1.5276184366904537,2.197937149908105,-0.6703187132176514,-2.608881925434728,-6.890783665026575,3.2078083278769045e-07,0.000549374246482262,0.764179104477612,0.9465116279069767,-0.1823325234293648,12,15,True,down_in_case,5.701260863467519
CNT,top_overall,PTP4A1,0.2043115462730151,0.9414666182291747,-0.7371550719561596,-2.5567236796852537,-7.270163913621145,1.2909738740846841e-06,0.0013094895040358,0.14291044776119402,0.7088372093023256,-0.5659267615411316,12,15,True,down_in_case,5.433403089709908
CNT,top_overall,ATP1B3,0.752588589125082,1.4661977404220825,-0.7136091512970005,-2.5024489128427834,-7.016089678041299,9.9197990117165e-07,0.001081841609866023,0.46119402985074626,0.8330232558139535,-0.3718292259632073,12,15,True,down_in_case,5.296302842235858
CNT,top_overall,MAP1LC3A,0.4167745916315022,0.8327973032133869,-0.41602271158188464,-3.168533290655479,-8.740746166081212,1.3672661016216403e-08,0.00010139645409626085,0.29440298507462687,0.6762790697674419,-0.38187608469281503,12,15,True,down_in_case,5.2647881424462115
CNT,top_overall,GDF15,0.5236511498726286,1.4870137092958595,-0.9633625594232309,-2.1185356086917975,-5.7932928902985275,6.619327675059143e-06,0.003895947145891953,0.29402985074626864,0.7102325581395349,-0.41620270739326626,12,15,True,down_in_case,4.9173609079753415
CNT,top_overall,PNP,0.4127239906479295,0.9046199491561695,-0.49189595850824,-2.787639181637192,-7.751504445743609,1.49499823358512e-07,0.0003260854970666838,0.27611940298507465,0.6334883720930232,-0.3573689691079486,12,15,True,down_in_case,4.781019055717168
CNT,top_overall,BTG3,0.3201150143158186,0.7666410638912621,-0.44652604957544345,-2.8955536029648647,-7.585842816696595,6.568703413054636e-08,0.00022142502050551444,0.24402985074626865,0.6446511627906977,-0.400621312044429,12,15,True,down_in_case,4.725403006930806
CNT,top_overall,CDK2AP2,0.39400102763205486,1.152128284659071,-0.7581272570270161,-2.3056191150486103,-6.506652345389057,3.7427404258275145e-06,0.0026185059432015895,0.26343283582089555,0.661860465116279,-0.3984276292953835,12,15,True,down_in_case,4.513120232371805
CNT,top_overall,SLC3A2,0.35160084160531224,0.8317093085432433,-0.4801084669379311,-2.720179241813521,-7.544435245337429,2.013622003572273e-07,0.0003929742310129467,0.26156716417910447,0.6488372093023256,-0.3872700451232211,12,15,True,down_in_case,4.4476961053355195
CNT,top_overall,JUN,0.6558299875769227,1.6225410939733416,-0.9667111063964189,-2.023622767884875,-5.521473122991242,1.2346337222299056e-05,0.005613824648095062,0.4126865671641791,0.7553488372093023,-0.34266227004512323,12,15,True,down_in_case,4.403031755707598
CNT,top_overall,JUNB,0.716917401110465,1.5980682600445215,-0.8811508589340565,-2.1501377406168785,-5.5674689591782816,1.0013631667074592e-05,0.005060470516670047,0.4414179104477612,0.7804651162790698,-0.3390472058313086,12,15,True,down_in_case,4.349630089901574
CNT,top_overall,SMIM6,0.18972221539954173,0.6076227576383915,-0.41790054223884976,-2.8829568717639336,-8.010281156212622,8.547090369110549e-08,0.00024993245268305285,0.18208955223880596,0.5004651162790698,-0.3183755640402638,12,15,True,down_in_case,4.339864510376585
CNT,top_overall,ADM,0.3446486044804986,0.9290104903997332,-0.5843618859192345,-2.4399067292106094,-6.551653308106195,7.814046474230064e-07,0.0009658161442148359,0.27425373134328357,0.566046511627907,-0.2917927802846234,12,15,True,down_in_case,4.298902797537136
CNT,top_overall,AQP2,1.3295403677637878,2.2496290277270106,-0.9200886599632228,-2.080617363524116,-5.4198691693591785,1.3646211340049903e-05,0.005816109384931614,0.5746268656716418,0.7302325581395349,-0.15560569246789313,12,15,True,down_in_case,4.2792811061958185
CNT,top_overall,TNFRSF12A,0.5366392492061411,1.6927732961426556,-1.1561340469365144,-1.8521758014941414,-5.091053114118385,4.01621299929702e-05,0.012184139612966105,0.24925373134328357,0.7855813953488372,-0.5363276640055537,12,15,True,down_in_case,4.099009013450287
CNT,top_overall,HES4,0.24621396237815008,0.8979753930735549,-0.6517614306954048,-2.305845200633614,-6.440089896329443,2.7833894701844927e-06,0.0019866864448147615,0.12835820895522387,0.5897674418604651,-0.4614092329052413,12,15,True,down_in_case,4.060535969742232
CNT,top_overall,CSRP1,0.3737647319071506,0.9125060548861725,-0.5387413229790219,-2.4412454532171313,-6.739783606518962,9.440341061326545e-07,0.001066287526063003,0.23582089552238805,0.6846511627906977,-0.44883026726830966,12,15,True,down_in_case,3.9089391039325805
CNT,top_overall,SLC45A4,0.06859554396733232,0.38652898271679353,-0.31793343874946123,-3.1951028456979,-9.042745320229358,4.4601222308185455e-08,0.00016538133231875168,0.05373134328358209,0.4037209302325581,-0.34998958694897603,12,15,True,down_in_case,3.841375004560559
CNT,top_overall,ACTG1,2.0026934120040205,2.9783759841744923,-0.9756825721704718,-1.9237381379351912,-5.1061363875569015,2.8337823452404564e-05,0.009912891449199634,0.8208955223880597,0.9702325581395349,-0.14933703575147517,12,15,True,down_in_case,3.761047330919895
CNT,top_overall,SERTAD1,0.15656275938908557,0.8992715453483525,-0.7427087859592669,-2.228077758471174,-6.43149726253242,1.2778311638681808e-05,0.005637696704935026,0.11529850746268656,0.6111627906976744,-0.4958642832349879,12,15,True,down_in_case,3.721505964943269
CNT,top_overall,CYCS,1.0268174416448566,1.7217915241575699,-0.6949740825127133,-2.1699026196553004,-5.668023833060426,7.118419291192251e-06,0.004124234176834511,0.5891791044776119,0.8846511627906977,-0.29547205831308576,12,15,True,down_in_case,3.5961244753721555
CNT,top_overall,DUSP1,0.44965326867939126,1.1989255768700922,-0.7492723081907009,-1.933348166373255,-5.285751483876061,2.2797751972861548e-05,0.008369709338155507,0.3246268656716418,0.626046511627907,-0.30141964595626525,12,15,True,down_in_case,3.009170563370258
CNT,top_overall,IDI1,0.18351220037661833,0.7448219230817842,-0.5613097227051659,-2.268210790421836,-6.504155127870567,8.058394792448598e-06,0.004527352710666576,0.13843283582089552,0.5786046511627907,-0.4401718153418952,12,15,True,down_in_case,2.98450579033262
CNT,up_in_CKD,SPP1,1.695472269745273,0.5596861759646775,1.1357860937805957,1.9171746098851898,4.519326114073965,0.0005607366189408104,0.047797962828333915,0.5638059701492537,0.33348837209302323,0.23031759805623048,12,15,True,up_in_case,2.875586404447626
CNT,up_in_CKD,TXNIP,1.9111729968298379,1.36480624937228,0.546366747457558,1.64602239464601,4.421248280431237,0.00017183640804995532,0.024067351419530945,0.823134328358209,0.7869767441860465,0.03615758417216253,12,15,True,up_in_case,1.4556331660624269
CNT,up_in_CKD,KCNJ15,0.7722526083353118,0.3734716616077751,0.3987809467275367,2.0501753678614674,5.060954202021303,7.702666533761445e-05,0.017000885420944904,0.48022388059701493,0.3758139534883721,0.10440992710864283,12,15,True,up_in_case,1.4467149295519754
CNT,up_in_CKD,EMX2,1.251432103644275,0.8207683884104727,0.4306637152338023,1.771219074711969,4.711631815209251,7.885441045860606e-05,0.017095695685281256,0.6283582089552239,0.6637209302325582,-0.03536272127733431,12,15,True,up_in_case,1.3479535893371672
CNT,up_in_CKD,TBL1XR1,0.5273189983306709,0.22561580222203279,0.30170319610863805,2.3919681527522862,5.6472413741020535,7.32076678668984e-05,0.016588687122570923,0.30671641791044774,0.2762790697674419,0.03043734814300586,12,15,True,up_in_case,1.2846983586184615
CNT,up_in_CKD,RIN2,0.3274629287112071,0.14110130773851814,0.18636162097268894,2.4969724426319875,6.347212229855491,2.1575911940527413e-06,0.0017392061190320794,0.2507462686567164,0.16511627906976745,0.08562998958694895,12,15,True,up_in_case,1.2841745763912358
CNT,up_in_CKD,SLC38A2,0.7933583066710125,0.3865380351622511,0.4068202715087614,1.8789968961643548,4.620644080391632,0.00021668269462818822,0.028191559006362173,0.4533582089552239,0.4018604651162791,0.05149774383894479,12,15,True,up_in_case,1.1847507060353206
CNT,up_in_CKD,ARID1B,0.48015275918878003,0.2411709068080276,0.23898185238075242,2.1786067093300474,5.3474552405281495,4.7308212211382874e-05,0.012769523658865235,0.30671641791044774,0.2772093023255814,0.02950711558486635,12,15,True,up_in_case,0.9860153469085338
CNT,up_in_CKD,STAT1,0.517801404386234,0.1805016864511236,0.3372997179351104,2.114395453443576,4.8873070078582055,0.0004280652774897111,0.042102547717025166,0.2548507462686567,0.20651162790697675,0.04833911836167998,12,15,True,up_in_case,0.9811226166480471
CNT,up_in_CKD,PAX2,0.5756295626907205,0.2819470352057431,0.2936825274849774,2.0557635276086517,4.947454040568996,0.0001662509390948248,0.023893739618744587,0.3335820895522388,0.3283720930232558,0.005209996528982963,12,15,True,up_in_case,0.9790977069937393
CNT,up_in_CKD,TMEM106B,0.5451408852639529,0.2612918004765898,0.2838490847873631,2.0921808619177407,4.9931981101322265,0.00018202234601168849,0.02481392864012283,0.33805970149253733,0.3353488372093023,0.002710864283235026,12,15,True,up_in_case,0.9533319289791516
CNT,up_in_CKD,ZBTB44,0.5386047699327209,0.24767603662017112,0.29092873331254976,2.001318417076209,4.861663251083901,0.0001629809457006161,0.023759452975249572,0.31007462686567167,0.32232558139534884,-0.012250954529677172,12,15,True,up_in_case,0.9456546688448082
CNT,up_in_CKD,TNRC6B,0.5484461169345985,0.33174292965165914,0.2167031872829394,2.1923880279418615,5.368339191690021,4.7976293651228526e-05,0.012769523658865235,0.3287313432835821,0.34325581395348836,-0.014524470669906253,12,15,True,up_in_case,0.8997516165026481
CNT,up_in_CKD,CANX,1.2941299728661246,0.9535362053758357,0.3405937674902889,1.6595134766875208,4.325865442843991,0.000222779219478437,0.02848501192503601,0.6593283582089552,0.7465116279069768,-0.08718326969802159,12,15,True,up_in_case,0.873481633666681
CNT,up_in_CKD,CDH1,0.8237503728773808,0.5647704584220786,0.2589799144553022,1.9021559817937645,4.784542289986191,0.00010282961678295358,0.018435097761506702,0.44738805970149254,0.5497674418604651,-0.10237938215897258,12,15,True,up_in_case,0.854378076379362
CNT,up_in_CKD,SLC35F5,0.4977539194712966,0.2609318216789698,0.23682209779232682,2.1621632000138336,5.14427469732785,0.00014715620270849407,0.022547735522441985,0.30522388059701494,0.31116279069767444,-0.0059389101006595,12,15,True,up_in_case,0.8432903906892881
CNT,up_in_CKD,SPTBN1,0.778078666406481,0.5275631245082396,0.25051554189824143,1.9453790183345008,4.826795442942272,0.00011731478933791126,0.019878549809542973,0.4619402985074627,0.533953488372093,-0.07201318986463029,12,15,True,up_in_case,0.8292782677748861
CNT,up_in_CKD,BICC1,0.8278495283953382,0.5242578013866044,0.3035917270087338,1.6853953972159446,4.422715944799471,0.00016909345804964538,0.024067351419530945,0.466044776119403,0.5525581395348838,-0.08651336341548077,12,15,True,up_in_case,0.8281779799848038
CNT,up_in_CKD,LNPEP,0.38861079126643955,0.20546044093541818,0.18315035033102137,2.2355167088530923,5.464877799235753,4.0958397410707874e-05,0.012184139612966105,0.2503731343283582,0.25813953488372093,-0.007766400555362707,12,15,True,up_in_case,0.7837438581794773
CNT,up_in_CKD,PAM,0.398927195861771,0.19621645327922757,0.20271074258254343,2.1440648180854924,5.212889175407454,7.805376542034594e-05,0.017060084416384704,0.24888059701492538,0.24976744186046512,-0.0008868448455397471,12,15,True,up_in_case,0.768425130934604
CNT,up_in_CKD,C12orf75,0.8860348951182843,0.42601821876530893,0.46001667635297533,1.6447563614007794,3.874013097002318,0.0018997233159737884,0.10298500081331591,0.47238805970149256,0.37488372093023253,0.09750433877126002,12,15,True,up_in_case,0.7469503678237742
CNT,up_in_CKD,CD74,1.1025251079594065,0.5127778065366065,0.5897473014228,1.5167320251930492,3.536483774072191,0.004015644981795038,0.15478182528582124,0.5220149253731343,0.4241860465116279,0.09782887886150643,12,15,True,up_in_case,0.7247862704258347
CNT,up_in_CKD,ZDHHC2,0.49984157871134677,0.29667576415740465,0.20316581455394211,1.9267295242015525,4.90365115525817,6.496886120252969e-05,0.01540808751101858,0.3175373134328358,0.35348837209302325,-0.03595105866018744,12,15,True,up_in_case,0.7093977346854374
CNT,up_in_CKD,IRF2BPL,0.42399176634205155,0.22927043580809234,0.1947213305339592,2.0322522939047425,5.012874859244074,8.688501818023034e-05,0.0174285476861509,0.2791044776119403,0.26325581395348835,0.015848663658451945,12,15,True,up_in_case,0.6959731670415981
CNT,up_in_CKD,LPP,0.5473640121645437,0.3267062621694997,0.22065774999504395,1.9491477221568227,4.740609672293878,0.0002045753461207064,0.027188723419913238,0.32611940298507464,0.37069767441860463,-0.04457827143352999,12,15,True,up_in_case,0.6733608385203194
CNT,up_in_CKD,YPEL2,0.16175899157821272,0.052167699694667204,0.10959129188354552,2.303394625231433,5.947395151788819,4.068362857364877e-06,0.0027936091620572156,0.12164179104477611,0.059534883720930236,0.06210690732384588,12,15,True,up_in_case,0.6446694949063945
CNT,up_in_CKD,KCNJ16,1.2911877245787065,0.9699130511440125,0.32127467343469396,1.5087526852848103,3.930089657230397,0.000613585660607442,0.05067206301853886,0.6578358208955224,0.7730232558139535,-0.11518743491843109,12,15,True,up_in_case,0.6278297858626106
CNT,up_in_CKD,PTPRA,0.4138437757025471,0.23441520766197796,0.17942856804056914,1.9563429616551582,4.908215513696138,8.019560742989047e-05,0.017185173923173806,0.25783582089552237,0.29209302325581393,-0.03425720236029156,12,15,True,up_in_case,0.619503001879815
CNT,up_in_CKD,HOXB3,0.3959557854637253,0.1799806943594652,0.21597509110426008,1.996854574109906,4.704157876100376,0.0004047467505852576,0.04064419626561463,0.2167910447761194,0.21627906976744185,0.0005119750086775565,12,15,True,up_in_case,0.5998983800746498
CNT,up_in_CKD,PKHD1,0.5863888991223252,0.33013515032102025,0.2562537488013049,1.7917812321617488,4.308066442382396,0.0006064199164679926,0.050417153593347905,0.31455223880597016,0.3627906976744186,-0.048238458868448464,12,15,True,up_in_case,0.5957120163935834
CNT,up_in_CKD,ITGB8,0.405338624376189,0.18721249966294795,0.21812612471324105,1.9270514223131272,4.592616544911986,0.0004015730074193327,0.04064419626561463,0.23171641791044775,0.20651162790697675,0.025204790003471006,12,15,True,up_in_case,0.5846939138513223
CNT,up_in_CKD,CCNG2,0.35597966700870937,0.12311811441458635,0.232861552594123,1.8367586720730946,4.412952747112481,0.0004967023353629716,0.045311173488102895,0.24813432835820895,0.15674418604651164,0.09139014231169731,12,15,True,up_in_case,0.5747550667231649
CNT,up_in_CKD,SYPL1,0.8231426629648019,0.6228062110526625,0.20033645191213934,1.7038662822376833,4.5059918661952185,0.00013421927755548203,0.02160356275863156,0.49216417910447763,0.6097674418604652,-0.11760326275598754,12,15,True,up_in_case,0.5685039752567627
CNT,up_in_CKD,ZNF503,0.5399796725361417,0.29977655664373715,0.2402031158924045,1.6826190378476553,4.234005029521248,0.0003778074480746299,0.039684971322211125,0.37350746268656715,0.3176744186046512,0.05583304408191597,12,15,True,up_in_case,0.5663937714753059
CNT,up_in_CKD,VPS13C,0.5489725589208652,0.2610474619539506,0.28792509696691454,1.7783846910731995,4.157749811774232,0.0012404821287920827,0.08013428107249203,0.27350746268656717,0.3,-0.026492537313432818,12,15,True,up_in_case,0.5612905916627634
CNT,up_in_CKD,SORBS2,0.2906206483405768,0.13532183730379016,0.15529881103678667,1.9859546858882018,4.936134168245854,8.883483043911866e-05,0.0174285476861509,0.19365671641791044,0.1511627906976744,0.042493925720236025,12,15,True,up_in_case,0.5424238921572684
CNT,up_in_CKD,PTEN,0.366774347830128,0.1835575946997511,0.1832167531303769,1.9238318714264906,4.677064743871926,0.00023536932320108772,0.029385962463579385,0.22873134328358208,0.24372093023255814,-0.014989586948976064,12,15,True,up_in_case,0.5399473283254229
CNT,up_in_CKD,CREBRF,0.34676333252916997,0.15503474510596538,0.1917285874232046,1.8204955486148897,4.525877270153518,0.0002245217194644816,0.028609159304958685,0.23880597014925373,0.17302325581395347,0.06578271433530025,12,15,True,up_in_case,0.5387430664356313
CNT,up_in_CKD,KLHL24,0.2884643024510511,0.12973471372812734,0.15872958872292375,1.9690962077745002,4.868295020381479,0.00011413581788823556,0.019713064678646593,0.18507462686567164,0.16465116279069766,0.020423464074973974,12,15,True,up_in_case,0.532981124571928
CNT,up_in_CKD,IL6ST,0.5313547316978232,0.33311745869344966,0.19823727300437355,1.8644641781100912,4.500431118891085,0.00038467547166407104,0.03986282713994919,0.3283582089552239,0.35348837209302325,-0.025130163137799366,12,15,True,up_in_case,0.5172388400037939
CNT,down_in_CKD,IER3,0.6438486685012265,2.495430426672967,-1.8515817581717404,-4.79921918673336,-13.506956162735777,4.123481846360477e-11,1.528987068630465e-06,0.3906716417910448,0.9204651162790698,-0.529793474488025,12,15,True,down_in_case,51.67824086884373
CNT,down_in_CKD,JUND,1.217547769684977,2.354953853278683,-1.1374060835937059,-3.584878883282805,-9.52692049800687,8.491513177040253e-10,1.5743265430232628e-05,0.6283582089552239,0.9586046511627907,-0.3302464422075668,12,15,True,down_in_case,19.583668417357845
CNT,down_in_CKD,ARG2,0.26698516939319156,1.2359727780791094,-0.9689876086859179,-3.524433223710925,-10.075204084579882,2.243556139526158e-08,0.00011884437379089993,0.208955223880597,0.7293023255813953,-0.5203471017007983,12,15,True,down_in_case,13.404466569462187
CNT,down_in_CKD,NR4A1,0.08755714560843542,1.33252322008882,-1.2449660744803845,-3.141898416784021,-9.07634576118665,2.3142725408888043e-07,0.00042906612908078434,0.07873134328358208,0.7841860465116279,-0.7054547032280458,12,15,True,down_in_case,13.172073204159247
CNT,down_in_CKD,DUSP6,0.3021181108391805,1.0997791424593362,-0.7976610316201557,-3.3890657212160797,-9.378756171417892,4.859636556524875e-09,4.5048830878985595e-05,0.24813432835820895,0.7306976744186047,-0.48256334606039575,12,15,True,down_in_case,11.749508852102228
CNT,down_in_CKD,CREM,0.20726356588363262,0.8680802834747342,-0.6608167175911016,-3.805510110587449,-10.71417924095984,2.040674860490451e-09,2.5222741275661974e-05,0.15186567164179104,0.627906976744186,-0.476041305102395,12,15,True,down_in_case,11.563318480719975
CNT,down_in_CKD,RASD1,0.33161718365040865,1.4341831169917079,-1.1025659333412992,-2.7781387693086965,-7.6367583676468085,1.1277330917637462e-07,0.00027877562028399803,0.22835820895522388,0.7255813953488373,-0.4972231863936134,12,15,True,down_in_case,10.88847309713248
CNT,down_in_CKD,EIF1,1.931253597797139,2.735284658954617,-0.8040310611574781,-3.1858128622396187,-8.244353647278993,1.897482765836224e-08,0.00011726443492867864,0.8440298507462687,0.9758139534883721,-0.1317841027421034,12,15,True,down_in_case,10.068800987898745
CNT,down_in_CKD,PDK4,0.1654575801912509,0.9384841108569687,-0.7730265306657178,-3.3179239410771046,-9.419699094960308,3.1580599282838765e-08,0.00013011206904529573,0.09925373134328358,0.6293023255813953,-0.5300485942381117,12,15,True,down_in_case,9.966166253325339
CNT,down_in_CKD,AQP3,0.8159442983801203,1.721478336748,-0.9055340383678797,-2.8813128026992443,-8.01985795316164,9.224322516612166e-08,0.00024993245268305285,0.47388059701492535,0.7148837209302326,-0.2410031239153072,12,15,True,down_in_case,9.39853752428959
CNT,down_in_CKD,FOS,0.8746568117919119,2.144065253119224,-1.2694084413273123,-2.468636497585858,-6.365267030460134,1.5142131192377817e-06,0.001390005470364268,0.4843283582089552,0.8320930232558139,-0.3477646650468587,12,15,True,down_in_case,8.952952044872053
CNT,down_in_CKD,ZFP36L2,0.6555454196344855,1.5813723434979068,-0.9258269238634212,-2.822067911023254,-8.016496978251087,3.259502001782569e-07,0.000549374246482262,0.3880597014925373,0.8134883720930233,-0.42542867060048595,12,15,True,down_in_case,8.517897543985379
CNT,down_in_CKD,IER2,0.8010628353085666,1.8569613013633233,-1.0558984660547566,-2.457474481088059,-6.561912055339617,7.272786304755001e-07,0.0009299135040700533,0.4552238805970149,0.8506976744186047,-0.39547379382158976,12,15,True,down_in_case,7.866417238233498
CNT,down_in_CKD,EGR1,0.38052139711400484,1.3483090510030558,-0.9677876538890509,-2.5577050599850484,-7.073714955070232,4.836215109806662e-07,0.0006897186779678116,0.2753731343283582,0.7683720930232558,-0.4929989586948976,12,15,True,down_in_case,7.825283849514579
CNT,down_in_CKD,BTG2,0.46465512469167297,1.438368881316427,-0.973713756624754,-2.613997124008534,-7.496435087824114,1.4628950337671104e-06,0.001390005470364268,0.3119402985074627,0.7758139534883721,-0.46387365498090943,12,15,True,down_in_case,7.271837107890982
CNT,down_in_CKD,SGK1,0.2319091670926848,1.1083192322018796,-0.8764100651091947,-2.474699299108521,-6.869506116244431,8.700263722260094e-07,0.0010406638026496913,0.14813432835820894,0.6734883720930233,-0.5253540437348143,12,15,True,down_in_case,6.469010330944905
CNT,down_in_CKD,SMIM5,0.586577251749245,1.291830925952404,-0.7052536742031589,-2.6541251479545522,-7.1046431567624655,1.9947497902705604e-07,0.0003929742310129467,0.4380597014925373,0.7967441860465116,-0.35868448455397434,12,15,True,down_in_case,6.3747766483015855
CNT,down_in_CKD,CYSTM1,1.5276184366904537,2.197937149908105,-0.6703187132176514,-2.608881925434728,-6.890783665026575,3.2078083278769045e-07,0.000549374246482262,0.764179104477612,0.9465116279069767,-0.1823325234293648,12,15,True,down_in_case,5.701260863467519
CNT,down_in_CKD,PTP4A1,0.2043115462730151,0.9414666182291747,-0.7371550719561596,-2.5567236796852537,-7.270163913621145,1.2909738740846841e-06,0.0013094895040358,0.14291044776119402,0.7088372093023256,-0.5659267615411316,12,15,True,down_in_case,5.433403089709908
CNT,down_in_CKD,ATP1B3,0.752588589125082,1.4661977404220825,-0.7136091512970005,-2.5024489128427834,-7.016089678041299,9.9197990117165e-07,0.001081841609866023,0.46119402985074626,0.8330232558139535,-0.3718292259632073,12,15,True,down_in_case,5.296302842235858
CNT,down_in_CKD,MAP1LC3A,0.4167745916315022,0.8327973032133869,-0.41602271158188464,-3.168533290655479,-8.740746166081212,1.3672661016216403e-08,0.00010139645409626085,0.29440298507462687,0.6762790697674419,-0.38187608469281503,12,15,True,down_in_case,5.2647881424462115
CNT,down_in_CKD,GDF15,0.5236511498726286,1.4870137092958595,-0.9633625594232309,-2.1185356086917975,-5.7932928902985275,6.619327675059143e-06,0.003895947145891953,0.29402985074626864,0.7102325581395349,-0.41620270739326626,12,15,True,down_in_case,4.9173609079753415
CNT,down_in_CKD,PNP,0.4127239906479295,0.9046199491561695,-0.49189595850824,-2.787639181637192,-7.751504445743609,1.49499823358512e-07,0.0003260854970666838,0.27611940298507465,0.6334883720930232,-0.3573689691079486,12,15,True,down_in_case,4.781019055717168
CNT,down_in_CKD,BTG3,0.3201150143158186,0.7666410638912621,-0.44652604957544345,-2.8955536029648647,-7.585842816696595,6.568703413054636e-08,0.00022142502050551444,0.24402985074626865,0.6446511627906977,-0.400621312044429,12,15,True,down_in_case,4.725403006930806
CNT,down_in_CKD,CDK2AP2,0.39400102763205486,1.152128284659071,-0.7581272570270161,-2.3056191150486103,-6.506652345389057,3.7427404258275145e-06,0.0026185059432015895,0.26343283582089555,0.661860465116279,-0.3984276292953835,12,15,True,down_in_case,4.513120232371805
CNT,down_in_CKD,SLC3A2,0.35160084160531224,0.8317093085432433,-0.4801084669379311,-2.720179241813521,-7.544435245337429,2.013622003572273e-07,0.0003929742310129467,0.26156716417910447,0.6488372093023256,-0.3872700451232211,12,15,True,down_in_case,4.4476961053355195
CNT,down_in_CKD,JUN,0.6558299875769227,1.6225410939733416,-0.9667111063964189,-2.023622767884875,-5.521473122991242,1.2346337222299056e-05,0.005613824648095062,0.4126865671641791,0.7553488372093023,-0.34266227004512323,12,15,True,down_in_case,4.403031755707598
CNT,down_in_CKD,JUNB,0.716917401110465,1.5980682600445215,-0.8811508589340565,-2.1501377406168785,-5.5674689591782816,1.0013631667074592e-05,0.005060470516670047,0.4414179104477612,0.7804651162790698,-0.3390472058313086,12,15,True,down_in_case,4.349630089901574
CNT,down_in_CKD,SMIM6,0.18972221539954173,0.6076227576383915,-0.41790054223884976,-2.8829568717639336,-8.010281156212622,8.547090369110549e-08,0.00024993245268305285,0.18208955223880596,0.5004651162790698,-0.3183755640402638,12,15,True,down_in_case,4.339864510376585
CNT,down_in_CKD,ADM,0.3446486044804986,0.9290104903997332,-0.5843618859192345,-2.4399067292106094,-6.551653308106195,7.814046474230064e-07,0.0009658161442148359,0.27425373134328357,0.566046511627907,-0.2917927802846234,12,15,True,down_in_case,4.298902797537136
CNT,down_in_CKD,AQP2,1.3295403677637878,2.2496290277270106,-0.9200886599632228,-2.080617363524116,-5.4198691693591785,1.3646211340049903e-05,0.005816109384931614,0.5746268656716418,0.7302325581395349,-0.15560569246789313,12,15,True,down_in_case,4.2792811061958185
CNT,down_in_CKD,TNFRSF12A,0.5366392492061411,1.6927732961426556,-1.1561340469365144,-1.8521758014941414,-5.091053114118385,4.01621299929702e-05,0.012184139612966105,0.24925373134328357,0.7855813953488372,-0.5363276640055537,12,15,True,down_in_case,4.099009013450287
CNT,down_in_CKD,HES4,0.24621396237815008,0.8979753930735549,-0.6517614306954048,-2.305845200633614,-6.440089896329443,2.7833894701844927e-06,0.0019866864448147615,0.12835820895522387,0.5897674418604651,-0.4614092329052413,12,15,True,down_in_case,4.060535969742232
CNT,down_in_CKD,CSRP1,0.3737647319071506,0.9125060548861725,-0.5387413229790219,-2.4412454532171313,-6.739783606518962,9.440341061326545e-07,0.001066287526063003,0.23582089552238805,0.6846511627906977,-0.44883026726830966,12,15,True,down_in_case,3.9089391039325805
CNT,down_in_CKD,SLC45A4,0.06859554396733232,0.38652898271679353,-0.31793343874946123,-3.1951028456979,-9.042745320229358,4.4601222308185455e-08,0.00016538133231875168,0.05373134328358209,0.4037209302325581,-0.34998958694897603,12,15,True,down_in_case,3.841375004560559
CNT,down_in_CKD,ACTG1,2.0026934120040205,2.9783759841744923,-0.9756825721704718,-1.9237381379351912,-5.1061363875569015,2.8337823452404564e-05,0.009912891449199634,0.8208955223880597,0.9702325581395349,-0.14933703575147517,12,15,True,down_in_case,3.761047330919895
CNT,down_in_CKD,SERTAD1,0.15656275938908557,0.8992715453483525,-0.7427087859592669,-2.228077758471174,-6.43149726253242,1.2778311638681808e-05,0.005637696704935026,0.11529850746268656,0.6111627906976744,-0.4958642832349879,12,15,True,down_in_case,3.721505964943269
CNT,down_in_CKD,CYCS,1.0268174416448566,1.7217915241575699,-0.6949740825127133,-2.1699026196553004,-5.668023833060426,7.118419291192251e-06,0.004124234176834511,0.5891791044776119,0.8846511627906977,-0.29547205831308576,12,15,True,down_in_case,3.5961244753721555
CNT,down_in_CKD,DUSP1,0.44965326867939126,1.1989255768700922,-0.7492723081907009,-1.933348166373255,-5.285751483876061,2.2797751972861548e-05,0.008369709338155507,0.3246268656716418,0.626046511627907,-0.30141964595626525,12,15,True,down_in_case,3.009170563370258
CNT,down_in_CKD,IDI1,0.18351220037661833,0.7448219230817842,-0.5613097227051659,-2.268210790421836,-6.504155127870567,8.058394792448598e-06,0.004527352710666576,0.13843283582089552,0.5786046511627907,-0.4401718153418952,12,15,True,down_in_case,2.98450579033262
DCT,top_overall,CYSTM1,1.52253893643732,2.098194602671011,-0.5756556662336911,-3.110187105762649,-7.499763425981997,3.577195840507005e-07,0.004421414058866658,0.7303075768942235,0.9301929625425652,-0.19988538564834168,9,13,True,down_in_case,4.215379786840927
DCT,top_overall,NR4A1,0.05846856034199523,1.084458483281889,-1.0259899229398939,-2.2471854024895768,-6.26933442014241,3.988357980015184e-05,0.020773279229673685,0.05138784696174044,0.623155505107832,-0.5717676581460915,9,13,True,down_in_case,3.879142801276511
DCT,top_overall,COX7C,2.3565736992033006,2.9404583287266557,-0.5838846295233551,-3.197668448722188,-7.013158009349011,5.5914357142140665e-06,0.010912128225424082,0.8780945236309077,0.9790011350737798,-0.10090661144287216,9,13,True,down_in_case,3.663359318971041
DCT,top_overall,CEBPD,0.29596619457067397,0.8880115754018312,-0.5920453808311572,-2.642608115580361,-6.951140060570315,2.07139051363193e-06,0.00813290738685832,0.21530382595648911,0.6259931895573212,-0.4106893636008321,9,13,True,down_in_case,3.269512203032767
DCT,top_overall,PRR15,0.13557284682837967,0.29104445253653255,-0.15547160570815288,-4.376762766708098,-10.862598804248583,7.765177697437184e-10,2.8793278902097076e-05,0.10877719429857464,0.322360953461975,-0.2135837591634004,9,13,True,down_in_case,3.0897813649737453
DCT,top_overall,NDUFB1,1.5388811092445942,2.0736822683247054,-0.5348011590801112,-2.752108412787136,-6.126281200639683,1.857890808436178e-05,0.01565695254018488,0.7228057014253564,0.9370034052213394,-0.21419770379598302,9,13,True,down_in_case,2.6570854385186284
DCT,top_overall,UQCRH,1.5945587797008878,2.1492620819733306,-0.5547033022724428,-2.6975201045346413,-5.981691896687073,2.581595755746617e-05,0.016996837443287307,0.7190547636909227,0.9284903518728718,-0.20943558818194907,9,13,True,down_in_case,2.647941430745723
DCT,top_overall,BTG2,0.17069480883279742,0.9480395791224291,-0.7773447702896317,-2.096442704823192,-5.810573620577223,6.682231197152837e-05,0.025544034308291465,0.11477869467366841,0.594211123723042,-0.47943242904937355,9,13,True,down_in_case,2.5955746570616305
DCT,top_overall,CRABP1,0.44568110900840924,0.8660038611537698,-0.4203227521453606,-2.665900827107243,-6.546057271396998,2.247664621054982e-06,0.00813290738685832,0.30120030007501875,0.6384790011350738,-0.3372787010600551,9,13,True,down_in_case,2.3416505762452475
DCT,top_overall,DUSP1,0.36689274237574865,0.9379161513446375,-0.5710234089688888,-2.2103461369476167,-5.560554760200163,1.9934930842177924e-05,0.015727387992084202,0.2528132033008252,0.6401816118047673,-0.3873684085039421,9,13,True,down_in_case,2.2761067975824036
DCT,top_overall,CKB,1.3040509943372123,1.8016923839366432,-0.49764138959943094,-2.436031206599982,-5.80804874783782,1.3135245797881569e-05,0.013915854691012816,0.6676669167291823,0.8989784335981839,-0.23131151686900153,9,13,True,down_in_case,2.2505671874716158
DCT,top_overall,MPC1,1.0833218956040838,1.4847367897055987,-0.401414894101515,-2.6666312324602623,-6.324059379781918,4.653299357643618e-06,0.009585796676745854,0.5870217554388597,0.8649262202043133,-0.2779044647654536,9,13,True,down_in_case,2.1605166167620213
DCT,top_overall,ANKRD9,0.4045530219941395,0.6919753340485624,-0.28742231205442287,-3.0497592883485893,-7.958469152754601,2.6597305245550907e-07,0.004421414058866658,0.2700675168792198,0.5919409761634506,-0.32187345928423083,9,13,True,down_in_case,2.063827759323668
DCT,top_overall,IDH2,1.0648871031885088,1.5387012647633493,-0.4738141615748406,-2.304615621818834,-5.609319001316199,1.7803199534451582e-05,0.01565695254018488,0.5798949737434359,0.8643586833144155,-0.28446370957097955,9,13,True,down_in_case,1.9713066184664059
DCT,top_overall,CYR61,0.09703911785590744,0.8118278013909043,-0.7147886835349968,-1.8952708283875948,-5.269104663833433,0.00017713204614223083,0.03867194096000134,0.072768192048012,0.5130533484676504,-0.4402851564196384,9,13,True,down_in_case,1.9136803045512765
DCT,top_overall,COX5B,2.4348466393718864,3.0083067749174432,-0.5734601355455569,-2.408334487556784,-5.135730043377158,0.00020997312460248996,0.04223815715473641,0.8934733683420856,0.978433598183882,-0.08496022984179641,9,13,True,down_in_case,1.898016643563774
DCT,top_overall,NDUFA2,1.0394340746239827,1.439590670711159,-0.40015659608717624,-2.768376015422355,-5.9848490227798905,4.032184714909408e-05,0.020773279229673685,0.5753938484621155,0.8467650397275823,-0.2713711912654668,9,13,True,down_in_case,1.8638408463879734
DCT,top_overall,NDUFB7,1.4618748949945113,1.8232839529194276,-0.3614090579249163,-2.7704198941676874,-6.23386457855472,1.2559318404095137e-05,0.013915854691012816,0.7055513878469617,0.916572077185017,-0.2110206893380553,9,13,True,down_in_case,1.8588197202879804
DCT,top_overall,SLC25A6,1.0544578851858841,1.469283776530673,-0.41482589134478887,-2.3726967447981275,-5.881369403188568,9.411261646480554e-06,0.013915854691012816,0.5888972243060765,0.862088535754824,-0.27319131144874753,9,13,True,down_in_case,1.8272616124936742
DCT,top_overall,COX7B,2.073993951767944,2.502130181461723,-0.42813622969377896,-2.519884995627373,-5.54706230901935,6.397705322540623e-05,0.025508270253742613,0.8270817704426107,0.9568671963677639,-0.12978542592515319,9,13,True,down_in_case,1.7189586637437555
DCT,top_overall,UQCRB,1.8602183841559023,2.3683007015913087,-0.5080823174354063,-2.475877315341372,-5.212022490370403,0.0002204362011702288,0.04324748327720679,0.7749437359339835,0.9511918274687855,-0.17624809153480203,9,13,True,down_in_case,1.7158923582996832
DCT,top_overall,RPS20,0.5668897618924008,0.8800424315946275,-0.31315266970222666,-2.589250128116528,-6.587451850546595,2.3581962174278366e-06,0.00813290738685832,0.3705926481620405,0.6901248581157775,-0.319532209953737,9,13,True,down_in_case,1.6944366095022292
DCT,top_overall,NDUFA3,1.313288087076633,1.8434381338025518,-0.5301500467259188,-2.2004565254878568,-4.964931822335774,0.00014050661702763454,0.03568483122866225,0.6616654163540885,0.9154370034052214,-0.2537715870511329,9,13,True,down_in_case,1.6886322347277802
DCT,top_overall,USP2,0.18841671100420546,0.5073195014481734,-0.31890279044396797,-2.7055320234717466,-6.3091841939176865,5.98906842274152e-06,0.011103732855762778,0.1275318829707427,0.4948921679909194,-0.3673602850201767,9,13,True,down_in_case,1.6863726888641857
DCT,top_overall,COX6C,1.8903033337948751,2.337353856569077,-0.44705052277420165,-2.3843558277896624,-5.278873401404667,9.674359132136631e-05,0.0286980189295701,0.7963240810202551,0.9517593643586834,-0.15543528333842827,9,13,True,down_in_case,1.6438180797254482
DCT,top_overall,TMA7,1.5494514560352166,2.1303239046272875,-0.5808724485920709,-2.406380360807064,-4.886309601235713,0.0005836086837857095,0.07118490129859903,0.731807951987997,0.9426787741203179,-0.2108708221323209,9,13,True,down_in_case,1.6041322714318202
DCT,top_overall,NDUFB3,1.037677362265995,1.488156981541163,-0.4504796192751681,-2.194553952928365,-5.183580917383652,5.5446666749478576e-05,0.023906539570589136,0.5671417854463616,0.8388195232690124,-0.2716777378226508,9,13,True,down_in_case,1.6030013392795126
DCT,top_overall,ACTG1,1.3809429684898757,2.116720339915833,-0.7357773714259574,-1.7035127068184792,-4.404062693426085,0.00031891610984798274,0.05302874149400538,0.7164291072768192,0.9313280363223609,-0.21489892904554175,9,13,True,down_in_case,1.5987052936303148
DCT,top_overall,PER1,0.05670846872054077,0.3364926644676133,-0.27978419574707253,-2.7118036368515477,-7.3625054961976755,2.7680289471068347e-06,0.00813290738685832,0.033008252063015754,0.347900113507378,-0.3148918614443622,9,13,True,down_in_case,1.5855378674072726
DCT,top_overall,NDUFB10,1.0968638891283602,1.4365309908697175,-0.3396671017413573,-2.5077523740275725,-5.927641515003272,1.1073841616196965e-05,0.013915854691012816,0.5840210052513128,0.8433598183881952,-0.25933881313688234,9,13,True,down_in_case,1.581360100571647
DCT,top_overall,TXNL4A,0.5443171222039623,0.8047823879849995,-0.2604652657810371,-2.8775487214276727,-6.703972460352649,2.781060318592345e-06,0.00813290738685832,0.36384096024006,0.6373439273552781,-0.2735029671152181,9,13,True,down_in_case,1.5662738718092153
DCT,top_overall,COX17,0.812599262418616,1.15694179110355,-0.344342528684934,-2.441871352221894,-5.834409701173298,1.2182577913802526e-05,0.013915854691012816,0.48799699924981244,0.7627695800227015,-0.274772580772889,9,13,True,down_in_case,1.561011438008022
DCT,top_overall,NDUFAB1,0.8911525061174811,1.2595808042286538,-0.3684282981111727,-2.3634391730293434,-5.56674358011189,2.4773613546058477e-05,0.016996837443287307,0.5048762190547637,0.7911464245175936,-0.28627020546283,9,13,True,down_in_case,1.5409208896666255
DCT,top_overall,COX6B1,1.9212919302207914,2.4180830947420144,-0.49679116452122307,-2.4898058281701796,-5.0895525334871605,0.0003949688429223524,0.058180104697193195,0.7903225806451613,0.952894438138479,-0.1625718574933177,9,13,True,down_in_case,1.5278671438901272
DCT,top_overall,NDUFB4,1.037023284056549,1.4731272214817146,-0.4361039374251656,-2.2218935676683795,-5.113459940033021,8.288314189352006e-05,0.027432367326300753,0.5678919729932483,0.8461975028376845,-0.27830552984443613,9,13,True,down_in_case,1.513286225801991
DCT,top_overall,NDUFA1,1.6120721803047933,2.1561270528430603,-0.544054872538267,-2.1085595061536755,-4.707667967314535,0.0002648518732906892,0.04847780193830034,0.7336834208552138,0.9460839954597049,-0.21240057460449113,9,13,True,down_in_case,1.507908453814512
DCT,top_overall,MRPL40,0.3718318406857545,0.6061682893951876,-0.23433644870943315,-3.0417530136596467,-7.07583009323411,1.396780628375046e-06,0.00813290738685832,0.27756939234808703,0.5499432463110102,-0.2723738539629232,9,13,True,down_in_case,1.4895633982785035
DCT,top_overall,CTGF,0.06398648316216006,0.5543699766600114,-0.4903834934978514,-1.992543420139908,-5.515587450888539,0.00010509365341391203,0.029975943604521983,0.04276069017254314,0.3836549375709421,-0.34089424739839896,9,13,True,down_in_case,1.4883610821508257
DCT,top_overall,HNRNPH1,1.4032007228249046,0.9480910180985695,0.45510970472633505,2.1012355669953946,4.909189345695672,0.00011088299187110456,0.030913844650981633,0.719429857464366,0.7412031782065834,-0.021773320742217384,9,13,True,up_in_case,1.4438556425991875
DCT,top_overall,EIF1,1.9370397025335615,2.4726113515690686,-0.5355716490355071,-2.0646750640886418,-4.6255986437333405,0.0003013345920717502,0.05203571857655891,0.8323330832708177,0.9642451759364359,-0.1319120926656182,9,13,True,down_in_case,1.419489899285234
DCT,up_in_CKD,HNRNPH1,1.4032007228249046,0.9480910180985695,0.45510970472633505,2.1012355669953946,4.909189345695672,0.00011088299187110456,0.030913844650981633,0.719429857464366,0.7412031782065834,-0.021773320742217384,9,13,True,up_in_case,1.4438556425991875
DCT,up_in_CKD,ARGLU1,0.7904650612460239,0.5579047988278995,0.23256026241812444,2.4950547599546504,6.289839738829967,4.090767281485183e-06,0.009480353174841912,0.472993248312078,0.5380249716231555,-0.06503172331107754,9,13,True,up_in_case,1.1739487673782087
DCT,up_in_CKD,ITGA2,0.4993090465891762,0.23351797015097595,0.2657910764382002,2.8427398437106306,5.785768785786977,0.00015173009955511078,0.03638921575039485,0.29932483120780196,0.27695800227014755,0.022366828937654404,9,13,True,up_in_case,1.0872928870631224
DCT,up_in_CKD,WFDC2,1.1872554728009725,0.33587571060520827,0.8513797621957643,1.8949746735739026,3.614308134080367,0.00663487411158216,0.2521101880644477,0.5570142535633908,0.32406356413166854,0.2329506894317223,9,13,True,up_in_case,0.9654399971776453
DCT,up_in_CKD,MECOM,0.9193704751765114,0.5567549257770887,0.36261554939942264,2.310117868115534,4.715137422726484,0.000717037189392909,0.07961486756159951,0.5090022505626407,0.5431328036322361,-0.03413055306959545,9,13,True,up_in_case,0.9206203190970242
DCT,up_in_CKD,ITM2B,2.8376794881280327,2.4479456306312515,0.38973385749678124,1.7714258778765752,3.71423112854024,0.00306073733669212,0.17433508516827007,0.9519879969992499,0.9642451759364359,-0.01225717893718603,9,13,True,up_in_case,0.5237362834555515
DCT,up_in_CKD,HOXB3,0.36094441847002057,0.17562296360673574,0.18532145486328483,2.2124829762131637,4.750763654627949,0.00037865050228944936,0.05734707140886629,0.21305326331582897,0.22814982973893302,-0.015096566423104057,9,13,True,up_in_case,0.509035919817761
DCT,up_in_CKD,SYTL2,0.20827447897989546,0.09974881026055296,0.1085256687193425,2.560213617205177,5.774610650688582,2.8624164597692297e-05,0.01768973372137384,0.13915978994748687,0.1333711691259932,0.005788620821493673,9,13,True,up_in_case,0.4868687015119311
DCT,up_in_CKD,ITGB6,0.2329871190962437,0.07083932979604747,0.16214778930019624,2.5377942579104027,4.938829681665613,0.0008727293030296866,0.09002776436284833,0.14778694673668416,0.08286038592508513,0.06492656081159903,9,13,True,up_in_case,0.4302717094161405
DCT,up_in_CKD,CXADR,0.2438178789211824,0.14119386128517725,0.10262401763600515,2.4832880753004796,5.451079376652141,7.953154668631817e-05,0.02730583102896924,0.16879219804951237,0.188422247446084,-0.01963004939657162,9,13,True,up_in_case,0.398512491787256
DCT,up_in_CKD,CDC42,1.0317896496165881,0.7868724216704491,0.24491722794613902,1.6443386824764101,3.7062279009032033,0.0019292399935220777,0.13585621345648313,0.5611402850712678,0.6713961407491487,-0.11025585567788088,9,13,True,up_in_case,0.34913217879011277
DCT,up_in_CKD,ZNF503,0.6315577976710935,0.419518319081135,0.21203947858995853,1.6862630015730882,3.859475430532555,0.0012697071347087957,0.10798334989679391,0.3983495873968492,0.4052213393870602,-0.00687175199021095,9,13,True,up_in_case,0.34562746079025325
DCT,up_in_CKD,TRA2A,0.32751601161572297,0.20449495394927034,0.12302105766645263,2.176142834489742,4.708651653075163,0.0003743540070276493,0.05734707140886629,0.23255813953488372,0.23269012485811577,-0.00013198532323205336,9,13,True,up_in_case,0.332360684340532
DCT,up_in_CKD,SAMD12,0.15718292681150872,0.07243587967886207,0.08474704713264665,2.449435592986382,5.423608092512213,7.35949628389728e-05,0.026753933549697174,0.10802700675168792,0.10329171396140749,0.0047352927902804265,9,13,True,up_in_case,0.32644670003132187
DCT,up_in_CKD,MDM4,0.4469576526009391,0.29080755853531914,0.15615009406561997,1.8874249509181844,4.165283795770488,0.0008740559646878478,0.09002776436284833,0.29632408102025504,0.3325766174801362,-0.03625253645988119,9,13,True,up_in_case,0.3081678239511069
DCT,up_in_CKD,NUDT4,1.283345288081418,1.0452549668549267,0.23809032122649132,1.4549139149381114,3.5047578145904286,0.0022926675308071265,0.14707977861994506,0.6534133533383346,0.742905788876277,-0.0894924355379424,9,13,True,up_in_case,0.288360419041569
DCT,up_in_CKD,ARRDC3,0.6259580074786315,0.388049514860488,0.2379084926181435,1.644388679127136,3.5383978870057247,0.0035884462298067803,0.18887809065333108,0.373218304576144,0.41657207718501704,-0.04335377260887302,9,13,True,up_in_case,0.2831679209627761
DCT,up_in_CKD,NPNT,0.3456217919932907,0.16476585225543972,0.18085593973785097,1.940993143008568,3.882830283458314,0.0032182592148621244,0.17969512219914258,0.2108027006751688,0.20488081725312146,0.00592188342204733,9,13,True,up_in_case,0.2616876848671144
DCT,up_in_CKD,PKD2,0.27751199757127704,0.1522416370813793,0.12527036048989773,2.0904041136155884,4.29407267489362,0.0013242462078831348,0.109319280522318,0.17891972993248312,0.19693530079455165,-0.018015570862068536,9,13,True,up_in_case,0.25173232238795
DCT,up_in_CKD,SLC35F5,0.4770058835542448,0.2736991139824354,0.20330676957180938,1.778334735379421,3.629589816277962,0.004255911052874229,0.20154429353841175,0.32295573893473367,0.3132803632236095,0.009675375711124146,9,13,True,up_in_case,0.2515030976443472
DCT,up_in_CKD,KITLG,0.6440460444197019,0.3809145999859966,0.26313144443370534,1.7112318148763952,3.370468571601412,0.008059587980795285,0.28309406439934104,0.3563390847711928,0.3836549375709421,-0.027315852799749296,9,13,True,up_in_case,0.2467840124305079
DCT,up_in_CKD,MT1X,0.7144253515557417,0.41803823100046134,0.2963871205552804,1.5511638479526715,3.2004018494036726,0.008458175917503866,0.29066650882395123,0.413728432108027,0.3938706015891033,0.019857830518923703,9,13,True,up_in_case,0.2467014610154933
DCT,up_in_CKD,APP,1.4578524296626716,1.217546912657415,0.2403055170052566,1.6319746348097863,3.377458794742606,0.006073577477347901,0.24189930489802383,0.6987996999249813,0.8291713961407492,-0.13037169621576794,9,13,True,up_in_case,0.24172155697820907
DCT,up_in_CKD,CTNNB1,0.57095775040461,0.37843900377905465,0.1925187466255554,1.6069190884846074,3.567249579538078,0.0028145878565761103,0.16593148933466553,0.38372093023255816,0.3955732122587968,-0.01185228202623867,9,13,True,up_in_case,0.24132442119262282
DCT,up_in_CKD,LAPTM4A,1.0528023883139364,0.845509569339838,0.20729281897409835,1.6890574530875349,3.5127769559062005,0.004635865751600027,0.20943251243182592,0.5802700675168793,0.6895573212258796,-0.10928725370900039,9,13,True,up_in_case,0.23772247584179512
DCT,up_in_CKD,PTBP3,0.5049689628759134,0.32934608189803394,0.17562288097787948,1.9158135150659505,3.7920204282178642,0.004006496677737833,0.1972920276368112,0.3132033008252063,0.37230419977298523,-0.059100898947778924,9,13,True,up_in_case,0.23716793106389494
DCT,up_in_CKD,CAST,0.4893906609115049,0.31092062098005335,0.17847003993145155,1.823572786516692,3.726980744210744,0.003572854956567706,0.18845158149293106,0.2981995498874719,0.347900113507378,-0.0497005636199061,9,13,True,up_in_case,0.23588848220963413
DCT,up_in_CKD,N4BP2L2,1.1204959364781877,0.7809065164151462,0.3395894200630415,1.3636625566448624,2.986371494630035,0.0097226508675478,0.31025464214171466,0.5731432858214554,0.6725312145289444,-0.09938792870748903,9,13,True,up_in_case,0.23537782797397003
DCT,up_in_CKD,TSPAN1,0.2902167847069064,0.08138561283441749,0.20883117187248895,1.8425829420605675,3.555116841087241,0.006778423872363636,0.253774126401188,0.21980495123780946,0.09307604994324631,0.12672890129456316,9,13,True,up_in_case,0.22916196606816133
DCT,up_in_CKD,SRSF6,0.5682992086508386,0.4132544281728725,0.1550447804779661,1.672611891389784,3.650486945195399,0.0026393517738833353,0.16096572989406918,0.36046511627906974,0.4716231555051078,-0.11115803922603806,9,13,True,up_in_case,0.2057176179026868
DCT,up_in_CKD,ACSL4,1.324371882971242,1.0173128501479523,0.30705903282328983,1.3045100565352894,2.9241518549353978,0.010144666991119357,0.3169033294277218,0.6346586646661665,0.735527809307605,-0.10086914464143848,9,13,True,up_in_case,0.19990955685796233
DCT,up_in_CKD,C12orf75,0.3607468093059585,0.13806146217191526,0.22268534713404323,1.620394788252682,3.2564223867005833,0.008755072661433603,0.29647314546662834,0.27081770442610653,0.13166855845629966,0.13914914596980688,9,13,True,up_in_case,0.19052783916001942
DCT,up_in_CKD,PAPPA2,0.3053331992547245,0.07896119467730969,0.22637200457741483,1.6712533352613455,3.2061980772278362,0.011881856862042201,0.34245606919364513,0.19617404351087772,0.08172531214528944,0.11444873136558828,9,13,True,up_in_case,0.17607059848299486
DCT,up_in_CKD,CFI,0.2634677442327893,0.10880880214316538,0.1546589420896239,1.8659553566784677,3.6032440493702587,0.006272312143077606,0.24611358123314034,0.18942235558889722,0.14358683314415438,0.04583552244474284,9,13,True,up_in_case,0.17571016243726667
DCT,up_in_CKD,SLC16A4,0.13024540436591575,0.03210137512092248,0.09814402924499327,2.1277736556872062,4.2014516969276015,0.002173095131155486,0.14486351958893554,0.11365341335333834,0.047105561861521,0.06654785149181734,9,13,True,up_in_case,0.1752154819868474
DCT,up_in_CKD,TMED2,0.5009639786348232,0.3771755390364004,0.12378843959842284,1.715450058038357,3.718739014220117,0.0024136101786201634,0.15272468502258646,0.32895723930982745,0.4108967082860386,-0.08193946897621113,9,13,True,up_in_case,0.17329922843596732
DCT,up_in_CKD,CITED2,0.2977495977611627,0.18009669447237123,0.1176529032887915,1.7461093205590807,3.78057126035187,0.002158744592204718,0.14486351958893554,0.20142535633908476,0.21452894438138478,-0.013103588042300024,9,13,True,up_in_case,0.17236823936646176
DCT,up_in_CKD,AP1G1,0.35416492431323143,0.25044669393096797,0.10371823038226347,1.6866258380808155,3.877042994775698,0.0011916082188139332,0.10545306146448839,0.24456114028507125,0.2956867196367764,-0.05112557935170514,9,13,True,up_in_case,0.170900013985286
DCT,up_in_CKD,WSB1,1.3979222060941203,1.0515053119100448,0.3464168941840755,1.3018113241282345,2.718425733983647,0.019223108046494554,0.43837198423371343,0.6560390097524381,0.7514188422247446,-0.09537983247230652,9,13,True,up_in_case,0.1615179543578735
DCT,up_in_CKD,GNAI3,0.2879236956162367,0.17572651302216707,0.11219718259406963,1.7925964135765944,3.774955740081644,0.0026592764715689873,0.16107750946973898,0.18229557389347337,0.22077185017026107,-0.03847627627678771,9,13,True,up_in_case,0.1594845233792941
DCT,down_in_CKD,CYSTM1,1.52253893643732,2.098194602671011,-0.5756556662336911,-3.110187105762649,-7.499763425981997,3.577195840507005e-07,0.004421414058866658,0.7303075768942235,0.9301929625425652,-0.19988538564834168,9,13,True,down_in_case,4.215379786840927
DCT,down_in_CKD,NR4A1,0.05846856034199523,1.084458483281889,-1.0259899229398939,-2.2471854024895768,-6.26933442014241,3.988357980015184e-05,0.020773279229673685,0.05138784696174044,0.623155505107832,-0.5717676581460915,9,13,True,down_in_case,3.879142801276511
DCT,down_in_CKD,COX7C,2.3565736992033006,2.9404583287266557,-0.5838846295233551,-3.197668448722188,-7.013158009349011,5.5914357142140665e-06,0.010912128225424082,0.8780945236309077,0.9790011350737798,-0.10090661144287216,9,13,True,down_in_case,3.663359318971041
DCT,down_in_CKD,CEBPD,0.29596619457067397,0.8880115754018312,-0.5920453808311572,-2.642608115580361,-6.951140060570315,2.07139051363193e-06,0.00813290738685832,0.21530382595648911,0.6259931895573212,-0.4106893636008321,9,13,True,down_in_case,3.269512203032767
DCT,down_in_CKD,PRR15,0.13557284682837967,0.29104445253653255,-0.15547160570815288,-4.376762766708098,-10.862598804248583,7.765177697437184e-10,2.8793278902097076e-05,0.10877719429857464,0.322360953461975,-0.2135837591634004,9,13,True,down_in_case,3.0897813649737453
DCT,down_in_CKD,NDUFB1,1.5388811092445942,2.0736822683247054,-0.5348011590801112,-2.752108412787136,-6.126281200639683,1.857890808436178e-05,0.01565695254018488,0.7228057014253564,0.9370034052213394,-0.21419770379598302,9,13,True,down_in_case,2.6570854385186284
DCT,down_in_CKD,UQCRH,1.5945587797008878,2.1492620819733306,-0.5547033022724428,-2.6975201045346413,-5.981691896687073,2.581595755746617e-05,0.016996837443287307,0.7190547636909227,0.9284903518728718,-0.20943558818194907,9,13,True,down_in_case,2.647941430745723
DCT,down_in_CKD,BTG2,0.17069480883279742,0.9480395791224291,-0.7773447702896317,-2.096442704823192,-5.810573620577223,6.682231197152837e-05,0.025544034308291465,0.11477869467366841,0.594211123723042,-0.47943242904937355,9,13,True,down_in_case,2.5955746570616305
DCT,down_in_CKD,CRABP1,0.44568110900840924,0.8660038611537698,-0.4203227521453606,-2.665900827107243,-6.546057271396998,2.247664621054982e-06,0.00813290738685832,0.30120030007501875,0.6384790011350738,-0.3372787010600551,9,13,True,down_in_case,2.3416505762452475
DCT,down_in_CKD,DUSP1,0.36689274237574865,0.9379161513446375,-0.5710234089688888,-2.2103461369476167,-5.560554760200163,1.9934930842177924e-05,0.015727387992084202,0.2528132033008252,0.6401816118047673,-0.3873684085039421,9,13,True,down_in_case,2.2761067975824036
DCT,down_in_CKD,CKB,1.3040509943372123,1.8016923839366432,-0.49764138959943094,-2.436031206599982,-5.80804874783782,1.3135245797881569e-05,0.013915854691012816,0.6676669167291823,0.8989784335981839,-0.23131151686900153,9,13,True,down_in_case,2.2505671874716158
DCT,down_in_CKD,MPC1,1.0833218956040838,1.4847367897055987,-0.401414894101515,-2.6666312324602623,-6.324059379781918,4.653299357643618e-06,0.009585796676745854,0.5870217554388597,0.8649262202043133,-0.2779044647654536,9,13,True,down_in_case,2.1605166167620213
DCT,down_in_CKD,ANKRD9,0.4045530219941395,0.6919753340485624,-0.28742231205442287,-3.0497592883485893,-7.958469152754601,2.6597305245550907e-07,0.004421414058866658,0.2700675168792198,0.5919409761634506,-0.32187345928423083,9,13,True,down_in_case,2.063827759323668
DCT,down_in_CKD,IDH2,1.0648871031885088,1.5387012647633493,-0.4738141615748406,-2.304615621818834,-5.609319001316199,1.7803199534451582e-05,0.01565695254018488,0.5798949737434359,0.8643586833144155,-0.28446370957097955,9,13,True,down_in_case,1.9713066184664059
DCT,down_in_CKD,CYR61,0.09703911785590744,0.8118278013909043,-0.7147886835349968,-1.8952708283875948,-5.269104663833433,0.00017713204614223083,0.03867194096000134,0.072768192048012,0.5130533484676504,-0.4402851564196384,9,13,True,down_in_case,1.9136803045512765
DCT,down_in_CKD,COX5B,2.4348466393718864,3.0083067749174432,-0.5734601355455569,-2.408334487556784,-5.135730043377158,0.00020997312460248996,0.04223815715473641,0.8934733683420856,0.978433598183882,-0.08496022984179641,9,13,True,down_in_case,1.898016643563774
DCT,down_in_CKD,NDUFA2,1.0394340746239827,1.439590670711159,-0.40015659608717624,-2.768376015422355,-5.9848490227798905,4.032184714909408e-05,0.020773279229673685,0.5753938484621155,0.8467650397275823,-0.2713711912654668,9,13,True,down_in_case,1.8638408463879734
DCT,down_in_CKD,NDUFB7,1.4618748949945113,1.8232839529194276,-0.3614090579249163,-2.7704198941676874,-6.23386457855472,1.2559318404095137e-05,0.013915854691012816,0.7055513878469617,0.916572077185017,-0.2110206893380553,9,13,True,down_in_case,1.8588197202879804
DCT,down_in_CKD,SLC25A6,1.0544578851858841,1.469283776530673,-0.41482589134478887,-2.3726967447981275,-5.881369403188568,9.411261646480554e-06,0.013915854691012816,0.5888972243060765,0.862088535754824,-0.27319131144874753,9,13,True,down_in_case,1.8272616124936742
DCT,down_in_CKD,COX7B,2.073993951767944,2.502130181461723,-0.42813622969377896,-2.519884995627373,-5.54706230901935,6.397705322540623e-05,0.025508270253742613,0.8270817704426107,0.9568671963677639,-0.12978542592515319,9,13,True,down_in_case,1.7189586637437555
DCT,down_in_CKD,UQCRB,1.8602183841559023,2.3683007015913087,-0.5080823174354063,-2.475877315341372,-5.212022490370403,0.0002204362011702288,0.04324748327720679,0.7749437359339835,0.9511918274687855,-0.17624809153480203,9,13,True,down_in_case,1.7158923582996832
DCT,down_in_CKD,RPS20,0.5668897618924008,0.8800424315946275,-0.31315266970222666,-2.589250128116528,-6.587451850546595,2.3581962174278366e-06,0.00813290738685832,0.3705926481620405,0.6901248581157775,-0.319532209953737,9,13,True,down_in_case,1.6944366095022292
DCT,down_in_CKD,NDUFA3,1.313288087076633,1.8434381338025518,-0.5301500467259188,-2.2004565254878568,-4.964931822335774,0.00014050661702763454,0.03568483122866225,0.6616654163540885,0.9154370034052214,-0.2537715870511329,9,13,True,down_in_case,1.6886322347277802
DCT,down_in_CKD,USP2,0.18841671100420546,0.5073195014481734,-0.31890279044396797,-2.7055320234717466,-6.3091841939176865,5.98906842274152e-06,0.011103732855762778,0.1275318829707427,0.4948921679909194,-0.3673602850201767,9,13,True,down_in_case,1.6863726888641857
DCT,down_in_CKD,COX6C,1.8903033337948751,2.337353856569077,-0.44705052277420165,-2.3843558277896624,-5.278873401404667,9.674359132136631e-05,0.0286980189295701,0.7963240810202551,0.9517593643586834,-0.15543528333842827,9,13,True,down_in_case,1.6438180797254482
DCT,down_in_CKD,TMA7,1.5494514560352166,2.1303239046272875,-0.5808724485920709,-2.406380360807064,-4.886309601235713,0.0005836086837857095,0.07118490129859903,0.731807951987997,0.9426787741203179,-0.2108708221323209,9,13,True,down_in_case,1.6041322714318202
DCT,down_in_CKD,NDUFB3,1.037677362265995,1.488156981541163,-0.4504796192751681,-2.194553952928365,-5.183580917383652,5.5446666749478576e-05,0.023906539570589136,0.5671417854463616,0.8388195232690124,-0.2716777378226508,9,13,True,down_in_case,1.6030013392795126
DCT,down_in_CKD,ACTG1,1.3809429684898757,2.116720339915833,-0.7357773714259574,-1.7035127068184792,-4.404062693426085,0.00031891610984798274,0.05302874149400538,0.7164291072768192,0.9313280363223609,-0.21489892904554175,9,13,True,down_in_case,1.5987052936303148
DCT,down_in_CKD,PER1,0.05670846872054077,0.3364926644676133,-0.27978419574707253,-2.7118036368515477,-7.3625054961976755,2.7680289471068347e-06,0.00813290738685832,0.033008252063015754,0.347900113507378,-0.3148918614443622,9,13,True,down_in_case,1.5855378674072726
DCT,down_in_CKD,NDUFB10,1.0968638891283602,1.4365309908697175,-0.3396671017413573,-2.5077523740275725,-5.927641515003272,1.1073841616196965e-05,0.013915854691012816,0.5840210052513128,0.8433598183881952,-0.25933881313688234,9,13,True,down_in_case,1.581360100571647
DCT,down_in_CKD,TXNL4A,0.5443171222039623,0.8047823879849995,-0.2604652657810371,-2.8775487214276727,-6.703972460352649,2.781060318592345e-06,0.00813290738685832,0.36384096024006,0.6373439273552781,-0.2735029671152181,9,13,True,down_in_case,1.5662738718092153
DCT,down_in_CKD,COX17,0.812599262418616,1.15694179110355,-0.344342528684934,-2.441871352221894,-5.834409701173298,1.2182577913802526e-05,0.013915854691012816,0.48799699924981244,0.7627695800227015,-0.274772580772889,9,13,True,down_in_case,1.561011438008022
DCT,down_in_CKD,NDUFAB1,0.8911525061174811,1.2595808042286538,-0.3684282981111727,-2.3634391730293434,-5.56674358011189,2.4773613546058477e-05,0.016996837443287307,0.5048762190547637,0.7911464245175936,-0.28627020546283,9,13,True,down_in_case,1.5409208896666255
DCT,down_in_CKD,COX6B1,1.9212919302207914,2.4180830947420144,-0.49679116452122307,-2.4898058281701796,-5.0895525334871605,0.0003949688429223524,0.058180104697193195,0.7903225806451613,0.952894438138479,-0.1625718574933177,9,13,True,down_in_case,1.5278671438901272
DCT,down_in_CKD,NDUFB4,1.037023284056549,1.4731272214817146,-0.4361039374251656,-2.2218935676683795,-5.113459940033021,8.288314189352006e-05,0.027432367326300753,0.5678919729932483,0.8461975028376845,-0.27830552984443613,9,13,True,down_in_case,1.513286225801991
DCT,down_in_CKD,NDUFA1,1.6120721803047933,2.1561270528430603,-0.544054872538267,-2.1085595061536755,-4.707667967314535,0.0002648518732906892,0.04847780193830034,0.7336834208552138,0.9460839954597049,-0.21240057460449113,9,13,True,down_in_case,1.507908453814512
DCT,down_in_CKD,MRPL40,0.3718318406857545,0.6061682893951876,-0.23433644870943315,-3.0417530136596467,-7.07583009323411,1.396780628375046e-06,0.00813290738685832,0.27756939234808703,0.5499432463110102,-0.2723738539629232,9,13,True,down_in_case,1.4895633982785035
DCT,down_in_CKD,CTGF,0.06398648316216006,0.5543699766600114,-0.4903834934978514,-1.992543420139908,-5.515587450888539,0.00010509365341391203,0.029975943604521983,0.04276069017254314,0.3836549375709421,-0.34089424739839896,9,13,True,down_in_case,1.4883610821508257
DCT,down_in_CKD,EIF1,1.9370397025335615,2.4726113515690686,-0.5355716490355071,-2.0646750640886418,-4.6255986437333405,0.0003013345920717502,0.05203571857655891,0.8323330832708177,0.9642451759364359,-0.1319120926656182,9,13,True,down_in_case,1.419489899285234
DCT,down_in_CKD,BLOC1S1,0.9118121564738827,1.2039422482110553,-0.29213009173717264,-2.7196589707658467,-5.996074797032405,2.785501175174412e-05,0.01768973372137384,0.5067516879219804,0.7996594778660613,-0.29290778994408084,9,13,True,down_in_case,1.3921753105408559
EC,top_overall,MT2A,1.0206606679662025,3.2764307304907887,-2.2557700625245865,-4.558898668201698,-13.948890295000636,3.348024028258491e-13,6.207236548391243e-09,0.4853995901639344,0.921978021978022,-0.4365784318140876,14,18,True,down_in_case,84.40041519349072
EC,top_overall,KLF9,0.44364715427131757,1.3272416684916553,-0.8835945142203376,-5.05572116622261,-13.871764454602095,2.4554079958545684e-13,6.207236548391243e-09,0.2617827868852459,0.6842490842490843,-0.42246629736383834,14,18,True,down_in_case,36.662826186053785
EC,top_overall,MT1E,0.4643251274046061,1.581657218272855,-1.117332090868249,-4.189271765580925,-12.755070561077915,1.4381304005817098e-12,1.7775291751189934e-08,0.26895491803278687,0.6871794871794872,-0.4182245691467003,14,18,True,down_in_case,36.2771181189119
EC,top_overall,CEBPB,0.1699426791065959,0.9830130085349267,-0.8130703294283308,-4.245042320442924,-13.347266345297916,2.455445098614621e-11,1.5174650709438358e-07,0.1011782786885246,0.5307692307692308,-0.4295909520807062,14,18,True,down_in_case,23.535491248624446
EC,top_overall,CEBPD,0.3114415788744816,1.6002880264271666,-1.288846447552685,-3.10636510998278,-9.839887492391608,9.233056758052634e-09,1.426507269119132e-05,0.19800204918032788,0.684981684981685,-0.4869796358013571,14,18,True,down_in_case,19.400482577801213
EC,top_overall,TSC22D3,0.45293321714749285,1.1917602469816886,-0.7388270298341957,-3.6249348146095595,-10.920056415611551,1.960912258171471e-11,1.454212530659963e-07,0.2681864754098361,0.6457875457875458,-0.37760107037770974,14,18,True,down_in_case,18.31184879076955
EC,top_overall,SEC14L1,1.079861764416264,1.824234244421574,-0.74437248000531,-3.7849100190860185,-10.304803333521022,2.423782772057074e-10,8.170351380716027e-07,0.5558401639344263,0.8205128205128205,-0.2646726565783942,14,18,True,down_in_case,17.15154859508282
EC,top_overall,MT1M,0.20199627614618754,1.3978931279141993,-1.1958968517680117,-3.0233818206829666,-9.594546759366793,1.6065502138677743e-08,2.1089584194049294e-05,0.12038934426229508,0.6216117216117216,-0.5012223773494265,14,18,True,down_in_case,16.906546571126913
EC,top_overall,FKBP5,0.11069859216575738,0.976326193020862,-0.8656276008551046,-3.498699443476396,-11.061926294533754,1.1804252619665264e-09,2.735635544607425e-06,0.08094262295081968,0.5490842490842491,-0.46814162613342947,14,18,True,down_in_case,16.84776301247211
EC,top_overall,APOLD1,0.08514488104577282,1.1184459425312134,-1.0333010614854405,-3.2075101548593743,-10.20523701022102,7.965583073442046e-09,1.2841905233183959e-05,0.052510245901639344,0.5326007326007326,-0.48009048669909327,14,18,True,down_in_case,16.21158504821194
EC,top_overall,GRASP,0.4596745694487768,1.1783599853586864,-0.7186854159099095,-3.3842869094384365,-9.84896864467643,6.573667027322589e-11,3.0468946671640197e-07,0.25973360655737704,0.6168498168498169,-0.35711621029243984,14,18,True,down_in_case,15.848807233405816
EC,top_overall,MT1X,0.32266066771416396,1.4308998095603331,-1.1082391418461692,-2.804176483549007,-8.827889933351289,3.026465304909709e-08,3.300627456060354e-05,0.19262295081967212,0.6399267399267399,-0.44730378910706775,14,18,True,down_in_case,13.926849295395604
EC,top_overall,ESM1,0.17201675016741033,0.7891804046971191,-0.6171636545297088,-3.3179558991204714,-10.06689521339945,1.8015887189771707e-10,6.68029096996735e-07,0.09042008196721311,0.36336996336996336,-0.2729498814027502,14,18,True,down_in_case,12.645101048980136
EC,top_overall,DUSP1,0.3826492786867917,1.5230619569458141,-1.1404126782590225,-2.5832529426040622,-8.128388830941672,1.055123593664699e-07,9.54243484221635e-05,0.23181352459016394,0.6476190476190476,-0.41580552302888374,14,18,True,down_in_case,11.843821094442472
EC,top_overall,NEDD9,0.2711574858519929,0.7931202184389454,-0.5219627325869525,-3.413123235947897,-9.998442546893065,4.957280268683953e-11,2.625942176611443e-07,0.16290983606557377,0.45567765567765567,-0.29276781961208187,14,18,True,down_in_case,11.723695707628202
EC,top_overall,TSC22D1,0.6806321907643303,1.3680663712099548,-0.6874341804456244,-2.9644872274687106,-8.440213384406205,2.413726806008642e-09,4.710578419305286e-06,0.3524590163934426,0.6183150183150183,-0.2658560019215757,14,18,True,down_in_case,10.855687929389209
EC,top_overall,CSRNP1,0.04722077671424292,0.5361322293972304,-0.48891145268298747,-3.5990928895487744,-11.44419684549839,1.2693176187874186e-09,2.7686057238022047e-06,0.02663934426229508,0.35604395604395606,-0.32940461178166097,14,18,True,down_in_case,9.779607056582476
EC,top_overall,ARRDC2,0.11938638110366058,0.5638154799835533,-0.44442909887989274,-3.646893855294445,-11.522887149965822,5.60350240689755e-10,1.598291301905855e-06,0.07479508196721311,0.3710622710622711,-0.29626718909505795,14,18,True,down_in_case,9.3946318600128
EC,top_overall,PER1,0.10592084106121512,0.41783469307487964,-0.3119138520136645,-3.8983668975465506,-11.565119694444167,2.272914507231759e-12,2.1069917482038406e-08,0.07402663934426229,0.2725274725274725,-0.1985008331832102,14,18,True,down_in_case,9.334077760337324
EC,top_overall,NFKBIA,0.6060579233045102,1.1893181626101612,-0.583260239305651,-2.879350462804319,-8.193812695403988,4.519760575904941e-09,7.980605816883582e-06,0.34451844262295084,0.617948717948718,-0.27343027532576714,14,18,True,down_in_case,8.5615752182959
EC,top_overall,TMEM204,0.6058615807877816,1.2000472881525948,-0.5941857073648131,-2.617893799936281,-7.673719424581085,1.548745052227681e-08,2.1089584194049294e-05,0.34349385245901637,0.6391941391941391,-0.2957002867351228,14,18,True,down_in_case,7.27348270912906
EC,top_overall,TACC1,0.733227441246134,1.329327952468705,-0.5961005112225709,-2.5647448779736606,-7.561780960239854,2.2316664746372656e-08,2.7583397626516603e-05,0.41572745901639346,0.6736263736263737,-0.2578989146099802,14,18,True,down_in_case,6.970546216965929
EC,top_overall,NOSTRIN,0.5487349781429639,1.0086840033465347,-0.45994902520357084,-2.840324529394577,-8.37999197227487,2.783708909964004e-09,5.160996319073264e-06,0.31839139344262296,0.5619047619047619,-0.24351336846213895,14,18,True,down_in_case,6.907308676233708
EC,top_overall,ITPRIP,0.1270923345944072,0.5288341451243415,-0.4017418105299343,-3.0650826576730514,-9.31887819567394,9.96557895764401e-10,2.639454769638857e-06,0.07633196721311475,0.3128205128205128,-0.23648854560739807,14,18,True,down_in_case,6.869190385161353
EC,top_overall,CDC42EP4,0.17022157320602202,0.4757708003943828,-0.30554922718836075,-3.4686780273885476,-10.618033881185756,1.1442237303018299e-10,4.7142017688435393e-07,0.10553278688524591,0.31794871794871793,-0.212415931063472,14,18,True,down_in_case,6.70525031602171
EC,top_overall,HERPUD1,0.5847629028826912,1.1298245755937995,-0.5450616727111083,-2.315422533388692,-7.123468671836614,2.485167244330014e-07,0.00019606383280799348,0.3360655737704918,0.5860805860805861,-0.2500150123100943,14,18,True,down_in_case,4.679172627876637
EC,top_overall,ZFP36,0.3211992047584382,1.3740647536702988,-1.0528655489118606,-1.851110775904768,-5.838602765874161,1.2228822782379828e-05,0.004048613828309322,0.19211065573770492,0.5904761904761905,-0.39836553473848557,14,18,True,down_in_case,4.663289961007775
EC,top_overall,F2RL3,0.025841251479403186,0.3498421738630495,-0.3240009223836463,-3.037132388285124,-9.618293311566442,1.2885618524409539e-08,1.9111949395404226e-05,0.015368852459016393,0.23663003663003662,-0.22126118417102023,14,18,True,down_in_case,4.643354890368907
EC,top_overall,IFNGR1,0.3915958996510396,0.6393107892967872,-0.24771488964574762,-3.12681907382435,-9.209798516336948,3.5157157447712067e-10,1.0863561651343028e-06,0.234375,0.41135531135531134,-0.17698031135531134,14,18,True,down_in_case,4.619495210708907
EC,top_overall,EPAS1,1.768155830603824,2.5020901902977624,-0.7339343596939383,-2.4213801482578368,-6.270810009686219,6.940556044317784e-06,0.0025735581812330343,0.7430840163934426,0.9344322344322344,-0.19134821803879187,14,18,True,down_in_case,4.6018283162185964
EC,top_overall,SOX18,1.7291627861575205,0.9872211379824114,0.7419416481751091,2.328474684205761,6.113820042950795,6.455232791979241e-06,0.00244244930537337,0.7061987704918032,0.5241758241758242,0.18202294631597904,14,18,True,up_in_case,4.5127725689058895
EC,top_overall,ANKS1A,0.11655002953723197,0.4164117713638001,-0.2998617418265681,-2.9036089624728025,-8.977146199107537,6.040889856658187e-09,1.0181645267494798e-05,0.07248975409836066,0.28498168498168497,-0.2124919308833243,14,18,True,down_in_case,4.3465992525164285
EC,top_overall,CNN3,1.003646457141916,1.5344664292220367,-0.5308199720801208,-2.2892660632135002,-6.493722575399355,4.091165934381383e-07,0.00029173160162858017,0.5151127049180327,0.7454212454212454,-0.2303085405032127,14,18,True,down_in_case,4.295710181700486
EC,top_overall,MGP,1.3598718144220292,2.499898976567585,-1.1400271621455558,-1.7960893683896604,-4.972223039366398,3.444602147040374e-05,0.008396251402521149,0.49667008196721313,0.8179487179487179,-0.3212786359815048,14,18,True,down_in_case,4.250623288238463
EC,top_overall,SPRY1,0.27555601806386837,0.8879641578501962,-0.6124081397863279,-2.1367370614919694,-6.760815739442111,2.069054215901656e-06,0.0010367639233193702,0.1554815573770492,0.44175824175824174,-0.2862766843811926,14,18,True,down_in_case,3.905147523712267
EC,top_overall,PDK4,0.27587243505912623,0.7171942882275806,-0.44132185316845435,-2.295924767535441,-6.791827368411497,1.8015542206593954e-07,0.0001452209358740226,0.17853483606557377,0.40293040293040294,-0.22439556686482917,14,18,True,down_in_case,3.8887923070195503
EC,top_overall,HLA-E,2.5354800563320077,2.977979566992811,-0.4424995106608032,-2.4010056818749517,-6.686240967629885,3.399135286963189e-07,0.000257224360082847,0.9144467213114754,0.96996336996337,-0.05551664865189454,14,18,True,down_in_case,3.8138417992645133
EC,top_overall,MARCKS,0.9463253240650087,0.4082493973612179,0.5380759267037908,2.259762259522781,6.147747710156449,2.307435181020911e-06,0.0011406852688590657,0.4149590163934426,0.22417582417582418,0.19078319221761844,14,18,True,up_in_case,3.5782617262253127
EC,top_overall,RND3,0.14804577992421297,0.40938614500239073,-0.26134036507817776,-2.77669128047938,-8.621564715617811,1.6494011370750525e-08,2.1089584194049294e-05,0.09195696721311475,0.2600732600732601,-0.16811629286014534,14,18,True,down_in_case,3.393143877091154
EC,top_overall,KIAA1211L,0.050185690226332534,0.23718902875414008,-0.18700333852780754,-3.122193546081341,-9.586219870558521,1.0896879049413914e-09,2.6937085010151195e-06,0.036116803278688527,0.17435897435897435,-0.13824217108028583,14,18,True,down_in_case,3.251898935024757
EC,up_in_CKD,SOX18,1.7291627861575205,0.9872211379824114,0.7419416481751091,2.328474684205761,6.113820042950795,6.455232791979241e-06,0.00244244930537337,0.7061987704918032,0.5241758241758242,0.18202294631597904,14,18,True,up_in_case,4.5127725689058895
EC,up_in_CKD,MARCKS,0.9463253240650087,0.4082493973612179,0.5380759267037908,2.259762259522781,6.147747710156449,2.307435181020911e-06,0.0011406852688590657,0.4149590163934426,0.22417582417582418,0.19078319221761844,14,18,True,up_in_case,3.5782617262253127
EC,up_in_CKD,VWF,0.851432644135704,0.28459987591189584,0.5668327682238081,2.0044829974587524,5.205759154602389,5.887408011476031e-05,0.012252529047025626,0.3319672131147541,0.13846153846153847,0.1935056746532156,14,18,True,up_in_case,2.172170619580254
EC,up_in_CKD,ZNF503,0.35871392450015394,0.148448261485779,0.21026566301437494,2.424111058218558,6.717150425997067,3.525594550759043e-07,0.0002614580918842906,0.2228483606557377,0.12051282051282051,0.1023355401429172,14,18,True,up_in_case,1.826076376653557
EC,up_in_CKD,LPAR6,0.5485345089037658,0.24242021674219483,0.30611429216157093,2.4210553418147773,6.192005759095335,1.1630212201555803e-05,0.003885119535438641,0.2989241803278688,0.18095238095238095,0.11797179937548788,14,18,True,up_in_case,1.7865397594118528
EC,up_in_CKD,FOXP1,0.5533445017872364,0.25103181644853334,0.30231268533870304,2.220135677743345,5.855393536882165,1.0047731652115787e-05,0.003481961585611714,0.2973872950819672,0.17655677655677657,0.12083051852519064,14,18,True,up_in_case,1.6498667321644618
EC,up_in_CKD,ZFP36L1,1.0263556029198706,0.6858579016570502,0.3404977012628204,1.8732346479653634,5.083135212535824,3.4479011626357944e-05,0.008396251402521149,0.5279200819672131,0.4087912087912088,0.11912887317600429,14,18,True,up_in_case,1.3240849296221222
EC,up_in_CKD,CTNNB1,1.189074313683287,0.8686144380632533,0.32045987562003375,1.603303327887737,4.442874726810419,0.00013975634125173715,0.02421572492343184,0.5735143442622951,0.512087912087912,0.06142643217438304,14,18,True,up_in_case,0.8302416442938061
EC,up_in_CKD,SOX4,0.369634451144184,0.1864993464367812,0.18313510470740277,2.1184968021702844,5.472676685318265,3.755706324467764e-05,0.008927025032773378,0.23770491803278687,0.1380952380952381,0.09960967993754877,14,18,True,up_in_case,0.7950666244504286
EC,up_in_CKD,SFT2D2,0.3125216169052119,0.1600788036833079,0.152442813221904,2.051411259691822,5.5100753227322965,1.456576702543343e-05,0.004737707379851505,0.19518442622950818,0.12124542124542124,0.07393900498408694,14,18,True,up_in_case,0.7269030510399435
EC,up_in_CKD,SMAD1,0.24588862373110934,0.0887024782502212,0.15718614548088813,2.2764756684000615,5.732557979198968,4.111928888325331e-05,0.009354007557000199,0.1598360655737705,0.063003663003663,0.0968324025701075,14,18,True,up_in_case,0.726038770955257
EC,up_in_CKD,HNRNPH1,1.4529958686125215,1.1134947407598572,0.3395011278526643,1.4451881355334162,4.003583813483264,0.0004483996326493091,0.05433548489750451,0.6570184426229508,0.6194139194139194,0.037604523209031404,14,18,True,up_in_case,0.6206224056864785
EC,up_in_CKD,ELK4,0.3409552961722136,0.21961305705958659,0.12134223911262701,2.0602992504848077,5.511252138991446,1.584985654132833e-05,0.005023185303867132,0.19672131147540983,0.15677655677655677,0.03994475469885306,14,18,True,up_in_case,0.5747582447202784
EC,up_in_CKD,COLGALT1,0.14880668667335653,0.060520133728408004,0.08828655294494853,2.383395762642899,6.2428091517064415,5.2664676644195785e-06,0.002122615445616065,0.08017418032786885,0.04285714285714286,0.037317037470726,14,18,True,up_in_case,0.562484538257756
EC,up_in_CKD,EFNB2,0.8020774563378816,0.5675362712819838,0.23454118505589783,1.5598835600663574,4.287931933466056,0.00022652075088220902,0.03400562527413891,0.40753073770491804,0.3344322344322344,0.07309850327268363,14,18,True,up_in_case,0.5372423418699966
EC,up_in_CKD,PTMS,1.3706604474101305,1.0379607217022866,0.3326997257078439,1.4033881819382619,3.798845413094325,0.0009015353418172278,0.08637966530899951,0.6129610655737705,0.5417582417582417,0.07120282381552878,14,18,True,up_in_case,0.4965967623366402
EC,up_in_CKD,RUNX1T1,0.3580426845169343,0.2161373830971242,0.14190530141981006,1.7722143255933278,4.831637671231853,6.0878728036322576e-05,0.012335427516867984,0.21875,0.1575091575091575,0.061240842490842495,14,18,True,up_in_case,0.48004915410366034
EC,up_in_CKD,LRRC8C,0.32129312397849613,0.2019450743327313,0.11934804964576484,1.8737869102122184,5.0577055069539325,4.011927068980552e-05,0.009229404738661478,0.18468237704918034,0.1413919413919414,0.043290435657238946,14,18,True,up_in_case,0.4550539316927567
EC,up_in_CKD,RASSF9,0.25260275841141716,0.05632427399346639,0.19627848441795076,1.7841204131018196,4.5050607746679106,0.00041162670782044576,0.05121851787242325,0.13729508196721313,0.035164835164835165,0.10213024680237796,14,18,True,up_in_case,0.45193859464974595
EC,up_in_CKD,ARHGEF15,0.42713111209262866,0.28422075071673736,0.1429103613758913,1.7112742347043557,4.703178695342784,7.657722823293218e-05,0.014636513519985184,0.23155737704918034,0.20476190476190476,0.02679547228727558,14,18,True,up_in_case,0.4486584051143821
EC,up_in_CKD,LBR,0.23419154790120142,0.13053209716478228,0.10365945073641913,1.9674660830667032,5.263369480314821,2.855700420805361e-05,0.007353428583573805,0.140625,0.10329670329670329,0.03732829670329671,14,18,True,up_in_case,0.43512182273027905
EC,up_in_CKD,MAP3K1,0.1737337021679529,0.08582378834297005,0.08790991382498284,2.17252499427279,5.652825432926371,2.177551907662534e-05,0.0063080956825099024,0.11552254098360656,0.06556776556776557,0.04995477541584099,14,18,True,up_in_case,0.4201896957036422
EC,up_in_CKD,CALHM2,0.13165544513744723,0.04899179348241543,0.0826636516550318,1.9988669571618944,5.4027459836592415,1.6666054474446407e-05,0.005177167377818294,0.07914959016393443,0.039194139194139194,0.039955450969795234,14,18,True,up_in_case,0.37770886974793894
EC,up_in_CKD,TBL1XR1,0.3748812342063939,0.2546053971995091,0.12027583700688482,1.6094153372782427,4.573517401258226,8.158271033527544e-05,0.01535577106209144,0.23232581967213115,0.189010989010989,0.04331483066114214,14,18,True,up_in_case,0.3510902509036429
EC,up_in_CKD,OGT,0.3396023778016085,0.20559655385092612,0.1340058239506824,1.5737232132838994,4.42059286895152,0.00013314855350219512,0.023492805280672078,0.19339139344262296,0.16373626373626374,0.029655129706359223,14,18,True,up_in_case,0.34355040881470467
EC,up_in_CKD,KCTD12,0.6582113237170532,0.2775607129987263,0.38065061071832684,1.3211340373601799,3.3250411799309147,0.004685338555304449,0.22458772591091392,0.2925204918032787,0.13443223443223443,0.1580882573710443,14,18,True,up_in_case,0.32618179571878914
EC,up_in_CKD,CISD1,0.1697805711579464,0.1096333494282883,0.0601472217296581,2.094266725926142,5.68038960182056,7.819532841126688e-06,0.0028150318228056075,0.11910860655737705,0.08791208791208792,0.031196518645289134,14,18,True,up_in_case,0.32127411373543824
EC,up_in_CKD,SLC12A2,0.22907815571573464,0.12113372315369143,0.10794443256204321,1.786726149687755,4.727106256773673,0.00012346668202050257,0.022116640431498722,0.12192622950819672,0.08791208791208792,0.0340141415961088,14,18,True,up_in_case,0.31924928264128943
EC,up_in_CKD,NREP,0.20282021528630848,0.11738581058002384,0.08543440470628463,1.8999760646383572,5.0587702577414175,5.0789529408287206e-05,0.010885986996874505,0.11552254098360656,0.1,0.015522540983606559,14,18,True,up_in_case,0.31866214240922464
EC,up_in_CKD,TUBB,0.8360507568420404,0.5822050985310759,0.2538456583109645,1.394464611613806,3.6289710875509886,0.0018758152443186626,0.1385562335843347,0.40010245901639346,0.37216117216117217,0.027941286855221292,14,18,True,up_in_case,0.3038461630701312
EC,up_in_CKD,CALCRL,1.466692970620876,1.1401955136165522,0.32649745700432375,1.2012095623067212,3.280150904872632,0.00308638834235797,0.17798332773659956,0.6372950819672131,0.6347985347985348,0.002496547168678309,14,18,True,up_in_case,0.29399513337848926
EC,up_in_CKD,RAP2B,0.12435232255894679,0.0655860900326573,0.0587662325262895,2.109121877593931,5.602429140562049,1.4961370337711989e-05,0.004824066192368352,0.08196721311475409,0.05054945054945055,0.03141776256530354,14,18,True,up_in_case,0.28712968351470186
EC,up_in_CKD,STMN1,0.3010402115297319,0.15582460520494643,0.1452156063247855,1.650800355327387,4.229306613113738,0.0005952537323267584,0.0651091693058295,0.16521516393442623,0.11575091575091576,0.04946424818351047,14,18,True,up_in_case,0.2843960452240526
EC,up_in_CKD,PPM1A,0.20304942583897848,0.1250219276899676,0.07802749814901089,1.7780543594422544,4.881888144596407,4.858168123687369e-05,0.010568740826934788,0.11910860655737705,0.11318681318681319,0.005921793370563866,14,18,True,up_in_case,0.2741413499219284
EC,up_in_CKD,CTSC,0.35347709134620303,0.2231462435737704,0.13033084777243265,1.551613398573991,4.176842295284205,0.00037097134345591225,0.04773473824362877,0.21362704918032788,0.14835164835164835,0.06527540082867953,14,18,True,up_in_case,0.2671701601642093
EC,up_in_CKD,ABLIM1,0.22003025705064175,0.0785212157609932,0.14150904128964853,1.5844260001605648,4.122700235357622,0.0006203326132437278,0.06706103002646481,0.1365266393442623,0.04725274725274725,0.08927389209151504,14,18,True,up_in_case,0.26311782117672833
EC,up_in_CKD,CFI,0.2493755057930928,0.09924094343125062,0.1501345623618422,1.6088649638168377,4.080546896563226,0.0009207946567428512,0.08709965783679827,0.15061475409836064,0.06996336996336996,0.08065138413499068,14,18,True,up_in_case,0.2560350383007464
EC,up_in_CKD,GPRC5B,0.5213289059237204,0.34427211752853826,0.17705678839518213,1.4393231847780117,3.7961182246795264,0.001136146073582412,0.10225314662241708,0.29149590163934425,0.22893772893772893,0.06255817270161532,14,18,True,up_in_case,0.2523759163007397
EC,up_in_CKD,FAM171A1,0.189802628012804,0.0687863796871166,0.12101624832568741,1.6898112152319957,4.305930840949917,0.0005437714448806463,0.06184983182875571,0.12013319672131148,0.050183150183150185,0.0699500465381613,14,18,True,up_in_case,0.24716476174565394
EC,up_in_CKD,CD36,0.23483280403882353,0.029286189275339825,0.2055466147634837,1.4811226989994724,3.6910721625257965,0.0024357658273746097,0.15734877505061068,0.12704918032786885,0.010622710622710623,0.11642646970515823,14,18,True,up_in_case,0.2445067214608819
EC,down_in_CKD,MT2A,1.0206606679662025,3.2764307304907887,-2.2557700625245865,-4.558898668201698,-13.948890295000636,3.348024028258491e-13,6.207236548391243e-09,0.4853995901639344,0.921978021978022,-0.4365784318140876,14,18,True,down_in_case,84.40041519349072
EC,down_in_CKD,KLF9,0.44364715427131757,1.3272416684916553,-0.8835945142203376,-5.05572116622261,-13.871764454602095,2.4554079958545684e-13,6.207236548391243e-09,0.2617827868852459,0.6842490842490843,-0.42246629736383834,14,18,True,down_in_case,36.662826186053785
EC,down_in_CKD,MT1E,0.4643251274046061,1.581657218272855,-1.117332090868249,-4.189271765580925,-12.755070561077915,1.4381304005817098e-12,1.7775291751189934e-08,0.26895491803278687,0.6871794871794872,-0.4182245691467003,14,18,True,down_in_case,36.2771181189119
EC,down_in_CKD,CEBPB,0.1699426791065959,0.9830130085349267,-0.8130703294283308,-4.245042320442924,-13.347266345297916,2.455445098614621e-11,1.5174650709438358e-07,0.1011782786885246,0.5307692307692308,-0.4295909520807062,14,18,True,down_in_case,23.535491248624446
EC,down_in_CKD,CEBPD,0.3114415788744816,1.6002880264271666,-1.288846447552685,-3.10636510998278,-9.839887492391608,9.233056758052634e-09,1.426507269119132e-05,0.19800204918032788,0.684981684981685,-0.4869796358013571,14,18,True,down_in_case,19.400482577801213
EC,down_in_CKD,TSC22D3,0.45293321714749285,1.1917602469816886,-0.7388270298341957,-3.6249348146095595,-10.920056415611551,1.960912258171471e-11,1.454212530659963e-07,0.2681864754098361,0.6457875457875458,-0.37760107037770974,14,18,True,down_in_case,18.31184879076955
EC,down_in_CKD,SEC14L1,1.079861764416264,1.824234244421574,-0.74437248000531,-3.7849100190860185,-10.304803333521022,2.423782772057074e-10,8.170351380716027e-07,0.5558401639344263,0.8205128205128205,-0.2646726565783942,14,18,True,down_in_case,17.15154859508282
EC,down_in_CKD,MT1M,0.20199627614618754,1.3978931279141993,-1.1958968517680117,-3.0233818206829666,-9.594546759366793,1.6065502138677743e-08,2.1089584194049294e-05,0.12038934426229508,0.6216117216117216,-0.5012223773494265,14,18,True,down_in_case,16.906546571126913
EC,down_in_CKD,FKBP5,0.11069859216575738,0.976326193020862,-0.8656276008551046,-3.498699443476396,-11.061926294533754,1.1804252619665264e-09,2.735635544607425e-06,0.08094262295081968,0.5490842490842491,-0.46814162613342947,14,18,True,down_in_case,16.84776301247211
EC,down_in_CKD,APOLD1,0.08514488104577282,1.1184459425312134,-1.0333010614854405,-3.2075101548593743,-10.20523701022102,7.965583073442046e-09,1.2841905233183959e-05,0.052510245901639344,0.5326007326007326,-0.48009048669909327,14,18,True,down_in_case,16.21158504821194
EC,down_in_CKD,GRASP,0.4596745694487768,1.1783599853586864,-0.7186854159099095,-3.3842869094384365,-9.84896864467643,6.573667027322589e-11,3.0468946671640197e-07,0.25973360655737704,0.6168498168498169,-0.35711621029243984,14,18,True,down_in_case,15.848807233405816
EC,down_in_CKD,MT1X,0.32266066771416396,1.4308998095603331,-1.1082391418461692,-2.804176483549007,-8.827889933351289,3.026465304909709e-08,3.300627456060354e-05,0.19262295081967212,0.6399267399267399,-0.44730378910706775,14,18,True,down_in_case,13.926849295395604
EC,down_in_CKD,ESM1,0.17201675016741033,0.7891804046971191,-0.6171636545297088,-3.3179558991204714,-10.06689521339945,1.8015887189771707e-10,6.68029096996735e-07,0.09042008196721311,0.36336996336996336,-0.2729498814027502,14,18,True,down_in_case,12.645101048980136
EC,down_in_CKD,DUSP1,0.3826492786867917,1.5230619569458141,-1.1404126782590225,-2.5832529426040622,-8.128388830941672,1.055123593664699e-07,9.54243484221635e-05,0.23181352459016394,0.6476190476190476,-0.41580552302888374,14,18,True,down_in_case,11.843821094442472
EC,down_in_CKD,NEDD9,0.2711574858519929,0.7931202184389454,-0.5219627325869525,-3.413123235947897,-9.998442546893065,4.957280268683953e-11,2.625942176611443e-07,0.16290983606557377,0.45567765567765567,-0.29276781961208187,14,18,True,down_in_case,11.723695707628202
EC,down_in_CKD,TSC22D1,0.6806321907643303,1.3680663712099548,-0.6874341804456244,-2.9644872274687106,-8.440213384406205,2.413726806008642e-09,4.710578419305286e-06,0.3524590163934426,0.6183150183150183,-0.2658560019215757,14,18,True,down_in_case,10.855687929389209
EC,down_in_CKD,CSRNP1,0.04722077671424292,0.5361322293972304,-0.48891145268298747,-3.5990928895487744,-11.44419684549839,1.2693176187874186e-09,2.7686057238022047e-06,0.02663934426229508,0.35604395604395606,-0.32940461178166097,14,18,True,down_in_case,9.779607056582476
EC,down_in_CKD,ARRDC2,0.11938638110366058,0.5638154799835533,-0.44442909887989274,-3.646893855294445,-11.522887149965822,5.60350240689755e-10,1.598291301905855e-06,0.07479508196721311,0.3710622710622711,-0.29626718909505795,14,18,True,down_in_case,9.3946318600128
EC,down_in_CKD,PER1,0.10592084106121512,0.41783469307487964,-0.3119138520136645,-3.8983668975465506,-11.565119694444167,2.272914507231759e-12,2.1069917482038406e-08,0.07402663934426229,0.2725274725274725,-0.1985008331832102,14,18,True,down_in_case,9.334077760337324
EC,down_in_CKD,NFKBIA,0.6060579233045102,1.1893181626101612,-0.583260239305651,-2.879350462804319,-8.193812695403988,4.519760575904941e-09,7.980605816883582e-06,0.34451844262295084,0.617948717948718,-0.27343027532576714,14,18,True,down_in_case,8.5615752182959
EC,down_in_CKD,TMEM204,0.6058615807877816,1.2000472881525948,-0.5941857073648131,-2.617893799936281,-7.673719424581085,1.548745052227681e-08,2.1089584194049294e-05,0.34349385245901637,0.6391941391941391,-0.2957002867351228,14,18,True,down_in_case,7.27348270912906
EC,down_in_CKD,TACC1,0.733227441246134,1.329327952468705,-0.5961005112225709,-2.5647448779736606,-7.561780960239854,2.2316664746372656e-08,2.7583397626516603e-05,0.41572745901639346,0.6736263736263737,-0.2578989146099802,14,18,True,down_in_case,6.970546216965929
EC,down_in_CKD,NOSTRIN,0.5487349781429639,1.0086840033465347,-0.45994902520357084,-2.840324529394577,-8.37999197227487,2.783708909964004e-09,5.160996319073264e-06,0.31839139344262296,0.5619047619047619,-0.24351336846213895,14,18,True,down_in_case,6.907308676233708
EC,down_in_CKD,ITPRIP,0.1270923345944072,0.5288341451243415,-0.4017418105299343,-3.0650826576730514,-9.31887819567394,9.96557895764401e-10,2.639454769638857e-06,0.07633196721311475,0.3128205128205128,-0.23648854560739807,14,18,True,down_in_case,6.869190385161353
EC,down_in_CKD,CDC42EP4,0.17022157320602202,0.4757708003943828,-0.30554922718836075,-3.4686780273885476,-10.618033881185756,1.1442237303018299e-10,4.7142017688435393e-07,0.10553278688524591,0.31794871794871793,-0.212415931063472,14,18,True,down_in_case,6.70525031602171
EC,down_in_CKD,HERPUD1,0.5847629028826912,1.1298245755937995,-0.5450616727111083,-2.315422533388692,-7.123468671836614,2.485167244330014e-07,0.00019606383280799348,0.3360655737704918,0.5860805860805861,-0.2500150123100943,14,18,True,down_in_case,4.679172627876637
EC,down_in_CKD,ZFP36,0.3211992047584382,1.3740647536702988,-1.0528655489118606,-1.851110775904768,-5.838602765874161,1.2228822782379828e-05,0.004048613828309322,0.19211065573770492,0.5904761904761905,-0.39836553473848557,14,18,True,down_in_case,4.663289961007775
EC,down_in_CKD,F2RL3,0.025841251479403186,0.3498421738630495,-0.3240009223836463,-3.037132388285124,-9.618293311566442,1.2885618524409539e-08,1.9111949395404226e-05,0.015368852459016393,0.23663003663003662,-0.22126118417102023,14,18,True,down_in_case,4.643354890368907
EC,down_in_CKD,IFNGR1,0.3915958996510396,0.6393107892967872,-0.24771488964574762,-3.12681907382435,-9.209798516336948,3.5157157447712067e-10,1.0863561651343028e-06,0.234375,0.41135531135531134,-0.17698031135531134,14,18,True,down_in_case,4.619495210708907
EC,down_in_CKD,EPAS1,1.768155830603824,2.5020901902977624,-0.7339343596939383,-2.4213801482578368,-6.270810009686219,6.940556044317784e-06,0.0025735581812330343,0.7430840163934426,0.9344322344322344,-0.19134821803879187,14,18,True,down_in_case,4.6018283162185964
EC,down_in_CKD,ANKS1A,0.11655002953723197,0.4164117713638001,-0.2998617418265681,-2.9036089624728025,-8.977146199107537,6.040889856658187e-09,1.0181645267494798e-05,0.07248975409836066,0.28498168498168497,-0.2124919308833243,14,18,True,down_in_case,4.3465992525164285
EC,down_in_CKD,CNN3,1.003646457141916,1.5344664292220367,-0.5308199720801208,-2.2892660632135002,-6.493722575399355,4.091165934381383e-07,0.00029173160162858017,0.5151127049180327,0.7454212454212454,-0.2303085405032127,14,18,True,down_in_case,4.295710181700486
EC,down_in_CKD,MGP,1.3598718144220292,2.499898976567585,-1.1400271621455558,-1.7960893683896604,-4.972223039366398,3.444602147040374e-05,0.008396251402521149,0.49667008196721313,0.8179487179487179,-0.3212786359815048,14,18,True,down_in_case,4.250623288238463
EC,down_in_CKD,SPRY1,0.27555601806386837,0.8879641578501962,-0.6124081397863279,-2.1367370614919694,-6.760815739442111,2.069054215901656e-06,0.0010367639233193702,0.1554815573770492,0.44175824175824174,-0.2862766843811926,14,18,True,down_in_case,3.905147523712267
EC,down_in_CKD,PDK4,0.27587243505912623,0.7171942882275806,-0.44132185316845435,-2.295924767535441,-6.791827368411497,1.8015542206593954e-07,0.0001452209358740226,0.17853483606557377,0.40293040293040294,-0.22439556686482917,14,18,True,down_in_case,3.8887923070195503
EC,down_in_CKD,HLA-E,2.5354800563320077,2.977979566992811,-0.4424995106608032,-2.4010056818749517,-6.686240967629885,3.399135286963189e-07,0.000257224360082847,0.9144467213114754,0.96996336996337,-0.05551664865189454,14,18,True,down_in_case,3.8138417992645133
EC,down_in_CKD,RND3,0.14804577992421297,0.40938614500239073,-0.26134036507817776,-2.77669128047938,-8.621564715617811,1.6494011370750525e-08,2.1089584194049294e-05,0.09195696721311475,0.2600732600732601,-0.16811629286014534,14,18,True,down_in_case,3.393143877091154
EC,down_in_CKD,KIAA1211L,0.050185690226332534,0.23718902875414008,-0.18700333852780754,-3.122193546081341,-9.586219870558521,1.0896879049413914e-09,2.6937085010151195e-06,0.036116803278688527,0.17435897435897435,-0.13824217108028583,14,18,True,down_in_case,3.251898935024757
EC,down_in_CKD,RHOB,0.9252997278780442,1.4818873802218895,-0.5565876523438453,-1.97465757292981,-5.91658492465348,2.3379741217176105e-06,0.0011406852688590657,0.445952868852459,0.7128205128205128,-0.26686764396805385,14,18,True,down_in_case,3.234380814750785
EC,down_in_CKD,CMTM8,0.19628414193587454,0.48631258746839606,-0.2900284455325215,-2.534222497639951,-7.275298253241639,4.398594819567502e-08,4.408105294853053e-05,0.11936475409836066,0.3117216117216117,-0.19235685762325105,14,18,True,down_in_case,3.2014600506304265
IC,top_overall,CEBPD,0.6314719242342514,1.590012357947861,-0.9585404337136098,-5.077265486146146,-13.85977696389941,4.945500697908268e-13,1.8337916587843855e-08,0.45668193586934874,0.8659269533055941,-0.40924501743624536,14,15,True,down_in_case,37.65245175544585
IC,top_overall,HERPUD1,0.8196753010264637,1.48476297950627,-0.6650876784798063,-3.4948403619164323,-9.50265130984663,6.698766508911193e-10,6.315873670249764e-06,0.533559051981677,0.8714748035136385,-0.3379157515319615,14,15,True,down_in_case,12.085743902545593
IC,top_overall,NR4A1,0.12602869221824373,1.0991222103437697,-0.9730935181255259,-3.092375448528316,-8.605913729192132,3.6109068914675086e-07,0.00047818724119862583,0.1360286795459072,0.7762367082755433,-0.6402080287296361,14,15,True,down_in_case,9.991655809084689
IC,top_overall,ARG2,0.164191843070113,0.6811016195911955,-0.5169097765210825,-4.157089677044104,-11.559794936325806,5.907623272857941e-09,2.4339407884174717e-05,0.15156343357896834,0.5709662505779011,-0.4194028169989327,14,15,True,down_in_case,9.914082966182196
IC,top_overall,RASD1,0.27628343860345095,0.9672143769355892,-0.6909309383321383,-3.121397110246001,-8.501164027835012,7.182785202554603e-09,2.6633767531072472e-05,0.20812587134037044,0.6407766990291263,-0.43265082768875585,14,15,True,down_in_case,9.86583150626002
IC,top_overall,FAM24B,0.6192820393514442,1.3118282630345273,-0.692546223683083,-2.9082197471081495,-7.777241165869725,3.445644761949802e-08,8.51763385153991e-05,0.4082852021509659,0.8169209431345353,-0.4086357409835694,14,15,True,down_in_case,8.1966493521243
IC,top_overall,GABARAPL1,0.630625057684531,1.053919065163545,-0.423294007479014,-3.579679575061341,-9.662731291080231,2.9557888901270513e-10,5.480032602295553e-06,0.46026687910774744,0.8095238095238095,-0.3492569304160621,14,15,True,down_in_case,7.972095213565176
IC,top_overall,IER3,0.3157029688996858,1.00992741785776,-0.6942244489580742,-2.8601749500536218,-7.834692542401892,6.671656286013125e-08,0.00015461563442835418,0.2678749253136825,0.5857605177993528,-0.3178855924856703,14,15,True,down_in_case,7.566631310530046
IC,top_overall,JUND,1.196733049666557,2.0811487423941153,-0.8844156927275584,-2.537693219261485,-6.91523160263579,3.016561162502016e-07,0.00046911435447666885,0.7171878111929895,0.9403606102635229,-0.22317279907053345,14,15,True,down_in_case,7.4709011694812055
IC,top_overall,PER1,0.04703903261372181,0.38153496386738606,-0.3344959312536642,-4.286283467836837,-11.887637012027445,1.649981468534286e-09,1.2236262570650267e-05,0.03565026887074288,0.46879334257975036,-0.4331430737090075,14,15,True,down_in_case,7.04305594419167
IC,top_overall,MAP1LC3A,0.5621522902034984,1.0542806633018933,-0.49212837309839486,-3.011466575251684,-8.16815632486882,1.0664491173452186e-08,3.594903024650973e-05,0.41206930890260907,0.8085991678224688,-0.3965298589198597,14,15,True,down_in_case,6.5865966911151785
IC,top_overall,UBE2B,0.5413066549779352,0.8414411337633398,-0.30013447878540467,-3.4433275610174308,-9.285131868301516,6.813240205231676e-10,6.315873670249764e-06,0.4272057359091814,0.7397133610725843,-0.3125076251634029,14,15,True,down_in_case,5.373550940642237
IC,top_overall,PCK1,0.1376615915197396,0.48491275779724,-0.3472511662775004,-3.2087951992459507,-8.696407880695343,2.9832447306332278e-09,1.8248621619354595e-05,0.14220274845648279,0.44521497919556174,-0.30301223073907896,14,15,True,down_in_case,5.280211717797222
IC,top_overall,KRT18,1.1943849332482497,1.7545300440607052,-0.5601451108124555,-2.4840266889287834,-6.712540941725219,3.3496926003514705e-07,0.00047818724119862583,0.6717785301732723,0.9103097549699491,-0.23853122479667688,14,15,True,down_in_case,4.620058515262058
IC,top_overall,PDK4,0.09309025777713265,0.6323178969089494,-0.5392276391318167,-2.750218002900528,-7.646723345276165,1.3038658214993513e-06,0.0011511272538379986,0.10276837283409679,0.5631067961165048,-0.46033842328240804,14,15,True,down_in_case,4.358335168256193
IC,top_overall,ZNF503,0.6366148880603664,0.3212971004755213,0.3153177875848451,2.8969238945685074,7.7873266237547485,2.4152572755339917e-08,6.717752558380625e-05,0.4640509858593906,0.3559870550161812,0.10806393084320937,14,15,True,up_in_case,3.8116290495896967
IC,top_overall,ACTG1,2.136849289481631,2.873135996096713,-0.7362867066150822,-2.0441325075502745,-5.54223229370535,7.602133047635303e-06,0.0036608713429391827,0.8956383190599482,0.986130374479889,-0.09049205541994088,14,15,True,down_in_case,3.6669700599840143
IC,top_overall,KLF6,0.30265475130379954,1.0397879747494538,-0.7371332234456542,-2.172216129943115,-6.025513168626749,1.5824463309288862e-05,0.00523902767418242,0.27305317665803625,0.7295423023578363,-0.4564891256998001,14,15,True,down_in_case,3.6519647061945713
IC,top_overall,KLF9,0.0976135417301401,0.32512756989600416,-0.22751402816586408,-3.184032518459117,-8.579347890711432,3.444993293837167e-09,1.8248621619354595e-05,0.10436168094005178,0.4110032362459547,-0.3066415553059029,14,15,True,down_in_case,3.432822108908076
IC,top_overall,DUSP1,0.5936168197376456,1.33475823431003,-0.7411414145723844,-1.9856669990527587,-5.337308835729137,1.2725369543086933e-05,0.004809555343137322,0.4403505277833101,0.7776236708275543,-0.3372731430442443,14,15,True,down_in_case,3.411153576412309
IC,top_overall,KRT8,1.0828989853296989,1.6374707918467541,-0.5545718065170553,-2.2286160773088235,-6.0852680724426795,2.6820878304488756e-06,0.001989036335060886,0.6401115315674168,0.8876560332871013,-0.24754450171968445,14,15,True,down_in_case,3.3386821427654936
IC,top_overall,EIF1,2.503434386530806,3.0356379313867268,-0.5322035448559208,-2.184736441161463,-5.887899251759424,2.8537590074010643e-06,0.00207485066655748,0.9348735311690898,0.9902912621359223,-0.05541773096683256,14,15,True,down_in_case,3.119605072028193
IC,top_overall,BTG3,0.3756867493947066,0.7086834467849916,-0.33299669739028503,-2.5564886853932696,-6.953538615302909,2.386613797365212e-07,0.00042140780764905744,0.2784305915156343,0.6477115117891817,-0.3692809202735474,14,15,True,down_in_case,2.8733984221254616
IC,top_overall,TP53INP2,0.08477345960241234,0.27657593076562054,-0.1918024711632082,-3.412995555045855,-9.443097840998686,2.5363682798632346e-08,6.717752558380625e-05,0.07906791475801633,0.3550624133148405,-0.2759944985568242,14,15,True,down_in_case,2.731586718846228
IC,top_overall,BTG2,0.31929907779390587,0.8973791946586968,-0.5780801168647909,-2.032216311174348,-5.573956407334585,1.3108661065219855e-05,0.004812565864340121,0.29774945230033856,0.6934812760055479,-0.3957318237052093,14,15,True,down_in_case,2.722706422335453
IC,top_overall,PTP4A1,0.13982029725464246,0.5172728400228309,-0.37745254276818846,-2.4817713533110104,-6.8458403110965085,1.4803359000238732e-06,0.0012475194357473912,0.13841864170483967,0.5584835876098012,-0.4200649459049616,14,15,True,down_in_case,2.7202803090031344
IC,top_overall,TMEM101,0.7316362346845572,1.3062769750279906,-0.5746407403434334,-1.9797957668636794,-5.353535296842828,1.1948926061729799e-05,0.004713469982648308,0.4576777534355706,0.7891816920943134,-0.33150393865874284,14,15,True,down_in_case,2.6469734706424926
IC,top_overall,ZNF593,0.3869300869474274,0.7170020136088872,-0.33007192666145974,-2.534511099018727,-6.9662675286729225,6.97035476492688e-07,0.0007912754838746204,0.3276239792869946,0.6745261211280629,-0.34690214184106827,14,15,True,down_in_case,2.5947689700651124
IC,top_overall,RPS20,0.6806294706920052,0.9811351009116297,-0.3005056302196245,-2.5401748907500377,-6.794453362369904,3.599882046107331e-07,0.00047818724119862583,0.4795857398924517,0.7914932963476653,-0.3119075564552136,14,15,True,down_in_case,2.534585236720462
IC,top_overall,GADD45A,0.3830243130774125,0.8542267052201474,-0.4712023921427349,-2.1802641028799026,-6.007847549568933,7.5434089207995125e-06,0.0036608713429391827,0.28599880501892055,0.6583448913546001,-0.3723460863356795,14,15,True,down_in_case,2.503040926325648
IC,top_overall,SNRPF,0.5548565883582944,0.8654973029233929,-0.31064071456509845,-2.3988343269033257,-6.442807851891265,7.148636014854811e-07,0.0007912754838746204,0.42640908185620396,0.7595931576514101,-0.33318407579520615,14,15,True,down_in_case,2.3112905388343177
IC,top_overall,CREM,0.23563695668713724,0.4816731406439177,-0.24603618395678045,-2.6441655323789433,-7.199868471605521,1.4262988654796402e-07,0.00029381756628880587,0.19757020513841864,0.4919093851132686,-0.29433917997484993,14,15,True,down_in_case,2.2977287376862363
IC,top_overall,SERTAD1,0.1721443231021181,0.6999176843050947,-0.5277733612029766,-2.08705501033041,-5.804928873421947,3.320586957417534e-05,0.00837601118238382,0.17108145787691695,0.5894590846047156,-0.41837762672779866,14,15,True,down_in_case,2.28775793364795
IC,top_overall,PART1,0.3313281281717995,0.7932322620095104,-0.46190413383771084,-2.037000735626368,-5.545164592016919,8.73245152842334e-06,0.0038094035608698526,0.3073093009360685,0.6578825705039297,-0.3505732695678612,14,15,True,down_in_case,2.2761693913142658
IC,top_overall,RCAN1,0.13014827373510574,0.6086156491428377,-0.478467375407732,-2.151697639965618,-5.988016825672956,2.5418865288490344e-05,0.0073064459294358295,0.12089225253933479,0.5154877484974573,-0.3945954959581225,14,15,True,down_in_case,2.199351071773746
IC,top_overall,IRS1,0.052888555557006466,0.21450232536631653,-0.16161376980931005,-3.082200162663156,-8.421993916165189,1.3136616673411686e-08,4.059214552084211e-05,0.04441346345349532,0.29172445677300046,-0.24731099331950515,14,15,True,down_in_case,2.1875491624404813
IC,top_overall,HSPE1,1.5711766423507376,2.111954050262875,-0.5407774079121375,-1.8868070869872064,-5.079809752855109,2.4802506301144924e-05,0.007299023282908363,0.772953594901414,0.9574664817383264,-0.18451288683691236,14,15,True,down_in_case,2.1802020992385445
IC,top_overall,EIF1B,0.6888831419658581,1.0835912301421358,-0.39470808817627767,-2.127161886069407,-5.769601140074455,4.227232743421375e-06,0.0027025136228631826,0.4811790479984067,0.8058252427184466,-0.32464619472003986,14,15,True,down_in_case,2.1563082271962166
IC,top_overall,RBM8A,0.5364974417130336,0.8265038081478728,-0.29000636643483924,-2.395997653027131,-6.531399819829465,7.900924123906733e-07,0.0007977213183153545,0.4118701453893647,0.7147480351363846,-0.30287788974701996,14,15,True,down_in_case,2.1527628637529914
IC,top_overall,SLC25A33,0.0799216190232439,0.2747171823471516,-0.19479556332390768,-2.9849084238391344,-8.238478729376894,1.1258022080904039e-07,0.00024555732868230694,0.0778729336785501,0.34905224225612574,-0.27117930857757566,14,15,True,down_in_case,2.0989344702273662
IC,up_in_CKD,ZNF503,0.6366148880603664,0.3212971004755213,0.3153177875848451,2.8969238945685074,7.7873266237547485,2.4152572755339917e-08,6.717752558380625e-05,0.4640509858593906,0.3559870550161812,0.10806393084320937,14,15,True,up_in_case,3.8116290495896967
IC,up_in_CKD,ITPRIPL2,0.41801429413652097,0.14793191513639953,0.27008237900012144,2.5089344107066904,6.568572484647798,6.1396146167455035e-06,0.003252241571270332,0.2515435172276439,0.2154415164123902,0.03610200081525369,14,15,True,up_in_case,1.685792141713971
IC,up_in_CKD,TBL1XR1,0.40284735348422457,0.22916933168020157,0.173678021804023,2.5773727854571384,6.813682914268725,1.0879999382210142e-06,0.001034436864339364,0.32224656442939653,0.3120665742024965,0.010179990226900026,14,15,True,up_in_case,1.3363170296144757
IC,up_in_CKD,KIAA1217,0.34404068845999547,0.18673171422968346,0.157308974230312,2.3962397772810884,6.432946416410655,7.44401914952663e-07,0.0007912754838746204,0.27504481179047996,0.26953305594082294,0.0055117558496570185,14,15,True,up_in_case,1.1691754359465563
IC,up_in_CKD,PAX2,0.397179879363529,0.19420313856383095,0.20297674079969805,2.2507573544770265,5.928759726970466,1.0728899647791573e-05,0.004371731856484742,0.3027285401314479,0.29033749422098937,0.012391045910458531,14,15,True,up_in_case,1.0778707256205147
IC,up_in_CKD,UBE2QL1,0.29403625854184184,0.14331530329493034,0.1507209552469115,2.3476599863316614,6.285567790895695,1.2180481778293155e-06,0.0011015908886319761,0.23142800238996217,0.20573277854831254,0.025695223841649628,14,15,True,up_in_case,1.0466561264352483
IC,up_in_CKD,SCIN,1.3850989000763987,1.0055042603764408,0.3795946396999579,1.7300386958482523,4.533668243998853,0.00031214663684096903,0.028368620818782185,0.7058354909380602,0.7928802588996764,-0.0870447679616162,14,15,True,up_in_case,1.0160418951320311
IC,up_in_CKD,STT3B,0.5174849308150908,0.28328307466608965,0.2342018561490012,2.0704783335812786,5.442825618958118,3.633579667854573e-05,0.00869246026348694,0.36805417247560246,0.3925104022191401,-0.024456229743537616,14,15,True,up_in_case,0.9993300362368663
IC,up_in_CKD,CD74,0.9333342975238258,0.4099654831482756,0.5233688143755502,1.487744222541722,3.8770236533962517,0.0016107095604140516,0.0684920991974232,0.5214100776737701,0.40129449838187703,0.1201155792918931,14,15,True,up_in_case,0.906615652945863
IC,up_in_CKD,TM9SF2,0.7435677203244901,0.5135595067311268,0.23000821359336332,1.843740903832425,4.955174797456549,3.536208198099887e-05,0.008658262477543078,0.49193387771360286,0.5866851595006934,-0.09475128178709058,14,15,True,up_in_case,0.874685193537021
IC,up_in_CKD,PTBP3,0.790927796895291,0.5231095181015418,0.2678182787937492,1.8176468037016902,4.79668375492463,0.00011367827418267889,0.016202551468173326,0.5104560844453296,0.5742024965325936,-0.06374641208726395,14,15,True,up_in_case,0.8715730745410489
IC,up_in_CKD,TMED2,0.6649975556648897,0.43343825147372417,0.23155930419116555,1.8899184537064315,5.012183669278687,5.0730350468871464e-05,0.01062757850500426,0.47241585341565423,0.5395284327323162,-0.06711257931666198,14,15,True,up_in_case,0.8636879995363288
IC,up_in_CKD,CD164,0.8766751830271594,0.6244220843542476,0.2522530986729118,1.8088319232111663,4.809338278059083,7.317866314299205e-05,0.013172159365738569,0.560246962756423,0.6726768377253814,-0.1124298749689584,14,15,True,up_in_case,0.8579694162701499
IC,up_in_CKD,TSPAN1,0.9010922794423036,0.41324893352544195,0.4878433459168617,1.4653993813781412,3.8317142617400215,0.0015247238288970493,0.06660078065602965,0.4714200358494324,0.3800277392510402,0.09139229659839215,14,15,True,up_in_case,0.8410773833596666
IC,up_in_CKD,MYO6,0.6613759044061298,0.4306285179497577,0.2307473864563721,1.9449423023383352,5.105673800870047,8.301009687618305e-05,0.01406882710512925,0.4347739494124676,0.49930651872399445,-0.06453256931152684,14,15,True,up_in_case,0.8310439942113981
IC,up_in_CKD,HLA-DRA,0.557825196682792,0.17066908424252583,0.38715611244026615,1.600842051552907,4.175246259839716,0.0008529061199891316,0.04865501373722615,0.3300139414459271,0.1821544151641239,0.1478595262818032,14,15,True,up_in_case,0.8136865230249197
IC,up_in_CKD,SPTLC2,0.7158513515729548,0.4310092706236418,0.28484208094931296,1.7555521079884748,4.610111756531833,0.00023339472995014598,0.025012360076738186,0.4329814777932683,0.5127138233934351,-0.07973234560016679,14,15,True,up_in_case,0.8010109506853755
IC,up_in_CKD,CDH1,0.7506498072695524,0.515747820696679,0.23490198657287342,1.8044367735666045,4.800643767763629,7.267867338591108e-05,0.013145976629997964,0.49372634933280224,0.5714285714285714,-0.07770222209576916,14,15,True,up_in_case,0.7973793386657209
IC,up_in_CKD,GALNT3,0.28026149910370474,0.08906332866606116,0.1911981704376436,2.0764148288163105,5.416039494022616,7.718755466485118e-05,0.013374366948470476,0.17665803624775941,0.14054553860379104,0.03611249764396837,14,15,True,up_in_case,0.7438821104349579
IC,up_in_CKD,MARCKS,0.8850508725418057,0.6177523930383784,0.26729847950342733,1.6721916106896522,4.435810904954956,0.00020468511350601914,0.02313107699253712,0.5283808006373233,0.6084142394822006,-0.08003343884487735,14,15,True,up_in_case,0.7311623720835156
IC,up_in_CKD,WFDC2,2.1487507538178154,1.4992931717799292,0.6494575820378863,1.1752457782558476,3.144775117431215,0.004170161048171336,0.11538498733817906,0.7872933678550089,0.5857605177993528,0.20153285005565613,14,15,True,up_in_case,0.715835438302657
IC,up_in_CKD,SGMS1,0.30336033233897286,0.15674079995049658,0.14661953238847628,2.095953289374214,5.522339081078068,2.513799704785335e-05,0.0073064459294358295,0.24377614021111332,0.2325473878871937,0.011228752323919622,14,15,True,up_in_case,0.656499523172601
IC,up_in_CKD,ARID1B,0.3409214968240942,0.16929621462512773,0.17162528219896644,1.996923346702594,5.231366141729751,7.555336920768974e-05,0.01323962521272658,0.27086237801234814,0.2445677300046232,0.026294648007724936,14,15,True,up_in_case,0.6436755202029194
IC,up_in_CKD,KIF12,0.5554715220073413,0.35875812279522895,0.19671339921211234,1.7525058537891858,4.6711247819602,9.350879339133593e-05,0.014945284736856622,0.40111531567416847,0.44706426259824317,-0.045948946924074696,14,15,True,up_in_case,0.6293239501195547
IC,up_in_CKD,CCPG1,0.6772271426038305,0.35975436217101736,0.3174727804328132,1.5427577221192137,4.023399470345667,0.0011607408342204327,0.058084035267062954,0.4039036048595897,0.4637078132223763,-0.059804208362786604,14,15,True,up_in_case,0.6053446991706096
IC,up_in_CKD,SLC43A2,0.8526834899643284,0.6129214066579254,0.23976208330640303,1.5787709315243335,4.2357887341594775,0.0002462139738431723,0.02528978988948706,0.5526787492531369,0.6070272769301895,-0.05434852767705267,14,15,True,up_in_case,0.6045321993369228
IC,up_in_CKD,HOXB3,0.31311582909540886,0.17774531340777344,0.13537051568763542,1.9638243217854972,5.262950515343263,1.6624003094823794e-05,0.005360156823965794,0.25114519020115517,0.2570503929727231,-0.005905202771567919,14,15,True,up_in_case,0.6036843359649584
IC,up_in_CKD,SYPL1,1.0484441847511852,0.8101232508497271,0.23832093390145803,1.572923060569373,4.228952387208422,0.0002446770765814008,0.025271938717655543,0.6279625572595101,0.7480351363846509,-0.1200725791251408,14,15,True,up_in_case,0.5987876965843478
IC,up_in_CKD,CFI,0.214952563076429,0.08161670734483657,0.1333358557315924,2.1209733840221663,5.56811521265392,3.156664997724075e-05,0.008214947738360625,0.19239195379406493,0.14147018030513175,0.050921773488933175,14,15,True,up_in_case,0.5897535172692105
IC,up_in_CKD,RBBP4,0.4800586880526389,0.3231958011594605,0.1568628868931784,1.8674746754329254,4.977667220308268,4.270615004272949e-05,0.009835677289344159,0.3694483170683131,0.42394822006472493,-0.05449990299641183,14,15,True,up_in_case,0.5879828362140724
IC,up_in_CKD,ATP8B1,0.1218643938090453,0.042706697501026555,0.07915769630801875,2.5645449038105603,6.765209839534898,1.575859764576539e-06,0.0012985084460110682,0.09878510256920932,0.07766990291262135,0.021115199656587966,14,15,True,up_in_case,0.5859807166215845
IC,up_in_CKD,MDM4,0.45441650922036264,0.27708462408902385,0.1773318851313388,1.745096528328523,4.6985916309533815,6.8950797512962e-05,0.012978150110561578,0.3730332603067118,0.3828016643550624,-0.00976840404835061,14,15,True,up_in_case,0.5838875409429441
IC,up_in_CKD,PTEN,0.2710524667945747,0.165505278535139,0.10554718825943568,2.20665022394512,5.854616139108249,6.54089794006418e-06,0.0033685624391330527,0.23441545508862777,0.24965325936199723,-0.01523780427336946,14,15,True,up_in_case,0.5758723116054698
IC,up_in_CKD,GOLIM4,0.5782887539546074,0.35128003937783825,0.2270087145767692,1.629262952718765,4.313418920429411,0.00029992894814737526,0.02794312913895647,0.41107349133638715,0.4429033749422099,-0.03182988360582273,14,15,True,up_in_case,0.5746558802496325
IC,up_in_CKD,TM9SF3,0.8188583858748354,0.5308281999165696,0.2880301859582658,1.5054486190998877,3.955423482325598,0.0009527992158033451,0.051426193481787535,0.5094602668791077,0.584835876098012,-0.0753756092189043,14,15,True,up_in_case,0.5588493286929047
IC,up_in_CKD,FAM13A,0.3507172764455797,0.17872040733212285,0.17199686911345685,1.8437965709745119,4.845490151005809,0.00013354711055897116,0.017812686545059894,0.23680541724756024,0.2528895053166898,-0.01608408806912956,14,15,True,up_in_case,0.5547413448920938
IC,up_in_CKD,IFNAR1,0.4150873710523288,0.21954345837278194,0.19554391267954685,1.801673665231988,4.696640614612665,0.0003160718176048115,0.028525249290475205,0.26468830910177255,0.3055940822931114,-0.04090577319133887,14,15,True,up_in_case,0.5442324249431408
IC,up_in_CKD,TMEM106B,0.4878205743077058,0.2835622297237845,0.20425834458392134,1.6944896963755758,4.455128499459706,0.00030515501587319635,0.028077290294238513,0.3594901414060944,0.39620896902450303,-0.03671882761840861,14,15,True,up_in_case,0.5370454638939944
IC,up_in_CKD,SPTBN1,0.6643137580379782,0.46003474611208733,0.20427901192589087,1.6602316105155284,4.38951457422538,0.0002657087870539596,0.0263435342886653,0.47321250746863175,0.5492371705963939,-0.07602466312776213,14,15,True,up_in_case,0.5356291462500474
IC,up_in_CKD,UGT8,0.45116830677719266,0.2637091403785487,0.18745916639864396,1.8010911680324666,4.705909795465687,0.00026534144826642213,0.0263435342886653,0.31009759012148974,0.34581599630143317,-0.03571840617994343,14,15,True,up_in_case,0.5332294804876883
IC,down_in_CKD,CEBPD,0.6314719242342514,1.590012357947861,-0.9585404337136098,-5.077265486146146,-13.85977696389941,4.945500697908268e-13,1.8337916587843855e-08,0.45668193586934874,0.8659269533055941,-0.40924501743624536,14,15,True,down_in_case,37.65245175544585
IC,down_in_CKD,HERPUD1,0.8196753010264637,1.48476297950627,-0.6650876784798063,-3.4948403619164323,-9.50265130984663,6.698766508911193e-10,6.315873670249764e-06,0.533559051981677,0.8714748035136385,-0.3379157515319615,14,15,True,down_in_case,12.085743902545593
IC,down_in_CKD,NR4A1,0.12602869221824373,1.0991222103437697,-0.9730935181255259,-3.092375448528316,-8.605913729192132,3.6109068914675086e-07,0.00047818724119862583,0.1360286795459072,0.7762367082755433,-0.6402080287296361,14,15,True,down_in_case,9.991655809084689
IC,down_in_CKD,ARG2,0.164191843070113,0.6811016195911955,-0.5169097765210825,-4.157089677044104,-11.559794936325806,5.907623272857941e-09,2.4339407884174717e-05,0.15156343357896834,0.5709662505779011,-0.4194028169989327,14,15,True,down_in_case,9.914082966182196
IC,down_in_CKD,RASD1,0.27628343860345095,0.9672143769355892,-0.6909309383321383,-3.121397110246001,-8.501164027835012,7.182785202554603e-09,2.6633767531072472e-05,0.20812587134037044,0.6407766990291263,-0.43265082768875585,14,15,True,down_in_case,9.86583150626002
IC,down_in_CKD,FAM24B,0.6192820393514442,1.3118282630345273,-0.692546223683083,-2.9082197471081495,-7.777241165869725,3.445644761949802e-08,8.51763385153991e-05,0.4082852021509659,0.8169209431345353,-0.4086357409835694,14,15,True,down_in_case,8.1966493521243
IC,down_in_CKD,GABARAPL1,0.630625057684531,1.053919065163545,-0.423294007479014,-3.579679575061341,-9.662731291080231,2.9557888901270513e-10,5.480032602295553e-06,0.46026687910774744,0.8095238095238095,-0.3492569304160621,14,15,True,down_in_case,7.972095213565176
IC,down_in_CKD,IER3,0.3157029688996858,1.00992741785776,-0.6942244489580742,-2.8601749500536218,-7.834692542401892,6.671656286013125e-08,0.00015461563442835418,0.2678749253136825,0.5857605177993528,-0.3178855924856703,14,15,True,down_in_case,7.566631310530046
IC,down_in_CKD,JUND,1.196733049666557,2.0811487423941153,-0.8844156927275584,-2.537693219261485,-6.91523160263579,3.016561162502016e-07,0.00046911435447666885,0.7171878111929895,0.9403606102635229,-0.22317279907053345,14,15,True,down_in_case,7.4709011694812055
IC,down_in_CKD,PER1,0.04703903261372181,0.38153496386738606,-0.3344959312536642,-4.286283467836837,-11.887637012027445,1.649981468534286e-09,1.2236262570650267e-05,0.03565026887074288,0.46879334257975036,-0.4331430737090075,14,15,True,down_in_case,7.04305594419167
IC,down_in_CKD,MAP1LC3A,0.5621522902034984,1.0542806633018933,-0.49212837309839486,-3.011466575251684,-8.16815632486882,1.0664491173452186e-08,3.594903024650973e-05,0.41206930890260907,0.8085991678224688,-0.3965298589198597,14,15,True,down_in_case,6.5865966911151785
IC,down_in_CKD,UBE2B,0.5413066549779352,0.8414411337633398,-0.30013447878540467,-3.4433275610174308,-9.285131868301516,6.813240205231676e-10,6.315873670249764e-06,0.4272057359091814,0.7397133610725843,-0.3125076251634029,14,15,True,down_in_case,5.373550940642237
IC,down_in_CKD,PCK1,0.1376615915197396,0.48491275779724,-0.3472511662775004,-3.2087951992459507,-8.696407880695343,2.9832447306332278e-09,1.8248621619354595e-05,0.14220274845648279,0.44521497919556174,-0.30301223073907896,14,15,True,down_in_case,5.280211717797222
IC,down_in_CKD,KRT18,1.1943849332482497,1.7545300440607052,-0.5601451108124555,-2.4840266889287834,-6.712540941725219,3.3496926003514705e-07,0.00047818724119862583,0.6717785301732723,0.9103097549699491,-0.23853122479667688,14,15,True,down_in_case,4.620058515262058
IC,down_in_CKD,PDK4,0.09309025777713265,0.6323178969089494,-0.5392276391318167,-2.750218002900528,-7.646723345276165,1.3038658214993513e-06,0.0011511272538379986,0.10276837283409679,0.5631067961165048,-0.46033842328240804,14,15,True,down_in_case,4.358335168256193
IC,down_in_CKD,ACTG1,2.136849289481631,2.873135996096713,-0.7362867066150822,-2.0441325075502745,-5.54223229370535,7.602133047635303e-06,0.0036608713429391827,0.8956383190599482,0.986130374479889,-0.09049205541994088,14,15,True,down_in_case,3.6669700599840143
IC,down_in_CKD,KLF6,0.30265475130379954,1.0397879747494538,-0.7371332234456542,-2.172216129943115,-6.025513168626749,1.5824463309288862e-05,0.00523902767418242,0.27305317665803625,0.7295423023578363,-0.4564891256998001,14,15,True,down_in_case,3.6519647061945713
IC,down_in_CKD,KLF9,0.0976135417301401,0.32512756989600416,-0.22751402816586408,-3.184032518459117,-8.579347890711432,3.444993293837167e-09,1.8248621619354595e-05,0.10436168094005178,0.4110032362459547,-0.3066415553059029,14,15,True,down_in_case,3.432822108908076
IC,down_in_CKD,DUSP1,0.5936168197376456,1.33475823431003,-0.7411414145723844,-1.9856669990527587,-5.337308835729137,1.2725369543086933e-05,0.004809555343137322,0.4403505277833101,0.7776236708275543,-0.3372731430442443,14,15,True,down_in_case,3.411153576412309
IC,down_in_CKD,KRT8,1.0828989853296989,1.6374707918467541,-0.5545718065170553,-2.2286160773088235,-6.0852680724426795,2.6820878304488756e-06,0.001989036335060886,0.6401115315674168,0.8876560332871013,-0.24754450171968445,14,15,True,down_in_case,3.3386821427654936
IC,down_in_CKD,EIF1,2.503434386530806,3.0356379313867268,-0.5322035448559208,-2.184736441161463,-5.887899251759424,2.8537590074010643e-06,0.00207485066655748,0.9348735311690898,0.9902912621359223,-0.05541773096683256,14,15,True,down_in_case,3.119605072028193
IC,down_in_CKD,BTG3,0.3756867493947066,0.7086834467849916,-0.33299669739028503,-2.5564886853932696,-6.953538615302909,2.386613797365212e-07,0.00042140780764905744,0.2784305915156343,0.6477115117891817,-0.3692809202735474,14,15,True,down_in_case,2.8733984221254616
IC,down_in_CKD,TP53INP2,0.08477345960241234,0.27657593076562054,-0.1918024711632082,-3.412995555045855,-9.443097840998686,2.5363682798632346e-08,6.717752558380625e-05,0.07906791475801633,0.3550624133148405,-0.2759944985568242,14,15,True,down_in_case,2.731586718846228
IC,down_in_CKD,BTG2,0.31929907779390587,0.8973791946586968,-0.5780801168647909,-2.032216311174348,-5.573956407334585,1.3108661065219855e-05,0.004812565864340121,0.29774945230033856,0.6934812760055479,-0.3957318237052093,14,15,True,down_in_case,2.722706422335453
IC,down_in_CKD,PTP4A1,0.13982029725464246,0.5172728400228309,-0.37745254276818846,-2.4817713533110104,-6.8458403110965085,1.4803359000238732e-06,0.0012475194357473912,0.13841864170483967,0.5584835876098012,-0.4200649459049616,14,15,True,down_in_case,2.7202803090031344
IC,down_in_CKD,TMEM101,0.7316362346845572,1.3062769750279906,-0.5746407403434334,-1.9797957668636794,-5.353535296842828,1.1948926061729799e-05,0.004713469982648308,0.4576777534355706,0.7891816920943134,-0.33150393865874284,14,15,True,down_in_case,2.6469734706424926
IC,down_in_CKD,ZNF593,0.3869300869474274,0.7170020136088872,-0.33007192666145974,-2.534511099018727,-6.9662675286729225,6.97035476492688e-07,0.0007912754838746204,0.3276239792869946,0.6745261211280629,-0.34690214184106827,14,15,True,down_in_case,2.5947689700651124
IC,down_in_CKD,RPS20,0.6806294706920052,0.9811351009116297,-0.3005056302196245,-2.5401748907500377,-6.794453362369904,3.599882046107331e-07,0.00047818724119862583,0.4795857398924517,0.7914932963476653,-0.3119075564552136,14,15,True,down_in_case,2.534585236720462
IC,down_in_CKD,GADD45A,0.3830243130774125,0.8542267052201474,-0.4712023921427349,-2.1802641028799026,-6.007847549568933,7.5434089207995125e-06,0.0036608713429391827,0.28599880501892055,0.6583448913546001,-0.3723460863356795,14,15,True,down_in_case,2.503040926325648
IC,down_in_CKD,SNRPF,0.5548565883582944,0.8654973029233929,-0.31064071456509845,-2.3988343269033257,-6.442807851891265,7.148636014854811e-07,0.0007912754838746204,0.42640908185620396,0.7595931576514101,-0.33318407579520615,14,15,True,down_in_case,2.3112905388343177
IC,down_in_CKD,CREM,0.23563695668713724,0.4816731406439177,-0.24603618395678045,-2.6441655323789433,-7.199868471605521,1.4262988654796402e-07,0.00029381756628880587,0.19757020513841864,0.4919093851132686,-0.29433917997484993,14,15,True,down_in_case,2.2977287376862363
IC,down_in_CKD,SERTAD1,0.1721443231021181,0.6999176843050947,-0.5277733612029766,-2.08705501033041,-5.804928873421947,3.320586957417534e-05,0.00837601118238382,0.17108145787691695,0.5894590846047156,-0.41837762672779866,14,15,True,down_in_case,2.28775793364795
IC,down_in_CKD,PART1,0.3313281281717995,0.7932322620095104,-0.46190413383771084,-2.037000735626368,-5.545164592016919,8.73245152842334e-06,0.0038094035608698526,0.3073093009360685,0.6578825705039297,-0.3505732695678612,14,15,True,down_in_case,2.2761693913142658
IC,down_in_CKD,RCAN1,0.13014827373510574,0.6086156491428377,-0.478467375407732,-2.151697639965618,-5.988016825672956,2.5418865288490344e-05,0.0073064459294358295,0.12089225253933479,0.5154877484974573,-0.3945954959581225,14,15,True,down_in_case,2.199351071773746
IC,down_in_CKD,IRS1,0.052888555557006466,0.21450232536631653,-0.16161376980931005,-3.082200162663156,-8.421993916165189,1.3136616673411686e-08,4.059214552084211e-05,0.04441346345349532,0.29172445677300046,-0.24731099331950515,14,15,True,down_in_case,2.1875491624404813
IC,down_in_CKD,HSPE1,1.5711766423507376,2.111954050262875,-0.5407774079121375,-1.8868070869872064,-5.079809752855109,2.4802506301144924e-05,0.007299023282908363,0.772953594901414,0.9574664817383264,-0.18451288683691236,14,15,True,down_in_case,2.1802020992385445
IC,down_in_CKD,EIF1B,0.6888831419658581,1.0835912301421358,-0.39470808817627767,-2.127161886069407,-5.769601140074455,4.227232743421375e-06,0.0027025136228631826,0.4811790479984067,0.8058252427184466,-0.32464619472003986,14,15,True,down_in_case,2.1563082271962166
IC,down_in_CKD,RBM8A,0.5364974417130336,0.8265038081478728,-0.29000636643483924,-2.395997653027131,-6.531399819829465,7.900924123906733e-07,0.0007977213183153545,0.4118701453893647,0.7147480351363846,-0.30287788974701996,14,15,True,down_in_case,2.1527628637529914
IC,down_in_CKD,SLC25A33,0.0799216190232439,0.2747171823471516,-0.19479556332390768,-2.9849084238391344,-8.238478729376894,1.1258022080904039e-07,0.00024555732868230694,0.0778729336785501,0.34905224225612574,-0.27117930857757566,14,15,True,down_in_case,2.0989344702273662
IC,down_in_CKD,RPL36AL,1.368959167480527,1.8109936783168936,-0.4420345108363666,-2.041532966917607,-5.439331363650258,1.3539883201389228e-05,0.004817629156340496,0.7371041625174268,0.9311141932501156,-0.19401003073268874,14,15,True,down_in_case,2.0910761118527335
IMM,top_overall,CXCR4,0.5114150065675448,1.8235914780707796,-1.3121764715032347,-4.56788582025389,-12.854852467655034,1.078085648896454e-12,1.3325138620360172e-08,0.2879581151832461,0.7834836918806385,-0.4955255766973924,14,16,True,down_in_case,47.20371192014687
IMM,top_overall,SRGN,1.0229525322265174,2.2049234881357136,-1.1819709559091962,-4.573507900668301,-12.521616799197638,6.49431944337036e-13,1.2040468248008647e-08,0.5104712041884817,0.8417765440666204,-0.3313053398781387,14,16,True,down_in_case,42.81008982513279
IMM,top_overall,TSC22D3,0.6871474633428193,1.8532768681601035,-1.1661294048172843,-4.025663903345678,-11.224249486098119,9.747719328217585e-12,9.036135817257702e-08,0.3641652123327516,0.7952810548230396,-0.43111584249028795,14,16,True,down_in_case,33.06775192293923
IMM,top_overall,SMAP2,0.33238624551380586,0.8456147895387568,-0.5132285440249509,-4.762530044129504,-13.229460222734012,1.7100559300593307e-13,6.340887388659998e-09,0.20724258289703315,0.476058292852186,-0.2688157099551528,14,16,True,down_in_case,20.037728884103142
IMM,top_overall,FKBP5,0.13529741078086202,0.8009072737096897,-0.6656098629288277,-4.562873054075344,-13.206862485473764,1.0360278742669239e-10,6.40265226296959e-07,0.08551483420593368,0.4344205412907703,-0.3489057070848366,14,16,True,down_in_case,18.81066285386141
IMM,top_overall,DDIT4,0.24578295153084087,0.996892743140648,-0.7511097916098072,-3.983244043237125,-11.38624422183984,1.34334770642675e-10,7.115904707757699e-07,0.14485165794066318,0.5065926439972241,-0.36174098605656096,14,16,True,down_in_case,18.39322745657865
IMM,top_overall,BTG1,1.2084124778349747,2.1600014998186254,-0.9515890219836507,-2.8355147871751987,-7.8549202842114925,1.521498577844312e-08,4.339782097420545e-05,0.589586969168121,0.8619014573213046,-0.2723144881531836,14,16,True,down_in_case,11.771179241093481
IMM,top_overall,METRNL,0.2592702602328559,0.7134644765464114,-0.45419421631355555,-3.6414292506652077,-10.3828823057749,5.154640120583601e-10,2.3891756958904992e-06,0.1602675974403723,0.3809854267869535,-0.2207178293465812,14,16,True,down_in_case,9.297906023936541
IMM,top_overall,HMGB2,0.32141558536893344,0.6734579469830263,-0.35204236161409286,-3.734778033390859,-10.264195839276761,5.579791771736194e-11,4.1379735779195617e-07,0.19444444444444445,0.40041637751561415,-0.2059719330711697,14,16,True,down_in_case,8.39264801875978
IMM,top_overall,CEBPD,0.49825156979766755,1.255658050757187,-0.7574064809595196,-2.600825706086513,-7.350532820641489,1.1447400437868749e-07,0.00022340505696640694,0.24796393251890633,0.4399722414989591,-0.19200830898005275,14,16,True,down_in_case,7.191856880710883
IMM,top_overall,ISG20,0.3330004154849847,0.8053894636489428,-0.4723890481639581,-3.0983166559194624,-8.430055942548732,4.949034506578869e-09,1.5292516625328704e-05,0.18368237347294938,0.44136016655100624,-0.2576777930780568,14,16,True,down_in_case,7.048048869516911
IMM,top_overall,SLA,0.22489406365154693,0.5687318541590579,-0.34383779050751095,-3.464474856707961,-9.964986149558918,3.668792209867195e-09,1.2367165012897781e-05,0.13510762070971494,0.3421235253296322,-0.20701590461991726,14,16,True,down_in_case,5.846173087060123
IMM,top_overall,HERPUD1,0.4740749679072352,0.977764350205234,-0.5036893822979989,-2.5281520871416174,-7.183626557947785,2.393742336597844e-07,0.0003698331910043669,0.25770796974985455,0.4621790423317141,-0.20447107258185954,14,16,True,down_in_case,4.37031284864275
IMM,top_overall,MCL1,0.3840739707847261,0.7597449104986419,-0.3756709397139158,-2.7575451285174153,-7.765328693973578,3.473844365611815e-08,8.587343271792406e-05,0.24650959860383945,0.42886884108258155,-0.1823592424787421,14,16,True,down_in_case,4.212235879136467
IMM,top_overall,SAP30,0.08535947454501804,0.34198571523003657,-0.25662624068501855,-3.2948960883213263,-9.382966975892085,2.848823084588002e-09,1.0563435997652312e-05,0.058900523560209424,0.19986120749479527,-0.14096068393458586,14,16,True,down_in_case,4.207655329808391
IMM,top_overall,CEBPB,0.5012088695430923,0.9109948933313022,-0.40978602378820994,-2.7023993575451306,-7.296227610326727,1.058318415372232e-07,0.00022340505696640694,0.27123327515997675,0.45593337959750174,-0.184700104437525,14,16,True,down_in_case,4.043034446376196
IMM,top_overall,PRDM1,0.14320588757864197,0.45980225628942284,-0.3165963687107809,-2.992467174736574,-8.61768011818253,4.484774280637963e-08,0.0001039346439537848,0.08915066899360093,0.25190839694656486,-0.16275772795296395,14,16,True,down_in_case,3.7737381538071233
IMM,top_overall,CELF2,0.42835563718282066,0.7913072891433951,-0.36295165196057444,-2.6326635045069744,-7.466734177681615,1.1052147060414331e-07,0.00022340505696640694,0.25625363583478766,0.43719639139486466,-0.180942755560077,14,16,True,down_in_case,3.4885495890378793
IMM,top_overall,CYTIP,0.322933230319742,0.7345100053272884,-0.41157677500754636,-2.3618313018794796,-6.6028319133254865,4.450145220458243e-07,0.000611153276942932,0.1893542757417103,0.42956280360860516,-0.24020852786689487,14,16,True,down_in_case,3.12410280988933
IMM,top_overall,ZFP36L2,1.001885194195689,1.5965493268372557,-0.5946641326415667,-2.087041793094835,-5.903582624801053,3.9970294971739e-06,0.0031534011437278344,0.5049447353112274,0.7536433032616239,-0.24869856795039647,14,16,True,down_in_case,3.104237339700583
IMM,top_overall,SOCS1,0.16088763594566766,0.5064993536996841,-0.34561171775401645,-2.6531969315281705,-7.657901443119023,3.3826113245680613e-07,0.0004824124150576297,0.08900523560209424,0.29562803608605137,-0.20662280048395715,14,16,True,down_in_case,3.0412254905543947
IMM,top_overall,RGS1,0.24149435313392092,0.8043910827162224,-0.5628967295823015,-2.1608917605293074,-6.202842410960958,4.2514135032263315e-06,0.003284216931242341,0.14252472367655614,0.3657182512144344,-0.22319352753787827,14,16,True,down_in_case,3.02091025278211
IMM,top_overall,GLUL,0.24927668743817125,0.6027260923344491,-0.35344940489627785,-2.4351835665728685,-6.871889213073077,3.292140177340972e-07,0.0004824124150576297,0.14979639325189065,0.3386537126995142,-0.18885731944762357,14,16,True,down_in_case,2.8546287548525457
IMM,top_overall,TXNIP,1.6242163763305963,2.2269564251867506,-0.6027400488561543,-1.9840050859631386,-5.633348332271271,9.113629686730762e-06,0.005647339761639808,0.689499709133217,0.8022206800832755,-0.11272097095005851,14,16,True,down_in_case,2.6884334469976143
IMM,top_overall,SEC14L1,0.17489088615619033,0.3260286558875787,-0.15113776973138834,-3.2636592045732074,-9.00912180515228,9.150590566071535e-10,3.7700433132214726e-06,0.1111111111111111,0.21929215822345594,-0.10818104711234483,14,16,True,down_in_case,2.6752831919115425
IMM,top_overall,ZFP36L1,0.8544388551198978,0.47262578796000115,0.38181306715989666,2.355463240760965,6.297067311899173,1.8779465252351022e-06,0.001989550204449074,0.4408086096567772,0.2866065232477446,0.1542020864090326,14,16,True,up_in_case,2.4293557143854163
IMM,top_overall,CLEC4E,0.03182888671323065,0.2501814685089249,-0.21835258179569428,-2.931141629609959,-8.506223660127727,1.367323420761277e-07,0.0002535017622091408,0.02530541012216405,0.1443442054129077,-0.11903879529074365,14,16,True,down_in_case,2.3015325149134647
IMM,top_overall,AKAP13,0.37997340566674714,0.6999213684339674,-0.3199479627672202,-2.3305179529991267,-6.583023328329408,6.992590160900757e-07,0.0008642841438873336,0.23342059336823734,0.41290770298403884,-0.1794871096158015,14,16,True,down_in_case,2.2841651103801017
IMM,top_overall,GRASP,0.0373253925931236,0.263106445831985,-0.2257810532388614,-2.8572331286859436,-8.307550512792734,2.384030307450431e-07,0.0003698331910043669,0.027923211169284468,0.16793893129770993,-0.14001572012842545,14,16,True,down_in_case,2.2140106525719863
IMM,top_overall,JDP2,0.06755229489828565,0.23372352051180398,-0.16617122561351833,-3.0353323773543788,-8.733210017956353,3.26665828375591e-08,8.587343271792406e-05,0.04784758580570099,0.157529493407356,-0.10968190760165501,14,16,True,down_in_case,2.05090021578592
IMM,top_overall,NUDT16,0.12601857107988182,0.4084370745677789,-0.2824185034878971,-2.5334209430601193,-7.371722324607886,1.2688946436224413e-06,0.0014703316682975038,0.09016870273414776,0.2366412213740458,-0.14647251863989805,14,16,True,down_in_case,2.026671718487963
IMM,top_overall,FPR1,0.06573323304045185,0.2763827099309184,-0.21064947689046654,-2.6471589509340516,-7.565232020725523,1.620412408374156e-07,0.0002731131459205168,0.050319953461314716,0.17904233171408743,-0.12872237825277272,14,16,True,down_in_case,1.987176074202119
IMM,top_overall,SYTL3,0.035221808055334376,0.2839900958511081,-0.24876828779577376,-2.6325605949139534,-7.684585778149853,1.0307975423478698e-06,0.0012329668667825488,0.02385107620709715,0.16863289382373353,-0.1447818176166364,14,16,True,down_in_case,1.905128918352313
IMM,top_overall,ELF1,0.39763854297364404,0.6569117177557368,-0.2592731747820927,-2.3100826058454853,-6.42120825178447,6.296465268725325e-07,0.000833831900586911,0.24927283304246656,0.4073560027758501,-0.15808316973338354,14,16,True,down_in_case,1.8440967865907056
IMM,top_overall,NFKBIA,0.5096526581794522,0.988624845380469,-0.47897218720101686,-1.924248296167201,-5.525149761664111,1.966615770892634e-05,0.010128071220097066,0.2914485165794066,0.5399028452463567,-0.24845432866695005,14,16,True,down_in_case,1.8382290411539215
IMM,top_overall,STK17B,0.45945573512761667,0.7593741978743256,-0.2999184627467089,-2.151883560647242,-5.973160887125174,2.0338058256369156e-06,0.002038203243638293,0.2719604421175102,0.42748091603053434,-0.15552047391302415,14,16,True,down_in_case,1.7365837127748547
IMM,top_overall,PIK3R1,0.23652686425677935,0.4929643050424504,-0.2564374407856711,-2.303234038073994,-6.580224023426791,1.353240337669308e-06,0.001520550052144786,0.14397905759162305,0.28591256072172105,-0.141933503130098,14,16,True,down_in_case,1.6644102507526113
IMM,top_overall,CD163,0.10277667201572571,0.3747868808171791,-0.2720102088014534,-2.298370250705209,-6.632942535156312,2.4933263872181843e-06,0.002254940059464641,0.07097149505526469,0.18875780707841777,-0.11778631202315308,14,16,True,down_in_case,1.6547675141705462
IMM,top_overall,PPP2R5C,0.3616634054065542,0.6026019185440615,-0.24093851313750736,-2.1885643879465877,-6.1919276065462245,1.969837709809369e-06,0.00202893284110365,0.21495055264688773,0.33102012491325467,-0.11606957226636694,14,16,True,down_in_case,1.419903201701932
IMM,top_overall,SPON2,0.12690213186353036,0.3668989373865884,-0.23999680552305805,-2.220706566756866,-6.347858988628953,2.3654300856642907e-06,0.002248978142985433,0.06195462478184991,0.15405968077723803,-0.09210505599538812,14,16,True,down_in_case,1.4112925217532812
IMM,up_in_CKD,ZFP36L1,0.8544388551198978,0.47262578796000115,0.38181306715989666,2.355463240760965,6.297067311899173,1.8779465252351022e-06,0.001989550204449074,0.4408086096567772,0.2866065232477446,0.1542020864090326,14,16,True,up_in_case,2.4293557143854163
IMM,up_in_CKD,HNRNPH1,1.553331889815072,1.0851349815460156,0.46819690826905647,1.7188515600326515,4.598835514017935,0.00012047412965307576,0.03602565102851653,0.7107329842931938,0.5863983344899375,0.12433464980325626,14,16,True,up_in_case,1.1615824808530701
IMM,up_in_CKD,TNF,0.2503961955801639,0.09442114244398626,0.15597505313617765,2.21960344539288,5.862549437843016,9.152382068854842e-06,0.005647339761639808,0.13830715532286214,0.06037473976405274,0.07793241555880939,14,16,True,up_in_case,0.778317852829099
IMM,up_in_CKD,LTB,1.0636920785908592,0.5159174405287072,0.547774638062152,1.5138762614047614,3.9544974420043206,0.0009532323602538523,0.12906582459427962,0.41244909831297266,0.26717557251908397,0.1452735257938887,14,16,True,up_in_case,0.7373713405583066
IMM,up_in_CKD,JUN,1.3456877945587293,0.8755228362284624,0.47016495833026695,1.3621646094736586,3.7818881185637103,0.0007600507090479376,0.11529716705908648,0.5542466550319953,0.44274809160305345,0.11149856342894188,14,16,True,up_in_case,0.6008508115392828
IMM,up_in_CKD,MAP3K1,0.24691186746053853,0.11029854655835807,0.13661332090218048,1.9456620744353406,5.199505270031579,2.7648669895510547e-05,0.012460961430865157,0.14688772542175685,0.08327550312283137,0.06361222229892548,14,16,True,up_in_case,0.5062087914178945
IMM,up_in_CKD,IER2,1.3350090536821804,0.9903719031050024,0.3446371505771779,1.3361920267983585,3.6337603305234034,0.0011634604856718463,0.14143202148537,0.590023269342641,0.5038167938931297,0.08620647544951132,14,16,True,up_in_case,0.39117396174094377
IMM,up_in_CKD,RBM6,0.31207173059548243,0.20573623459401696,0.10633549600146547,1.7073351472298048,4.696616893320739,6.379052143990589e-05,0.0236535253499171,0.19051774287376383,0.14642609299097847,0.044091649882785355,14,16,True,up_in_case,0.2952197395702379
IMM,up_in_CKD,SP1,0.11777238334177516,0.0540749122304326,0.06369747111134255,1.9960924563193894,5.468956669184143,7.95663028082802e-06,0.005364215469329145,0.07547993019197208,0.040943789035392086,0.03453614115657999,14,16,True,up_in_case,0.2886842972741656
IMM,up_in_CKD,ZMIZ2,0.09535313253462804,0.045836781688552576,0.04951635084607547,2.0492894684654104,5.57245490303223,6.712826511096759e-06,0.004696445415688072,0.05977312390924956,0.03678001387925052,0.022993110029999042,14,16,True,up_in_case,0.23625333893652528
IMM,up_in_CKD,CEBPA,0.12184594910588384,0.04635494105549653,0.0754910080503873,1.915522941415435,5.033655773541678,7.245533554100237e-05,0.025108820951966055,0.0780977312390925,0.030534351145038167,0.047563380094054336,14,16,True,up_in_case,0.23139272744919923
IMM,up_in_CKD,IGKC,0.364807222990569,0.06562651303633302,0.29918070995423596,1.2303751638960287,3.1878057547502254,0.00573442985448647,0.2691552645624789,0.09613147178592205,0.013879250520471894,0.08225222126545015,14,16,True,up_in_case,0.2098185138576281
IMM,up_in_CKD,TP53,0.1323057548033694,0.059007012184461353,0.07329874261890804,1.7459763880104238,4.690534646858481,8.726647894773029e-05,0.028891437851623566,0.08885980221058755,0.05343511450381679,0.035424687706770756,14,16,True,up_in_case,0.196987490819785
IMM,up_in_CKD,TLR10,0.11374588296386798,0.013246265342442207,0.10049961762142577,1.7336514683746294,4.482365746972822,0.00040337543497549625,0.07830974413032148,0.06428155904595695,0.010409437890353921,0.053872121155603025,14,16,True,up_in_case,0.19273192102864073
IMM,up_in_CKD,MDM4,0.5365310740779107,0.3757332548679261,0.1607978192099846,1.3406814108304088,3.6603715642881753,0.0010622901407351096,0.1358266152360616,0.31777196044211753,0.2366412213740458,0.08113073906807172,14,16,True,up_in_case,0.18690994696133428
IMM,up_in_CKD,SESN3,0.1805455013868258,0.09432887468970316,0.08621662669712263,1.711391826374204,4.486792314065614,0.0002659383070757282,0.058349067611644975,0.112565445026178,0.06731436502428868,0.04525108000188932,14,16,True,up_in_case,0.18207222589622654
IMM,up_in_CKD,EMP3,1.2454099507210772,0.9702443470141252,0.275165603706952,1.1581227949398998,3.045627381393401,0.006570268653140475,0.2886558787422379,0.5890052356020943,0.49757113115891743,0.09143410444317684,14,16,True,up_in_case,0.17196357501240156
IMM,up_in_CKD,PDS5B,0.16290888421570507,0.09432182428199658,0.06858705993370849,1.6095753039414715,4.422485838422507,0.00013502286792100484,0.03884408268762229,0.10136707388016289,0.07078417765440666,0.03058289622575623,14,16,True,up_in_case,0.15573294503739735
IMM,up_in_CKD,DDX17,0.8858268374842365,0.7351547488603503,0.15067208862388626,1.2889816088739816,3.5058487959469806,0.001616963060277933,0.16189927457729755,0.4781849912739965,0.42401110340041637,0.05417388787358013,14,16,True,up_in_case,0.1535753555596246
IMM,up_in_CKD,POU2F2,0.2981788872777561,0.17529451902021714,0.12288436825753896,1.4266113431594178,3.7865170892518054,0.0010426219209821932,0.13495640911575715,0.16928446771378708,0.11866759195003469,0.050616875763752386,14,16,True,up_in_case,0.15248423865572241
IMM,up_in_CKD,FAM199X,0.09401941212309994,0.04500959464494661,0.049009817478153334,1.7526397430385505,4.8029523770159726,4.8564248542575814e-05,0.019157046127220332,0.056719022687609075,0.03469812630117974,0.022020896386429338,14,16,True,up_in_case,0.1475420587402121
IMM,up_in_CKD,CISH,0.14217777111467672,0.05344860365737236,0.08872916745730436,1.573279250365726,4.147788046822491,0.0005024886982197499,0.08788811759428455,0.070826061663758,0.03678001387925052,0.03404604778450748,14,16,True,up_in_case,0.14742286949627512
IMM,up_in_CKD,JUND,1.8963638752991727,1.5931766262232063,0.3031872490759664,0.9944336305431125,2.720278843581612,0.011157496307295707,0.3474213754522889,0.7821407795229784,0.7536433032616239,0.02849747626135457,14,16,True,up_in_case,0.13843156948309038
IMM,up_in_CKD,EPS8,0.1115552598237878,0.04607002829382978,0.06548523152995803,1.7191592838134366,4.491242605379221,0.0002913062667394184,0.06291493169717755,0.07053519488074463,0.034004163775156145,0.03653103110558848,14,16,True,up_in_case,0.13523575705439092
IMM,up_in_CKD,LFNG,0.1916669731004112,0.09468022003191504,0.09698675306849616,1.5449950355271915,4.0166530548697645,0.0009246226953183071,0.12665333816726718,0.11489237929028505,0.06662040249826509,0.04827197679201996,14,16,True,up_in_case,0.1344675587336777
IMM,up_in_CKD,LGALS2,0.3096294798248014,0.1492409179832685,0.16038856184153288,1.2823525675127259,3.352205345847296,0.003569737729869111,0.22634455855756694,0.16797556719022688,0.08258154059680778,0.0853940265934191,14,16,True,up_in_case,0.13270746441861378
IMM,up_in_CKD,DYNLL1,0.9966095390483697,0.8230523719458408,0.1735571671025289,1.13248510770377,3.1901798381941995,0.00375113537126051,0.23062010616613673,0.5203606748109366,0.472588480222068,0.04777219458886861,14,16,True,up_in_case,0.12522313958511075
IMM,up_in_CKD,SH2D3C,0.09995891062749145,0.038867345755810356,0.06109156487168109,1.613195890160967,4.322357315516357,0.00023535269860428898,0.054204211579174134,0.055991855730075625,0.029840388619014575,0.02615146711106105,14,16,True,up_in_case,0.12476441392584808
IMM,up_in_CKD,SPTBN1,0.1488905221866679,0.059105220716349424,0.08978530147031848,1.5013423798243424,3.9450615528035535,0.0008609650349190135,0.12231641185745985,0.08493310063990692,0.046495489243580844,0.03843761139632607,14,16,True,up_in_case,0.12300566936454965
IMM,up_in_CKD,ACADM,0.17178038877383203,0.10716988407815398,0.06461050469567806,1.4867422028999433,4.1417312614617785,0.0002966607292305205,0.06291493169717755,0.1067481093659104,0.0798056904927134,0.02694241887319701,14,16,True,up_in_case,0.11539071260500294
IMM,up_in_CKD,TRIM13,0.13229538712174455,0.07562989122123209,0.05666549590051245,1.540507084886138,4.275331659703366,0.0002027664172885643,0.04946433390171029,0.08464223385689354,0.05412907702984039,0.030513156827053148,14,16,True,up_in_case,0.11397993471533971
IMM,up_in_CKD,CSK,0.42500913003459384,0.2950547153965286,0.12995441463806523,1.2663785989900207,3.3624083254864896,0.0028586720189655497,0.20662681961645726,0.24898196625945318,0.19777931991672448,0.0512026463427287,14,16,True,up_in_case,0.11270074630033265
IMM,up_in_CKD,KIF22,0.1561370844276227,0.0862959401654004,0.0698411442622223,1.450573343689996,4.0088555298510995,0.00041077345965169216,0.07933062439523304,0.10383944153577661,0.07217210270645386,0.03166733882932275,14,16,True,up_in_case,0.11149731741165399
IMM,up_in_CKD,GPR174,0.22104764408355762,0.0726794346428381,0.14836820944071952,1.210053161142438,3.19964592389248,0.0043768221426910186,0.2424130128109743,0.11532867946480511,0.04580152671755725,0.06952715274724786,14,16,True,up_in_case,0.11049277937204793
IMM,up_in_CKD,GLS,0.3360376803443838,0.23554100732691535,0.10049667301746845,1.3611269578541896,3.6114154027073893,0.001595086645842037,0.16072479047651025,0.19575334496800464,0.15128383067314366,0.044469514294860985,14,16,True,up_in_case,0.10859891682316794
IMM,up_in_CKD,CCR2,0.08812734542849622,0.03405879377262428,0.05406855165587194,1.5465192464948814,4.203576723025213,0.0002614769789482993,0.058349067611644975,0.05962769051774287,0.02914642609299098,0.030481264424751894,14,16,True,up_in_case,0.1031818444377987
IMM,up_in_CKD,NSUN6,0.18871725847825846,0.1051030707119113,0.08361418776634716,1.3496751284723014,3.7053495011483517,0.0009256487228513863,0.12665333816726718,0.10936591041303083,0.07494795281054822,0.034417957602482604,14,16,True,up_in_case,0.10127149752716741
IMM,up_in_CKD,SIT1,0.24728530980452504,0.11690614737340374,0.1303791624311213,1.223380638452186,3.21386499102059,0.004559597520769524,0.24667078939018774,0.13161721931355438,0.0791117279666898,0.05250549134686458,14,16,True,up_in_case,0.09695925521559447
IMM,up_in_CKD,TBL1XR1,0.3003379156510939,0.2231508798226219,0.077187035828472,1.3822875854043575,3.743914566540553,0.0009015056065331525,0.1251978572668513,0.1778650378126818,0.14781401804302569,0.0300510197696561,14,16,True,up_in_case,0.09628161164833073
IMM,up_in_CKD,TAB2,0.13052298876092225,0.07760183878392646,0.05292114997699579,1.5020757162890317,4.1121707484686665,0.0003167418625793034,0.06561334225944453,0.08013379872018615,0.05968077723802915,0.020453021482157004,14,16,True,up_in_case,0.09403915550421493
IMM,down_in_CKD,CXCR4,0.5114150065675448,1.8235914780707796,-1.3121764715032347,-4.56788582025389,-12.854852467655034,1.078085648896454e-12,1.3325138620360172e-08,0.2879581151832461,0.7834836918806385,-0.4955255766973924,14,16,True,down_in_case,47.20371192014687
IMM,down_in_CKD,SRGN,1.0229525322265174,2.2049234881357136,-1.1819709559091962,-4.573507900668301,-12.521616799197638,6.49431944337036e-13,1.2040468248008647e-08,0.5104712041884817,0.8417765440666204,-0.3313053398781387,14,16,True,down_in_case,42.81008982513279
IMM,down_in_CKD,TSC22D3,0.6871474633428193,1.8532768681601035,-1.1661294048172843,-4.025663903345678,-11.224249486098119,9.747719328217585e-12,9.036135817257702e-08,0.3641652123327516,0.7952810548230396,-0.43111584249028795,14,16,True,down_in_case,33.06775192293923
IMM,down_in_CKD,SMAP2,0.33238624551380586,0.8456147895387568,-0.5132285440249509,-4.762530044129504,-13.229460222734012,1.7100559300593307e-13,6.340887388659998e-09,0.20724258289703315,0.476058292852186,-0.2688157099551528,14,16,True,down_in_case,20.037728884103142
IMM,down_in_CKD,FKBP5,0.13529741078086202,0.8009072737096897,-0.6656098629288277,-4.562873054075344,-13.206862485473764,1.0360278742669239e-10,6.40265226296959e-07,0.08551483420593368,0.4344205412907703,-0.3489057070848366,14,16,True,down_in_case,18.81066285386141
IMM,down_in_CKD,DDIT4,0.24578295153084087,0.996892743140648,-0.7511097916098072,-3.983244043237125,-11.38624422183984,1.34334770642675e-10,7.115904707757699e-07,0.14485165794066318,0.5065926439972241,-0.36174098605656096,14,16,True,down_in_case,18.39322745657865
IMM,down_in_CKD,BTG1,1.2084124778349747,2.1600014998186254,-0.9515890219836507,-2.8355147871751987,-7.8549202842114925,1.521498577844312e-08,4.339782097420545e-05,0.589586969168121,0.8619014573213046,-0.2723144881531836,14,16,True,down_in_case,11.771179241093481
IMM,down_in_CKD,METRNL,0.2592702602328559,0.7134644765464114,-0.45419421631355555,-3.6414292506652077,-10.3828823057749,5.154640120583601e-10,2.3891756958904992e-06,0.1602675974403723,0.3809854267869535,-0.2207178293465812,14,16,True,down_in_case,9.297906023936541
IMM,down_in_CKD,HMGB2,0.32141558536893344,0.6734579469830263,-0.35204236161409286,-3.734778033390859,-10.264195839276761,5.579791771736194e-11,4.1379735779195617e-07,0.19444444444444445,0.40041637751561415,-0.2059719330711697,14,16,True,down_in_case,8.39264801875978
IMM,down_in_CKD,CEBPD,0.49825156979766755,1.255658050757187,-0.7574064809595196,-2.600825706086513,-7.350532820641489,1.1447400437868749e-07,0.00022340505696640694,0.24796393251890633,0.4399722414989591,-0.19200830898005275,14,16,True,down_in_case,7.191856880710883
IMM,down_in_CKD,ISG20,0.3330004154849847,0.8053894636489428,-0.4723890481639581,-3.0983166559194624,-8.430055942548732,4.949034506578869e-09,1.5292516625328704e-05,0.18368237347294938,0.44136016655100624,-0.2576777930780568,14,16,True,down_in_case,7.048048869516911
IMM,down_in_CKD,SLA,0.22489406365154693,0.5687318541590579,-0.34383779050751095,-3.464474856707961,-9.964986149558918,3.668792209867195e-09,1.2367165012897781e-05,0.13510762070971494,0.3421235253296322,-0.20701590461991726,14,16,True,down_in_case,5.846173087060123
IMM,down_in_CKD,HERPUD1,0.4740749679072352,0.977764350205234,-0.5036893822979989,-2.5281520871416174,-7.183626557947785,2.393742336597844e-07,0.0003698331910043669,0.25770796974985455,0.4621790423317141,-0.20447107258185954,14,16,True,down_in_case,4.37031284864275
IMM,down_in_CKD,MCL1,0.3840739707847261,0.7597449104986419,-0.3756709397139158,-2.7575451285174153,-7.765328693973578,3.473844365611815e-08,8.587343271792406e-05,0.24650959860383945,0.42886884108258155,-0.1823592424787421,14,16,True,down_in_case,4.212235879136467
IMM,down_in_CKD,SAP30,0.08535947454501804,0.34198571523003657,-0.25662624068501855,-3.2948960883213263,-9.382966975892085,2.848823084588002e-09,1.0563435997652312e-05,0.058900523560209424,0.19986120749479527,-0.14096068393458586,14,16,True,down_in_case,4.207655329808391
IMM,down_in_CKD,CEBPB,0.5012088695430923,0.9109948933313022,-0.40978602378820994,-2.7023993575451306,-7.296227610326727,1.058318415372232e-07,0.00022340505696640694,0.27123327515997675,0.45593337959750174,-0.184700104437525,14,16,True,down_in_case,4.043034446376196
IMM,down_in_CKD,PRDM1,0.14320588757864197,0.45980225628942284,-0.3165963687107809,-2.992467174736574,-8.61768011818253,4.484774280637963e-08,0.0001039346439537848,0.08915066899360093,0.25190839694656486,-0.16275772795296395,14,16,True,down_in_case,3.7737381538071233
IMM,down_in_CKD,CELF2,0.42835563718282066,0.7913072891433951,-0.36295165196057444,-2.6326635045069744,-7.466734177681615,1.1052147060414331e-07,0.00022340505696640694,0.25625363583478766,0.43719639139486466,-0.180942755560077,14,16,True,down_in_case,3.4885495890378793
IMM,down_in_CKD,CYTIP,0.322933230319742,0.7345100053272884,-0.41157677500754636,-2.3618313018794796,-6.6028319133254865,4.450145220458243e-07,0.000611153276942932,0.1893542757417103,0.42956280360860516,-0.24020852786689487,14,16,True,down_in_case,3.12410280988933
IMM,down_in_CKD,ZFP36L2,1.001885194195689,1.5965493268372557,-0.5946641326415667,-2.087041793094835,-5.903582624801053,3.9970294971739e-06,0.0031534011437278344,0.5049447353112274,0.7536433032616239,-0.24869856795039647,14,16,True,down_in_case,3.104237339700583
IMM,down_in_CKD,SOCS1,0.16088763594566766,0.5064993536996841,-0.34561171775401645,-2.6531969315281705,-7.657901443119023,3.3826113245680613e-07,0.0004824124150576297,0.08900523560209424,0.29562803608605137,-0.20662280048395715,14,16,True,down_in_case,3.0412254905543947
IMM,down_in_CKD,RGS1,0.24149435313392092,0.8043910827162224,-0.5628967295823015,-2.1608917605293074,-6.202842410960958,4.2514135032263315e-06,0.003284216931242341,0.14252472367655614,0.3657182512144344,-0.22319352753787827,14,16,True,down_in_case,3.02091025278211
IMM,down_in_CKD,GLUL,0.24927668743817125,0.6027260923344491,-0.35344940489627785,-2.4351835665728685,-6.871889213073077,3.292140177340972e-07,0.0004824124150576297,0.14979639325189065,0.3386537126995142,-0.18885731944762357,14,16,True,down_in_case,2.8546287548525457
IMM,down_in_CKD,TXNIP,1.6242163763305963,2.2269564251867506,-0.6027400488561543,-1.9840050859631386,-5.633348332271271,9.113629686730762e-06,0.005647339761639808,0.689499709133217,0.8022206800832755,-0.11272097095005851,14,16,True,down_in_case,2.6884334469976143
IMM,down_in_CKD,SEC14L1,0.17489088615619033,0.3260286558875787,-0.15113776973138834,-3.2636592045732074,-9.00912180515228,9.150590566071535e-10,3.7700433132214726e-06,0.1111111111111111,0.21929215822345594,-0.10818104711234483,14,16,True,down_in_case,2.6752831919115425
IMM,down_in_CKD,CLEC4E,0.03182888671323065,0.2501814685089249,-0.21835258179569428,-2.931141629609959,-8.506223660127727,1.367323420761277e-07,0.0002535017622091408,0.02530541012216405,0.1443442054129077,-0.11903879529074365,14,16,True,down_in_case,2.3015325149134647
IMM,down_in_CKD,AKAP13,0.37997340566674714,0.6999213684339674,-0.3199479627672202,-2.3305179529991267,-6.583023328329408,6.992590160900757e-07,0.0008642841438873336,0.23342059336823734,0.41290770298403884,-0.1794871096158015,14,16,True,down_in_case,2.2841651103801017
IMM,down_in_CKD,GRASP,0.0373253925931236,0.263106445831985,-0.2257810532388614,-2.8572331286859436,-8.307550512792734,2.384030307450431e-07,0.0003698331910043669,0.027923211169284468,0.16793893129770993,-0.14001572012842545,14,16,True,down_in_case,2.2140106525719863
IMM,down_in_CKD,JDP2,0.06755229489828565,0.23372352051180398,-0.16617122561351833,-3.0353323773543788,-8.733210017956353,3.26665828375591e-08,8.587343271792406e-05,0.04784758580570099,0.157529493407356,-0.10968190760165501,14,16,True,down_in_case,2.05090021578592
IMM,down_in_CKD,NUDT16,0.12601857107988182,0.4084370745677789,-0.2824185034878971,-2.5334209430601193,-7.371722324607886,1.2688946436224413e-06,0.0014703316682975038,0.09016870273414776,0.2366412213740458,-0.14647251863989805,14,16,True,down_in_case,2.026671718487963
IMM,down_in_CKD,FPR1,0.06573323304045185,0.2763827099309184,-0.21064947689046654,-2.6471589509340516,-7.565232020725523,1.620412408374156e-07,0.0002731131459205168,0.050319953461314716,0.17904233171408743,-0.12872237825277272,14,16,True,down_in_case,1.987176074202119
IMM,down_in_CKD,SYTL3,0.035221808055334376,0.2839900958511081,-0.24876828779577376,-2.6325605949139534,-7.684585778149853,1.0307975423478698e-06,0.0012329668667825488,0.02385107620709715,0.16863289382373353,-0.1447818176166364,14,16,True,down_in_case,1.905128918352313
IMM,down_in_CKD,ELF1,0.39763854297364404,0.6569117177557368,-0.2592731747820927,-2.3100826058454853,-6.42120825178447,6.296465268725325e-07,0.000833831900586911,0.24927283304246656,0.4073560027758501,-0.15808316973338354,14,16,True,down_in_case,1.8440967865907056
IMM,down_in_CKD,NFKBIA,0.5096526581794522,0.988624845380469,-0.47897218720101686,-1.924248296167201,-5.525149761664111,1.966615770892634e-05,0.010128071220097066,0.2914485165794066,0.5399028452463567,-0.24845432866695005,14,16,True,down_in_case,1.8382290411539215
IMM,down_in_CKD,STK17B,0.45945573512761667,0.7593741978743256,-0.2999184627467089,-2.151883560647242,-5.973160887125174,2.0338058256369156e-06,0.002038203243638293,0.2719604421175102,0.42748091603053434,-0.15552047391302415,14,16,True,down_in_case,1.7365837127748547
IMM,down_in_CKD,PIK3R1,0.23652686425677935,0.4929643050424504,-0.2564374407856711,-2.303234038073994,-6.580224023426791,1.353240337669308e-06,0.001520550052144786,0.14397905759162305,0.28591256072172105,-0.141933503130098,14,16,True,down_in_case,1.6644102507526113
IMM,down_in_CKD,CD163,0.10277667201572571,0.3747868808171791,-0.2720102088014534,-2.298370250705209,-6.632942535156312,2.4933263872181843e-06,0.002254940059464641,0.07097149505526469,0.18875780707841777,-0.11778631202315308,14,16,True,down_in_case,1.6547675141705462
IMM,down_in_CKD,PPP2R5C,0.3616634054065542,0.6026019185440615,-0.24093851313750736,-2.1885643879465877,-6.1919276065462245,1.969837709809369e-06,0.00202893284110365,0.21495055264688773,0.33102012491325467,-0.11606957226636694,14,16,True,down_in_case,1.419903201701932
IMM,down_in_CKD,SPON2,0.12690213186353036,0.3668989373865884,-0.23999680552305805,-2.220706566756866,-6.347858988628953,2.3654300856642907e-06,0.002248978142985433,0.06195462478184991,0.15405968077723803,-0.09210505599538812,14,16,True,down_in_case,1.4112925217532812
IMM,down_in_CKD,NFIL3,0.04151329688839406,0.18084663834746587,-0.1393333414590718,-2.7164819692219946,-7.7967653142082165,1.4915385167034677e-07,0.00026336308666364086,0.029377545084351368,0.12421929215822346,-0.09484174707387209,14,16,True,down_in_case,1.354807475964753
PC,top_overall,IER3,0.5182394020175954,1.8803935774686562,-1.3621541754510607,-4.89585612415148,-12.390591146266045,9.451932138592438e-10,7.33873146615497e-06,0.36830742659758203,0.8861578266494179,-0.5178504000518358,14,13,True,down_in_case,34.24071590510083
PC,top_overall,SMIM5,0.6261295454646779,1.4743308226046257,-0.8482012771399478,-4.502503848724949,-11.679127084201657,1.4634934874435144e-11,4.4063362522343286e-07,0.5,0.8434670116429496,-0.34346701164294957,14,13,True,down_in_case,24.27345510369106
PC,top_overall,JUND,1.3924198540708062,2.4634099076682507,-1.0709900535974446,-4.01896907880953,-10.183397787366701,1.2729856769452782e-08,5.900288612641364e-05,0.7612262521588946,0.9689521345407504,-0.20772588238185574,14,13,True,down_in_case,18.203328362202928
PC,top_overall,ATP1B3,0.520865571022523,1.6355882479430721,-1.1147226769205492,-4.097361931995471,-10.299717107208055,6.626389624202154e-08,0.00022336957024128714,0.41904145077720206,0.8602846054333765,-0.4412431546561744,14,13,True,down_in_case,16.675549017873966
PC,top_overall,DUSP6,0.23681274178763756,0.9787771458629911,-0.7419644040753536,-4.016814875026583,-10.259107749006127,1.986259790771964e-09,1.2275085506970738e-05,0.1483160621761658,0.6882276843467011,-0.5399116221705353,14,13,True,down_in_case,14.636345484023375
PC,top_overall,GABARAPL1,0.392705163285265,0.8397345698002467,-0.44702940651498174,-4.643179998945298,-11.953735144843572,2.3766646452180846e-11,4.4063362522343286e-07,0.3424006908462867,0.6908150064683053,-0.3484143156220186,14,13,True,down_in_case,13.192593980054827
PC,top_overall,RASD1,0.25542843575089946,1.2168592487967986,-0.9614308130458992,-3.151031065310036,-8.048428243328692,1.026873075571868e-07,0.00025517210983434953,0.1901986183074266,0.6921086675291074,-0.5019100492216808,14,13,True,down_in_case,10.885492910760345
PC,top_overall,SMIM6,0.1560647561522987,0.6009032039699214,-0.44483844781762266,-4.614584464907998,-11.677852160188163,2.3226970636496226e-09,1.2303658160018287e-05,0.15716753022452504,0.5200517464424321,-0.3628842162179071,14,13,True,down_in_case,10.07890562074793
PC,top_overall,PDK4,0.15952833139965789,0.8367431340341025,-0.6772148026344447,-3.692316431694526,-9.331133000277525,7.658568240859367e-08,0.00023664975864255442,0.14810017271157166,0.6041397153945667,-0.456039542682995,14,13,True,down_in_case,9.066516394935972
PC,top_overall,CREM,0.22121846837782216,1.1498663197131,-0.9286478513352778,-3.3392123008051207,-8.365949382661665,1.4552802411697078e-06,0.0015806905292621567,0.23164939550949915,0.7645536869340233,-0.5329042914245241,14,13,True,down_in_case,8.686242378631178
PC,top_overall,LINC00473,0.06841386861270128,0.9211674642079567,-0.8527535955952554,-3.2301162773322036,-8.14781014635297,6.331443317690232e-07,0.000978207992583141,0.05548359240069085,0.666235446313066,-0.6107518539123751,14,13,True,down_in_case,8.289836985077807
PC,top_overall,MAP2K3,0.09618256326362697,0.38847623275364207,-0.2922936694900151,-5.335971425092207,-13.479709600500065,4.722858881755628e-10,5.837453577849956e-06,0.09736614853195164,0.4139715394566624,-0.31660539092471074,14,13,True,down_in_case,8.162967784393205
PC,top_overall,ARG2,0.45565869795587666,1.298080405314919,-0.8424217073590424,-3.0101252862514483,-7.662293757559729,3.494494264366312e-07,0.0006819781438036992,0.39291882556131263,0.7826649417852523,-0.3897461162239396,14,13,True,down_in_case,8.028908674818643
PC,top_overall,ST3GAL4,0.10077821486035053,0.42258650188131824,-0.3218082870209677,-4.710535650325987,-11.943364392319234,9.895808341632914e-10,7.33873146615497e-06,0.11312607944732297,0.4294954721862872,-0.31636939273896425,14,13,True,down_in_case,7.783150750927883
PC,top_overall,FOS,1.0068113750979062,2.1264587724455764,-1.1196473973476702,-2.4079898290414326,-6.321296429177025,1.5792827411973092e-06,0.0016266612234332285,0.34585492227979275,0.8615782664941786,-0.5157233442143858,14,13,True,down_in_case,7.518620581817004
PC,top_overall,PNP,0.6283678162258879,1.4582628719117328,-0.8298950556858449,-3.1226294617749635,-7.8760055582282655,9.787783670349128e-07,0.0013441889573946135,0.5021588946459413,0.851228978007762,-0.34907008336182066,14,13,True,down_in_case,7.441465138006461
PC,top_overall,DUSP1,0.37421520568202943,1.1365672747034954,-0.762352069021466,-3.003871599010436,-7.6386588381539875,4.218209436745293e-07,0.0007448152662595975,0.20854922279792745,0.6934023285899095,-0.48485310579198204,14,13,True,down_in_case,7.163032950077921
PC,top_overall,NR4A1,0.07784257307759668,1.0859389904960561,-1.0080964174184595,-2.9180928472332566,-7.2986934957940495,7.9784106726883e-06,0.005287006761823777,0.053324697754749566,0.6558861578266494,-0.6025614600718998,14,13,True,down_in_case,6.697676671405053
PC,top_overall,PTP4A1,0.2601919970675688,0.8166270756635365,-0.5564350785959677,-3.0320011570580285,-7.763774308327536,1.2934406318644933e-07,0.00028212222723256127,0.22495682210708118,0.6597671410090556,-0.43481031890197447,14,13,True,down_in_case,5.988509117241716
PC,top_overall,SLC45A4,0.10116886737449024,0.5848407150132025,-0.4836718476387122,-3.4998342460668814,-8.774099379345298,7.633527619583049e-07,0.0011322048165365577,0.10492227979274611,0.55627425614489,-0.4513519763521439,14,13,True,down_in_case,4.987031199750939
PC,top_overall,NR2F2,0.5194433829208427,1.090895500980492,-0.5714521180596492,-2.60071248572836,-6.735940661796912,5.136318400119431e-07,0.0008280638533757762,0.3866580310880829,0.7891332470892626,-0.4024752160011797,14,13,True,down_in_case,4.580320094350454
PC,top_overall,GDF15,0.4319093534891244,1.1824767765925952,-0.7505674231034708,-2.3870175193970975,-6.111190951458764,4.584894788046871e-06,0.0035418312237662074,0.30008635578583764,0.666235446313066,-0.3661490905272283,14,13,True,down_in_case,4.390846467266742
PC,top_overall,SAT1,1.5794858633711049,2.06487504897464,-0.4853891856035353,-2.6781078350530363,-6.975294481158719,2.600487534434293e-07,0.0005357004320934644,0.8119602763385146,0.9417852522639069,-0.12982497592539222,14,13,True,down_in_case,4.252154702941842
PC,top_overall,EGR1,0.3555754445549688,1.012815038977209,-0.6572395944222402,-2.408270919158945,-6.176184121117882,3.4616423177866163e-06,0.0029850627242680866,0.16342832469775476,0.628719275549806,-0.46529095085205124,14,13,True,down_in_case,3.9966714424903107
PC,top_overall,TSC22D1,1.282854681040165,1.851502257110412,-0.568647576070247,-2.5075757101140908,-6.450269692644015,1.4743262860384206e-06,0.0015806905292621567,0.7551813471502591,0.9055627425614489,-0.15038139541118978,14,13,True,down_in_case,3.9942394840449724
PC,top_overall,IER2,0.9274355269938915,1.675890166374353,-0.7484546393804615,-2.1609533231179086,-5.615465012144668,7.731504845427542e-06,0.005287006761823777,0.42810880829015546,0.7891332470892626,-0.3610244387991071,14,13,True,down_in_case,3.6824246730846184
PC,top_overall,JUNB,0.8454725015228286,1.622389678598594,-0.7769171770757655,-2.097743745597342,-5.479297427458095,1.107466569443922e-05,0.006416384436715723,0.36075129533678757,0.7800776196636481,-0.4193263243268605,14,13,True,down_in_case,3.573619267662189
PC,top_overall,MAN1A1,0.9987095886027678,0.5065068426931314,0.4922027459096364,2.485911903392501,6.558376235694199,1.2519188219486663e-06,0.0015806905292621567,0.6828583765112263,0.48124191461837,0.20161646189285626,14,13,True,up_in_case,3.4274144231600094
PC,top_overall,CHGB,0.28069017108629335,0.9398519711009953,-0.6591618000147019,-2.315330398995926,-5.883429373210487,1.429315196562894e-05,0.007203322481997916,0.27914507772020725,0.6119016817593791,-0.33275660403917184,14,13,True,down_in_case,3.2697848327004935
PC,top_overall,KLF6,0.30466913660944195,0.7452788200733961,-0.4406096834639541,-2.8284358364618445,-7.13622598469688,3.096518732359765e-06,0.002733783680854764,0.25215889464594127,0.5976714100905562,-0.345512515444615,14,13,True,down_in_case,3.1943973572150925
PC,top_overall,CEBPD,0.7580755796969039,1.3854534001207068,-0.627377820423803,-2.1754803888038774,-5.5664191374836305,1.6522205945094578e-05,0.007945839487068779,0.48618307426597585,0.7567917205692108,-0.270608646303235,14,13,True,down_in_case,2.8659903149219237
PC,top_overall,GMNN,0.3466483719005399,0.7491264953224022,-0.4024781234218623,-2.6532556819382895,-6.746882756542658,2.327219848340655e-06,0.0021573327994117873,0.3018134715025907,0.6002587322121604,-0.2984452607095697,14,13,True,down_in_case,2.8470495401051132
PC,top_overall,PIM3,0.16640415053470403,0.6304862699914138,-0.46408211945670974,-2.6805692605143396,-6.746655857931477,8.132320007501324e-06,0.005287006761823777,0.16817789291882557,0.5472186287192755,-0.37904073580044995,14,13,True,down_in_case,2.832336634595894
PC,top_overall,EIF1,2.013532468223183,2.5918673526505085,-0.5783348844273255,-2.1182183921442332,-5.531645408379034,9.662759996503964e-06,0.005971585677839449,0.8737046632124352,0.9702457956015524,-0.09654113238911721,14,13,True,down_in_case,2.7243781994057263
PC,top_overall,RCAN1,0.4231353986309407,1.1455223821099105,-0.7223869834789698,-2.211454113807755,-5.563407706139104,6.576123181601472e-05,0.019721284694998512,0.3536269430051813,0.685640362225097,-0.33201341921991573,14,13,True,down_in_case,2.7238847767095735
PC,top_overall,ZNF331,0.07910542543911615,0.713118630556469,-0.6340132051173528,-2.364394844452342,-5.908072199536354,6.950778148238253e-05,0.020455147121958287,0.07664075993091538,0.5109961190168176,-0.4343553590859023,14,13,True,down_in_case,2.532204110610471
PC,top_overall,SLC7A1,0.1637212584720567,0.4448391787704781,-0.2811179202984214,-3.059488289236083,-7.708825252036367,1.4920218048591017e-06,0.0015806905292621567,0.17314335060449051,0.48253557567917205,-0.30939222507468156,14,13,True,down_in_case,2.409207354861836
PC,top_overall,CSRP1,0.30657540200581934,0.6415728267028981,-0.3349974246970787,-2.6403893562097207,-6.714672198923131,2.458571031866695e-06,0.0022235076551613913,0.28281519861830745,0.5756791720569211,-0.29286397343861365,14,13,True,down_in_case,2.346607034147629
PC,top_overall,ZFP36,0.4204564640922839,1.1508069088111563,-0.7303504447188724,-1.9882381513614529,-5.022424836515486,0.00013224248907550392,0.028195082523121515,0.22797927461139897,0.6494178525226391,-0.42143857791124006,14,13,True,down_in_case,2.2505197054983515
PC,top_overall,IDI1,0.18652175417384176,0.5789102129025598,-0.3923884587287181,-2.6440908071044245,-6.634483962704655,1.4180921140629244e-05,0.007203322481997916,0.20120898100172713,0.538163001293661,-0.3369540202919339,14,13,True,down_in_case,2.2228326197315074
PC,up_in_CKD,MAN1A1,0.9987095886027678,0.5065068426931314,0.4922027459096364,2.485911903392501,6.558376235694199,1.2519188219486663e-06,0.0015806905292621567,0.6828583765112263,0.48124191461837,0.20161646189285626,14,13,True,up_in_case,3.4274144231600094
PC,up_in_CKD,MAP3K1,0.2751073183151611,0.10665494695155164,0.16845237136360947,3.152540497225485,8.271801199593824,1.715919037388082e-08,7.069586434038898e-05,0.24568221070811744,0.11642949547218628,0.12925271523593115,14,13,True,up_in_case,2.2041914421948774
PC,up_in_CKD,THBS1,0.5925786699419653,0.27402843009400246,0.3185502398479628,2.2602937000135324,5.914401272370704,3.8145437222163365e-06,0.0031431840271062615,0.44084628670120896,0.2794307891332471,0.16141549756796186,14,13,True,up_in_case,1.8019365332841364
PC,up_in_CKD,STAT1,0.6948733410859359,0.33397977574487164,0.36089356534106426,2.2445891786802474,5.978812403140159,1.0974642279737667e-05,0.006416384436715723,0.5161917098445595,0.33635187580853815,0.17983983403602138,14,13,True,up_in_case,1.7762215146393137
PC,up_in_CKD,KCNJ15,1.0040674599267585,0.5390988820042609,0.4649685779224976,1.7620803294036773,4.65033520679478,0.00012056273827770687,0.02739255233456129,0.6066493955094991,0.463130659767141,0.14351873574235813,14,13,True,up_in_case,1.2800664175951662
PC,up_in_CKD,DAB2,0.47406332074232604,0.22370752092922958,0.25035579981309647,2.1479529983761623,5.688395521177807,1.2413925584117456e-05,0.006693447732922609,0.37823834196891193,0.25614489003880986,0.12209345193010207,14,13,True,up_in_case,1.1692621949529582
PC,up_in_CKD,TNFAIP8,0.1336685144439436,0.040391144151460896,0.0932773702924827,2.872452362850286,7.554157381216134,1.0080089288748258e-07,0.00025517210983434953,0.1303972366148532,0.06080206985769728,0.06959516675715591,14,13,True,up_in_case,0.9627344364088436
PC,up_in_CKD,RASGRP1,0.24492268068375136,0.0958318870914919,0.14909079359225946,2.3497248337340553,6.1324950362555875,2.099000182929782e-06,0.0020481822837641133,0.22884283246977546,0.11384217335058215,0.11500065911919331,14,13,True,up_in_case,0.9418876420902417
PC,up_in_CKD,PTPRG,0.13637164962249648,0.0447771435025797,0.09159450611991679,2.8135438400101807,7.357141448796421,1.1249117841419933e-07,0.00026069830597490694,0.11226252158894647,0.055627425614489,0.05663509597445746,14,13,True,up_in_case,0.9235796707622882
PC,up_in_CKD,ADAMTS5,0.22837928463537502,0.04010035754798916,0.18827892708738586,2.286403824602941,6.120133182567047,1.4132974306125544e-05,0.007203322481997916,0.20898100172711573,0.045278137128072445,0.1637028645990433,14,13,True,up_in_case,0.9222928096395444
PC,up_in_CKD,RIN2,0.2578328594215185,0.11417125713402158,0.14366160228749691,2.370820382635081,6.140219131095799,2.206095240627827e-06,0.00209748747493538,0.23100172711571676,0.12677878395860284,0.10422294315711392,14,13,True,up_in_case,0.9122180906781473
PC,up_in_CKD,MYO6,0.9611031218375252,0.6373541807678677,0.32374894106965757,1.7478922842972318,4.5681387541036065,0.00011636130110667176,0.027035967889480487,0.6450777202072538,0.5989650711513583,0.046112649055895516,14,13,True,up_in_case,0.8873300020955797
PC,up_in_CKD,TBL1XR1,0.592327553103826,0.32370123302086234,0.26862632008296367,1.8510322892136304,4.80840532172711,6.180784746502415e-05,0.019094682657817556,0.45682210708117443,0.34152652005174644,0.11529558702942799,14,13,True,up_in_case,0.8547922060722642
PC,up_in_CKD,NHLRC4,0.32986761738653386,0.1669607969936942,0.16290682039283966,2.199435956653185,5.733702997326818,5.6799380270565255e-06,0.004298206164148081,0.30073402417962003,0.19534282018111254,0.10539120399850749,14,13,True,up_in_case,0.8480005612081537
PC,up_in_CKD,KANSL1L,0.4723177372539876,0.21823821639125524,0.2540795208627324,1.8781832549135196,4.98225231927407,7.043978936042194e-05,0.020566199917200358,0.3911917098445596,0.24320827943078913,0.14798343041377046,14,13,True,up_in_case,0.8049762144650939
PC,up_in_CKD,MDM4,0.579834037822792,0.33451287628205556,0.2453211615407364,1.866658344252457,4.883725918889992,5.2316835474600715e-05,0.01816064730676994,0.44019861830742657,0.3829236739974127,0.0572749443100139,14,13,True,up_in_case,0.7971973735946773
PC,up_in_CKD,ITM2B,3.0819547618949836,2.790819747514394,0.29113501438058975,1.7314946763895558,4.500182874166447,0.00013681725670177275,0.028354345735186234,0.9756044905008635,0.981888745148771,-0.0062842546479074946,14,13,True,up_in_case,0.7800324752035769
PC,up_in_CKD,YPEL2,0.24058604288069668,0.07549034474671591,0.16509569813398078,2.116765167898178,5.504545873240971,1.0205569646861609e-05,0.0062036479099283354,0.21934369602763384,0.09184993531694696,0.12749376071068688,14,13,True,up_in_case,0.7714010058672186
PC,up_in_CKD,ATP8B1,0.48387337967294386,0.21072674539185415,0.2731466342810897,1.7746411566943245,4.698091027707811,0.0001229900713690002,0.02739255233456129,0.3696027633851468,0.20827943078913325,0.16132333259601356,14,13,True,up_in_case,0.7573377394843217
PC,up_in_CKD,B2M,2.741610787770278,2.3349091132118542,0.40670167455842376,1.525615657435728,3.9821478942279827,0.000521643954482599,0.0637970187988759,0.9505613126079447,0.9495472186287193,0.0010140939792254722,14,13,True,up_in_case,0.7415860342259569
PC,up_in_CKD,AMOTL2,0.31633999197871104,0.1328640513013129,0.18347594067739814,1.9955290573218456,5.186387277743417,2.319421490575537e-05,0.009761404773024684,0.2856217616580311,0.1423027166882277,0.1433190449698034,14,13,True,up_in_case,0.7361030119423893
PC,up_in_CKD,SPP1,0.3736635239903068,0.05811783133901595,0.31554569265129084,1.7450762307408847,4.688316580082937,0.0003102283214709196,0.04695210677608857,0.21545768566493956,0.04657179818887452,0.16888588747606503,14,13,True,up_in_case,0.7314548387619779
PC,up_in_CKD,FRMD4A,0.1626682252844662,0.05633743869944951,0.10633078658501668,2.4486740718700517,6.3360889799036695,1.405302402223997e-06,0.0015806905292621567,0.15436096718480138,0.07115135834411385,0.08320960884068754,14,13,True,up_in_case,0.7293346771295598
PC,up_in_CKD,GLS,1.456936259021866,1.0455441049783518,0.41139215404351415,1.5008807642175857,3.92547718042759,0.000611144264370535,0.06887911648285544,0.8000863557858376,0.7865459249676585,0.013540430818179128,14,13,True,up_in_case,0.7174234942226215
PC,up_in_CKD,SLC35F5,0.3972613620219835,0.18948603530125496,0.20777532672072851,1.9406045270126644,5.144232666998981,4.6409810346844594e-05,0.016707531724864052,0.3601036269430052,0.23415265200517466,0.12595097493783053,14,13,True,up_in_case,0.7165390710645433
PC,up_in_CKD,APP,1.8494570157752328,1.4844325528451086,0.36502446293012425,1.5592136343318523,4.0617135656232,0.0004228256097542845,0.05559706953790379,0.8862262521588946,0.888745148771022,-0.0025188966121273415,14,13,True,up_in_case,0.7142551154238365
PC,up_in_CKD,ABLIM1,0.32462927451023277,0.1626568370661771,0.16197243744405568,2.0997635461571837,5.5663876697101085,1.7680579498035384e-05,0.0081949485973394,0.2970639032815199,0.19534282018111254,0.10172108310040734,14,13,True,up_in_case,0.7096108953565088
PC,up_in_CKD,TXNIP,1.8320484475581953,1.3537455081935523,0.47830293936464297,1.4382173506273013,3.6855658922476002,0.001343096701841645,0.10247330391828846,0.8523316062176166,0.7981888745148771,0.05414273170273953,14,13,True,up_in_case,0.6806044209461266
PC,up_in_CKD,PIGR,1.4971631520977002,1.0190336264621958,0.4781295256355045,1.4120129916052913,3.7462351998082863,0.0012682398004140842,0.10054299819217022,0.7573402417962003,0.723156532988357,0.03418370880784327,14,13,True,up_in_case,0.6735373212200104
PC,up_in_CKD,MMP2,0.16674253642991424,0.013188867026140878,0.15355366940377335,2.2144749139239033,5.941546783420865,2.5747168405840674e-05,0.010607833383206358,0.16472366148531953,0.02457956015523933,0.1401441013300802,14,13,True,up_in_case,0.6713673789259912
PC,up_in_CKD,LAMP2,0.6080082666585452,0.39903406400115166,0.20897420265739358,1.8292289599990281,4.814112159142027,7.255733667937763e-05,0.02069558495439479,0.48747841105354056,0.4269081500646831,0.06057026098885748,14,13,True,up_in_case,0.6437753894201597
PC,up_in_CKD,NPDC1,0.23555216678597407,0.023395800640362636,0.21215636614561142,1.9438101401872863,5.234658493484135,0.00013519864375238045,0.028354345735186234,0.2033678756476684,0.03622250970245795,0.16714536594521046,14,13,True,up_in_case,0.6381268146256869
PC,up_in_CKD,HLA-DRA,0.7293851674811408,0.2782786260446897,0.45110654143645107,1.441200214385281,3.867763209219585,0.0015047496955496204,0.10716684260919576,0.5116580310880829,0.2742561448900388,0.23740188619804414,14,13,True,up_in_case,0.630591507645286
PC,up_in_CKD,NPNT,0.4461781516865674,0.22709767996299524,0.21908047172357215,1.7540496408013853,4.63123628800094,0.00012859799457748739,0.0279703390234696,0.35297927461139894,0.24838292367399742,0.10459635093740152,14,13,True,up_in_case,0.5968999248656003
PC,up_in_CKD,CD74,1.001451715317445,0.5533702239875031,0.4480814913299418,1.3982067272020682,3.7405394082295667,0.0017170736998868327,0.11451275681979094,0.6252158894645942,0.49417852522639066,0.1310373642382035,14,13,True,up_in_case,0.58963798463024
PC,up_in_CKD,TMED2,0.7065729862681234,0.5013207726324268,0.20525221363569657,1.7632897176347821,4.626764735813813,0.0001069567694079802,0.02558681941708326,0.5425302245250432,0.500646830530401,0.04188339399464214,14,13,True,up_in_case,0.5761693348344301
PC,up_in_CKD,IFIT2,0.058811891712111576,0.01416301380598264,0.04464887790612894,3.1205386583029,8.190222010957129,2.097848923669733e-08,7.77882380896737e-05,0.06973229706390328,0.02328589909443726,0.04644639796946602,14,13,True,up_in_case,0.5725130014657674
PC,up_in_CKD,XPO1,0.36993614788566587,0.19897632552920175,0.17095982235646412,1.8660538577308479,4.905381507868833,5.555644569446384e-05,0.018451834252692756,0.3262089810017271,0.23027166882276842,0.0959373121789587,14,13,True,up_in_case,0.5531684736711596
PC,up_in_CKD,ITGA2,0.4524720520724258,0.24992718956794466,0.20254486250448114,1.7478169512068524,4.608824338363902,0.00012938314392106534,0.0279703390234696,0.38277202072538863,0.2858990944372574,0.09687292628813121,14,13,True,up_in_case,0.5498866241974043
PC,up_in_CKD,MAP3K21,0.48846768980193295,0.12241473515656423,0.3660529546453687,1.4616338363757657,3.9126586497941593,0.0012223947584256711,0.09983788026965613,0.34563903281519864,0.12548512289780078,0.22015390991739786,14,13,True,up_in_case,0.535412396234246
PC,down_in_CKD,IER3,0.5182394020175954,1.8803935774686562,-1.3621541754510607,-4.89585612415148,-12.390591146266045,9.451932138592438e-10,7.33873146615497e-06,0.36830742659758203,0.8861578266494179,-0.5178504000518358,14,13,True,down_in_case,34.24071590510083
PC,down_in_CKD,SMIM5,0.6261295454646779,1.4743308226046257,-0.8482012771399478,-4.502503848724949,-11.679127084201657,1.4634934874435144e-11,4.4063362522343286e-07,0.5,0.8434670116429496,-0.34346701164294957,14,13,True,down_in_case,24.27345510369106
PC,down_in_CKD,JUND,1.3924198540708062,2.4634099076682507,-1.0709900535974446,-4.01896907880953,-10.183397787366701,1.2729856769452782e-08,5.900288612641364e-05,0.7612262521588946,0.9689521345407504,-0.20772588238185574,14,13,True,down_in_case,18.203328362202928
PC,down_in_CKD,ATP1B3,0.520865571022523,1.6355882479430721,-1.1147226769205492,-4.097361931995471,-10.299717107208055,6.626389624202154e-08,0.00022336957024128714,0.41904145077720206,0.8602846054333765,-0.4412431546561744,14,13,True,down_in_case,16.675549017873966
PC,down_in_CKD,DUSP6,0.23681274178763756,0.9787771458629911,-0.7419644040753536,-4.016814875026583,-10.259107749006127,1.986259790771964e-09,1.2275085506970738e-05,0.1483160621761658,0.6882276843467011,-0.5399116221705353,14,13,True,down_in_case,14.636345484023375
PC,down_in_CKD,GABARAPL1,0.392705163285265,0.8397345698002467,-0.44702940651498174,-4.643179998945298,-11.953735144843572,2.3766646452180846e-11,4.4063362522343286e-07,0.3424006908462867,0.6908150064683053,-0.3484143156220186,14,13,True,down_in_case,13.192593980054827
PC,down_in_CKD,RASD1,0.25542843575089946,1.2168592487967986,-0.9614308130458992,-3.151031065310036,-8.048428243328692,1.026873075571868e-07,0.00025517210983434953,0.1901986183074266,0.6921086675291074,-0.5019100492216808,14,13,True,down_in_case,10.885492910760345
PC,down_in_CKD,SMIM6,0.1560647561522987,0.6009032039699214,-0.44483844781762266,-4.614584464907998,-11.677852160188163,2.3226970636496226e-09,1.2303658160018287e-05,0.15716753022452504,0.5200517464424321,-0.3628842162179071,14,13,True,down_in_case,10.07890562074793
PC,down_in_CKD,PDK4,0.15952833139965789,0.8367431340341025,-0.6772148026344447,-3.692316431694526,-9.331133000277525,7.658568240859367e-08,0.00023664975864255442,0.14810017271157166,0.6041397153945667,-0.456039542682995,14,13,True,down_in_case,9.066516394935972
PC,down_in_CKD,CREM,0.22121846837782216,1.1498663197131,-0.9286478513352778,-3.3392123008051207,-8.365949382661665,1.4552802411697078e-06,0.0015806905292621567,0.23164939550949915,0.7645536869340233,-0.5329042914245241,14,13,True,down_in_case,8.686242378631178
PC,down_in_CKD,LINC00473,0.06841386861270128,0.9211674642079567,-0.8527535955952554,-3.2301162773322036,-8.14781014635297,6.331443317690232e-07,0.000978207992583141,0.05548359240069085,0.666235446313066,-0.6107518539123751,14,13,True,down_in_case,8.289836985077807
PC,down_in_CKD,MAP2K3,0.09618256326362697,0.38847623275364207,-0.2922936694900151,-5.335971425092207,-13.479709600500065,4.722858881755628e-10,5.837453577849956e-06,0.09736614853195164,0.4139715394566624,-0.31660539092471074,14,13,True,down_in_case,8.162967784393205
PC,down_in_CKD,ARG2,0.45565869795587666,1.298080405314919,-0.8424217073590424,-3.0101252862514483,-7.662293757559729,3.494494264366312e-07,0.0006819781438036992,0.39291882556131263,0.7826649417852523,-0.3897461162239396,14,13,True,down_in_case,8.028908674818643
PC,down_in_CKD,ST3GAL4,0.10077821486035053,0.42258650188131824,-0.3218082870209677,-4.710535650325987,-11.943364392319234,9.895808341632914e-10,7.33873146615497e-06,0.11312607944732297,0.4294954721862872,-0.31636939273896425,14,13,True,down_in_case,7.783150750927883
PC,down_in_CKD,FOS,1.0068113750979062,2.1264587724455764,-1.1196473973476702,-2.4079898290414326,-6.321296429177025,1.5792827411973092e-06,0.0016266612234332285,0.34585492227979275,0.8615782664941786,-0.5157233442143858,14,13,True,down_in_case,7.518620581817004
PC,down_in_CKD,PNP,0.6283678162258879,1.4582628719117328,-0.8298950556858449,-3.1226294617749635,-7.8760055582282655,9.787783670349128e-07,0.0013441889573946135,0.5021588946459413,0.851228978007762,-0.34907008336182066,14,13,True,down_in_case,7.441465138006461
PC,down_in_CKD,DUSP1,0.37421520568202943,1.1365672747034954,-0.762352069021466,-3.003871599010436,-7.6386588381539875,4.218209436745293e-07,0.0007448152662595975,0.20854922279792745,0.6934023285899095,-0.48485310579198204,14,13,True,down_in_case,7.163032950077921
PC,down_in_CKD,NR4A1,0.07784257307759668,1.0859389904960561,-1.0080964174184595,-2.9180928472332566,-7.2986934957940495,7.9784106726883e-06,0.005287006761823777,0.053324697754749566,0.6558861578266494,-0.6025614600718998,14,13,True,down_in_case,6.697676671405053
PC,down_in_CKD,PTP4A1,0.2601919970675688,0.8166270756635365,-0.5564350785959677,-3.0320011570580285,-7.763774308327536,1.2934406318644933e-07,0.00028212222723256127,0.22495682210708118,0.6597671410090556,-0.43481031890197447,14,13,True,down_in_case,5.988509117241716
PC,down_in_CKD,SLC45A4,0.10116886737449024,0.5848407150132025,-0.4836718476387122,-3.4998342460668814,-8.774099379345298,7.633527619583049e-07,0.0011322048165365577,0.10492227979274611,0.55627425614489,-0.4513519763521439,14,13,True,down_in_case,4.987031199750939
PC,down_in_CKD,NR2F2,0.5194433829208427,1.090895500980492,-0.5714521180596492,-2.60071248572836,-6.735940661796912,5.136318400119431e-07,0.0008280638533757762,0.3866580310880829,0.7891332470892626,-0.4024752160011797,14,13,True,down_in_case,4.580320094350454
PC,down_in_CKD,GDF15,0.4319093534891244,1.1824767765925952,-0.7505674231034708,-2.3870175193970975,-6.111190951458764,4.584894788046871e-06,0.0035418312237662074,0.30008635578583764,0.666235446313066,-0.3661490905272283,14,13,True,down_in_case,4.390846467266742
PC,down_in_CKD,SAT1,1.5794858633711049,2.06487504897464,-0.4853891856035353,-2.6781078350530363,-6.975294481158719,2.600487534434293e-07,0.0005357004320934644,0.8119602763385146,0.9417852522639069,-0.12982497592539222,14,13,True,down_in_case,4.252154702941842
PC,down_in_CKD,EGR1,0.3555754445549688,1.012815038977209,-0.6572395944222402,-2.408270919158945,-6.176184121117882,3.4616423177866163e-06,0.0029850627242680866,0.16342832469775476,0.628719275549806,-0.46529095085205124,14,13,True,down_in_case,3.9966714424903107
PC,down_in_CKD,TSC22D1,1.282854681040165,1.851502257110412,-0.568647576070247,-2.5075757101140908,-6.450269692644015,1.4743262860384206e-06,0.0015806905292621567,0.7551813471502591,0.9055627425614489,-0.15038139541118978,14,13,True,down_in_case,3.9942394840449724
PC,down_in_CKD,IER2,0.9274355269938915,1.675890166374353,-0.7484546393804615,-2.1609533231179086,-5.615465012144668,7.731504845427542e-06,0.005287006761823777,0.42810880829015546,0.7891332470892626,-0.3610244387991071,14,13,True,down_in_case,3.6824246730846184
PC,down_in_CKD,JUNB,0.8454725015228286,1.622389678598594,-0.7769171770757655,-2.097743745597342,-5.479297427458095,1.107466569443922e-05,0.006416384436715723,0.36075129533678757,0.7800776196636481,-0.4193263243268605,14,13,True,down_in_case,3.573619267662189
PC,down_in_CKD,CHGB,0.28069017108629335,0.9398519711009953,-0.6591618000147019,-2.315330398995926,-5.883429373210487,1.429315196562894e-05,0.007203322481997916,0.27914507772020725,0.6119016817593791,-0.33275660403917184,14,13,True,down_in_case,3.2697848327004935
PC,down_in_CKD,KLF6,0.30466913660944195,0.7452788200733961,-0.4406096834639541,-2.8284358364618445,-7.13622598469688,3.096518732359765e-06,0.002733783680854764,0.25215889464594127,0.5976714100905562,-0.345512515444615,14,13,True,down_in_case,3.1943973572150925
PC,down_in_CKD,CEBPD,0.7580755796969039,1.3854534001207068,-0.627377820423803,-2.1754803888038774,-5.5664191374836305,1.6522205945094578e-05,0.007945839487068779,0.48618307426597585,0.7567917205692108,-0.270608646303235,14,13,True,down_in_case,2.8659903149219237
PC,down_in_CKD,GMNN,0.3466483719005399,0.7491264953224022,-0.4024781234218623,-2.6532556819382895,-6.746882756542658,2.327219848340655e-06,0.0021573327994117873,0.3018134715025907,0.6002587322121604,-0.2984452607095697,14,13,True,down_in_case,2.8470495401051132
PC,down_in_CKD,PIM3,0.16640415053470403,0.6304862699914138,-0.46408211945670974,-2.6805692605143396,-6.746655857931477,8.132320007501324e-06,0.005287006761823777,0.16817789291882557,0.5472186287192755,-0.37904073580044995,14,13,True,down_in_case,2.832336634595894
PC,down_in_CKD,EIF1,2.013532468223183,2.5918673526505085,-0.5783348844273255,-2.1182183921442332,-5.531645408379034,9.662759996503964e-06,0.005971585677839449,0.8737046632124352,0.9702457956015524,-0.09654113238911721,14,13,True,down_in_case,2.7243781994057263
PC,down_in_CKD,RCAN1,0.4231353986309407,1.1455223821099105,-0.7223869834789698,-2.211454113807755,-5.563407706139104,6.576123181601472e-05,0.019721284694998512,0.3536269430051813,0.685640362225097,-0.33201341921991573,14,13,True,down_in_case,2.7238847767095735
PC,down_in_CKD,ZNF331,0.07910542543911615,0.713118630556469,-0.6340132051173528,-2.364394844452342,-5.908072199536354,6.950778148238253e-05,0.020455147121958287,0.07664075993091538,0.5109961190168176,-0.4343553590859023,14,13,True,down_in_case,2.532204110610471
PC,down_in_CKD,SLC7A1,0.1637212584720567,0.4448391787704781,-0.2811179202984214,-3.059488289236083,-7.708825252036367,1.4920218048591017e-06,0.0015806905292621567,0.17314335060449051,0.48253557567917205,-0.30939222507468156,14,13,True,down_in_case,2.409207354861836
PC,down_in_CKD,CSRP1,0.30657540200581934,0.6415728267028981,-0.3349974246970787,-2.6403893562097207,-6.714672198923131,2.458571031866695e-06,0.0022235076551613913,0.28281519861830745,0.5756791720569211,-0.29286397343861365,14,13,True,down_in_case,2.346607034147629
PC,down_in_CKD,ZFP36,0.4204564640922839,1.1508069088111563,-0.7303504447188724,-1.9882381513614529,-5.022424836515486,0.00013224248907550392,0.028195082523121515,0.22797927461139897,0.6494178525226391,-0.42143857791124006,14,13,True,down_in_case,2.2505197054983515
PC,down_in_CKD,IDI1,0.18652175417384176,0.5789102129025598,-0.3923884587287181,-2.6440908071044245,-6.634483962704655,1.4180921140629244e-05,0.007203322481997916,0.20120898100172713,0.538163001293661,-0.3369540202919339,14,13,True,down_in_case,2.2228326197315074
PC,down_in_CKD,PER1,0.058469156367924616,0.3584976483697169,-0.3000284920017923,-2.9973122571610458,-7.514783069035737,4.191411982355168e-06,0.0033786425283854273,0.05613126079447323,0.37516170763260026,-0.31903044683812704,14,13,True,down_in_case,2.222350392428912
PEC,top_overall,DUSP1,0.49686124443341845,2.6156279836633787,-2.1187667392299603,-6.530785686679471,-11.310936350567752,2.9499291733850846e-06,0.0998389818240818,0.3031026252983294,0.9236111111111112,-0.6205084858127818,7,6,True,down_in_case,13.846895558490463
PEC,top_overall,CEBPD,0.6994648382588491,2.692923527295598,-1.9934586890367487,-4.92365823804157,-8.739379681262252,5.385058350813474e-06,0.0998389818240818,0.4797136038186158,0.9652777777777778,-0.485564173959162,7,6,True,down_in_case,9.82197846600663
PEC,top_overall,NEDD9,0.3964876454335174,1.0675881474451925,-0.6711005020116751,-3.8162673703195313,-6.798598198428623,4.238334725355524e-05,0.31675168035611073,0.30787589498806683,0.6805555555555556,-0.37267966056748875,7,6,True,down_in_case,1.2787082296085515
PEC,top_overall,RNF144B,0.4003846371560064,0.12942254318936317,0.2709620939666433,3.8926127289093513,7.081595003096478,2.04712172536679e-05,0.25302424525533523,0.30071599045346065,0.13194444444444445,0.1687715460090162,7,6,True,up_in_case,0.6295150309102255
PEC,top_overall,UGT2B7,0.43296381094478936,0.8983300594183127,-0.4653662484735233,-3.511220912211532,-6.222789859276239,0.00010301774734982022,0.6366496786218889,0.324582338902148,0.6041666666666666,-0.27958432776451864,7,6,True,down_in_case,0.3204272697337555
PEC,top_overall,KAT8,0.10253933509420096,0.19571158341582331,-0.09317224832162235,-3.65937602876872,-6.5937054447909675,4.271193100810554e-05,0.31675168035611073,0.09069212410501193,0.19444444444444445,-0.10375232033943252,7,6,True,down_in_case,0.17023102605587886
PEC,top_overall,KLF6,0.24155868480468864,1.495172429243893,-1.2536137444392044,-4.87373347064859,-8.143066939789307,0.0002550531159198199,0.9941241947929282,0.18615751789976134,0.7916666666666666,-0.6055091487669053,7,6,True,down_in_case,0.0156371020727631
PEC,top_overall,JUND,1.1823858662730529,2.274869284129951,-1.092483417856898,-3.710430839241807,-6.220419677941412,0.0008912343468075596,0.9941241947929282,0.6205250596658711,0.9097222222222222,-0.2891971625563511,7,6,True,down_in_case,0.010374566182087413
PEC,top_overall,TSC22D3,0.19781579685050524,1.1488582178920919,-0.9510424210415866,-4.109208280343119,-6.843221824919691,0.0007213051292919933,0.9941241947929282,0.15513126491646778,0.6944444444444444,-0.5393131795279766,7,6,True,down_in_case,0.010002044773885645
PEC,top_overall,CRYAB,1.4293060862285532,2.4816782810481315,-1.0523721948195783,-2.821840422498714,-4.936902827543282,0.0008241788118783259,0.9941241947929282,0.7088305489260143,0.9166666666666666,-0.20783611774065236,7,6,True,down_in_case,0.007600332041256507
PEC,top_overall,IGFBP2,1.3741914389851364,2.203785423875961,-0.8295939848908245,-2.6399748853769203,-4.809998945311464,0.0005445775247286529,0.9941241947929282,0.6515513126491647,0.9097222222222222,-0.25817090957305755,7,6,True,down_in_case,0.005605264884395331
PEC,top_overall,RASD1,0.011015792039541106,0.44076239342938667,-0.42974660138984555,-4.988952437040429,-8.292220654857429,0.00030308737015106264,0.9941241947929282,0.014319809069212411,0.3680555555555556,-0.35373574648634315,7,6,True,down_in_case,0.005487222429951083
PEC,top_overall,SRGN,0.18787846782400314,0.7200947485239634,-0.5322162806999602,-3.365739205784811,-5.830762054169184,0.00036455020051475676,0.9941241947929282,0.15990453460620524,0.4444444444444444,-0.2845399098382392,7,6,True,down_in_case,0.004584578021550342
PEC,top_overall,ERP27,0.4021931359137428,1.097438543892342,-0.6952454079785992,-2.494902728966907,-4.656770246733547,0.0008738053611534352,0.9941241947929282,0.2553699284009546,0.6041666666666666,-0.348796738265712,7,6,True,down_in_case,0.004439381806696272
PEC,top_overall,PDLIM3,0.12880989699871373,0.5796623545424562,-0.4508524575437425,-3.408697885870095,-5.86197085622632,0.00046316513098545266,0.9941241947929282,0.13365155131264916,0.4375,-0.30384844868735084,7,6,True,down_in_case,0.003933269489888378
PEC,top_overall,BTG1,0.546483987381297,1.054688336513248,-0.508204349131951,-2.953705009256412,-5.2617092226824544,0.00034046589528011195,0.9941241947929282,0.36754176610978523,0.6666666666666666,-0.2991249005568814,7,6,True,down_in_case,0.0038418132288094834
PEC,top_overall,CSRP1,0.2654588978917576,0.6986449960248882,-0.4331860981331306,-2.520868233733418,-4.56310560856751,0.000827289129269529,0.9941241947929282,0.2458233890214797,0.4930555555555556,-0.24723216653407587,7,6,True,down_in_case,0.00279483006917428
PEC,top_overall,NPM1,1.250155985840528,1.5911902118383638,-0.34103422599783584,-2.934143525585798,-5.373569483340549,0.00022820733678124817,0.9941241947929282,0.6587112171837709,0.8333333333333334,-0.17462211614956247,7,6,True,down_in_case,0.002561002906306102
PEC,top_overall,IFT57,0.2517563377247147,0.6109744235907365,-0.35921808586602183,-2.7690043539157343,-4.956307099929791,0.0004954544802226014,0.9941241947929282,0.2529832935560859,0.4930555555555556,-0.24007226199946968,7,6,True,down_in_case,0.0025457314257337576
PEC,top_overall,TOB1,0.21546429601326764,0.523389731905455,-0.30792543589218735,-2.965586272870282,-5.127472376084939,0.0009000981850507917,0.9941241947929282,0.1766109785202864,0.4444444444444444,-0.267833465924158,7,6,True,down_in_case,0.002337151570184463
PEC,top_overall,HMGN1,1.1048530255593756,1.4159278110122058,-0.3110747854528302,-2.7040625512810177,-4.778276710793187,0.000816578205448912,0.9941241947929282,0.6062052505966588,0.7986111111111112,-0.1924058605144524,7,6,True,down_in_case,0.0021528426797735576
PEC,top_overall,C4orf48,0.40617718300772615,0.11497080963494781,0.2912063733727783,2.4572654111815786,4.551805289466868,0.0009151916015670302,0.9941241947929282,0.2529832935560859,0.125,0.1279832935560859,7,6,True,up_in_case,0.0018314020417586209
PEC,top_overall,TMEM192,0.1908673741263364,0.03691579767713338,0.15395157644920301,2.6662457321664332,5.039063504754412,0.0006813966847672923,0.9941241947929282,0.13126491646778043,0.04861111111111111,0.08265380535666933,7,6,True,up_in_case,0.0010505459780938032
PEC,top_overall,TMEM167B,0.1711269771888814,0.05756937254169044,0.11355760464719095,2.8128350264885853,5.15347486829765,0.0003206030344560636,0.9941241947929282,0.15274463007159905,0.0763888888888889,0.07635574118271016,7,6,True,up_in_case,0.00081750653921102
PEC,top_overall,UCHL3,0.06853646991956976,0.18938425235232834,-0.12084778243275858,-2.6166235078075246,-4.767785628421955,0.0005827803311607298,0.9941241947929282,0.059665871121718374,0.20833333333333334,-0.14866746221161498,7,6,True,down_in_case,0.0008093021143754081
PEC,top_overall,SMG5,0.14038459766340158,0.03287213102408828,0.1075124666393133,2.9379851257187255,5.3369554952925755,0.00023991626785823612,0.9941241947929282,0.11217183770883055,0.05555555555555555,0.056616282153274994,7,6,True,up_in_case,0.00080842394659642
PEC,top_overall,POU5F1,0.015530595166638362,0.11358316239845474,-0.09805256723181638,-3.1147922196132267,-5.399923062815668,0.0005924566778293717,0.9941241947929282,0.016706443914081145,0.09722222222222222,-0.08051577830814108,7,6,True,down_in_case,0.0007816616425346503
PEC,top_overall,UNC45A,0.15103400254776211,0.037131970408650135,0.11390203213911199,2.5887290071598468,4.713871217579289,0.0006359648522540356,0.9941241947929282,0.11217183770883055,0.041666666666666664,0.07050517104216389,7,6,True,up_in_case,0.0007546556246265145
PEC,top_overall,PRPF39,0.12546340981748852,0.018083565912279196,0.10737984390520933,2.6342132622072225,4.959091264880291,0.0006803556722437808,0.9941241947929282,0.09069212410501193,0.020833333333333332,0.0698587907716786,7,6,True,up_in_case,0.0007239431297463347
PEC,top_overall,SLC7A2,0.04374204540934693,0.1502132156378804,-0.10647117022853347,-2.6214239781486315,-4.783263241088933,0.0005686991103342591,0.9941241947929282,0.045346062052505964,0.1388888888888889,-0.09354282683638293,7,6,True,down_in_case,0.0007143319014984748
PEC,top_overall,METTL21A,0.08596559288926453,0.19559575348839256,-0.10963016059912803,-2.51980042368804,-4.55116689841097,0.000854566643639576,0.9941241947929282,0.10023866348448687,0.1875,-0.08726133651551313,7,6,True,down_in_case,0.0007070122615027633
PEC,top_overall,SYNJ1,0.1028505819014478,0.017490781666907703,0.0853598002345401,2.556994539582713,4.845979776285052,0.0009651691211581828,0.9941241947929282,0.07875894988066826,0.020833333333333332,0.05792561654733493,7,6,True,up_in_case,0.000558616734087938
PEC,top_overall,IKZF4,0.015397854872109127,0.08240285601993279,-0.06700500114782366,-3.10226528529529,-5.375283966682734,0.0006213718699010159,0.9941241947929282,0.01909307875894988,0.08333333333333333,-0.06424025457438345,7,6,True,down_in_case,0.000532006456280277
PEC,top_overall,CCDC126,0.08850727400986332,0.01988170697022882,0.06862556703963449,2.720709603879249,4.852640878192629,0.0006134887664080019,0.9941241947929282,0.07637231503579953,0.027777777777777776,0.04859453725802175,7,6,True,up_in_case,0.0004778580278158632
PEC,top_overall,CPEB2,0.08524400507218842,0.02218615420841355,0.06305785086377487,2.5808623106491115,4.622872696583831,0.0008248647111107916,0.9941241947929282,0.07159904534606205,0.020833333333333332,0.050765712012728725,7,6,True,up_in_case,0.0004165189369548801
PEC,top_overall,PCGF6,0.08118883160864397,0.020752603069023268,0.060436228539620704,2.6220234458674674,4.642766852451221,0.0009596888875473121,0.9941241947929282,0.06443914081145585,0.020833333333333332,0.043605807478122524,7,6,True,up_in_case,0.00040556892942904645
PEC,top_overall,A1BG,0.2760866339436786,0.42147200255913053,-0.14538536861545193,-1.1285246477369404,-1.9592033220466005,0.08437731028432946,1.0,0.2243436754176611,0.3680555555555556,-0.1437118801378945,7,6,True,down_in_case,-0.0
PEC,top_overall,A4GALT,0.15356923106075443,0.18987216546337568,-0.03630293440262125,-0.4918463004993358,-0.8595443578170361,0.4127337818748494,1.0,0.13126491646778043,0.2013888888888889,-0.07012397242110846,7,6,True,down_in_case,-0.0
PEC,top_overall,AAAS,0.08933169664239357,0.10000620448945219,-0.010674507847058617,-0.20154266789261235,-0.3624811636503701,0.7240365527542261,1.0,0.07159904534606205,0.125,-0.053400954653937946,7,6,True,down_in_case,-0.0
PEC,top_overall,AACS,0.04550257881989923,0.0882310122973,-0.042728433477400775,-1.0216911905713424,-1.8525392848745923,0.09105835671815453,1.0,0.0477326968973747,0.10416666666666667,-0.05643396976929197,7,6,True,down_in_case,-0.0
PEC,up_in_CKD,RNF144B,0.4003846371560064,0.12942254318936317,0.2709620939666433,3.8926127289093513,7.081595003096478,2.04712172536679e-05,0.25302424525533523,0.30071599045346065,0.13194444444444445,0.1687715460090162,7,6,True,up_in_case,0.6295150309102255
PEC,up_in_CKD,C4orf48,0.40617718300772615,0.11497080963494781,0.2912063733727783,2.4572654111815786,4.551805289466868,0.0009151916015670302,0.9941241947929282,0.2529832935560859,0.125,0.1279832935560859,7,6,True,up_in_case,0.0018314020417586209
PEC,up_in_CKD,TMEM192,0.1908673741263364,0.03691579767713338,0.15395157644920301,2.6662457321664332,5.039063504754412,0.0006813966847672923,0.9941241947929282,0.13126491646778043,0.04861111111111111,0.08265380535666933,7,6,True,up_in_case,0.0010505459780938032
PEC,up_in_CKD,TMEM167B,0.1711269771888814,0.05756937254169044,0.11355760464719095,2.8128350264885853,5.15347486829765,0.0003206030344560636,0.9941241947929282,0.15274463007159905,0.0763888888888889,0.07635574118271016,7,6,True,up_in_case,0.00081750653921102
PEC,up_in_CKD,SMG5,0.14038459766340158,0.03287213102408828,0.1075124666393133,2.9379851257187255,5.3369554952925755,0.00023991626785823612,0.9941241947929282,0.11217183770883055,0.05555555555555555,0.056616282153274994,7,6,True,up_in_case,0.00080842394659642
PEC,up_in_CKD,UNC45A,0.15103400254776211,0.037131970408650135,0.11390203213911199,2.5887290071598468,4.713871217579289,0.0006359648522540356,0.9941241947929282,0.11217183770883055,0.041666666666666664,0.07050517104216389,7,6,True,up_in_case,0.0007546556246265145
PEC,up_in_CKD,PRPF39,0.12546340981748852,0.018083565912279196,0.10737984390520933,2.6342132622072225,4.959091264880291,0.0006803556722437808,0.9941241947929282,0.09069212410501193,0.020833333333333332,0.0698587907716786,7,6,True,up_in_case,0.0007239431297463347
PEC,up_in_CKD,SYNJ1,0.1028505819014478,0.017490781666907703,0.0853598002345401,2.556994539582713,4.845979776285052,0.0009651691211581828,0.9941241947929282,0.07875894988066826,0.020833333333333332,0.05792561654733493,7,6,True,up_in_case,0.000558616734087938
PEC,up_in_CKD,CCDC126,0.08850727400986332,0.01988170697022882,0.06862556703963449,2.720709603879249,4.852640878192629,0.0006134887664080019,0.9941241947929282,0.07637231503579953,0.027777777777777776,0.04859453725802175,7,6,True,up_in_case,0.0004778580278158632
PEC,up_in_CKD,CPEB2,0.08524400507218842,0.02218615420841355,0.06305785086377487,2.5808623106491115,4.622872696583831,0.0008248647111107916,0.9941241947929282,0.07159904534606205,0.020833333333333332,0.050765712012728725,7,6,True,up_in_case,0.0004165189369548801
PEC,up_in_CKD,PCGF6,0.08118883160864397,0.020752603069023268,0.060436228539620704,2.6220234458674674,4.642766852451221,0.0009596888875473121,0.9941241947929282,0.06443914081145585,0.020833333333333332,0.043605807478122524,7,6,True,up_in_case,0.00040556892942904645
PEC,up_in_CKD,AAGAB,0.09204632582032743,0.07502843653670956,0.017017889283617874,0.2172295750950275,0.39563177734814087,0.6999425612429225,1.0,0.06682577565632458,0.0763888888888889,-0.009563113232564313,7,6,True,up_in_case,-0.0
PEC,up_in_CKD,AARS,0.11243407793016702,0.07164923752845208,0.04078484040171494,0.6345709237042788,1.0973335758954486,0.3043911637199311,1.0,0.0954653937947494,0.09027777777777778,0.0051876160169716246,7,6,True,up_in_case,-0.0
PEC,up_in_CKD,AASDH,0.19533631013884514,0.08757807637595551,0.10775823376288964,1.5254393736647083,2.780721507455371,0.017880844703980537,1.0,0.1575178997613365,0.09722222222222222,0.06029567753911429,7,6,True,up_in_case,-0.0
PEC,up_in_CKD,AASDHPPT,0.26925710286897503,0.24563045502681982,0.023626647842155207,0.28339135280064814,0.5235069137962157,0.611286929193216,1.0,0.2100238663484487,0.2569444444444444,-0.04692057809599573,7,6,True,up_in_case,-0.0
PEC,up_in_CKD,ABCA2,0.10389551560270985,0.08894827160262898,0.014947244000080864,0.26967301127573157,0.49370806182695626,0.631249884752956,1.0,0.0883054892601432,0.11805555555555555,-0.029750066295412353,7,6,True,up_in_case,-0.0
PEC,up_in_CKD,ABCA3,0.08070328021836289,0.043220075017419535,0.03748320520094335,0.6317269303638209,1.1498812142629524,0.27458560219247163,1.0,0.08353221957040573,0.05555555555555555,0.027976664014850175,7,6,True,up_in_case,-0.0
PEC,up_in_CKD,ABCB1,0.3771523920962795,0.24235871702435974,0.13479367507191975,0.7067198470503755,1.354877892075055,0.2137076081712537,1.0,0.24343675417661098,0.24305555555555555,0.00038119862105542857,7,6,True,up_in_case,-0.0
PEC,up_in_CKD,ABCB7,0.051879161863559786,0.04904355434880958,0.0028356075147502047,0.04891912406412195,0.08993119193921102,0.929976214648875,1.0,0.04295942720763723,0.05555555555555555,-0.012596128347918324,7,6,True,up_in_case,-0.0
PEC,up_in_CKD,ABCC1,0.07086595314858911,0.01751691260738612,0.053349040541202986,1.418318079847742,2.6980389279984647,0.025786889491644864,1.0,0.050119331742243436,0.020833333333333332,0.029285998408910104,7,6,True,up_in_case,-0.0
PEC,up_in_CKD,ABCC3,0.2948063541027856,0.07502958076576409,0.2197767733370215,1.5995144361116242,3.095755954296483,0.017942072572315764,1.0,0.2171837708830549,0.09722222222222222,0.11996154866083268,7,6,True,up_in_case,-0.0
PEC,up_in_CKD,ABCC4,0.13954334737152815,0.035288626536848326,0.10425472083467982,1.1428340966049153,2.21520890078399,0.06399113073328802,1.0,0.10978520286396182,0.041666666666666664,0.06811853619729516,7,6,True,up_in_case,-0.0
PEC,up_in_CKD,ABCD4,0.10786809012795619,0.10267874658575538,0.005189343542200811,0.08909930652262008,0.16232839639195537,0.8739908329612732,1.0,0.0954653937947494,0.10416666666666667,-0.00870127287191727,7,6,True,up_in_case,-0.0
PEC,up_in_CKD,ABCE1,0.19446521165669955,0.09774527090634251,0.09671994075035704,1.3529673562848572,2.483476358925468,0.03053162794535667,1.0,0.1718377088305489,0.10416666666666667,0.06767104216388224,7,6,True,up_in_case,-0.0
PEC,up_in_CKD,ABCF3,0.08988272218463075,0.04264486848292421,0.04723785370170654,1.1214237875837276,2.1162378342033694,0.06270853140366899,1.0,0.07637231503579953,0.05555555555555555,0.020816759480243974,7,6,True,up_in_case,-0.0
PEC,up_in_CKD,ABHD10,0.11900893262799153,0.1139998517961443,0.005009080831847229,0.1277715588153778,0.22748269815555774,0.8245451774934985,1.0,0.09307875894988067,0.13194444444444445,-0.038865685494563776,7,6,True,up_in_case,-0.0
PEC,up_in_CKD,ABHD12,0.11446049069276377,0.0630356198177525,0.05142487087501127,0.7202132217483259,1.3313440867823996,0.210807790069299,1.0,0.10023866348448687,0.0763888888888889,0.023849774595597978,7,6,True,up_in_case,-0.0
PEC,up_in_CKD,ABHD14A,0.20510116090790573,0.14907755557541794,0.05602360533248779,0.5736144723300868,1.0783240525620574,0.3073701945902607,1.0,0.17422434367541767,0.1527777777777778,0.02144656589763988,7,6,True,up_in_case,-0.0
PEC,up_in_CKD,ABHD14B,0.19092407386717625,0.18646929129373127,0.004454782573444976,0.07158690342316007,0.1272249109491106,0.9012639577356713,1.0,0.15990453460620524,0.1875,-0.02759546539379476,7,6,True,up_in_case,-0.0
PEC,up_in_CKD,ABHD2,0.1866623325158082,0.08594760640230698,0.10071472611350121,1.5583265713631111,2.9038068429506367,0.015397673477145147,1.0,0.1360381861575179,0.09722222222222222,0.03881596393529567,7,6,True,up_in_case,-0.0
PEC,up_in_CKD,ABHD4,0.09594806845016803,0.027237742423029926,0.0687103260271381,1.2953800111497025,2.431850391097593,0.03612722304747479,1.0,0.07637231503579953,0.041666666666666664,0.03470564836913286,7,6,True,up_in_case,-0.0
PEC,up_in_CKD,ABHD5,0.08623571203032158,0.058808080800737954,0.02742763122958363,0.4630065983464042,0.8150800313541307,0.43517011849922665,1.0,0.08353221957040573,0.0625,0.021032219570405727,7,6,True,up_in_case,-0.0
PEC,up_in_CKD,ABI1,0.17096593545900624,0.10800514629029194,0.0629607891687143,0.6216571579753786,1.0816600543194261,0.30914510025523007,1.0,0.16706443914081145,0.1111111111111111,0.05595332802970035,7,6,True,up_in_case,-0.0
PEC,up_in_CKD,ABI2,0.40763534883831914,0.2758132719379779,0.13182207690034126,0.9314442604909559,1.6688884780182063,0.12450406119862131,1.0,0.3054892601431981,0.2569444444444444,0.048544815698753685,7,6,True,up_in_case,-0.0
PEC,up_in_CKD,ABI3BP,0.3162266544688569,0.2236138748150727,0.0926127796537842,0.5359059138137032,1.012233974649351,0.3374821743695968,1.0,0.26014319809069214,0.20833333333333334,0.0518098647573588,7,6,True,up_in_case,-0.0
PEC,up_in_CKD,ABL1,0.12170934457784006,0.0944022861454713,0.02730705843236876,0.35734331894958776,0.6189227206723186,0.5529027419166657,1.0,0.11455847255369929,0.10416666666666667,0.010391805887032618,7,6,True,up_in_case,-0.0
PEC,up_in_CKD,ABL2,0.08403522201008824,0.06424278795225448,0.019792434057833763,0.35724547464531303,0.6384744761716952,0.5369450440200019,1.0,0.07637231503579953,0.09027777777777778,-0.01390546274197825,7,6,True,up_in_case,-0.0
PEC,up_in_CKD,ABLIM1,0.4715720429442725,0.3212940443408859,0.15027799860338664,0.9843550514689657,1.7362569197509035,0.11457558223912731,1.0,0.2935560859188544,0.2708333333333333,0.02272275258552109,7,6,True,up_in_case,-0.0
PEC,up_in_CKD,ABRACL,0.1309012680375729,0.10696880368019372,0.023932464357379182,0.4946540337788532,0.9230503719568707,0.37745627944759785,1.0,0.14797136038186157,0.1388888888888889,0.009082471492972671,7,6,True,up_in_case,-0.0
PEC,up_in_CKD,ABRAXAS2,0.07757435252693715,0.026578734500232116,0.050995618026705034,1.0485837902684665,1.9435168542066823,0.07911476351815375,1.0,0.05489260143198091,0.034722222222222224,0.020170379209758685,7,6,True,up_in_case,-0.0
PEC,down_in_CKD,DUSP1,0.49686124443341845,2.6156279836633787,-2.1187667392299603,-6.530785686679471,-11.310936350567752,2.9499291733850846e-06,0.0998389818240818,0.3031026252983294,0.9236111111111112,-0.6205084858127818,7,6,True,down_in_case,13.846895558490463
PEC,down_in_CKD,CEBPD,0.6994648382588491,2.692923527295598,-1.9934586890367487,-4.92365823804157,-8.739379681262252,5.385058350813474e-06,0.0998389818240818,0.4797136038186158,0.9652777777777778,-0.485564173959162,7,6,True,down_in_case,9.82197846600663
PEC,down_in_CKD,NEDD9,0.3964876454335174,1.0675881474451925,-0.6711005020116751,-3.8162673703195313,-6.798598198428623,4.238334725355524e-05,0.31675168035611073,0.30787589498806683,0.6805555555555556,-0.37267966056748875,7,6,True,down_in_case,1.2787082296085515
PEC,down_in_CKD,UGT2B7,0.43296381094478936,0.8983300594183127,-0.4653662484735233,-3.511220912211532,-6.222789859276239,0.00010301774734982022,0.6366496786218889,0.324582338902148,0.6041666666666666,-0.27958432776451864,7,6,True,down_in_case,0.3204272697337555
PEC,down_in_CKD,KAT8,0.10253933509420096,0.19571158341582331,-0.09317224832162235,-3.65937602876872,-6.5937054447909675,4.271193100810554e-05,0.31675168035611073,0.09069212410501193,0.19444444444444445,-0.10375232033943252,7,6,True,down_in_case,0.17023102605587886
PEC,down_in_CKD,KLF6,0.24155868480468864,1.495172429243893,-1.2536137444392044,-4.87373347064859,-8.143066939789307,0.0002550531159198199,0.9941241947929282,0.18615751789976134,0.7916666666666666,-0.6055091487669053,7,6,True,down_in_case,0.0156371020727631
PEC,down_in_CKD,JUND,1.1823858662730529,2.274869284129951,-1.092483417856898,-3.710430839241807,-6.220419677941412,0.0008912343468075596,0.9941241947929282,0.6205250596658711,0.9097222222222222,-0.2891971625563511,7,6,True,down_in_case,0.010374566182087413
PEC,down_in_CKD,TSC22D3,0.19781579685050524,1.1488582178920919,-0.9510424210415866,-4.109208280343119,-6.843221824919691,0.0007213051292919933,0.9941241947929282,0.15513126491646778,0.6944444444444444,-0.5393131795279766,7,6,True,down_in_case,0.010002044773885645
PEC,down_in_CKD,CRYAB,1.4293060862285532,2.4816782810481315,-1.0523721948195783,-2.821840422498714,-4.936902827543282,0.0008241788118783259,0.9941241947929282,0.7088305489260143,0.9166666666666666,-0.20783611774065236,7,6,True,down_in_case,0.007600332041256507
PEC,down_in_CKD,IGFBP2,1.3741914389851364,2.203785423875961,-0.8295939848908245,-2.6399748853769203,-4.809998945311464,0.0005445775247286529,0.9941241947929282,0.6515513126491647,0.9097222222222222,-0.25817090957305755,7,6,True,down_in_case,0.005605264884395331
PEC,down_in_CKD,RASD1,0.011015792039541106,0.44076239342938667,-0.42974660138984555,-4.988952437040429,-8.292220654857429,0.00030308737015106264,0.9941241947929282,0.014319809069212411,0.3680555555555556,-0.35373574648634315,7,6,True,down_in_case,0.005487222429951083
PEC,down_in_CKD,SRGN,0.18787846782400314,0.7200947485239634,-0.5322162806999602,-3.365739205784811,-5.830762054169184,0.00036455020051475676,0.9941241947929282,0.15990453460620524,0.4444444444444444,-0.2845399098382392,7,6,True,down_in_case,0.004584578021550342
PEC,down_in_CKD,ERP27,0.4021931359137428,1.097438543892342,-0.6952454079785992,-2.494902728966907,-4.656770246733547,0.0008738053611534352,0.9941241947929282,0.2553699284009546,0.6041666666666666,-0.348796738265712,7,6,True,down_in_case,0.004439381806696272
PEC,down_in_CKD,PDLIM3,0.12880989699871373,0.5796623545424562,-0.4508524575437425,-3.408697885870095,-5.86197085622632,0.00046316513098545266,0.9941241947929282,0.13365155131264916,0.4375,-0.30384844868735084,7,6,True,down_in_case,0.003933269489888378
PEC,down_in_CKD,BTG1,0.546483987381297,1.054688336513248,-0.508204349131951,-2.953705009256412,-5.2617092226824544,0.00034046589528011195,0.9941241947929282,0.36754176610978523,0.6666666666666666,-0.2991249005568814,7,6,True,down_in_case,0.0038418132288094834
PEC,down_in_CKD,CSRP1,0.2654588978917576,0.6986449960248882,-0.4331860981331306,-2.520868233733418,-4.56310560856751,0.000827289129269529,0.9941241947929282,0.2458233890214797,0.4930555555555556,-0.24723216653407587,7,6,True,down_in_case,0.00279483006917428
PEC,down_in_CKD,NPM1,1.250155985840528,1.5911902118383638,-0.34103422599783584,-2.934143525585798,-5.373569483340549,0.00022820733678124817,0.9941241947929282,0.6587112171837709,0.8333333333333334,-0.17462211614956247,7,6,True,down_in_case,0.002561002906306102
PEC,down_in_CKD,IFT57,0.2517563377247147,0.6109744235907365,-0.35921808586602183,-2.7690043539157343,-4.956307099929791,0.0004954544802226014,0.9941241947929282,0.2529832935560859,0.4930555555555556,-0.24007226199946968,7,6,True,down_in_case,0.0025457314257337576
PEC,down_in_CKD,TOB1,0.21546429601326764,0.523389731905455,-0.30792543589218735,-2.965586272870282,-5.127472376084939,0.0009000981850507917,0.9941241947929282,0.1766109785202864,0.4444444444444444,-0.267833465924158,7,6,True,down_in_case,0.002337151570184463
PEC,down_in_CKD,HMGN1,1.1048530255593756,1.4159278110122058,-0.3110747854528302,-2.7040625512810177,-4.778276710793187,0.000816578205448912,0.9941241947929282,0.6062052505966588,0.7986111111111112,-0.1924058605144524,7,6,True,down_in_case,0.0021528426797735576
PEC,down_in_CKD,UCHL3,0.06853646991956976,0.18938425235232834,-0.12084778243275858,-2.6166235078075246,-4.767785628421955,0.0005827803311607298,0.9941241947929282,0.059665871121718374,0.20833333333333334,-0.14866746221161498,7,6,True,down_in_case,0.0008093021143754081
PEC,down_in_CKD,POU5F1,0.015530595166638362,0.11358316239845474,-0.09805256723181638,-3.1147922196132267,-5.399923062815668,0.0005924566778293717,0.9941241947929282,0.016706443914081145,0.09722222222222222,-0.08051577830814108,7,6,True,down_in_case,0.0007816616425346503
PEC,down_in_CKD,SLC7A2,0.04374204540934693,0.1502132156378804,-0.10647117022853347,-2.6214239781486315,-4.783263241088933,0.0005686991103342591,0.9941241947929282,0.045346062052505964,0.1388888888888889,-0.09354282683638293,7,6,True,down_in_case,0.0007143319014984748
PEC,down_in_CKD,METTL21A,0.08596559288926453,0.19559575348839256,-0.10963016059912803,-2.51980042368804,-4.55116689841097,0.000854566643639576,0.9941241947929282,0.10023866348448687,0.1875,-0.08726133651551313,7,6,True,down_in_case,0.0007070122615027633
PEC,down_in_CKD,IKZF4,0.015397854872109127,0.08240285601993279,-0.06700500114782366,-3.10226528529529,-5.375283966682734,0.0006213718699010159,0.9941241947929282,0.01909307875894988,0.08333333333333333,-0.06424025457438345,7,6,True,down_in_case,0.000532006456280277
PEC,down_in_CKD,A1BG,0.2760866339436786,0.42147200255913053,-0.14538536861545193,-1.1285246477369404,-1.9592033220466005,0.08437731028432946,1.0,0.2243436754176611,0.3680555555555556,-0.1437118801378945,7,6,True,down_in_case,-0.0
PEC,down_in_CKD,A4GALT,0.15356923106075443,0.18987216546337568,-0.03630293440262125,-0.4918463004993358,-0.8595443578170361,0.4127337818748494,1.0,0.13126491646778043,0.2013888888888889,-0.07012397242110846,7,6,True,down_in_case,-0.0
PEC,down_in_CKD,AAAS,0.08933169664239357,0.10000620448945219,-0.010674507847058617,-0.20154266789261235,-0.3624811636503701,0.7240365527542261,1.0,0.07159904534606205,0.125,-0.053400954653937946,7,6,True,down_in_case,-0.0
PEC,down_in_CKD,AACS,0.04550257881989923,0.0882310122973,-0.042728433477400775,-1.0216911905713424,-1.8525392848745923,0.09105835671815453,1.0,0.0477326968973747,0.10416666666666667,-0.05643396976929197,7,6,True,down_in_case,-0.0
PEC,down_in_CKD,AAED1,0.08227203813935986,0.17224367642572325,-0.08997163828636338,-0.9269626682330027,-1.5530010611442098,0.17320599242676163,1.0,0.06921241050119331,0.1875,-0.11828758949880669,7,6,True,down_in_case,-0.0
PEC,down_in_CKD,AAK1,0.3417916809039574,0.43972070955505077,-0.09792902865109337,-0.7482385277135392,-1.3561294639690822,0.20236759930833598,1.0,0.2386634844868735,0.3888888888888889,-0.1502254044020154,7,6,True,down_in_case,-0.0
PEC,down_in_CKD,AAMDC,0.2905478298442298,0.42122100843882454,-0.13067317859459476,-1.2537346408210925,-2.1289606152280127,0.07280048572498561,1.0,0.24105011933174225,0.4027777777777778,-0.16172765844603554,7,6,True,down_in_case,-0.0
PEC,down_in_CKD,AAMP,0.18313357103155598,0.285154583181964,-0.10202101215040804,-1.0639657136254745,-1.8287165975526187,0.10712392264920613,1.0,0.1575178997613365,0.2777777777777778,-0.12025987801644128,7,6,True,down_in_case,-0.0
PEC,down_in_CKD,AASS,0.0674641237112353,0.07054760191157021,-0.003083478200334916,-0.06716625086990441,-0.12115235142240549,0.9057896067165447,1.0,0.06921241050119331,0.06944444444444445,-0.00023203394325113647,7,6,True,down_in_case,-0.0
PEC,down_in_CKD,AATF,0.062374799896641166,0.10088968780148182,-0.03851488790484065,-0.8476803930279282,-1.504075460914847,0.16354371530434308,1.0,0.07637231503579953,0.10416666666666667,-0.027794351630867145,7,6,True,down_in_case,-0.0
PEC,down_in_CKD,ABAT,0.028309310713250387,0.042730285091256474,-0.014420974378006088,-0.36083577388154797,-0.6276578298506881,0.5467672560888035,1.0,0.03579952267303103,0.05555555555555555,-0.019756032882524525,7,6,True,down_in_case,-0.0
PEC,down_in_CKD,ABCA5,0.14489252440899217,0.14913402183080204,-0.0042414974218098755,-0.045042067654462906,-0.0776062805137326,0.94011353524303,1.0,0.1288782816229117,0.14583333333333334,-0.016955051710421637,7,6,True,down_in_case,-0.0
PEC,down_in_CKD,ABCB8,0.10510583205130454,0.10852014459991399,-0.003414312548609452,-0.0465067355916476,-0.08401463546045816,0.9345717593924714,1.0,0.06205250596658711,0.09027777777777778,-0.028225271811190666,7,6,True,down_in_case,-0.0
PEC,down_in_CKD,ABCC5,0.0751327046518625,0.08273649039699195,-0.007603785745129446,-0.10050825630898898,-0.17563632918650174,0.8645375659502954,1.0,0.059665871121718374,0.09027777777777778,-0.030611906656059402,7,6,True,down_in_case,-0.0
PEC,down_in_CKD,ABCD3,0.1910434611167038,0.21795201626290836,-0.02690855514620455,-0.23935940892673313,-0.4230128157847389,0.6815128972556874,1.0,0.16467780429594273,0.2222222222222222,-0.057544417926279484,7,6,True,down_in_case,-0.0
PT,top_overall,ERRFI1,0.10296729693047836,0.8556562410792065,-0.7526889441487281,-5.086059764079173,-15.545728592735527,7.263419227501731e-14,8.97758616519214e-10,0.07050311290593976,0.5332818830792977,-0.46277877017335795,15,18,True,down_in_case,34.633304052621725
PT,top_overall,GADD45A,0.28300201088504673,0.9664781057034472,-0.6834760948184004,-5.218352462206047,-15.865610799273501,1.7224949994857286e-14,3.1935057290465407e-10,0.19964664310954064,0.5462087594057495,-0.3465621162962089,15,18,True,down_in_case,33.86766078222839
PT,top_overall,PDK4,0.10590914955562938,1.1486634086259058,-1.0427542590702763,-3.85444853556849,-12.059327248653938,4.905424756908126e-10,2.273664374826916e-06,0.09044253743900386,0.551418097626857,-0.46097556018785313,15,18,True,down_in_case,22.68168598063578
PT,top_overall,USP2,0.11360878245230846,0.5068681406978159,-0.3932593582455075,-5.148482045770028,-15.203341425657465,1.0615638338744666e-15,3.936278696006522e-11,0.08480565371024736,0.3499903530773683,-0.26518469936712097,15,18,True,down_in_case,21.066712595691026
PT,top_overall,TSC22D3,0.14957604342934677,0.6303573571574215,-0.4807813137280747,-4.283991728161605,-13.155813477434567,5.257320302480011e-12,4.87353592039897e-08,0.11055022715800102,0.40555662743584797,-0.29500640027784697,15,18,True,down_in_case,15.060578061301987
PT,top_overall,RNF186,0.09869541220247346,0.4698025440125876,-0.3711071318101141,-3.6111325711957134,-10.856671467009921,2.058216420167121e-11,1.526373297195937e-07,0.07016658253407371,0.3256801080455335,-0.2555135255114598,15,18,True,down_in_case,9.134692441813106
PT,top_overall,ZFAND5,0.30440159850395165,0.8351273275355773,-0.5307257290316256,-2.9327772177312603,-8.912836762886386,3.2204773328076676e-09,1.0855936318228028e-05,0.23380447585394581,0.5255643449739533,-0.2917598691200075,15,18,True,down_in_case,7.7269854908776345
PT,top_overall,KLF9,0.15788487986798086,0.4889339545170329,-0.3310490746490521,-3.2085941263965525,-9.494244176855606,1.5173955732122073e-10,8.037861122101236e-07,0.12131919905771496,0.36253135249855295,-0.241212153440838,15,18,True,down_in_case,6.473972662391995
PT,top_overall,FKBP5,0.07970241134765152,0.5872716490316211,-0.5075692376839696,-2.7005574840321662,-8.330227120417817,3.885025808351627e-08,8.070014788463845e-05,0.057041898031297326,0.3982249662357708,-0.34118306820447347,15,18,True,down_in_case,5.610528822573075
PT,top_overall,SOCS2,0.029201965623338013,0.20349131405418072,-0.1742893484308427,-4.118308879451719,-12.795545439516117,5.994665513804674e-11,3.7047032875312884e-07,0.03087666161871109,0.1539648852016207,-0.1230882235829096,15,18,True,down_in_case,4.616203256260006
PT,top_overall,ETNK2,0.24033245014038662,0.6129778621419879,-0.3726454120016013,-2.7157270588848226,-7.674441201208332,2.2221541747553793e-08,6.33826744614842e-05,0.18256772673733804,0.43661971830985913,-0.2540519915725211,15,18,True,down_in_case,4.248419347129162
PT,top_overall,SGK1,0.15944990639471698,0.5187838407811736,-0.35933393438645655,-2.7468861795193638,-8.45748824148295,2.563290182849645e-08,6.789057141433203e-05,0.13183577317852938,0.35867258344588077,-0.2268368102673514,15,18,True,down_in_case,4.114210043484779
PT,top_overall,ALDOB,1.5684174933388797,3.048164486900293,-1.4797469935614131,-1.6651974426341327,-4.496435706829538,0.00023251576701939427,0.030145750493283704,0.5153121319199058,0.8489291915878835,-0.3336170596679777,15,18,True,down_in_case,3.7472947260358027
PT,top_overall,GGACT,0.14458438530920253,0.4984397362209641,-0.35385535091176157,-2.4633143767379186,-7.230897687366873,4.1302215951736676e-08,8.070014788463845e-05,0.09936059229345448,0.32722361566660235,-0.22786302337314787,15,18,True,down_in_case,3.567801531882308
PT,top_overall,CISH,0.03208533560205551,0.24761257899939537,-0.21552724339733986,-3.287588849100242,-10.207901413206132,2.632506097473394e-09,9.761332609431346e-06,0.03222278310617533,0.18059039166505886,-0.14836760855888353,15,18,True,down_in_case,3.5502582865381647
PT,top_overall,MIOX,1.4268809892255727,2.5606878696453426,-1.1338068804197698,-1.7769754382987075,-4.841758575742793,8.512496270129918e-05,0.019008740201798408,0.5949856974591957,0.8855874975882694,-0.29060180012907366,15,18,True,down_in_case,3.4674735676048187
PT,top_overall,SLC22A6,0.31890210604268854,0.83547797737528,-0.5165758713325914,-2.0709535288038414,-6.014602295169388,1.1799072955554107e-06,0.001250027500548418,0.2226148409893993,0.514373914721204,-0.29175907373180465,15,18,True,down_in_case,3.105728869384488
PT,top_overall,TIPARP,0.03963039332632652,0.4083769534515771,-0.3687465601252506,-2.5269631534860832,-7.93310892602412,3.8246858660740597e-07,0.0005672774076561044,0.03281171125694094,0.27030677213968746,-0.23749506088274652,15,18,True,down_in_case,3.0248424843204225
PT,top_overall,DPEP1,0.5902326012860395,1.344530741583132,-0.7542981402970925,-1.8038960354690448,-5.189219225419177,1.3047780121966792e-05,0.006202713934904213,0.36925795053003535,0.7024889060389735,-0.33323095550893816,15,18,True,down_in_case,3.0035797620642684
PT,top_overall,SLC22A8,0.43534841123025264,1.0720367074717188,-0.6366882962414662,-1.8913752728488944,-5.460394248612907,5.878251529296008e-06,0.0034088851331051935,0.2687195019350496,0.6087208180590392,-0.3400013161239896,15,18,True,down_in_case,2.971268899192894
PT,top_overall,PLG,0.20869698130904057,0.6715069316998453,-0.46280995039080475,-2.110572624025492,-6.118928094731112,8.819568901330188e-07,0.0010219675464416356,0.1590947332996803,0.42697279567817864,-0.2678780623784983,15,18,True,down_in_case,2.9211639270250007
PT,top_overall,UGT2B7,1.238956933799647,2.1186252714328817,-0.8796683376332346,-1.7062668953081372,-4.790751395184042,5.3225256743702646e-05,0.014301395072873145,0.5955746256099613,0.8498938838510515,-0.25431925824109014,15,18,True,down_in_case,2.7686828721450936
PT,top_overall,CDC42,1.091781092926462,0.7516986418037157,0.34008245112274627,2.4331036315688026,6.804894080294251,2.9959497152700455e-07,0.000462874231009222,0.5973414100622582,0.4777156087208181,0.11962580134144007,15,18,True,up_in_case,2.759182134283804
PT,top_overall,GSTA2,0.6996008577500507,1.7154957571959697,-1.015894899445919,-1.5944826417946634,-4.507747991634071,0.00010449319940165314,0.020943826128720533,0.2884065286892142,0.6683387999228246,-0.37993227123361045,15,18,True,down_in_case,2.719598419897379
PT,top_overall,FAM151A,0.32753168182176357,0.9341813885767665,-0.606649706755003,-1.845305144644467,-5.409571089337739,6.7604991747875345e-06,0.003798171354562451,0.22067979135116944,0.5757283426586919,-0.35504855130752244,15,18,True,down_in_case,2.709554523291322
PT,top_overall,CAPZA2,0.6794657848809018,0.49654220778108904,0.18292357709981277,2.8883417854410007,8.3444366626252,2.1070399041871756e-09,8.681004405251163e-06,0.43799427898367826,0.3725641520355007,0.06543012694817757,15,18,True,up_in_case,2.6741853519448147
PT,top_overall,FABP1,0.8314163484938561,1.8318505455731087,-1.0004341970792525,-1.6266711097174258,-4.419641353818906,0.000246506237025596,0.03114018236892172,0.3430927141174491,0.7323943661971831,-0.389301652079734,15,18,True,down_in_case,2.4519351152666804
PT,top_overall,APOE,1.8247313130770033,2.9357351270888703,-1.111003814011867,-1.50494754578469,-4.155838793198808,0.0003599174924038012,0.03457445756044805,0.7152953054013125,0.8965849893883852,-0.18128968398707268,15,18,True,down_in_case,2.4432046121207054
PT,top_overall,TMSB10,2.5638299821327157,1.5579335643211778,1.005896417811538,1.6213039851240243,4.380977873158857,0.00029937891455023295,0.03314856595909428,0.8238263503281171,0.5861470191009068,0.2376793312272103,15,18,True,up_in_case,2.412920592782788
PT,top_overall,CITED2,0.37349170354013256,0.1422961982955209,0.23119550524461166,2.89742445347782,7.832536240491635,1.7709852318148743e-07,0.0003127053923604549,0.256856806326771,0.10264325680108045,0.15421354952569055,15,18,True,up_in_case,2.347808963297935
PT,top_overall,GADD45B,0.17491195083729097,0.5777932953041425,-0.40288134446685153,-2.048470576287455,-6.225646037888052,1.6724063221762884e-06,0.0015125079616169945,0.11643950866565708,0.31699787767702103,-0.20055836901136395,15,18,True,down_in_case,2.3275689458515547
PT,top_overall,PCK1,0.7457168359318671,1.5873160152074492,-0.8415991792755821,-1.6007892393471177,-4.531400432602276,9.652006447088389e-05,0.020106539272923454,0.38078411576644794,0.6598495080069458,-0.2790653922404978,15,18,True,down_in_case,2.2857828243431793
PT,top_overall,CLU,1.4632030518569057,0.6641144048676416,0.7990886469892641,1.6773268376110106,4.5280449894822485,0.0002173321021208881,0.029411220243220914,0.607942116776039,0.257186957360602,0.35075515941543706,15,18,True,up_in_case,2.052702251666542
PT,top_overall,MARC2,0.20777839828511632,0.41838995624282693,-0.2106115579577106,-2.443920123376339,-7.102872516352541,5.583640366612023e-08,0.00010352069239698693,0.1624600370183409,0.32355778506656374,-0.16109774804822283,15,18,True,down_in_case,2.0511365475538352
PT,top_overall,S100A11,1.7378198236672124,0.8261415974786657,0.9116782261885468,1.60577799588929,4.266508802213872,0.0005312287965283541,0.04002602815333052,0.6624600370183409,0.3359058460351148,0.3265541909832261,15,18,True,up_in_case,2.0461046645185106
PT,top_overall,NFKBIA,0.24043897376897333,0.5542220284491616,-0.31378305468018824,-2.1400905473178544,-6.485227042525764,7.725478071408597e-07,0.0009240668609284864,0.1772673733804476,0.30908740111904304,-0.13182002773859544,15,18,True,down_in_case,2.0376034456674845
PT,top_overall,SLC34A1,0.15681761547171322,0.4833439957909835,-0.3265263803192703,-2.077507422837611,-6.185029646667778,9.425487023199015e-07,0.0010590819964249076,0.1166077738515901,0.343237507235192,-0.22662973338360187,15,18,True,down_in_case,2.0181716786218824
PT,top_overall,GLRX,0.7608678645060949,1.228444915543851,-0.46757705103775615,-1.9841810024736728,-5.4395401407522055,1.7297333207140703e-05,0.007270877908132457,0.4510348308934881,0.6791433532703067,-0.2281085223768186,15,18,True,down_in_case,1.9839288400674489
PT,top_overall,GSTA1,1.1197383473000433,2.1982642705921966,-1.0785259232921534,-1.4294689934775058,-3.856109950023532,0.001034762369146261,0.05239181238946037,0.39197375063099443,0.7895041481767316,-0.3975303975457372,15,18,True,down_in_case,1.9745363846677186
PT,top_overall,MME,0.4313811414085797,0.9775135682852013,-0.5461324268766217,-1.7278306388379825,-4.953096950406113,2.621989185074801e-05,0.009361117028191533,0.27486118122160524,0.5805518039745321,-0.30569062275292685,15,18,True,down_in_case,1.914304584156283
PT,up_in_CKD,CDC42,1.091781092926462,0.7516986418037157,0.34008245112274627,2.4331036315688026,6.804894080294251,2.9959497152700455e-07,0.000462874231009222,0.5973414100622582,0.4777156087208181,0.11962580134144007,15,18,True,up_in_case,2.759182134283804
PT,up_in_CKD,CAPZA2,0.6794657848809018,0.49654220778108904,0.18292357709981277,2.8883417854410007,8.3444366626252,2.1070399041871756e-09,8.681004405251163e-06,0.43799427898367826,0.3725641520355007,0.06543012694817757,15,18,True,up_in_case,2.6741853519448147
PT,up_in_CKD,TMSB10,2.5638299821327157,1.5579335643211778,1.005896417811538,1.6213039851240243,4.380977873158857,0.00029937891455023295,0.03314856595909428,0.8238263503281171,0.5861470191009068,0.2376793312272103,15,18,True,up_in_case,2.412920592782788
PT,up_in_CKD,CITED2,0.37349170354013256,0.1422961982955209,0.23119550524461166,2.89742445347782,7.832536240491635,1.7709852318148743e-07,0.0003127053923604549,0.256856806326771,0.10264325680108045,0.15421354952569055,15,18,True,up_in_case,2.347808963297935
PT,up_in_CKD,CLU,1.4632030518569057,0.6641144048676416,0.7990886469892641,1.6773268376110106,4.5280449894822485,0.0002173321021208881,0.029411220243220914,0.607942116776039,0.257186957360602,0.35075515941543706,15,18,True,up_in_case,2.052702251666542
PT,up_in_CKD,S100A11,1.7378198236672124,0.8261415974786657,0.9116782261885468,1.60577799588929,4.266508802213872,0.0005312287965283541,0.04002602815333052,0.6624600370183409,0.3359058460351148,0.3265541909832261,15,18,True,up_in_case,2.0461046645185106
PT,up_in_CKD,WFDC2,1.1296155813477735,0.3325131736213456,0.7971024077264279,1.658114578248306,4.377704764331857,0.00047500536002723835,0.03849998443379271,0.469796399125021,0.12946170171715224,0.3403346974078688,15,18,True,up_in_case,1.8695785703105727
PT,up_in_CKD,THBS1,0.4597491032853926,0.15418162868047963,0.30556747460491296,2.3168775508630315,6.286692936099336,3.531777190300368e-06,0.002518428811852647,0.3017836109708901,0.13119814779085473,0.1705854631800354,15,18,True,up_in_case,1.8399025272514906
PT,up_in_CKD,S100A6,1.8781402159660159,0.8084126784597832,1.0697275375062327,1.3472032806986751,3.588494689683799,0.002223842733046404,0.070297063451171,0.6011273767457513,0.22747443565502604,0.37365294109072533,15,18,True,up_in_case,1.6617254640196109
PT,up_in_CKD,CDH6,0.6648846408754447,0.20733708156945704,0.45754755930598767,2.008566971285692,5.252523468849572,0.00010663134494120481,0.021143798237539434,0.4103987884906613,0.16862820760177502,0.24177058088888628,15,18,True,up_in_case,1.5391817981359408
PT,up_in_CKD,TMSB4X,1.4659598081790883,0.593561500370513,0.8723983078085753,1.4223790094724655,3.7734884868790797,0.0015699463848837894,0.061277486264727274,0.5752145381120646,0.21840632838124638,0.35680820973081817,15,18,True,up_in_case,1.50481527030329
PT,up_in_CKD,TNFSF10,0.9858320421214078,0.4189493567345419,0.5668826853868659,1.651808476629811,4.388479092183104,0.0004098007905839336,0.03688022137762156,0.49192327107521455,0.2732008489291916,0.21872242214602294,15,18,True,up_in_case,1.3420282133341372
PT,up_in_CKD,ARRDC3,0.3258783145947755,0.09319526524760254,0.232683049347173,2.4324002306648635,6.418034129924638,9.000419987239548e-06,0.004836747436620905,0.2160524987380111,0.08875168821146054,0.12730081052655057,15,18,True,up_in_case,1.3104925313812048
PT,up_in_CKD,HNF1B,0.2584018415112855,0.07278401750215509,0.1856178240091304,2.460259508162834,6.6620163113817075,1.7250162423250087e-06,0.001522942911081222,0.19821638902910987,0.07080841211653482,0.12740797691257505,15,18,True,up_in_case,1.2865782811389173
PT,up_in_CKD,SEC61G,1.1121244061173197,0.8175905488811641,0.29453385723615555,1.9876182186438363,5.438212700442569,1.8386491794103115e-05,0.007575234619170484,0.6024734982332155,0.5070422535211268,0.09543124471208875,15,18,True,up_in_case,1.2414457670886019
PT,up_in_CKD,MARCKS,0.4163140280327116,0.07708287331896026,0.33923115471375137,2.023240075679645,5.35317688846511,6.185458374126329e-05,0.01577460868530574,0.26712098266868584,0.04649816708469998,0.22062281558398586,15,18,True,up_in_case,1.2368240313627177
PT,up_in_CKD,SOX4,0.826449415423206,0.33240322029848424,0.4940461951247218,1.6499590290859638,4.436282357305463,0.000290620657660066,0.03303849740177561,0.41956924112401145,0.1520355006752846,0.26753374044872685,15,18,True,up_in_case,1.207229469715329
PT,up_in_CKD,TNFRSF11B,0.41738211452937174,0.17108568536422664,0.2462964291651451,2.188256825549666,5.8533134494647445,1.5547471065677932e-05,0.006703491012969043,0.24726569072858826,0.11807833301176925,0.129187357716819,15,18,True,up_in_case,1.1715364531272827
PT,up_in_CKD,TXNIP,1.0067470913850582,0.5334427155862902,0.47330437579876805,1.5796448039595696,4.345734942650452,0.0002365615997658447,0.030457305969852504,0.4951203096079421,0.27686667952923016,0.21825363007871196,15,18,True,up_in_case,1.1336723028622115
PT,up_in_CKD,S100A10,1.606987019508029,1.0006648639423703,0.6063221555656586,1.4362358980187004,3.8544207598682254,0.0011169106114472043,0.053577031659071586,0.6623759044253744,0.4657534246575342,0.1966224797678402,15,18,True,up_in_case,1.106832904786392
PT,up_in_CKD,ARHGAP29,0.5506401832142902,0.19631906015373018,0.35432112306056,1.9118815825871425,5.0230413331717,0.00014517648625920993,0.024902679281501798,0.32306915699141847,0.16226123866486591,0.16080791832655256,15,18,True,up_in_case,1.0864150309205087
PT,up_in_CKD,SPP1,1.8052429818967426,1.105890179182057,0.6993528027146856,1.3042614237631778,3.5367963921119,0.002034637944291578,0.06786860217901883,0.6816422682147064,0.6160524792591163,0.06558978895559009,15,18,True,up_in_case,1.065680219413149
PT,up_in_CKD,NR2F2,0.4761983451563364,0.24916000316822087,0.22703834198811554,2.064078574117053,5.564347830378901,2.1903426562784972e-05,0.008549253231032282,0.32163890291098773,0.1838703453598302,0.13776855755115752,15,18,True,up_in_case,0.9691501089422977
PT,up_in_CKD,MALAT1,2.663803305737385,1.6045214420416725,1.0592818636957124,1.0279614908666432,2.7762268617389463,0.011813658199111107,0.1377097476936655,0.6576644792192495,0.38375458228825005,0.2739098969309995,15,18,True,up_in_case,0.9375821870351659
PT,up_in_CKD,B4GALT1,0.4102285592904255,0.16031027080224247,0.24991828848818304,2.009637192976986,5.33855500896041,5.6339511032781607e-05,0.014921921922111014,0.29909136799596164,0.13968743970673356,0.1594039282892281,15,18,True,up_in_case,0.9171875420328693
PT,up_in_CKD,MAP3K1,0.2633721830755146,0.07446932507973374,0.18890285799578083,2.2990960978185315,6.043720456111793,2.07144680482149e-05,0.008171196544976686,0.18626956082786472,0.06887902759019873,0.11739053323766599,15,18,True,up_in_case,0.9067064974078937
PT,up_in_CKD,PIGR,1.3192083077027281,0.6602582239461268,0.6589500837566014,1.2465718641676289,3.2873402573093324,0.004728059364244094,0.09411875965279055,0.5906108026249369,0.3222072158981285,0.2684035867268084,15,18,True,up_in_case,0.8430517613469405
PT,up_in_CKD,TRAM1,0.6479859316508899,0.3507067868322538,0.2972791448186361,1.7934705698993028,4.769031209265278,0.00017906810100731433,0.02695661558131805,0.39702170620898536,0.26104572641327417,0.1359759797957112,15,18,True,up_in_case,0.8367086465986552
PT,up_in_CKD,B2M,2.08737789695846,1.5022852793506956,0.5850926176077644,1.2945021983180942,3.443064803629042,0.00310333253719182,0.07980449820390989,0.7847046945986875,0.6569554312174416,0.12774926338124593,15,18,True,up_in_case,0.8316085092951698
PT,up_in_CKD,PTMA,2.307973518794762,1.7887541022581834,0.5192194165365784,1.3152123881427444,3.5767888552245286,0.0017956152529086014,0.06521196236812041,0.8366145044590274,0.7568975496816516,0.07971695477737584,15,18,True,up_in_case,0.8096767103508877
PT,up_in_CKD,CALM2,1.209985046439461,0.8456758072017034,0.3643092392377576,1.5366226515399088,4.118675569137771,0.0006287709748608052,0.042858139242350476,0.6137472656907286,0.4790661778892533,0.13468108780147525,15,18,True,up_in_case,0.7657957263462638
PT,up_in_CKD,TSPO,0.6978704119227674,0.37945803204089656,0.3184123798818709,1.6353223140747615,4.358960632298911,0.0004093134684887694,0.03688022137762156,0.40139660104324415,0.2384719274551418,0.16292467358810234,15,18,True,up_in_case,0.7462804604885861
PT,up_in_CKD,HNRNPH1,0.9657875758911396,0.5079970518867609,0.4577905240043787,1.360538081301344,3.634547415487242,0.00193947568634416,0.06640420909477512,0.5306242638398115,0.2859347868030098,0.24468947703680172,15,18,True,up_in_case,0.7335853846676443
PT,up_in_CKD,CD24,1.2309091143605349,0.48980133042543333,0.7411077839351015,1.0668243956633234,2.893653335602131,0.008876107865245043,0.12128600857122585,0.42781423523472994,0.1798186378545244,0.24799559738020555,15,18,True,up_in_case,0.7243684506205569
PT,up_in_CKD,TPM1,1.1681851158264611,0.6667803337628401,0.501404782063621,1.267745618786021,3.4475388143729555,0.002434818180911002,0.07322226938214108,0.5090021874474171,0.2903723712135829,0.2186298162338342,15,18,True,up_in_case,0.7216937781829423
PT,up_in_CKD,DEFB1,0.7741028731138305,0.2502214753266705,0.52388139778716,1.2756505140062442,3.334726175615233,0.0046902768561061505,0.09400302219820496,0.3855796735655393,0.15087786995948294,0.23470180360605636,15,18,True,up_in_case,0.6862386184540766
PT,up_in_CKD,VCAM1,0.78367225935928,0.42091626145736377,0.3627559979019162,1.4417310355413668,3.9033210969645213,0.0008815331514255239,0.049755427659100473,0.4050143025408043,0.1894655604862049,0.2155487420545994,15,18,True,up_in_case,0.6815479814667715
PT,up_in_CKD,HOXA3,0.12780167258832897,0.031264726352561584,0.09653694623576739,2.6107992416075754,6.910826133067738,3.1930697147707483e-06,0.0023784262260480244,0.09650008413259296,0.0331854138529809,0.06331467027961207,15,18,True,up_in_case,0.66127623790922
PT,up_in_CKD,APP,0.8857839813836395,0.5183321060617065,0.3674518753219329,1.444021835909824,3.8305067725809967,0.0013910960627195703,0.058700034598973265,0.4868753154972236,0.3534632452247733,0.13341207027245033,15,18,True,up_in_case,0.653370993152404
PT,up_in_CKD,ANXA4,0.8898079668083315,0.5950303165246434,0.2947776502836881,1.5222682930097922,4.130926287095174,0.0004986986643343475,0.03939400775894181,0.5260811038196197,0.3688983214354621,0.15718278238415762,15,18,True,up_in_case,0.6302735633457118
PT,down_in_CKD,ERRFI1,0.10296729693047836,0.8556562410792065,-0.7526889441487281,-5.086059764079173,-15.545728592735527,7.263419227501731e-14,8.97758616519214e-10,0.07050311290593976,0.5332818830792977,-0.46277877017335795,15,18,True,down_in_case,34.633304052621725
PT,down_in_CKD,GADD45A,0.28300201088504673,0.9664781057034472,-0.6834760948184004,-5.218352462206047,-15.865610799273501,1.7224949994857286e-14,3.1935057290465407e-10,0.19964664310954064,0.5462087594057495,-0.3465621162962089,15,18,True,down_in_case,33.86766078222839
PT,down_in_CKD,PDK4,0.10590914955562938,1.1486634086259058,-1.0427542590702763,-3.85444853556849,-12.059327248653938,4.905424756908126e-10,2.273664374826916e-06,0.09044253743900386,0.551418097626857,-0.46097556018785313,15,18,True,down_in_case,22.68168598063578
PT,down_in_CKD,USP2,0.11360878245230846,0.5068681406978159,-0.3932593582455075,-5.148482045770028,-15.203341425657465,1.0615638338744666e-15,3.936278696006522e-11,0.08480565371024736,0.3499903530773683,-0.26518469936712097,15,18,True,down_in_case,21.066712595691026
PT,down_in_CKD,TSC22D3,0.14957604342934677,0.6303573571574215,-0.4807813137280747,-4.283991728161605,-13.155813477434567,5.257320302480011e-12,4.87353592039897e-08,0.11055022715800102,0.40555662743584797,-0.29500640027784697,15,18,True,down_in_case,15.060578061301987
PT,down_in_CKD,RNF186,0.09869541220247346,0.4698025440125876,-0.3711071318101141,-3.6111325711957134,-10.856671467009921,2.058216420167121e-11,1.526373297195937e-07,0.07016658253407371,0.3256801080455335,-0.2555135255114598,15,18,True,down_in_case,9.134692441813106
PT,down_in_CKD,ZFAND5,0.30440159850395165,0.8351273275355773,-0.5307257290316256,-2.9327772177312603,-8.912836762886386,3.2204773328076676e-09,1.0855936318228028e-05,0.23380447585394581,0.5255643449739533,-0.2917598691200075,15,18,True,down_in_case,7.7269854908776345
PT,down_in_CKD,KLF9,0.15788487986798086,0.4889339545170329,-0.3310490746490521,-3.2085941263965525,-9.494244176855606,1.5173955732122073e-10,8.037861122101236e-07,0.12131919905771496,0.36253135249855295,-0.241212153440838,15,18,True,down_in_case,6.473972662391995
PT,down_in_CKD,FKBP5,0.07970241134765152,0.5872716490316211,-0.5075692376839696,-2.7005574840321662,-8.330227120417817,3.885025808351627e-08,8.070014788463845e-05,0.057041898031297326,0.3982249662357708,-0.34118306820447347,15,18,True,down_in_case,5.610528822573075
PT,down_in_CKD,SOCS2,0.029201965623338013,0.20349131405418072,-0.1742893484308427,-4.118308879451719,-12.795545439516117,5.994665513804674e-11,3.7047032875312884e-07,0.03087666161871109,0.1539648852016207,-0.1230882235829096,15,18,True,down_in_case,4.616203256260006
PT,down_in_CKD,ETNK2,0.24033245014038662,0.6129778621419879,-0.3726454120016013,-2.7157270588848226,-7.674441201208332,2.2221541747553793e-08,6.33826744614842e-05,0.18256772673733804,0.43661971830985913,-0.2540519915725211,15,18,True,down_in_case,4.248419347129162
PT,down_in_CKD,SGK1,0.15944990639471698,0.5187838407811736,-0.35933393438645655,-2.7468861795193638,-8.45748824148295,2.563290182849645e-08,6.789057141433203e-05,0.13183577317852938,0.35867258344588077,-0.2268368102673514,15,18,True,down_in_case,4.114210043484779
PT,down_in_CKD,ALDOB,1.5684174933388797,3.048164486900293,-1.4797469935614131,-1.6651974426341327,-4.496435706829538,0.00023251576701939427,0.030145750493283704,0.5153121319199058,0.8489291915878835,-0.3336170596679777,15,18,True,down_in_case,3.7472947260358027
PT,down_in_CKD,GGACT,0.14458438530920253,0.4984397362209641,-0.35385535091176157,-2.4633143767379186,-7.230897687366873,4.1302215951736676e-08,8.070014788463845e-05,0.09936059229345448,0.32722361566660235,-0.22786302337314787,15,18,True,down_in_case,3.567801531882308
PT,down_in_CKD,CISH,0.03208533560205551,0.24761257899939537,-0.21552724339733986,-3.287588849100242,-10.207901413206132,2.632506097473394e-09,9.761332609431346e-06,0.03222278310617533,0.18059039166505886,-0.14836760855888353,15,18,True,down_in_case,3.5502582865381647
PT,down_in_CKD,MIOX,1.4268809892255727,2.5606878696453426,-1.1338068804197698,-1.7769754382987075,-4.841758575742793,8.512496270129918e-05,0.019008740201798408,0.5949856974591957,0.8855874975882694,-0.29060180012907366,15,18,True,down_in_case,3.4674735676048187
PT,down_in_CKD,SLC22A6,0.31890210604268854,0.83547797737528,-0.5165758713325914,-2.0709535288038414,-6.014602295169388,1.1799072955554107e-06,0.001250027500548418,0.2226148409893993,0.514373914721204,-0.29175907373180465,15,18,True,down_in_case,3.105728869384488
PT,down_in_CKD,TIPARP,0.03963039332632652,0.4083769534515771,-0.3687465601252506,-2.5269631534860832,-7.93310892602412,3.8246858660740597e-07,0.0005672774076561044,0.03281171125694094,0.27030677213968746,-0.23749506088274652,15,18,True,down_in_case,3.0248424843204225
PT,down_in_CKD,DPEP1,0.5902326012860395,1.344530741583132,-0.7542981402970925,-1.8038960354690448,-5.189219225419177,1.3047780121966792e-05,0.006202713934904213,0.36925795053003535,0.7024889060389735,-0.33323095550893816,15,18,True,down_in_case,3.0035797620642684
PT,down_in_CKD,SLC22A8,0.43534841123025264,1.0720367074717188,-0.6366882962414662,-1.8913752728488944,-5.460394248612907,5.878251529296008e-06,0.0034088851331051935,0.2687195019350496,0.6087208180590392,-0.3400013161239896,15,18,True,down_in_case,2.971268899192894
PT,down_in_CKD,PLG,0.20869698130904057,0.6715069316998453,-0.46280995039080475,-2.110572624025492,-6.118928094731112,8.819568901330188e-07,0.0010219675464416356,0.1590947332996803,0.42697279567817864,-0.2678780623784983,15,18,True,down_in_case,2.9211639270250007
PT,down_in_CKD,UGT2B7,1.238956933799647,2.1186252714328817,-0.8796683376332346,-1.7062668953081372,-4.790751395184042,5.3225256743702646e-05,0.014301395072873145,0.5955746256099613,0.8498938838510515,-0.25431925824109014,15,18,True,down_in_case,2.7686828721450936
PT,down_in_CKD,GSTA2,0.6996008577500507,1.7154957571959697,-1.015894899445919,-1.5944826417946634,-4.507747991634071,0.00010449319940165314,0.020943826128720533,0.2884065286892142,0.6683387999228246,-0.37993227123361045,15,18,True,down_in_case,2.719598419897379
PT,down_in_CKD,FAM151A,0.32753168182176357,0.9341813885767665,-0.606649706755003,-1.845305144644467,-5.409571089337739,6.7604991747875345e-06,0.003798171354562451,0.22067979135116944,0.5757283426586919,-0.35504855130752244,15,18,True,down_in_case,2.709554523291322
PT,down_in_CKD,FABP1,0.8314163484938561,1.8318505455731087,-1.0004341970792525,-1.6266711097174258,-4.419641353818906,0.000246506237025596,0.03114018236892172,0.3430927141174491,0.7323943661971831,-0.389301652079734,15,18,True,down_in_case,2.4519351152666804
PT,down_in_CKD,APOE,1.8247313130770033,2.9357351270888703,-1.111003814011867,-1.50494754578469,-4.155838793198808,0.0003599174924038012,0.03457445756044805,0.7152953054013125,0.8965849893883852,-0.18128968398707268,15,18,True,down_in_case,2.4432046121207054
PT,down_in_CKD,GADD45B,0.17491195083729097,0.5777932953041425,-0.40288134446685153,-2.048470576287455,-6.225646037888052,1.6724063221762884e-06,0.0015125079616169945,0.11643950866565708,0.31699787767702103,-0.20055836901136395,15,18,True,down_in_case,2.3275689458515547
PT,down_in_CKD,PCK1,0.7457168359318671,1.5873160152074492,-0.8415991792755821,-1.6007892393471177,-4.531400432602276,9.652006447088389e-05,0.020106539272923454,0.38078411576644794,0.6598495080069458,-0.2790653922404978,15,18,True,down_in_case,2.2857828243431793
PT,down_in_CKD,MARC2,0.20777839828511632,0.41838995624282693,-0.2106115579577106,-2.443920123376339,-7.102872516352541,5.583640366612023e-08,0.00010352069239698693,0.1624600370183409,0.32355778506656374,-0.16109774804822283,15,18,True,down_in_case,2.0511365475538352
PT,down_in_CKD,NFKBIA,0.24043897376897333,0.5542220284491616,-0.31378305468018824,-2.1400905473178544,-6.485227042525764,7.725478071408597e-07,0.0009240668609284864,0.1772673733804476,0.30908740111904304,-0.13182002773859544,15,18,True,down_in_case,2.0376034456674845
PT,down_in_CKD,SLC34A1,0.15681761547171322,0.4833439957909835,-0.3265263803192703,-2.077507422837611,-6.185029646667778,9.425487023199015e-07,0.0010590819964249076,0.1166077738515901,0.343237507235192,-0.22662973338360187,15,18,True,down_in_case,2.0181716786218824
PT,down_in_CKD,GLRX,0.7608678645060949,1.228444915543851,-0.46757705103775615,-1.9841810024736728,-5.4395401407522055,1.7297333207140703e-05,0.007270877908132457,0.4510348308934881,0.6791433532703067,-0.2281085223768186,15,18,True,down_in_case,1.9839288400674489
PT,down_in_CKD,GSTA1,1.1197383473000433,2.1982642705921966,-1.0785259232921534,-1.4294689934775058,-3.856109950023532,0.001034762369146261,0.05239181238946037,0.39197375063099443,0.7895041481767316,-0.3975303975457372,15,18,True,down_in_case,1.9745363846677186
PT,down_in_CKD,MME,0.4313811414085797,0.9775135682852013,-0.5461324268766217,-1.7278306388379825,-4.953096950406113,2.621989185074801e-05,0.009361117028191533,0.27486118122160524,0.5805518039745321,-0.30569062275292685,15,18,True,down_in_case,1.914304584156283
PT,down_in_CKD,SUCLG1,1.1681156107297694,1.9013072578935513,-0.7331916471637818,-1.6355536242662472,-4.416286171520266,0.0002797914706052645,0.03256368966136472,0.571849234393404,0.8248118850086822,-0.25296265061527823,15,18,True,down_in_case,1.783491569792978
PT,down_in_CKD,IL6R,0.07403479384443927,0.23617206044638406,-0.16213726660194477,-2.683021007693036,-8.240408462484535,3.2197199101437345e-08,7.959147617875312e-05,0.060743732121824,0.19969129847578623,-0.13894756635396224,15,18,True,down_in_case,1.7831955701710174
PT,down_in_CKD,SLC3A2,0.473843481599706,0.81118533152882,-0.337341849929114,-1.9446901249206698,-5.677487668237381,3.0915919278998063e-06,0.0023784262260480244,0.3292949688709406,0.500482346131584,-0.17118737726064343,15,18,True,down_in_case,1.7212205151411586
PT,down_in_CKD,G6PC,0.09690375316035384,0.41715236440390613,-0.3202486112435523,-1.9771665949124735,-5.989908899513337,2.678280398981922e-06,0.002158926895527167,0.08144034999158674,0.30387806289793556,-0.22243771290634884,15,18,True,down_in_case,1.6879201687447438
PT,down_in_CKD,PER1,0.041384458327698194,0.1964886716231267,-0.1551042132954285,-2.635944385398891,-8.08944187250254,4.135120846300244e-08,8.070014788463845e-05,0.034662628302204276,0.15492957746478872,-0.12026694916258444,15,18,True,down_in_case,1.6734583856599963
PT,down_in_CKD,TSKU,0.10527322456132832,0.37545491601033165,-0.27018169144900334,-2.094038430556728,-6.3608876416333935,1.168993501248141e-06,0.001250027500548418,0.10424028268551237,0.2699208952344202,-0.1656806125489078,15,18,True,down_in_case,1.642478269726488
TAL,top_overall,ZFAND5,0.39464613885845157,1.6998455889102706,-1.305199450051819,-4.7233966472639395,-14.818765789188049,2.7042272025203334e-12,2.506818616736349e-08,0.31285360678925034,0.8559670781893004,-0.5431134714000501,14,18,True,down_in_case,46.859214998171126
TAL,top_overall,USP2,0.18744348140212766,1.0633029267944172,-0.8758594453922895,-5.121758361624853,-15.355136302017849,4.232118720677712e-15,1.5692696216272955e-10,0.17167609618104668,0.7349794238683127,-0.5633033276872661,14,18,True,down_in_case,43.98151674819761
TAL,top_overall,CEBPD,0.42949273253507675,1.5947006790660891,-1.1652079465310123,-3.78820296304847,-11.799930755629202,7.611571533527445e-11,4.0319581780456815e-07,0.2905763790664781,0.850480109739369,-0.5599037306728909,14,18,True,down_in_case,28.225534901659525
TAL,top_overall,PDK4,0.2079017968508015,1.6252302552048044,-1.417328458354003,-3.4697837379897662,-10.976334650216526,1.41723714658759e-09,4.379262782955653e-06,0.13083451202263083,0.7835390946502058,-0.6527045826275749,14,18,True,down_in_case,26.352642644432013
TAL,top_overall,NFKBIA,0.2001643605488823,0.811483728006403,-0.6113193674575207,-4.385653024187929,-13.434525652170798,8.676655957512723e-13,1.6086520145228586e-08,0.16504596888260253,0.6255144032921811,-0.4604684344095786,14,18,True,down_in_case,20.894745001426024
TAL,top_overall,CKB,1.5561404711347804,2.4631698573134004,-0.9070293861786201,-3.32506598412569,-9.421927655460575,2.500087968807334e-10,9.270326188337597e-07,0.7900459688826026,0.968724279835391,-0.1786783109527884,14,18,True,down_in_case,18.194834565232885
TAL,top_overall,SLC25A33,0.15981935721225418,0.6076866628833115,-0.44786730567105737,-4.4602169337927515,-13.841826867628631,2.2425804042693293e-12,2.506818616736349e-08,0.14842644978783592,0.5163237311385459,-0.36789728135071,14,18,True,down_in_case,15.183400649957692
TAL,top_overall,KLF9,0.18001909980081696,0.788812881588918,-0.6087937817881011,-3.797303545496487,-11.790359226683824,5.468206206069175e-11,4.0319581780456815e-07,0.15479137199434229,0.6340192043895747,-0.4792278323952324,14,18,True,down_in_case,14.782606837856044
TAL,top_overall,GLRX,0.5713339289294738,1.1652088251436152,-0.5938748962141415,-3.3949536863109118,-9.815638173365278,7.087967881421131e-11,4.0319581780456815e-07,0.41654879773691655,0.7396433470507544,-0.32309454931383785,14,18,True,down_in_case,12.89241644164908
TAL,top_overall,RHOBTB3,0.5845727097907527,1.1844009262698425,-0.5998282164790898,-3.2844764184718542,-9.63118325914953,1.188531874424907e-10,5.508845237959443e-07,0.4253005657708628,0.7300411522633745,-0.30474058649251173,14,18,True,down_in_case,12.330871961975705
TAL,top_overall,WFDC2,2.7666223984533587,1.0782221178957008,1.688400280557658,2.2760589479114866,5.885038081646843,1.5764833640837385e-05,0.002633153294604731,0.7891619519094767,0.5753086419753086,0.21385330993416807,14,18,True,up_in_case,9.912848530762021
TAL,top_overall,USP53,0.25921105944409456,0.7359130833477658,-0.4767020239036713,-3.2170633524093923,-9.456253402817133,1.8746857862533812e-10,7.723705439363931e-07,0.24266265912305515,0.5967078189300411,-0.3540451598069859,14,18,True,down_in_case,9.373511994216674
TAL,top_overall,TIPARP,0.04974508765292039,0.559561094923163,-0.5098160072702426,-3.489953887807375,-11.120876791418057,2.5035448155168926e-09,6.188762783957758e-06,0.04481966053748232,0.43978052126200273,-0.3949608607245204,14,18,True,down_in_case,9.266957397174831
TAL,top_overall,MPC1,1.1054570601344105,1.765433404720111,-0.6599763445857005,-2.8481679042152823,-8.027735786431633,8.412500411184938e-09,1.5596775762336877e-05,0.6595650636492221,0.8866941015089164,-0.2271290378596943,14,18,True,down_in_case,9.035765119097247
TAL,top_overall,TSC22D3,0.24480591717227293,0.7873832984646997,-0.5425773812924267,-2.983174266484153,-9.066051751390967,1.6838614717244957e-09,4.802891028580331e-06,0.2155233380480905,0.6060356652949246,-0.39051232724683405,14,18,True,down_in_case,8.608535001067906
TAL,top_overall,CYSTM1,1.5456168353897024,2.1046922806339055,-0.559075445244203,-2.8630579622844547,-8.302629555527004,2.878363003190312e-09,6.670606259893548e-06,0.7599009900990099,0.9308641975308642,-0.17096320743185434,14,18,True,down_in_case,8.284779535714117
TAL,top_overall,NR4A1,0.06610624939549863,1.2912022225573623,-1.2250959731618636,-2.1627096897359612,-6.8954001158259315,2.3670831276809646e-06,0.0008956269630041854,0.04322842998585573,0.6433470507544582,-0.6001186207686025,14,18,True,down_in_case,8.075421175955494
TAL,top_overall,COX7C,2.1104671693011183,2.7204524500180787,-0.6099852807169603,-2.809861314737654,-7.868385583836951,1.4826234782578172e-08,2.2906532739083276e-05,0.8732319660537482,0.9711934156378601,-0.0979614495841119,14,18,True,down_in_case,7.952909219985718
TAL,top_overall,DNAJC19,0.6311742379870029,1.1217084926666354,-0.4905342546796325,-2.94864982912611,-8.445632772375054,2.1682409432166395e-09,5.7427410124623565e-06,0.4771039603960396,0.7519890260631001,-0.27488506566706056,14,18,True,down_in_case,7.580481986978188
TAL,top_overall,CHCHD10,1.565716302030129,2.088567051366438,-0.522850749336309,-2.981414007111446,-8.209301809660637,1.154076739973035e-08,1.8605724138347886e-05,0.789515558698727,0.9223593964334705,-0.1328438377347435,14,18,True,down_in_case,7.3738383378068395
TAL,top_overall,SLC25A4,0.6246232358606597,1.1229788749646474,-0.4983556391039877,-2.7737860336953397,-7.997984534666681,6.397049029597901e-09,1.3953092824558246e-05,0.48894978783592646,0.757201646090535,-0.2682518582546085,14,18,True,down_in_case,6.711676931886932
TAL,top_overall,CYCS,0.8854718534505893,1.3998690919886472,-0.5143972385380579,-2.726859801367208,-7.665029918288483,2.235714506726609e-08,2.9607247824793808e-05,0.5755834512022631,0.8348422496570644,-0.2592587984548014,14,18,True,down_in_case,6.352220843176022
TAL,top_overall,GADD45A,0.2711610651269661,0.9012788729196269,-0.6301178077926608,-2.5504381511855714,-8.052860851901515,1.5302862452341922e-07,0.00012896139539382692,0.219501414427157,0.6274348422496571,-0.4079334278225001,14,18,True,down_in_case,6.250788761215108
TAL,top_overall,EGR1,0.2606967109441061,1.317164161601353,-1.056467450657247,-1.9922647911738198,-6.215773727016386,3.524308881923779e-06,0.00114090027837662,0.1371110325318246,0.6831275720164609,-0.5460165394846364,14,18,True,down_in_case,6.193795908802711
TAL,top_overall,UMOD,3.237668167644729,4.927495378601442,-1.6898272109567132,-1.7930563517440705,-4.6722631119123745,0.00017806925279899167,0.011354666171932197,0.8096711456859972,0.9720164609053498,-0.16234531521935258,14,18,True,down_in_case,5.892734945449375
TAL,top_overall,SLC1A5,0.1836805406589927,0.5169379158232401,-0.3332573751642474,-3.0286980011499303,-8.885785175308536,7.220314357974703e-10,2.433902330851836e-06,0.1600954738330976,0.48449931412894376,-0.3244038402958461,14,18,True,down_in_case,5.666106024238927
TAL,top_overall,PER1,0.06255222149805668,0.43166566256904126,-0.3691134410709846,-3.0650595806345238,-9.708819411246173,1.1354436646706977e-08,1.8605724138347886e-05,0.053836633663366336,0.4060356652949246,-0.35219903163155825,14,18,True,down_in_case,5.351707524666351
TAL,top_overall,JUN,0.5264626399363725,1.5655007310951434,-1.0390380911587709,-1.8437937288924453,-5.614873033084487,7.191718956406458e-06,0.0017544009138391542,0.25433168316831684,0.7637860082304527,-0.509454325062136,14,18,True,down_in_case,5.279620564621192
TAL,top_overall,TOB1,0.48214977159820077,1.1361245630832684,-0.6539747914850675,-2.3128288555682044,-7.267033724545293,5.19261696803497e-07,0.0003377933985521696,0.3587340876944837,0.7242798353909465,-0.3655457476964628,14,18,True,down_in_case,5.250525403337488
TAL,top_overall,COX7B,1.6866233909846091,2.2421741871559027,-0.5555507961712935,-2.6441681619319413,-6.96510755373724,9.776469104042593e-07,0.0005301240871443313,0.795968882602546,0.9382716049382716,-0.1423027223357256,14,18,True,down_in_case,4.811790236179473
TAL,top_overall,MTURN,0.7869349384977491,1.1759391725941422,-0.38900423409639306,-2.681616039279889,-7.601562913410403,2.2003959414874097e-08,2.9607247824793808e-05,0.5286421499292786,0.7703703703703704,-0.24172822044109177,14,18,True,down_in_case,4.724056392276115
TAL,top_overall,COX6C,1.649688611945963,2.1507161422640184,-0.5010275303180554,-2.436034474607159,-6.804946203315907,2.334998565618674e-07,0.00018037863919404256,0.8028642149929278,0.9366255144032922,-0.1337612994103644,14,18,True,down_in_case,4.569402214265219
TAL,top_overall,FABP3,0.3319097639048235,0.7400594949809053,-0.40814973107608177,-2.62688272520313,-7.346958785392713,5.6586784260540293e-08,6.768509549615595e-05,0.28562588401697314,0.5742112482853223,-0.2885853642683492,14,18,True,down_in_case,4.470384737758286
TAL,top_overall,BTG2,0.07990049863660133,0.9565010985042895,-0.8766005998676882,-1.8889172276971464,-6.026326814102638,1.3023780956957872e-05,0.0022779330088867826,0.06815770862800566,0.5791495198902606,-0.510991811262255,14,18,True,down_in_case,4.375452336105223
TAL,top_overall,SLC7A8,0.15522827779011142,0.455678428387636,-0.30045015059752456,-2.8509146964417025,-8.851098633417907,1.0393256042741924e-08,1.835152066975574e-05,0.13622701555869873,0.4257887517146776,-0.2895617361559789,14,18,True,down_in_case,4.056938405405506
TAL,top_overall,CYB5A,1.4682668163032837,2.0200311787511436,-0.5517643624478599,-2.2942687233735346,-6.245184367676781,1.7915920813374614e-06,0.0007464295997302592,0.7347949080622348,0.9122085048010974,-0.1774135967388626,14,18,True,down_in_case,3.9584700255343463
TAL,top_overall,DCXR,0.6494291760317097,0.9782308629539922,-0.3288016869222825,-2.5979958295115715,-7.617052655126757,1.8004734585985158e-08,2.6704622337933185e-05,0.4618104667609618,0.7075445816186557,-0.24573411485769392,14,18,True,down_in_case,3.906726079211131
TAL,top_overall,KLF6,0.25873506323696244,1.1526073410490147,-0.8938722778120523,-1.7626440807516341,-5.567238338562706,2.3090633864759374e-05,0.0033186073787026264,0.173974540311174,0.6592592592592592,-0.4852847189480852,14,18,True,down_in_case,3.905929069545873
TAL,top_overall,AHCYL1,0.5696430139916984,0.900747581604748,-0.3311045676130496,-2.607761601594305,-7.503082318546069,2.364419457977952e-08,3.0231956379938777e-05,0.432991513437058,0.6672153635116598,-0.23422385007460178,14,18,True,down_in_case,3.9023542527473074
TAL,top_overall,EGF,0.6010314260521408,1.3969362887724628,-0.795904862720322,-1.9059999560367022,-5.24439172306252,1.827140472313985e-05,0.0029202745135087312,0.4115983026874116,0.7569272976680385,-0.34532899498062686,14,18,True,down_in_case,3.844938678005991
TAL,up_in_CKD,WFDC2,2.7666223984533587,1.0782221178957008,1.688400280557658,2.2760589479114866,5.885038081646843,1.5764833640837385e-05,0.002633153294604731,0.7891619519094767,0.5753086419753086,0.21385330993416807,14,18,True,up_in_case,9.912848530762021
TAL,up_in_CKD,B2M,2.6231089122180355,1.9517842512172487,0.6713246610007868,2.2857219983068697,5.83180073993735,2.4685220795096682e-05,0.003428194708172977,0.9146923620933521,0.9089163237311385,0.005776038362213631,14,18,True,up_in_case,3.7823472331992347
TAL,up_in_CKD,LAPTM4A,1.37604486188671,0.9666857105846156,0.40935915130209444,2.473735325827269,6.5648534308063695,1.774555908345585e-06,0.0007464295997302592,0.7085396039603961,0.6984910836762689,0.010048520284127171,14,18,True,up_in_case,3.1665559350590446
TAL,up_in_CKD,ITGB6,0.6636873874803914,0.24166922236244767,0.42201816511794366,2.2101160838747025,5.840681538236944,9.865629118051846e-06,0.0020551546499851824,0.40187411598302686,0.24170096021947873,0.16017315576354813,14,18,True,up_in_case,2.5063344729649693
TAL,up_in_CKD,HLA-B,1.2060200012973816,0.5076924250625203,0.6983275762348613,1.8628027662303113,4.750296707326664,0.00021453356462832653,0.012768707185262195,0.5828323903818954,0.42112482853223593,0.16170756184965945,14,18,True,up_in_case,2.4636122177204913
TAL,up_in_CKD,ITM2C,1.320014643094476,0.6038719784059209,0.716142664688555,1.7424821211023835,4.484629989444706,0.00032408487532310576,0.0163053828724298,0.6109441301272984,0.48148148148148145,0.12946264864581697,14,18,True,up_in_case,2.230770986480682
TAL,up_in_CKD,ITM2B,3.081054024028879,2.6725876585908686,0.4084663654380103,2.056871132647913,5.547261281296857,1.2223930659006612e-05,0.002243877964534481,0.9611032531824611,0.968724279835391,-0.007621026652929852,14,18,True,up_in_case,2.225591571815565
TAL,up_in_CKD,SOD3,1.3899500523395019,0.31245046463272913,1.0774995877067728,1.5091619829252492,3.814501976523682,0.0016552986194464069,0.04369231302955517,0.4344059405940594,0.2345679012345679,0.19983803935949151,14,18,True,up_in_case,2.2108664851091935
TAL,up_in_CKD,TMSB4X,0.8634056127909717,0.3146557685123506,0.5487498442786212,1.7980729802850623,4.762176231855309,0.0001118299871304404,0.008656901717738476,0.4381188118811881,0.26310013717421127,0.17501867470697685,14,18,True,up_in_case,2.0351884856482663
TAL,up_in_CKD,CFI,0.4524145224326469,0.1720887398586829,0.280325782573964,2.619429717473523,6.569306902237552,1.0560007927237155e-05,0.002116568075361912,0.3399045261669024,0.205761316872428,0.13414320929447443,14,18,True,up_in_case,1.9637713577903952
TAL,up_in_CKD,PIGR,0.8272186471361526,0.43992941075503184,0.3872892363811207,2.0533260227321923,5.414898681498197,2.693878741992459e-05,0.0036323281364756504,0.4960219236209335,0.3925925925925926,0.1034293310283409,14,18,True,up_in_case,1.9402166271718195
TAL,up_in_CKD,TSPAN1,0.6385082572521533,0.08966599118584782,0.5488422660663055,1.9019790640998269,4.7562917551324,0.00029326435883439243,0.015468339154451312,0.3071074964639321,0.07983539094650206,0.22727210551743005,14,18,True,up_in_case,1.890015293149917
TAL,up_in_CKD,CLU,1.033818414790162,0.4954062360401654,0.5384121787499965,1.862535799851245,4.737309251248404,0.00023000937873938652,0.013367943203223279,0.45624115983026875,0.4337448559670782,0.02249630386319057,14,18,True,up_in_case,1.8792048359693048
TAL,up_in_CKD,TIMP1,0.6209358896097644,0.08094570636704086,0.5399901832427235,1.8402581738897683,4.647771834874877,0.00030867150507480685,0.01583062158806893,0.2767857142857143,0.04636488340192044,0.23042083088379386,14,18,True,up_in_case,1.7891973075385081
TAL,up_in_CKD,TSPAN8,0.9923793529427647,0.62566929077451,0.36671006216825475,1.912033915658564,5.240366156384784,1.9636536545218553e-05,0.003048928537363381,0.5646216407355021,0.5327846364883402,0.03183700424716196,14,18,True,up_in_case,1.7640205406455103
TAL,up_in_CKD,C12orf75,0.46366431010088627,0.10287595650743554,0.36078835359345074,2.1685149406216913,5.470310282569998,6.423053165989466e-05,0.006106841317817677,0.28642149929278643,0.10864197530864197,0.17777952398414446,14,18,True,up_in_case,1.7323215664178886
TAL,up_in_CKD,RASSF7,0.6201601177808528,0.37395898010708056,0.24620113767377222,2.2914310637630066,6.130127489073004,3.7171204492831126e-06,0.0011780412500804942,0.43113507779349364,0.38545953360768176,0.04567554418581188,14,18,True,up_in_case,1.6523134006692866
TAL,up_in_CKD,MMP7,0.4480094400971472,0.05150018058076169,0.39650925951638555,2.065633203128244,5.126974263444114,0.0001683510521132599,0.011011164492179981,0.22233026874115983,0.03155006858710562,0.1907802001540542,14,18,True,up_in_case,1.6038221655385798
TAL,up_in_CKD,C4orf48,0.7344384914050431,0.35928997319321526,0.3751485182118279,1.8965943043424416,5.043647371722593,5.380026356172025e-05,0.005630115423191157,0.4796676096181047,0.36460905349794237,0.1150585561201623,14,18,True,up_in_case,1.6005171613947329
TAL,up_in_CKD,LDHA,1.029523097299952,0.5478055475700753,0.4817175497298768,1.7588408743574817,4.570646400249131,0.00023269744049206345,0.013460875340788943,0.5523338048090524,0.5004115226337449,0.05192228217530748,14,18,True,up_in_case,1.5851698036440773
TAL,up_in_CKD,HOXB3,0.4262457877662554,0.208674941015781,0.2175708467504744,2.3041749512813894,6.2631771852284475,1.778576871098146e-06,0.0007464295997302592,0.30701909476661954,0.22469135802469137,0.08232773674192817,14,18,True,up_in_case,1.5676372783222705
TAL,up_in_CKD,PCSK1N,1.6287071398373203,1.0250953403363507,0.6036117995009695,1.4873449590745034,4.056855918120693,0.00044144628323413874,0.019721479737737187,0.7260431400282885,0.712482853223594,0.013560286804694566,14,18,True,up_in_case,1.5307674567978389
TAL,up_in_CKD,SLC35F5,0.46746478319129325,0.2459006427353946,0.22156414045589864,2.393906645081208,6.262308776328786,5.24968748618911e-06,0.0014721209183263938,0.36704384724186706,0.27023319615912206,0.096810651082745,14,18,True,up_in_case,1.5021337309467016
TAL,up_in_CKD,SYPL1,0.5964798092017832,0.3722634132543121,0.22421639594747111,2.459423395393861,6.279710920509801,1.034324189538645e-05,0.002084388095005052,0.43785360678925034,0.3917695473251029,0.04608405946414745,14,18,True,up_in_case,1.4784306262682732
TAL,up_in_CKD,SLPI,0.5152934053691091,0.03159360901138626,0.4836997963577228,1.8135885212181062,4.516237806263347,0.000494355772555273,0.021094029972784263,0.19527934936350777,0.01262002743484225,0.18265932192866552,14,18,True,up_in_case,1.4701015295792916
TAL,up_in_CKD,MDM4,0.5018334363646665,0.3183851385204614,0.18344829784420508,2.301334292859212,6.395204351164327,7.558291023617263e-07,0.000431171432547274,0.34786067892503536,0.3278463648834019,0.020014314041633452,14,18,True,up_in_case,1.4207695353644605
TAL,up_in_CKD,PAPPA2,1.0113183758639692,0.37256344221616755,0.6387549336478017,1.5425387149410419,3.924812644333649,0.0012282466084543027,0.036562403182698766,0.37853606789250355,0.22770919067215364,0.1508268772203499,14,18,True,up_in_case,1.4158479332722966
TAL,up_in_CKD,PROM1,0.32728943976838515,0.053790885945838335,0.27349855382254684,2.29648637674251,5.705798335900149,5.920461534073688e-05,0.005881450695250647,0.21994342291371993,0.0551440329218107,0.16479938999190924,14,18,True,up_in_case,1.4009549203956198
TAL,up_in_CKD,ITGB8,0.505124980499743,0.233397222630071,0.27172775786967196,2.138525209889723,5.532096151517136,3.2163807118665024e-05,0.0040588990576366675,0.346004243281471,0.24828532235939643,0.09771892092207457,14,18,True,up_in_case,1.3897459785685238
TAL,up_in_CKD,TNFRSF11B,0.4704417632225459,0.12637321670984386,0.344068546512702,1.8778612522656437,4.80888853070696,0.00017704237603146844,0.011354666171932197,0.23426449787835926,0.0982167352537723,0.13604776262458695,14,18,True,up_in_case,1.2565771056857036
TAL,up_in_CKD,TMEM59,1.787673850295788,1.4896735314453795,0.29800031885040856,1.800833797106836,4.91500673815933,4.8405420689778276e-05,0.00526355718233718,0.816566478076379,0.8488340192043896,-0.03226754112801056,14,18,True,up_in_case,1.2228732647897806
TAL,up_in_CKD,ARHGAP29,0.5313939548086497,0.2524023909093261,0.2789915638993236,2.0853605078566497,5.229825603261706,0.00011398122847975064,0.008727658049185854,0.3826025459688826,0.2729766803840878,0.10962586558479481,14,18,True,up_in_case,1.1979815651549461
TAL,up_in_CKD,COL4A3,0.5794947557454827,0.3183507955073328,0.2611439602381499,1.9153059640509251,5.142590009279511,3.569716525006852e-05,0.004339838975319805,0.3758840169731259,0.3308641975308642,0.04501981944226169,14,18,True,up_in_case,1.1816662025194686
TAL,up_in_CKD,HLA-A,1.4308032380740208,0.9047142813590493,0.5260889567149715,1.4667549683834677,3.797913769254993,0.0013482783425502376,0.038705898838329464,0.7056223479490806,0.6765432098765433,0.02907913807253737,14,18,True,up_in_case,1.0897327058079502
TAL,up_in_CKD,ANXA2,0.6458714763264954,0.22753928224659845,0.41833219407989697,1.5666695480749984,4.086957396534776,0.0006524819780312384,0.025019681225851412,0.32416902404526166,0.19615912208504802,0.12800990196021364,14,18,True,up_in_case,1.0497474016062665
TAL,up_in_CKD,HOXA3,0.15817481338188993,0.05297364877873857,0.10520116460315136,2.9311986114119124,7.561978587768554,6.937710985586096e-07,0.0004019536302273944,0.12774045261669023,0.06529492455418381,0.06244552806250642,14,18,True,up_in_case,1.0471550052678882
TAL,up_in_CKD,CD59,1.5977003516997261,1.3085480698652772,0.28915228183444897,1.7164827109619352,4.65482629077228,0.0001026566875459631,0.00818604295527809,0.7796145685997171,0.8046639231824417,-0.025049354582724614,14,18,True,up_in_case,1.0357933132814903
TAL,up_in_CKD,FGL2,0.860207374056676,0.4124090656483956,0.44779830840828044,1.5032042490965054,3.916009662555263,0.0009742502118529386,0.03163327307837738,0.4124823196605375,0.2962962962962963,0.11618602336424122,14,18,True,up_in_case,1.009601461031583
TAL,up_in_CKD,GALNT3,0.2814686687238274,0.12819243964494717,0.15327622907888025,2.2812371093753616,6.059734282369772,5.282048330511161e-06,0.0014721209183263938,0.22277227722772278,0.15637860082304528,0.0663936764046775,14,18,True,up_in_case,0.9902552438044747
TAL,up_in_CKD,FAT1,0.3799740713093924,0.21025302314009334,0.1697210481692991,2.1503077642064743,5.7542622696384,8.853193957479971e-06,0.0019389345649120002,0.2919908062234795,0.2326474622770919,0.0593433439463876,14,18,True,up_in_case,0.9899105749286177
TAL,down_in_CKD,ZFAND5,0.39464613885845157,1.6998455889102706,-1.305199450051819,-4.7233966472639395,-14.818765789188049,2.7042272025203334e-12,2.506818616736349e-08,0.31285360678925034,0.8559670781893004,-0.5431134714000501,14,18,True,down_in_case,46.859214998171126
TAL,down_in_CKD,USP2,0.18744348140212766,1.0633029267944172,-0.8758594453922895,-5.121758361624853,-15.355136302017849,4.232118720677712e-15,1.5692696216272955e-10,0.17167609618104668,0.7349794238683127,-0.5633033276872661,14,18,True,down_in_case,43.98151674819761
TAL,down_in_CKD,CEBPD,0.42949273253507675,1.5947006790660891,-1.1652079465310123,-3.78820296304847,-11.799930755629202,7.611571533527445e-11,4.0319581780456815e-07,0.2905763790664781,0.850480109739369,-0.5599037306728909,14,18,True,down_in_case,28.225534901659525
TAL,down_in_CKD,PDK4,0.2079017968508015,1.6252302552048044,-1.417328458354003,-3.4697837379897662,-10.976334650216526,1.41723714658759e-09,4.379262782955653e-06,0.13083451202263083,0.7835390946502058,-0.6527045826275749,14,18,True,down_in_case,26.352642644432013
TAL,down_in_CKD,NFKBIA,0.2001643605488823,0.811483728006403,-0.6113193674575207,-4.385653024187929,-13.434525652170798,8.676655957512723e-13,1.6086520145228586e-08,0.16504596888260253,0.6255144032921811,-0.4604684344095786,14,18,True,down_in_case,20.894745001426024
TAL,down_in_CKD,CKB,1.5561404711347804,2.4631698573134004,-0.9070293861786201,-3.32506598412569,-9.421927655460575,2.500087968807334e-10,9.270326188337597e-07,0.7900459688826026,0.968724279835391,-0.1786783109527884,14,18,True,down_in_case,18.194834565232885
TAL,down_in_CKD,SLC25A33,0.15981935721225418,0.6076866628833115,-0.44786730567105737,-4.4602169337927515,-13.841826867628631,2.2425804042693293e-12,2.506818616736349e-08,0.14842644978783592,0.5163237311385459,-0.36789728135071,14,18,True,down_in_case,15.183400649957692
TAL,down_in_CKD,KLF9,0.18001909980081696,0.788812881588918,-0.6087937817881011,-3.797303545496487,-11.790359226683824,5.468206206069175e-11,4.0319581780456815e-07,0.15479137199434229,0.6340192043895747,-0.4792278323952324,14,18,True,down_in_case,14.782606837856044
TAL,down_in_CKD,GLRX,0.5713339289294738,1.1652088251436152,-0.5938748962141415,-3.3949536863109118,-9.815638173365278,7.087967881421131e-11,4.0319581780456815e-07,0.41654879773691655,0.7396433470507544,-0.32309454931383785,14,18,True,down_in_case,12.89241644164908
TAL,down_in_CKD,RHOBTB3,0.5845727097907527,1.1844009262698425,-0.5998282164790898,-3.2844764184718542,-9.63118325914953,1.188531874424907e-10,5.508845237959443e-07,0.4253005657708628,0.7300411522633745,-0.30474058649251173,14,18,True,down_in_case,12.330871961975705
TAL,down_in_CKD,USP53,0.25921105944409456,0.7359130833477658,-0.4767020239036713,-3.2170633524093923,-9.456253402817133,1.8746857862533812e-10,7.723705439363931e-07,0.24266265912305515,0.5967078189300411,-0.3540451598069859,14,18,True,down_in_case,9.373511994216674
TAL,down_in_CKD,TIPARP,0.04974508765292039,0.559561094923163,-0.5098160072702426,-3.489953887807375,-11.120876791418057,2.5035448155168926e-09,6.188762783957758e-06,0.04481966053748232,0.43978052126200273,-0.3949608607245204,14,18,True,down_in_case,9.266957397174831
TAL,down_in_CKD,MPC1,1.1054570601344105,1.765433404720111,-0.6599763445857005,-2.8481679042152823,-8.027735786431633,8.412500411184938e-09,1.5596775762336877e-05,0.6595650636492221,0.8866941015089164,-0.2271290378596943,14,18,True,down_in_case,9.035765119097247
TAL,down_in_CKD,TSC22D3,0.24480591717227293,0.7873832984646997,-0.5425773812924267,-2.983174266484153,-9.066051751390967,1.6838614717244957e-09,4.802891028580331e-06,0.2155233380480905,0.6060356652949246,-0.39051232724683405,14,18,True,down_in_case,8.608535001067906
TAL,down_in_CKD,CYSTM1,1.5456168353897024,2.1046922806339055,-0.559075445244203,-2.8630579622844547,-8.302629555527004,2.878363003190312e-09,6.670606259893548e-06,0.7599009900990099,0.9308641975308642,-0.17096320743185434,14,18,True,down_in_case,8.284779535714117
TAL,down_in_CKD,NR4A1,0.06610624939549863,1.2912022225573623,-1.2250959731618636,-2.1627096897359612,-6.8954001158259315,2.3670831276809646e-06,0.0008956269630041854,0.04322842998585573,0.6433470507544582,-0.6001186207686025,14,18,True,down_in_case,8.075421175955494
TAL,down_in_CKD,COX7C,2.1104671693011183,2.7204524500180787,-0.6099852807169603,-2.809861314737654,-7.868385583836951,1.4826234782578172e-08,2.2906532739083276e-05,0.8732319660537482,0.9711934156378601,-0.0979614495841119,14,18,True,down_in_case,7.952909219985718
TAL,down_in_CKD,DNAJC19,0.6311742379870029,1.1217084926666354,-0.4905342546796325,-2.94864982912611,-8.445632772375054,2.1682409432166395e-09,5.7427410124623565e-06,0.4771039603960396,0.7519890260631001,-0.27488506566706056,14,18,True,down_in_case,7.580481986978188
TAL,down_in_CKD,CHCHD10,1.565716302030129,2.088567051366438,-0.522850749336309,-2.981414007111446,-8.209301809660637,1.154076739973035e-08,1.8605724138347886e-05,0.789515558698727,0.9223593964334705,-0.1328438377347435,14,18,True,down_in_case,7.3738383378068395
TAL,down_in_CKD,SLC25A4,0.6246232358606597,1.1229788749646474,-0.4983556391039877,-2.7737860336953397,-7.997984534666681,6.397049029597901e-09,1.3953092824558246e-05,0.48894978783592646,0.757201646090535,-0.2682518582546085,14,18,True,down_in_case,6.711676931886932
TAL,down_in_CKD,CYCS,0.8854718534505893,1.3998690919886472,-0.5143972385380579,-2.726859801367208,-7.665029918288483,2.235714506726609e-08,2.9607247824793808e-05,0.5755834512022631,0.8348422496570644,-0.2592587984548014,14,18,True,down_in_case,6.352220843176022
TAL,down_in_CKD,GADD45A,0.2711610651269661,0.9012788729196269,-0.6301178077926608,-2.5504381511855714,-8.052860851901515,1.5302862452341922e-07,0.00012896139539382692,0.219501414427157,0.6274348422496571,-0.4079334278225001,14,18,True,down_in_case,6.250788761215108
TAL,down_in_CKD,EGR1,0.2606967109441061,1.317164161601353,-1.056467450657247,-1.9922647911738198,-6.215773727016386,3.524308881923779e-06,0.00114090027837662,0.1371110325318246,0.6831275720164609,-0.5460165394846364,14,18,True,down_in_case,6.193795908802711
TAL,down_in_CKD,UMOD,3.237668167644729,4.927495378601442,-1.6898272109567132,-1.7930563517440705,-4.6722631119123745,0.00017806925279899167,0.011354666171932197,0.8096711456859972,0.9720164609053498,-0.16234531521935258,14,18,True,down_in_case,5.892734945449375
TAL,down_in_CKD,SLC1A5,0.1836805406589927,0.5169379158232401,-0.3332573751642474,-3.0286980011499303,-8.885785175308536,7.220314357974703e-10,2.433902330851836e-06,0.1600954738330976,0.48449931412894376,-0.3244038402958461,14,18,True,down_in_case,5.666106024238927
TAL,down_in_CKD,PER1,0.06255222149805668,0.43166566256904126,-0.3691134410709846,-3.0650595806345238,-9.708819411246173,1.1354436646706977e-08,1.8605724138347886e-05,0.053836633663366336,0.4060356652949246,-0.35219903163155825,14,18,True,down_in_case,5.351707524666351
TAL,down_in_CKD,JUN,0.5264626399363725,1.5655007310951434,-1.0390380911587709,-1.8437937288924453,-5.614873033084487,7.191718956406458e-06,0.0017544009138391542,0.25433168316831684,0.7637860082304527,-0.509454325062136,14,18,True,down_in_case,5.279620564621192
TAL,down_in_CKD,TOB1,0.48214977159820077,1.1361245630832684,-0.6539747914850675,-2.3128288555682044,-7.267033724545293,5.19261696803497e-07,0.0003377933985521696,0.3587340876944837,0.7242798353909465,-0.3655457476964628,14,18,True,down_in_case,5.250525403337488
TAL,down_in_CKD,COX7B,1.6866233909846091,2.2421741871559027,-0.5555507961712935,-2.6441681619319413,-6.96510755373724,9.776469104042593e-07,0.0005301240871443313,0.795968882602546,0.9382716049382716,-0.1423027223357256,14,18,True,down_in_case,4.811790236179473
TAL,down_in_CKD,MTURN,0.7869349384977491,1.1759391725941422,-0.38900423409639306,-2.681616039279889,-7.601562913410403,2.2003959414874097e-08,2.9607247824793808e-05,0.5286421499292786,0.7703703703703704,-0.24172822044109177,14,18,True,down_in_case,4.724056392276115
TAL,down_in_CKD,COX6C,1.649688611945963,2.1507161422640184,-0.5010275303180554,-2.436034474607159,-6.804946203315907,2.334998565618674e-07,0.00018037863919404256,0.8028642149929278,0.9366255144032922,-0.1337612994103644,14,18,True,down_in_case,4.569402214265219
TAL,down_in_CKD,FABP3,0.3319097639048235,0.7400594949809053,-0.40814973107608177,-2.62688272520313,-7.346958785392713,5.6586784260540293e-08,6.768509549615595e-05,0.28562588401697314,0.5742112482853223,-0.2885853642683492,14,18,True,down_in_case,4.470384737758286
TAL,down_in_CKD,BTG2,0.07990049863660133,0.9565010985042895,-0.8766005998676882,-1.8889172276971464,-6.026326814102638,1.3023780956957872e-05,0.0022779330088867826,0.06815770862800566,0.5791495198902606,-0.510991811262255,14,18,True,down_in_case,4.375452336105223
TAL,down_in_CKD,SLC7A8,0.15522827779011142,0.455678428387636,-0.30045015059752456,-2.8509146964417025,-8.851098633417907,1.0393256042741924e-08,1.835152066975574e-05,0.13622701555869873,0.4257887517146776,-0.2895617361559789,14,18,True,down_in_case,4.056938405405506
TAL,down_in_CKD,CYB5A,1.4682668163032837,2.0200311787511436,-0.5517643624478599,-2.2942687233735346,-6.245184367676781,1.7915920813374614e-06,0.0007464295997302592,0.7347949080622348,0.9122085048010974,-0.1774135967388626,14,18,True,down_in_case,3.9584700255343463
TAL,down_in_CKD,DCXR,0.6494291760317097,0.9782308629539922,-0.3288016869222825,-2.5979958295115715,-7.617052655126757,1.8004734585985158e-08,2.6704622337933185e-05,0.4618104667609618,0.7075445816186557,-0.24573411485769392,14,18,True,down_in_case,3.906726079211131
TAL,down_in_CKD,KLF6,0.25873506323696244,1.1526073410490147,-0.8938722778120523,-1.7626440807516341,-5.567238338562706,2.3090633864759374e-05,0.0033186073787026264,0.173974540311174,0.6592592592592592,-0.4852847189480852,14,18,True,down_in_case,3.905929069545873
TAL,down_in_CKD,AHCYL1,0.5696430139916984,0.900747581604748,-0.3311045676130496,-2.607761601594305,-7.503082318546069,2.364419457977952e-08,3.0231956379938777e-05,0.432991513437058,0.6672153635116598,-0.23422385007460178,14,18,True,down_in_case,3.9023542527473074
TAL,down_in_CKD,EGF,0.6010314260521408,1.3969362887724628,-0.795904862720322,-1.9059999560367022,-5.24439172306252,1.827140472313985e-05,0.0029202745135087312,0.4115983026874116,0.7569272976680385,-0.34532899498062686,14,18,True,down_in_case,3.844938678005991
TAL,down_in_CKD,UQCRH,1.4045485968143903,1.9214281281041181,-0.5168795312897279,-2.331519647592637,-6.344633393484186,1.4166408902250647e-06,0.0006649246102474101,0.7406294200848657,0.8982167352537723,-0.15758731516890667,14,18,True,down_in_case,3.8289239396627663
VSM/P,top_overall,MT1E,0.981301709585347,2.3414169246719148,-1.3601152150865676,-3.6282126557790817,-10.52411537471751,5.635714421008396e-11,8.080546870098686e-07,0.5004122011541632,0.8595988538681948,-0.3591866527140316,13,17,True,down_in_case,30.06548360757507
VSM/P,top_overall,FKBP5,0.17573584692187,1.0967598130854885,-0.9210239661636186,-4.725666308127997,-14.35514980327021,5.1144416332901785e-12,1.8964349576239982e-07,0.12036273701566365,0.6446991404011462,-0.5243364033854825,13,17,True,down_in_case,29.25745190574301
VSM/P,top_overall,RGCC,0.2601099471271557,1.3784505525622597,-1.118340605435104,-3.9295024898215267,-11.821089749101569,6.537659280015118e-11,8.080546870098686e-07,0.179719703215169,0.6752626552053486,-0.49554295199017956,13,17,True,down_in_case,26.773886823349088
VSM/P,top_overall,TSC22D1,1.4882232760997833,2.711698263350682,-1.2234749872508985,-3.6030319900878105,-10.034954474318253,9.695139115531185e-11,8.987393960097408e-07,0.6611706512778236,0.9407831900668577,-0.27961253878903414,13,17,True,down_in_case,26.65370958791958
VSM/P,top_overall,MT2A,2.1178302788251475,3.6867312361186233,-1.5689009572934758,-3.0978786017238,-9.023946818984014,1.6377842152010313e-09,5.520821699968567e-06,0.8186314921681781,0.9723018147086915,-0.15367032254051338,13,17,True,down_in_case,25.555253725590358
VSM/P,top_overall,CEBPB,0.33090597545374634,1.2344814837375708,-0.9035755082838245,-3.5754865432746814,-10.637883980885453,1.9674308671649407e-10,1.016401560098469e-06,0.2267106347897774,0.6819484240687679,-0.4552377892789905,13,17,True,down_in_case,19.361506329295775
VSM/P,top_overall,CEBPD,0.27103207457243705,1.7813566379941186,-1.5103245634216815,-2.9535898891132972,-9.108583613665095,4.381837839466131e-08,0.00013539878923950343,0.17807089859851608,0.7688634192932188,-0.5907925206947027,13,17,True,down_in_case,17.256399779972845
VSM/P,top_overall,TSC22D3,0.32816995574733543,1.1296875670047153,-0.8015176112573799,-3.396581804840427,-9.817905067655534,2.1928836248079157e-10,1.016401560098469e-06,0.21846661170651277,0.6599808978032474,-0.44151428609673465,13,17,True,down_in_case,16.315286030376647
VSM/P,top_overall,KLF9,0.2941681108420971,0.9155784734268179,-0.6214103625847207,-3.636428547332439,-10.977980509036328,3.5376107443049143e-10,1.4574956266536247e-06,0.18301731244847486,0.5797516714422158,-0.396734358993741,13,17,True,down_in_case,13.188580613564739
VSM/P,top_overall,TIPARP,0.05316335076248567,0.5574331241564615,-0.5042697733939758,-4.073757893378869,-12.495583316596363,1.8511376511265907e-10,1.016401560098469e-06,0.04451772464962902,0.3772683858643744,-0.3327506612147454,13,17,True,down_in_case,12.311123716500523
VSM/P,top_overall,DUSP1,0.47432627060166777,1.589599483121225,-1.1152732125195572,-2.7512235773839535,-8.374605394085547,6.322515267526825e-08,0.00016745633294278192,0.2588623248145095,0.7411652340019103,-0.48230290918740076,13,17,True,down_in_case,11.58645185474471
VSM/P,top_overall,MT1X,0.6071824345116624,1.834202335259539,-1.2270199007478766,-2.4357700856242133,-7.0128247075941825,1.4775595095836526e-07,0.00032228180361977554,0.2786479802143446,0.7392550143266475,-0.4606070341123029,13,17,True,down_in_case,10.435969682453786
VSM/P,top_overall,MT1M,0.4124822137250239,1.7467915713301105,-1.3343093576050866,-2.4270649781786435,-7.3734985264774755,3.9498679759195283e-07,0.0006102546022795671,0.2407254740313273,0.7363896848137536,-0.4956642107824263,13,17,True,down_in_case,10.40997941478487
VSM/P,top_overall,GADD45B,0.4392502627152638,1.5218965202133294,-1.0826462574980655,-2.604152657884392,-7.854283556696979,1.024466249552007e-07,0.00023869689509039456,0.24154987633965375,0.6848137535816619,-0.4432638772420081,13,17,True,down_in_case,10.212212352711164
VSM/P,top_overall,ZFAND5,0.3231477831796013,0.8736137694403903,-0.550465986260789,-3.258123781979906,-9.507479139721987,6.121297216850923e-10,2.2697770080083224e-06,0.21022258862324814,0.5702005730659025,-0.3599779844426544,13,17,True,down_in_case,10.122466939861708
VSM/P,top_overall,C11orf96,1.9953907935745394,3.069644130571484,-1.0742533369969447,-2.505862869190314,-6.801495954697213,3.232347918541042e-07,0.0005447975491795538,0.7469084913437758,0.938872970391595,-0.19196447904781921,13,17,True,down_in_case,8.785831582091006
VSM/P,top_overall,PDK4,0.13732026542821607,0.9900342936829195,-0.8527140282547034,-2.7616118235731393,-8.49732898446601,1.029975814845284e-07,0.00023869689509039456,0.09398186314921682,0.49665711556829034,-0.40267525241907354,13,17,True,down_in_case,8.52968238267435
VSM/P,top_overall,NR4A1,0.11518729923502041,1.1406140349562353,-1.0254267357212148,-2.551028247653607,-7.923255089684603,5.038319139153399e-07,0.0007185418218454156,0.07089859851607584,0.5998089780324737,-0.5289103795163979,13,17,True,down_in_case,8.223183719783075
VSM/P,top_overall,ZFP36,0.6105136632089443,1.5484609674814147,-0.9379473042724704,-2.289652125368781,-6.738183165151926,4.7065362553770114e-07,0.0006980734573975183,0.302555647155812,0.7182425978987583,-0.4156869507429463,13,17,True,down_in_case,6.777952850827221
VSM/P,top_overall,PER1,0.10941956546969091,0.4310067429336463,-0.32158717746395543,-3.453497494365048,-10.130121394730217,2.143102995387368e-10,1.016401560098469e-06,0.07337180544105523,0.3237822349570201,-0.2504104295159648,13,17,True,down_in_case,6.6557563182256265
VSM/P,top_overall,BTG2,0.15004473225683626,1.026418075071133,-0.8763733428142967,-2.4039965409939654,-7.470722146872289,1.1244332644028484e-06,0.0013449672723889554,0.09810387469084914,0.5558739255014327,-0.45777005081058353,13,17,True,down_in_case,6.049225804710357
VSM/P,top_overall,RHOB,0.8923546989035606,1.6787271910847967,-0.7863724921812362,-2.3241412402331,-6.657715518866527,3.458192733483127e-07,0.0005575208111198016,0.45012366034624895,0.7975167144221585,-0.3473930540759096,13,17,True,down_in_case,5.946665798988778
VSM/P,top_overall,JUND,1.375789921989095,1.9672912905804463,-0.5915013685913513,-2.4159503010807364,-6.955562054662189,1.708824675554945e-07,0.00033677420739960885,0.640560593569662,0.8643744030563515,-0.2238138094866895,13,17,True,down_in_case,4.962564469350774
VSM/P,top_overall,NUDT4,0.616535951726892,1.135999485988955,-0.519463534262063,-2.425040988347577,-7.11212416591825,1.7256499300411458e-07,0.00033677420739960885,0.3685078318219291,0.6657115568290354,-0.2972037250071063,13,17,True,down_in_case,4.374581997245321
VSM/P,top_overall,DDIT4,0.0600149117000229,0.5832765409928707,-0.5232616292928478,-2.293228865032925,-7.115841745177211,1.933452453140065e-06,0.002108600498895106,0.0494641384995878,0.3333333333333333,-0.2838691948337455,13,17,True,down_in_case,3.211096240805097
VSM/P,top_overall,NR2F2,1.6787484784957554,0.9008618502512948,0.7778866282444605,2.20898549768313,5.62453688708087,2.1666073423668962e-05,0.014094350921923599,0.7576257213520198,0.5520534861509073,0.20557223520111245,13,17,True,up_in_case,3.1805703960136333
VSM/P,top_overall,TBC1D1,0.5353158891394711,1.0246352847023878,-0.4893193955629167,-2.203772356786526,-6.19397178282172,1.0893713247520211e-06,0.0013449672723889554,0.30585325638911787,0.6160458452722063,-0.3101925888830884,13,17,True,down_in_case,3.096249578792228
VSM/P,top_overall,KCNA5,0.21630376808717777,0.6306830756022103,-0.4143793075150325,-2.2627833698288042,-6.66914959431583,5.80365358752812e-07,0.0007685695536626525,0.11788953009068426,0.46513849092645654,-0.3472489608357723,13,17,True,down_in_case,2.920141056631703
VSM/P,top_overall,XBP1,0.2099900527268543,0.48642377319792596,-0.2764337204710716,-2.584119642301923,-7.600403568328911,5.9226825806524634e-08,0.00016745633294278192,0.14921681780708987,0.3553008595988539,-0.206084041791764,13,17,True,down_in_case,2.697409866316243
VSM/P,top_overall,ELN,0.2408104953034009,0.5500664947300499,-0.30925599942664894,-2.4990096038020746,-6.90897196981124,1.841008079549023e-07,0.0003413228979483889,0.15581203627370158,0.384909264565425,-0.22909722829172344,13,17,True,down_in_case,2.679286636121767
VSM/P,top_overall,EGR1,0.43347384355606483,1.2716876430734168,-0.838213799517352,-1.7604036685175775,-5.274258171201866,2.6098047724833495e-05,0.015464920956158909,0.21846661170651277,0.5864374403056352,-0.3679708285991224,13,17,True,down_in_case,2.6717888358999233
VSM/P,top_overall,CDKN1A,0.04209584481243833,0.5278101000909422,-0.48571425527850387,-2.1446876162186737,-6.667790846464169,4.796042360298571e-06,0.0046799276505229215,0.031327287716405604,0.3361986628462273,-0.3048713751298217,13,17,True,down_in_case,2.426924349058931
VSM/P,top_overall,JUNB,0.9744932445995704,1.9147956417134981,-0.9403023971139277,-1.5741545173047395,-4.664345048548392,9.780644555442912e-05,0.03590755446691318,0.38582028029678483,0.7497612225405922,-0.36394094224380735,13,17,True,down_in_case,2.138586870444559
VSM/P,top_overall,HAPLN2,0.15626441337872315,0.45552922681276986,-0.2992648134340467,-2.226511549211524,-6.78701692514045,1.5303352680799108e-06,0.0017732759918875965,0.10387469084913438,0.3553008595988539,-0.2514261687497195,13,17,True,down_in_case,1.8331858980541382
VSM/P,top_overall,ADAMTS1,0.1319682236724681,0.6531616098076173,-0.5211933861351492,-1.8672895848084754,-5.762222287026985,2.0380044780515272e-05,0.013870891495881933,0.09645507007419621,0.38108882521489973,-0.28463375514070355,13,17,True,down_in_case,1.808139288565473
VSM/P,top_overall,TOB2,0.16776066161752112,0.4418838867554901,-0.274123225137969,-2.2089294191245425,-6.53757975358589,8.978083993811411e-07,0.001147956394794921,0.11788953009068426,0.3438395415472779,-0.22595001145659366,13,17,True,down_in_case,1.780270614780862
VSM/P,top_overall,TSPYL2,0.08360242218387838,0.3236898620004347,-0.24008743981655634,-2.360909946340353,-7.158637924888664,5.579711025444655e-07,0.0007662803141610659,0.0717230008244023,0.2387774594078319,-0.1670544585834296,13,17,True,down_in_case,1.7660064134255762
VSM/P,top_overall,HNRNPA1,1.107236616475834,1.527495093464112,-0.420258476988278,-1.9546987565894804,-5.407905083665553,9.661500281011402e-06,0.008331358846974484,0.5803792250618302,0.7889207258834766,-0.20854150082164646,13,17,True,down_in_case,1.7080876946901227
VSM/P,top_overall,JADE1,0.14993830726077725,0.3408077642238549,-0.19086945696307764,-2.5295667025573576,-6.863599841114272,2.787398130711851e-07,0.0004921748699371211,0.11953833470733718,0.2693409742120344,-0.14980263950469722,13,17,True,down_in_case,1.597101046304324
VSM/P,top_overall,CSRP1,0.9836449689629467,1.6422187234694903,-0.6585737545065435,-1.6380373457639494,-4.554689993970607,9.554834522548968e-05,0.03542932640961157,0.4460016488046167,0.7841451766953199,-0.33814352789070323,13,17,True,down_in_case,1.5649014751896326
VSM/P,up_in_CKD,NR2F2,1.6787484784957554,0.9008618502512948,0.7778866282444605,2.20898549768313,5.62453688708087,2.1666073423668962e-05,0.014094350921923599,0.7576257213520198,0.5520534861509073,0.20557223520111245,13,17,True,up_in_case,3.1805703960136333
VSM/P,up_in_CKD,TM4SF1,1.4136307818968104,0.6801403256179677,0.7334904562788427,1.6240097853070123,4.1921658597867575,0.0004411520618585208,0.0903752400757677,0.6413849958779885,0.35148042024832854,0.28990457562965993,13,17,True,up_in_case,1.243549366999706
VSM/P,up_in_CKD,CDH6,0.5212095532651584,0.22198816439562802,0.29922138886953037,2.1845314624036427,5.621142638764999,1.7356929726813702e-05,0.013134590903474531,0.3239901071723001,0.17765042979942694,0.14633967737287315,13,17,True,up_in_case,1.229913087067266
VSM/P,up_in_CKD,ITM2B,2.575809860577451,2.2159660954417046,0.35984376513574645,1.7636404082426151,5.025486910177388,2.6392101651354656e-05,0.015464920956158909,0.9150865622423743,0.9283667621776505,-0.013280199935276182,13,17,True,up_in_case,1.14910332827357
VSM/P,up_in_CKD,RUNX1T1,0.2963668632688561,0.11976317834105853,0.17660368492779754,2.383068525972468,5.887912024705559,2.572883846213152e-05,0.015464920956158909,0.19950535861500412,0.09742120343839542,0.10208415517660871,13,17,True,up_in_case,0.7620287406376225
VSM/P,up_in_CKD,SOX4,0.4657516173992857,0.220409839748639,0.24534177765064671,1.930858486024762,4.954662961628214,8.189484086292077e-05,0.03245600472489452,0.30667765869744434,0.14708691499522444,0.1595907437022199,13,17,True,up_in_case,0.7052296823301375
VSM/P,up_in_CKD,RRAD,0.8518096300680313,0.32549520645067276,0.5263144236173586,1.5396953829621183,3.947310826689641,0.0008362706426592192,0.13541011104717837,0.47732893652102226,0.2139446036294174,0.2633843328916049,13,17,True,up_in_case,0.7036785954333554
VSM/P,up_in_CKD,TMSB10,1.8126723813377315,1.32135094575425,0.4913214355834814,1.6037820617967273,4.048294029235606,0.0007790329529313658,0.13028277213301592,0.7600989282769992,0.6800382043935053,0.08006072388349394,13,17,True,up_in_case,0.697444715012981
VSM/P,up_in_CKD,RGS5,3.2169729664355513,2.2175935310207033,0.999379435414848,1.2857440812575076,3.318321779741499,0.003400905892710016,0.28923300573781513,0.8985985160758451,0.7574021012416428,0.1411964148342023,13,17,True,up_in_case,0.6922675235868316
VSM/P,up_in_CKD,NR2F1,0.9614133016807425,0.5554460881055996,0.40596721357514287,1.5423414243287095,4.112162314817593,0.0003952291761706191,0.08506758331467558,0.5210222588623248,0.3533906399235912,0.16763161893873357,13,17,True,up_in_case,0.6701175634473345
VSM/P,up_in_CKD,SLC40A1,0.2835866556997125,0.11232085641321592,0.17126579928649655,2.083630865522976,5.352992878220704,3.264072435107982e-05,0.017540841433884635,0.19703215169002472,0.0964660936007641,0.10056605808926063,13,17,True,up_in_case,0.6266188694843066
VSM/P,up_in_CKD,MUC1,0.20479592922514836,0.06881333761101427,0.1359825916141341,2.2679173929087066,5.729827254047858,2.0693941082533397e-05,0.013870891495881933,0.14179719703215168,0.07449856733524356,0.06729862969690813,13,17,True,up_in_case,0.5729699660740794
VSM/P,up_in_CKD,SNRK,0.4447674120879309,0.19158484311510884,0.2531825689728221,1.808985147879664,4.588449039826585,0.00022221842288413642,0.06135845068900925,0.27287716405605933,0.15663801337153774,0.11623915068452159,13,17,True,up_in_case,0.5551577825298006
VSM/P,up_in_CKD,NPY1R,0.5333992695661359,0.2696916596103164,0.26370760995581954,1.7140352612903003,4.462907644050825,0.00021020573149578578,0.05949945438063921,0.3083264633140973,0.23304680038204392,0.07527966293205338,13,17,True,up_in_case,0.553925207726974
VSM/P,up_in_CKD,AGRN,0.18797415417825689,0.0891409353996939,0.09883321877856299,2.1062583429375987,5.712081438751574,5.2644362434040265e-06,0.005005263997574905,0.1368507831821929,0.07831900668576887,0.058531776496424034,13,17,True,up_in_case,0.4789063534608908
VSM/P,up_in_CKD,LMBRD1,0.31102027418066186,0.17592879369445083,0.13509148048621103,1.8703821949232062,4.9899784659052,4.202914496899962e-05,0.02134850267740419,0.21846661170651277,0.15854823304680038,0.05991837865971239,13,17,True,up_in_case,0.4221232442746629
VSM/P,up_in_CKD,EPS8L2,0.09176887934112411,0.015430726434142065,0.07633815290698205,2.6251183503489433,6.4143348598438905,1.3371683317638918e-05,0.010778739509088068,0.08244023083264633,0.027698185291308502,0.054742045541337825,13,17,True,up_in_case,0.39426685751222673
VSM/P,up_in_CKD,ZEB2,0.8074985386193514,0.4311002969298046,0.3763982416895468,1.4154083543819684,3.6861116383773394,0.0013524566297322958,0.18505199937444106,0.48557295960428687,0.282712511938873,0.2028604476654139,13,17,True,up_in_case,0.39035452488260425
VSM/P,up_in_CKD,CD74,0.37000414194240466,0.09938070608476611,0.27062343585763854,1.6407841927696303,4.0396698529219925,0.0010395349814129372,0.15669088256419395,0.21434460016488047,0.06685768863419293,0.14748691153068755,13,17,True,up_in_case,0.3574284816916074
VSM/P,up_in_CKD,PDGFB,0.18747070027688825,0.05699375724981613,0.13047694302707213,1.7220832789124445,4.683224800852644,7.648198881783104e-05,0.03148349536895006,0.12778235779060182,0.039159503342884434,0.08862285444771739,13,17,True,up_in_case,0.33746899055033514
VSM/P,up_in_CKD,PCSK1N,0.3813442744609815,0.17837978718250472,0.2029644872784768,1.5458200567649425,4.112999834054506,0.0004009130881715694,0.08506758331467558,0.2225886232481451,0.14040114613180515,0.08218747711633995,13,17,True,up_in_case,0.33578284986575
VSM/P,up_in_CKD,C4orf48,0.21209379425197356,0.0491948125208342,0.16289898173113937,1.8979762817021877,4.607299812361464,0.00040474015001404725,0.08506758331467558,0.16075845012366036,0.054441260744985676,0.10631718937867468,13,17,True,up_in_case,0.33089382859228544
VSM/P,up_in_CKD,TMEM176A,0.147039978864296,0.02985349940750177,0.11718647945679424,2.105972529200685,5.135409427684348,0.00013865371918001397,0.04699009752414739,0.10387469084913438,0.025787965616045846,0.07808672523308853,13,17,True,up_in_case,0.32773755444204283
VSM/P,up_in_CKD,B2M,3.3787205036367576,2.9939091164086977,0.38481138722805985,1.2605544759108425,3.386673313139191,0.0023502945525311837,0.24001935870052435,0.9752679307502061,0.9637058261700095,0.011562104580196575,13,17,True,up_in_case,0.300627484163052
VSM/P,up_in_CKD,LAMC1,0.3560098792495242,0.20191537023273623,0.15409450901678798,1.572977776122001,4.275947413174901,0.0002250471762056434,0.06135845068900925,0.23083264633140974,0.17382999044890163,0.05700265588250811,13,17,True,up_in_case,0.2938037800397063
VSM/P,up_in_CKD,CTSD,0.8013061723911659,0.5255518155275409,0.2757543568636249,1.4967864722208164,3.7487106120664624,0.001618945010865272,0.2034931559419806,0.4311624072547403,0.3447946513849093,0.08636775586983103,13,17,True,up_in_case,0.28539288017476167
VSM/P,up_in_CKD,FN1,0.5374510333501915,0.27895503681273465,0.25849599653745686,1.5315472409486506,3.8091369073173316,0.0015164482368061134,0.1938962090371403,0.34047815333882936,0.22349570200573066,0.1169824513330987,13,17,True,up_in_case,0.28205047364875624
VSM/P,up_in_CKD,COL1A2,0.5668400120623621,0.1500924780889903,0.41674753397337183,1.3620516293132086,3.321971465778715,0.004865861347324602,0.34430182375452045,0.382522671063479,0.09837631327602674,0.28414635778745223,13,17,True,up_in_case,0.26284789959603283
VSM/P,up_in_CKD,WFDC2,0.47148187660699514,0.1426143405347631,0.32886753607223207,1.493546186304558,3.552397881795791,0.0037435038280984856,0.30778075819488215,0.24237427864798022,0.12320916905444126,0.11916510959353896,13,17,True,up_in_case,0.2513649708173869
VSM/P,up_in_CKD,KITLG,0.228821969803055,0.08775649713835959,0.1410654726646954,1.7027080592528745,4.2788982333125025,0.0004950352587265585,0.0971212031406391,0.15169002473206925,0.07067812798471824,0.081011896747351,13,17,True,up_in_case,0.24324039668344344
VSM/P,up_in_CKD,SPP1,0.39720713763295523,0.11441428263847392,0.2827928549944813,1.4209948640899766,3.521602247580163,0.0028700578597296135,0.26539088638098274,0.23165704863973618,0.0830945558739255,0.14856249276581068,13,17,True,up_in_case,0.23150979264899654
VSM/P,up_in_CKD,ITPRIPL2,0.23988696853051414,0.12186969402741255,0.1180172745031016,1.6818490838269278,4.363705054338029,0.00027775716395375086,0.06912238684164485,0.15910964550700743,0.10506208213944604,0.05404756336756139,13,17,True,up_in_case,0.2303208821837795
VSM/P,up_in_CKD,S100A6,2.5554556565651785,1.9627152547527582,0.5927404018124203,1.1499156394367416,2.9165999103228457,0.009137384599333854,0.4614705038857556,0.8689200329760923,0.8042024832855779,0.06471754969051446,13,17,True,up_in_case,0.22891997534930167
VSM/P,up_in_CKD,PTMS,1.7733063999117946,1.449259988683399,0.3240464112283956,1.356214205794993,3.371006589805553,0.00385844194977323,0.31102397282085076,0.7757625721352019,0.7803247373447947,-0.004562165209592739,13,17,True,up_in_case,0.2229050992360517
VSM/P,up_in_CKD,KCTD12,0.17216417964510933,0.04948272743578753,0.1226814522093218,1.6347790752044424,4.256426919521008,0.0003452816603453691,0.08034352363878478,0.12201154163231658,0.03629417382999045,0.08571736780232612,13,17,True,up_in_case,0.21961984515036626
VSM/P,up_in_CKD,CARMN,0.7571733789719457,0.3020687555127564,0.4551046234591893,1.204283411033394,3.0683335270917294,0.006414225981851407,0.3983911212848412,0.40725474031327286,0.1489971346704871,0.25825760564278577,13,17,True,up_in_case,0.2190602673780782
VSM/P,up_in_CKD,TNFSF10,0.11869766665186766,0.02006233381849964,0.09863533283336802,1.9823737975958982,4.786952918629314,0.00031275103149321537,0.07652865055349478,0.0832646331409728,0.02387774594078319,0.0593868872001896,13,17,True,up_in_case,0.2182482256673874
VSM/P,up_in_CKD,TMSB4X,2.8643628274109387,2.216044710501477,0.6483181169094618,1.0429622265828016,2.772632184446287,0.010648531233937575,0.4844039487177453,0.909315746084089,0.8242597898758357,0.08505595620825335,13,17,True,up_in_case,0.21285353793433628
VSM/P,up_in_CKD,ANXA1,0.3402915282714786,0.12360209823141839,0.21668943004006025,1.478030328420487,3.661132677404045,0.0021494576187117485,0.22837217335768378,0.23495465787304204,0.07927411652340019,0.15568054134964185,13,17,True,up_in_case,0.20540962360900863
VSM/P,up_in_CKD,CAMK2N1,0.4442462701634423,0.2302821018723399,0.2139641682911024,1.4701624727606633,3.653629423546298,0.0021232596885406977,0.2268889603777783,0.28359439406430337,0.17382999044890163,0.10976440361540174,13,17,True,up_in_case,0.20263669468311918
VSM/P,down_in_CKD,MT1E,0.981301709585347,2.3414169246719148,-1.3601152150865676,-3.6282126557790817,-10.52411537471751,5.635714421008396e-11,8.080546870098686e-07,0.5004122011541632,0.8595988538681948,-0.3591866527140316,13,17,True,down_in_case,30.06548360757507
VSM/P,down_in_CKD,FKBP5,0.17573584692187,1.0967598130854885,-0.9210239661636186,-4.725666308127997,-14.35514980327021,5.1144416332901785e-12,1.8964349576239982e-07,0.12036273701566365,0.6446991404011462,-0.5243364033854825,13,17,True,down_in_case,29.25745190574301
VSM/P,down_in_CKD,RGCC,0.2601099471271557,1.3784505525622597,-1.118340605435104,-3.9295024898215267,-11.821089749101569,6.537659280015118e-11,8.080546870098686e-07,0.179719703215169,0.6752626552053486,-0.49554295199017956,13,17,True,down_in_case,26.773886823349088
VSM/P,down_in_CKD,TSC22D1,1.4882232760997833,2.711698263350682,-1.2234749872508985,-3.6030319900878105,-10.034954474318253,9.695139115531185e-11,8.987393960097408e-07,0.6611706512778236,0.9407831900668577,-0.27961253878903414,13,17,True,down_in_case,26.65370958791958
VSM/P,down_in_CKD,MT2A,2.1178302788251475,3.6867312361186233,-1.5689009572934758,-3.0978786017238,-9.023946818984014,1.6377842152010313e-09,5.520821699968567e-06,0.8186314921681781,0.9723018147086915,-0.15367032254051338,13,17,True,down_in_case,25.555253725590358
VSM/P,down_in_CKD,CEBPB,0.33090597545374634,1.2344814837375708,-0.9035755082838245,-3.5754865432746814,-10.637883980885453,1.9674308671649407e-10,1.016401560098469e-06,0.2267106347897774,0.6819484240687679,-0.4552377892789905,13,17,True,down_in_case,19.361506329295775
VSM/P,down_in_CKD,CEBPD,0.27103207457243705,1.7813566379941186,-1.5103245634216815,-2.9535898891132972,-9.108583613665095,4.381837839466131e-08,0.00013539878923950343,0.17807089859851608,0.7688634192932188,-0.5907925206947027,13,17,True,down_in_case,17.256399779972845
VSM/P,down_in_CKD,TSC22D3,0.32816995574733543,1.1296875670047153,-0.8015176112573799,-3.396581804840427,-9.817905067655534,2.1928836248079157e-10,1.016401560098469e-06,0.21846661170651277,0.6599808978032474,-0.44151428609673465,13,17,True,down_in_case,16.315286030376647
VSM/P,down_in_CKD,KLF9,0.2941681108420971,0.9155784734268179,-0.6214103625847207,-3.636428547332439,-10.977980509036328,3.5376107443049143e-10,1.4574956266536247e-06,0.18301731244847486,0.5797516714422158,-0.396734358993741,13,17,True,down_in_case,13.188580613564739
VSM/P,down_in_CKD,TIPARP,0.05316335076248567,0.5574331241564615,-0.5042697733939758,-4.073757893378869,-12.495583316596363,1.8511376511265907e-10,1.016401560098469e-06,0.04451772464962902,0.3772683858643744,-0.3327506612147454,13,17,True,down_in_case,12.311123716500523
VSM/P,down_in_CKD,DUSP1,0.47432627060166777,1.589599483121225,-1.1152732125195572,-2.7512235773839535,-8.374605394085547,6.322515267526825e-08,0.00016745633294278192,0.2588623248145095,0.7411652340019103,-0.48230290918740076,13,17,True,down_in_case,11.58645185474471
VSM/P,down_in_CKD,MT1X,0.6071824345116624,1.834202335259539,-1.2270199007478766,-2.4357700856242133,-7.0128247075941825,1.4775595095836526e-07,0.00032228180361977554,0.2786479802143446,0.7392550143266475,-0.4606070341123029,13,17,True,down_in_case,10.435969682453786
VSM/P,down_in_CKD,MT1M,0.4124822137250239,1.7467915713301105,-1.3343093576050866,-2.4270649781786435,-7.3734985264774755,3.9498679759195283e-07,0.0006102546022795671,0.2407254740313273,0.7363896848137536,-0.4956642107824263,13,17,True,down_in_case,10.40997941478487
VSM/P,down_in_CKD,GADD45B,0.4392502627152638,1.5218965202133294,-1.0826462574980655,-2.604152657884392,-7.854283556696979,1.024466249552007e-07,0.00023869689509039456,0.24154987633965375,0.6848137535816619,-0.4432638772420081,13,17,True,down_in_case,10.212212352711164
VSM/P,down_in_CKD,ZFAND5,0.3231477831796013,0.8736137694403903,-0.550465986260789,-3.258123781979906,-9.507479139721987,6.121297216850923e-10,2.2697770080083224e-06,0.21022258862324814,0.5702005730659025,-0.3599779844426544,13,17,True,down_in_case,10.122466939861708
VSM/P,down_in_CKD,C11orf96,1.9953907935745394,3.069644130571484,-1.0742533369969447,-2.505862869190314,-6.801495954697213,3.232347918541042e-07,0.0005447975491795538,0.7469084913437758,0.938872970391595,-0.19196447904781921,13,17,True,down_in_case,8.785831582091006
VSM/P,down_in_CKD,PDK4,0.13732026542821607,0.9900342936829195,-0.8527140282547034,-2.7616118235731393,-8.49732898446601,1.029975814845284e-07,0.00023869689509039456,0.09398186314921682,0.49665711556829034,-0.40267525241907354,13,17,True,down_in_case,8.52968238267435
VSM/P,down_in_CKD,NR4A1,0.11518729923502041,1.1406140349562353,-1.0254267357212148,-2.551028247653607,-7.923255089684603,5.038319139153399e-07,0.0007185418218454156,0.07089859851607584,0.5998089780324737,-0.5289103795163979,13,17,True,down_in_case,8.223183719783075
VSM/P,down_in_CKD,ZFP36,0.6105136632089443,1.5484609674814147,-0.9379473042724704,-2.289652125368781,-6.738183165151926,4.7065362553770114e-07,0.0006980734573975183,0.302555647155812,0.7182425978987583,-0.4156869507429463,13,17,True,down_in_case,6.777952850827221
VSM/P,down_in_CKD,PER1,0.10941956546969091,0.4310067429336463,-0.32158717746395543,-3.453497494365048,-10.130121394730217,2.143102995387368e-10,1.016401560098469e-06,0.07337180544105523,0.3237822349570201,-0.2504104295159648,13,17,True,down_in_case,6.6557563182256265
VSM/P,down_in_CKD,BTG2,0.15004473225683626,1.026418075071133,-0.8763733428142967,-2.4039965409939654,-7.470722146872289,1.1244332644028484e-06,0.0013449672723889554,0.09810387469084914,0.5558739255014327,-0.45777005081058353,13,17,True,down_in_case,6.049225804710357
VSM/P,down_in_CKD,RHOB,0.8923546989035606,1.6787271910847967,-0.7863724921812362,-2.3241412402331,-6.657715518866527,3.458192733483127e-07,0.0005575208111198016,0.45012366034624895,0.7975167144221585,-0.3473930540759096,13,17,True,down_in_case,5.946665798988778
VSM/P,down_in_CKD,JUND,1.375789921989095,1.9672912905804463,-0.5915013685913513,-2.4159503010807364,-6.955562054662189,1.708824675554945e-07,0.00033677420739960885,0.640560593569662,0.8643744030563515,-0.2238138094866895,13,17,True,down_in_case,4.962564469350774
VSM/P,down_in_CKD,NUDT4,0.616535951726892,1.135999485988955,-0.519463534262063,-2.425040988347577,-7.11212416591825,1.7256499300411458e-07,0.00033677420739960885,0.3685078318219291,0.6657115568290354,-0.2972037250071063,13,17,True,down_in_case,4.374581997245321
VSM/P,down_in_CKD,DDIT4,0.0600149117000229,0.5832765409928707,-0.5232616292928478,-2.293228865032925,-7.115841745177211,1.933452453140065e-06,0.002108600498895106,0.0494641384995878,0.3333333333333333,-0.2838691948337455,13,17,True,down_in_case,3.211096240805097
VSM/P,down_in_CKD,TBC1D1,0.5353158891394711,1.0246352847023878,-0.4893193955629167,-2.203772356786526,-6.19397178282172,1.0893713247520211e-06,0.0013449672723889554,0.30585325638911787,0.6160458452722063,-0.3101925888830884,13,17,True,down_in_case,3.096249578792228
VSM/P,down_in_CKD,KCNA5,0.21630376808717777,0.6306830756022103,-0.4143793075150325,-2.2627833698288042,-6.66914959431583,5.80365358752812e-07,0.0007685695536626525,0.11788953009068426,0.46513849092645654,-0.3472489608357723,13,17,True,down_in_case,2.920141056631703
VSM/P,down_in_CKD,XBP1,0.2099900527268543,0.48642377319792596,-0.2764337204710716,-2.584119642301923,-7.600403568328911,5.9226825806524634e-08,0.00016745633294278192,0.14921681780708987,0.3553008595988539,-0.206084041791764,13,17,True,down_in_case,2.697409866316243
VSM/P,down_in_CKD,ELN,0.2408104953034009,0.5500664947300499,-0.30925599942664894,-2.4990096038020746,-6.90897196981124,1.841008079549023e-07,0.0003413228979483889,0.15581203627370158,0.384909264565425,-0.22909722829172344,13,17,True,down_in_case,2.679286636121767
VSM/P,down_in_CKD,EGR1,0.43347384355606483,1.2716876430734168,-0.838213799517352,-1.7604036685175775,-5.274258171201866,2.6098047724833495e-05,0.015464920956158909,0.21846661170651277,0.5864374403056352,-0.3679708285991224,13,17,True,down_in_case,2.6717888358999233
VSM/P,down_in_CKD,CDKN1A,0.04209584481243833,0.5278101000909422,-0.48571425527850387,-2.1446876162186737,-6.667790846464169,4.796042360298571e-06,0.0046799276505229215,0.031327287716405604,0.3361986628462273,-0.3048713751298217,13,17,True,down_in_case,2.426924349058931
VSM/P,down_in_CKD,JUNB,0.9744932445995704,1.9147956417134981,-0.9403023971139277,-1.5741545173047395,-4.664345048548392,9.780644555442912e-05,0.03590755446691318,0.38582028029678483,0.7497612225405922,-0.36394094224380735,13,17,True,down_in_case,2.138586870444559
VSM/P,down_in_CKD,HAPLN2,0.15626441337872315,0.45552922681276986,-0.2992648134340467,-2.226511549211524,-6.78701692514045,1.5303352680799108e-06,0.0017732759918875965,0.10387469084913438,0.3553008595988539,-0.2514261687497195,13,17,True,down_in_case,1.8331858980541382
VSM/P,down_in_CKD,ADAMTS1,0.1319682236724681,0.6531616098076173,-0.5211933861351492,-1.8672895848084754,-5.762222287026985,2.0380044780515272e-05,0.013870891495881933,0.09645507007419621,0.38108882521489973,-0.28463375514070355,13,17,True,down_in_case,1.808139288565473
VSM/P,down_in_CKD,TOB2,0.16776066161752112,0.4418838867554901,-0.274123225137969,-2.2089294191245425,-6.53757975358589,8.978083993811411e-07,0.001147956394794921,0.11788953009068426,0.3438395415472779,-0.22595001145659366,13,17,True,down_in_case,1.780270614780862
VSM/P,down_in_CKD,TSPYL2,0.08360242218387838,0.3236898620004347,-0.24008743981655634,-2.360909946340353,-7.158637924888664,5.579711025444655e-07,0.0007662803141610659,0.0717230008244023,0.2387774594078319,-0.1670544585834296,13,17,True,down_in_case,1.7660064134255762
VSM/P,down_in_CKD,HNRNPA1,1.107236616475834,1.527495093464112,-0.420258476988278,-1.9546987565894804,-5.407905083665553,9.661500281011402e-06,0.008331358846974484,0.5803792250618302,0.7889207258834766,-0.20854150082164646,13,17,True,down_in_case,1.7080876946901227
VSM/P,down_in_CKD,JADE1,0.14993830726077725,0.3408077642238549,-0.19086945696307764,-2.5295667025573576,-6.863599841114272,2.787398130711851e-07,0.0004921748699371211,0.11953833470733718,0.2693409742120344,-0.14980263950469722,13,17,True,down_in_case,1.597101046304324
VSM/P,down_in_CKD,CSRP1,0.9836449689629467,1.6422187234694903,-0.6585737545065435,-1.6380373457639494,-4.554689993970607,9.554834522548968e-05,0.03542932640961157,0.4460016488046167,0.7841451766953199,-0.33814352789070323,13,17,True,down_in_case,1.5649014751896326
VSM/P,down_in_CKD,TOB1,0.4436258002256735,0.8811030267680727,-0.43747722654239923,-1.8125370789356998,-5.45781332429006,1.895794944174312e-05,0.013518476255766056,0.2605111294311624,0.559694364851958,-0.2991832354207956,13,17,True,down_in_case,1.4820690607191649
